{
  "meta": {},
  "players": {},
  "turn scores": {
    "0": {
      "efficient_move": 1,
      "similarity": 0.18221023888012056
    },
    "1": {
      "efficient_move": 1,
      "similarity": 0.49452463132693136
    },
    "2": {
      "efficient_move": 1,
      "similarity": 1.3385701848569465
    },
    "3": {
      "efficient_move": 1,
      "similarity": 1.3385701848569465
    },
    "4": {
      "efficient_move": 1,
      "similarity": 1.3385701848569465
    },
    "5": {
      "efficient_move": 1,
      "similarity": 2.1973885261186377
    },
    "6": {
      "efficient_move": 1,
      "similarity": 5.862446150271272
    },
    "7": {
      "efficient_move": 0,
      "similarity": 15.17163600424869
    },
    "8": {
      "efficient_move": 1,
      "similarity": 15.17163600424869
    },
    "9": {
      "efficient_move": 1,
      "similarity": 9.485174635513328
    },
    "10": {
      "efficient_move": 1,
      "similarity": 23.840584404423538
    },
    "11": {
      "efficient_move": 0,
      "similarity": 53.78828427399902
    },
    "12": {
      "efficient_move": 0,
      "similarity": 53.78828427399902
    }
  },
  "episode scores": {
    "Success": 1,
    "Aborted": 0,
    "Lose": 0,
    "moves": 13,
    "valid_moves": 13,
    "invalid_moves": 0,
    "stopped": 1,
    "turns_limit": 0,
    "loops": 1,
    "number_visited": 8,
    "seen": 8,
    "efficiency": 76.92307692307693,
    "exploration": 100.0,
    "graph_similarity": 53.78828427399902,
    "Main Score": 86.95652173913044
  }
}