{
  "meta": {},
  "players": {},
  "turn scores": {
    "0": {
      "efficient_move": 1,
      "similarity": 0.18221023888012056
    },
    "1": {
      "efficient_move": 1,
      "similarity": 0.30023645134740207
    },
    "2": {
      "efficient_move": 1,
      "similarity": 0.49452463132693136
    },
    "3": {
      "efficient_move": 1,
      "similarity": 0.8140275431792077
    },
    "4": {
      "efficient_move": 1,
      "similarity": 1.3385701848569465
    },
    "5": {
      "efficient_move": 1,
      "similarity": 1.3385701848569465
    },
    "6": {
      "efficient_move": 1,
      "similarity": 1.3385701848569465
    },
    "7": {
      "efficient_move": 1,
      "similarity": 1.3385701848569465
    },
    "8": {
      "efficient_move": 1,
      "similarity": 2.1973885261186377
    },
    "9": {
      "efficient_move": 0,
      "similarity": 3.5972419924183097
    },
    "10": {
      "efficient_move": 0,
      "similarity": 3.5972419924183097
    }
  },
  "episode scores": {
    "Success": 0,
    "Aborted": 0,
    "Lose": 1,
    "moves": 11,
    "valid_moves": 11,
    "invalid_moves": 0,
    "stopped": 1,
    "turns_limit": 0,
    "loops": 0,
    "number_visited": 7,
    "seen": 8,
    "efficiency": 81.81818181818183,
    "exploration": 87.5,
    "graph_similarity": 3.5972419924183097,
    "Main Score": 84.56375838926176
  }
}