,game,model,experiment,episode,metric,value
0,dond,qwen3.5-27b,coop_en,instance_00019,Request Count,4.0
1,dond,qwen3.5-27b,coop_en,instance_00019,Parsed Request Count,4.0
2,dond,qwen3.5-27b,coop_en,instance_00019,Violated Request Count,0.0
3,dond,qwen3.5-27b,coop_en,instance_00019,Request Success Ratio,1.0
4,dond,qwen3.5-27b,coop_en,instance_00019,Aborted,0.0
5,dond,qwen3.5-27b,coop_en,instance_00019,Lose,1.0
6,dond,qwen3.5-27b,coop_en,instance_00019,Success,0.0
7,dond,qwen3.5-27b,coop_en,instance_00019,Main Score,0.0
8,dond,qwen3.5-27b,coop_en,instance_00019,Sum of Points,0.0
9,dond,qwen3.5-27b,coop_en,instance_00019,Pareto Optimal,0.0
10,dond,qwen3.5-27b,coop_en,instance_00006,Request Count,4.0
11,dond,qwen3.5-27b,coop_en,instance_00006,Parsed Request Count,4.0
12,dond,qwen3.5-27b,coop_en,instance_00006,Violated Request Count,0.0
13,dond,qwen3.5-27b,coop_en,instance_00006,Request Success Ratio,1.0
14,dond,qwen3.5-27b,coop_en,instance_00006,Aborted,0.0
15,dond,qwen3.5-27b,coop_en,instance_00006,Lose,1.0
16,dond,qwen3.5-27b,coop_en,instance_00006,Success,0.0
17,dond,qwen3.5-27b,coop_en,instance_00006,Main Score,0.0
18,dond,qwen3.5-27b,coop_en,instance_00006,Sum of Points,0.0
19,dond,qwen3.5-27b,coop_en,instance_00006,Pareto Optimal,0.0
20,dond,qwen3.5-27b,semi_en,instance_00015,Request Count,3.0
21,dond,qwen3.5-27b,semi_en,instance_00015,Parsed Request Count,3.0
22,dond,qwen3.5-27b,semi_en,instance_00015,Violated Request Count,0.0
23,dond,qwen3.5-27b,semi_en,instance_00015,Request Success Ratio,1.0
24,dond,qwen3.5-27b,semi_en,instance_00015,Aborted,0.0
25,dond,qwen3.5-27b,semi_en,instance_00015,Lose,0.0
26,dond,qwen3.5-27b,semi_en,instance_00015,Success,1.0
27,dond,qwen3.5-27b,semi_en,instance_00015,Main Score,100.0
28,dond,qwen3.5-27b,semi_en,instance_00015,Sum of Points,1.0
29,dond,qwen3.5-27b,semi_en,instance_00015,Pareto Optimal,1.0
30,dond,qwen3.5-27b,semi_en,instance_00001,Request Count,5.0
31,dond,qwen3.5-27b,semi_en,instance_00001,Parsed Request Count,5.0
32,dond,qwen3.5-27b,semi_en,instance_00001,Violated Request Count,0.0
33,dond,qwen3.5-27b,semi_en,instance_00001,Request Success Ratio,1.0
34,dond,qwen3.5-27b,semi_en,instance_00001,Aborted,0.0
35,dond,qwen3.5-27b,semi_en,instance_00001,Lose,1.0
36,dond,qwen3.5-27b,semi_en,instance_00001,Success,0.0
37,dond,qwen3.5-27b,semi_en,instance_00001,Main Score,0.0
38,dond,qwen3.5-27b,semi_en,instance_00001,Sum of Points,0.0
39,dond,qwen3.5-27b,semi_en,instance_00001,Pareto Optimal,0.0
40,wordle,qwen3.5-27b,medium_frequency_words_no_clue_no_critic,instance_00014,Aborted,0.0
41,wordle,qwen3.5-27b,medium_frequency_words_no_clue_no_critic,instance_00014,Lose,0.0
42,wordle,qwen3.5-27b,medium_frequency_words_no_clue_no_critic,instance_00014,Success,1.0
43,wordle,qwen3.5-27b,medium_frequency_words_no_clue_no_critic,instance_00014,Request Count,5.0
44,wordle,qwen3.5-27b,medium_frequency_words_no_clue_no_critic,instance_00014,Parsed Request Count,5.0
45,wordle,qwen3.5-27b,medium_frequency_words_no_clue_no_critic,instance_00014,Violated Request Count,0.0
46,wordle,qwen3.5-27b,medium_frequency_words_no_clue_no_critic,instance_00014,Request Success Ratio,1.0
47,wordle,qwen3.5-27b,medium_frequency_words_no_clue_no_critic,instance_00014,Main Score,30.0
48,wordle,qwen3.5-27b,medium_frequency_words_no_clue_no_critic,instance_00014,Guess Repetitions,0.0
49,wordle,qwen3.5-27b,medium_frequency_words_no_clue_no_critic,instance_00007,Aborted,0.0
50,wordle,qwen3.5-27b,medium_frequency_words_no_clue_no_critic,instance_00007,Lose,0.0
51,wordle,qwen3.5-27b,medium_frequency_words_no_clue_no_critic,instance_00007,Success,1.0
52,wordle,qwen3.5-27b,medium_frequency_words_no_clue_no_critic,instance_00007,Request Count,5.0
53,wordle,qwen3.5-27b,medium_frequency_words_no_clue_no_critic,instance_00007,Parsed Request Count,5.0
54,wordle,qwen3.5-27b,medium_frequency_words_no_clue_no_critic,instance_00007,Violated Request Count,0.0
55,wordle,qwen3.5-27b,medium_frequency_words_no_clue_no_critic,instance_00007,Request Success Ratio,1.0
56,wordle,qwen3.5-27b,medium_frequency_words_no_clue_no_critic,instance_00007,Main Score,30.0
57,wordle,qwen3.5-27b,medium_frequency_words_no_clue_no_critic,instance_00007,Guess Repetitions,0.0
58,wordle,qwen3.5-27b,high_frequency_words_no_clue_no_critic,instance_00007,Aborted,1.0
59,wordle,qwen3.5-27b,high_frequency_words_no_clue_no_critic,instance_00007,Lose,0.0
60,wordle,qwen3.5-27b,high_frequency_words_no_clue_no_critic,instance_00007,Success,0.0
61,wordle,qwen3.5-27b,high_frequency_words_no_clue_no_critic,instance_00007,Request Count,3.0
62,wordle,qwen3.5-27b,high_frequency_words_no_clue_no_critic,instance_00007,Parsed Request Count,2.0
63,wordle,qwen3.5-27b,high_frequency_words_no_clue_no_critic,instance_00007,Violated Request Count,1.0
64,wordle,qwen3.5-27b,high_frequency_words_no_clue_no_critic,instance_00007,Request Success Ratio,0.6666666666666666
65,wordle,qwen3.5-27b,high_frequency_words_no_clue_no_critic,instance_00007,Main Score,
66,wordle,qwen3.5-27b,high_frequency_words_no_clue_no_critic,instance_00007,Guess Repetitions,
67,guesswhat,qwen3.5-27b,Abs_Level_3,instance_00008,Violated Request Count,0.0
68,guesswhat,qwen3.5-27b,Abs_Level_3,instance_00008,Parsed Request Count,6.0
69,guesswhat,qwen3.5-27b,Abs_Level_3,instance_00008,Request Count,6.0
70,guesswhat,qwen3.5-27b,Abs_Level_3,instance_00008,Request Success Ratio,1.0
71,guesswhat,qwen3.5-27b,Abs_Level_3,instance_00008,Aborted,0.0
72,guesswhat,qwen3.5-27b,Abs_Level_3,instance_00008,Success,1.0
73,guesswhat,qwen3.5-27b,Abs_Level_3,instance_00008,Lose,0.0
74,guesswhat,qwen3.5-27b,Abs_Level_3,instance_00008,Speed,66.66666666666667
75,guesswhat,qwen3.5-27b,Abs_Level_3,instance_00008,Main Score,66.66666666666667
76,guesswhat,qwen3.5-27b,Abs_Level_3,instance_00008,Invalid format guesser response,0.0
77,guesswhat,qwen3.5-27b,Abs_Level_3,instance_00008,Invalid format answerer response,0.0
78,guesswhat,qwen3.5-27b,Abs_Level_3,instance_00008,Invalid content guesser response,0.0
79,guesswhat,qwen3.5-27b,Abs_Level_3,instance_00008,Invalid content answerer response,0.0
80,guesswhat,qwen3.5-27b,Abs_Level_2,instance_00007,Violated Request Count,0.0
81,guesswhat,qwen3.5-27b,Abs_Level_2,instance_00007,Parsed Request Count,6.0
82,guesswhat,qwen3.5-27b,Abs_Level_2,instance_00007,Request Count,6.0
83,guesswhat,qwen3.5-27b,Abs_Level_2,instance_00007,Request Success Ratio,1.0
84,guesswhat,qwen3.5-27b,Abs_Level_2,instance_00007,Aborted,0.0
85,guesswhat,qwen3.5-27b,Abs_Level_2,instance_00007,Success,1.0
86,guesswhat,qwen3.5-27b,Abs_Level_2,instance_00007,Lose,0.0
87,guesswhat,qwen3.5-27b,Abs_Level_2,instance_00007,Speed,66.66666666666667
88,guesswhat,qwen3.5-27b,Abs_Level_2,instance_00007,Main Score,66.66666666666667
89,guesswhat,qwen3.5-27b,Abs_Level_2,instance_00007,Invalid format guesser response,0.0
90,guesswhat,qwen3.5-27b,Abs_Level_2,instance_00007,Invalid format answerer response,0.0
91,guesswhat,qwen3.5-27b,Abs_Level_2,instance_00007,Invalid content guesser response,0.0
92,guesswhat,qwen3.5-27b,Abs_Level_2,instance_00007,Invalid content answerer response,0.0
93,guesswhat,qwen3.5-27b,Abs_Level_1,instance_00002,Violated Request Count,0.0
94,guesswhat,qwen3.5-27b,Abs_Level_1,instance_00002,Parsed Request Count,5.0
95,guesswhat,qwen3.5-27b,Abs_Level_1,instance_00002,Request Count,5.0
96,guesswhat,qwen3.5-27b,Abs_Level_1,instance_00002,Request Success Ratio,1.0
97,guesswhat,qwen3.5-27b,Abs_Level_1,instance_00002,Aborted,0.0
98,guesswhat,qwen3.5-27b,Abs_Level_1,instance_00002,Success,1.0
99,guesswhat,qwen3.5-27b,Abs_Level_1,instance_00002,Lose,0.0
100,guesswhat,qwen3.5-27b,Abs_Level_1,instance_00002,Speed,100.0
101,guesswhat,qwen3.5-27b,Abs_Level_1,instance_00002,Main Score,100.0
102,guesswhat,qwen3.5-27b,Abs_Level_1,instance_00002,Invalid format guesser response,0.0
103,guesswhat,qwen3.5-27b,Abs_Level_1,instance_00002,Invalid format answerer response,0.0
104,guesswhat,qwen3.5-27b,Abs_Level_1,instance_00002,Invalid content guesser response,0.0
105,guesswhat,qwen3.5-27b,Abs_Level_1,instance_00002,Invalid content answerer response,0.0
106,guesswhat,qwen3.5-27b,Level_1,instance_00002,Violated Request Count,0.0
107,guesswhat,qwen3.5-27b,Level_1,instance_00002,Parsed Request Count,4.0
108,guesswhat,qwen3.5-27b,Level_1,instance_00002,Request Count,4.0
109,guesswhat,qwen3.5-27b,Level_1,instance_00002,Request Success Ratio,1.0
110,guesswhat,qwen3.5-27b,Level_1,instance_00002,Aborted,0.0
111,guesswhat,qwen3.5-27b,Level_1,instance_00002,Success,0.0
112,guesswhat,qwen3.5-27b,Level_1,instance_00002,Lose,1.0
113,guesswhat,qwen3.5-27b,Level_1,instance_00002,Main Score,0.0
114,guesswhat,qwen3.5-27b,Level_1,instance_00002,Invalid format guesser response,0.0
115,guesswhat,qwen3.5-27b,Level_1,instance_00002,Invalid format answerer response,0.0
116,guesswhat,qwen3.5-27b,Level_1,instance_00002,Invalid content guesser response,0.0
117,guesswhat,qwen3.5-27b,Level_1,instance_00002,Invalid content answerer response,0.0
118,guesswhat,qwen3.5-27b,Level_2,instance_00009,Violated Request Count,0.0
119,guesswhat,qwen3.5-27b,Level_2,instance_00009,Parsed Request Count,5.0
120,guesswhat,qwen3.5-27b,Level_2,instance_00009,Request Count,5.0
121,guesswhat,qwen3.5-27b,Level_2,instance_00009,Request Success Ratio,1.0
122,guesswhat,qwen3.5-27b,Level_2,instance_00009,Aborted,0.0
123,guesswhat,qwen3.5-27b,Level_2,instance_00009,Success,1.0
124,guesswhat,qwen3.5-27b,Level_2,instance_00009,Lose,0.0
125,guesswhat,qwen3.5-27b,Level_2,instance_00009,Speed,100.0
126,guesswhat,qwen3.5-27b,Level_2,instance_00009,Main Score,100.0
127,guesswhat,qwen3.5-27b,Level_2,instance_00009,Invalid format guesser response,0.0
128,guesswhat,qwen3.5-27b,Level_2,instance_00009,Invalid format answerer response,0.0
129,guesswhat,qwen3.5-27b,Level_2,instance_00009,Invalid content guesser response,0.0
130,guesswhat,qwen3.5-27b,Level_2,instance_00009,Invalid content answerer response,0.0
131,guesswhat,qwen3.5-27b,Level_3,instance_00008,Violated Request Count,0.0
132,guesswhat,qwen3.5-27b,Level_3,instance_00008,Parsed Request Count,7.0
133,guesswhat,qwen3.5-27b,Level_3,instance_00008,Request Count,7.0
134,guesswhat,qwen3.5-27b,Level_3,instance_00008,Request Success Ratio,1.0
135,guesswhat,qwen3.5-27b,Level_3,instance_00008,Aborted,0.0
136,guesswhat,qwen3.5-27b,Level_3,instance_00008,Success,1.0
137,guesswhat,qwen3.5-27b,Level_3,instance_00008,Lose,0.0
138,guesswhat,qwen3.5-27b,Level_3,instance_00008,Speed,33.333333333333336
139,guesswhat,qwen3.5-27b,Level_3,instance_00008,Main Score,33.333333333333336
140,guesswhat,qwen3.5-27b,Level_3,instance_00008,Invalid format guesser response,0.0
141,guesswhat,qwen3.5-27b,Level_3,instance_00008,Invalid format answerer response,0.0
142,guesswhat,qwen3.5-27b,Level_3,instance_00008,Invalid content guesser response,0.0
143,guesswhat,qwen3.5-27b,Level_3,instance_00008,Invalid content answerer response,0.0
144,privateshared,qwen3.5-27b,things-places,instance_00003,Middle-Accuracy,0.5333333333333333
145,privateshared,qwen3.5-27b,things-places,instance_00003,Accuracy,0.525
146,privateshared,qwen3.5-27b,things-places,instance_00003,Kappa,0.050000000000000044
147,privateshared,qwen3.5-27b,things-places,instance_00003,Truncated Kappa,0.050000000000000044
148,privateshared,qwen3.5-27b,things-places,instance_00003,Slot-Filling-Accuracy,1.0
149,privateshared,qwen3.5-27b,things-places,instance_00003,Main Score,9.52380952380953
150,privateshared,qwen3.5-27b,things-places,instance_00003,Aborted,0.0
151,privateshared,qwen3.5-27b,things-places,instance_00003,Lose,1.0
152,privateshared,qwen3.5-27b,things-places,instance_00003,Success,0.0
153,privateshared,qwen3.5-27b,things-places,instance_00003,Request Count,255.0
154,privateshared,qwen3.5-27b,things-places,instance_00003,Parsed Request Count,255.0
155,privateshared,qwen3.5-27b,things-places,instance_00003,Violated Request Count,0.0
156,privateshared,qwen3.5-27b,things-places,instance_00003,Request Success Ratio,1.0
157,privateshared,qwen3.5-27b,restaurant,instance_00007,Middle-Accuracy,1.0
158,privateshared,qwen3.5-27b,restaurant,instance_00007,Accuracy,1.0
159,privateshared,qwen3.5-27b,restaurant,instance_00007,Kappa,1.0
160,privateshared,qwen3.5-27b,restaurant,instance_00007,Truncated Kappa,1.0
161,privateshared,qwen3.5-27b,restaurant,instance_00007,Slot-Filling-Accuracy,1.0
162,privateshared,qwen3.5-27b,restaurant,instance_00007,Main Score,100.0
163,privateshared,qwen3.5-27b,restaurant,instance_00007,Aborted,0.0
164,privateshared,qwen3.5-27b,restaurant,instance_00007,Lose,0.0
165,privateshared,qwen3.5-27b,restaurant,instance_00007,Success,1.0
166,privateshared,qwen3.5-27b,restaurant,instance_00007,Request Count,35.0
167,privateshared,qwen3.5-27b,restaurant,instance_00007,Parsed Request Count,35.0
168,privateshared,qwen3.5-27b,restaurant,instance_00007,Violated Request Count,0.0
169,privateshared,qwen3.5-27b,restaurant,instance_00007,Request Success Ratio,1.0
170,privateshared,qwen3.5-27b,travel-booking,instance_00009,Middle-Accuracy,0.8
171,privateshared,qwen3.5-27b,travel-booking,instance_00009,Accuracy,0.9666666666666667
172,privateshared,qwen3.5-27b,travel-booking,instance_00009,Kappa,0.9333333333333333
173,privateshared,qwen3.5-27b,travel-booking,instance_00009,Truncated Kappa,0.9333333333333333
174,privateshared,qwen3.5-27b,travel-booking,instance_00009,Slot-Filling-Accuracy,1.0
175,privateshared,qwen3.5-27b,travel-booking,instance_00009,Main Score,96.55172413793103
176,privateshared,qwen3.5-27b,travel-booking,instance_00009,Aborted,0.0
177,privateshared,qwen3.5-27b,travel-booking,instance_00009,Lose,1.0
178,privateshared,qwen3.5-27b,travel-booking,instance_00009,Success,0.0
179,privateshared,qwen3.5-27b,travel-booking,instance_00009,Request Count,35.0
180,privateshared,qwen3.5-27b,travel-booking,instance_00009,Parsed Request Count,35.0
181,privateshared,qwen3.5-27b,travel-booking,instance_00009,Violated Request Count,0.0
182,privateshared,qwen3.5-27b,travel-booking,instance_00009,Request Success Ratio,1.0
183,privateshared,qwen3.5-27b,job-interview,instance_00008,Middle-Accuracy,0.4
184,privateshared,qwen3.5-27b,job-interview,instance_00008,Accuracy,0.7333333333333333
185,privateshared,qwen3.5-27b,job-interview,instance_00008,Kappa,0.4666666666666667
186,privateshared,qwen3.5-27b,job-interview,instance_00008,Truncated Kappa,0.4666666666666667
187,privateshared,qwen3.5-27b,job-interview,instance_00008,Slot-Filling-Accuracy,1.0
188,privateshared,qwen3.5-27b,job-interview,instance_00008,Main Score,63.63636363636363
189,privateshared,qwen3.5-27b,job-interview,instance_00008,Aborted,0.0
190,privateshared,qwen3.5-27b,job-interview,instance_00008,Lose,1.0
191,privateshared,qwen3.5-27b,job-interview,instance_00008,Success,0.0
192,privateshared,qwen3.5-27b,job-interview,instance_00008,Request Count,35.0
193,privateshared,qwen3.5-27b,job-interview,instance_00008,Parsed Request Count,35.0
194,privateshared,qwen3.5-27b,job-interview,instance_00008,Violated Request Count,0.0
195,privateshared,qwen3.5-27b,job-interview,instance_00008,Request Success Ratio,1.0
196,privateshared,qwen3.5-27b,letter-number,instance_00009,Middle-Accuracy,0.6
197,privateshared,qwen3.5-27b,letter-number,instance_00009,Accuracy,0.5
198,privateshared,qwen3.5-27b,letter-number,instance_00009,Kappa,0.0
199,privateshared,qwen3.5-27b,letter-number,instance_00009,Truncated Kappa,0.0
200,privateshared,qwen3.5-27b,letter-number,instance_00009,Slot-Filling-Accuracy,1.0
201,privateshared,qwen3.5-27b,letter-number,instance_00009,Main Score,0.0
202,privateshared,qwen3.5-27b,letter-number,instance_00009,Aborted,0.0
203,privateshared,qwen3.5-27b,letter-number,instance_00009,Lose,1.0
204,privateshared,qwen3.5-27b,letter-number,instance_00009,Success,0.0
205,privateshared,qwen3.5-27b,letter-number,instance_00009,Request Count,120.0
206,privateshared,qwen3.5-27b,letter-number,instance_00009,Parsed Request Count,120.0
207,privateshared,qwen3.5-27b,letter-number,instance_00009,Violated Request Count,0.0
208,privateshared,qwen3.5-27b,letter-number,instance_00009,Request Success Ratio,1.0
209,wordle_withcritic,qwen3.5-27b,medium_frequency_words_clue_with_critic,instance_00004,Aborted,0.0
210,wordle_withcritic,qwen3.5-27b,medium_frequency_words_clue_with_critic,instance_00004,Lose,0.0
211,wordle_withcritic,qwen3.5-27b,medium_frequency_words_clue_with_critic,instance_00004,Success,1.0
212,wordle_withcritic,qwen3.5-27b,medium_frequency_words_clue_with_critic,instance_00004,Request Count,3.0
213,wordle_withcritic,qwen3.5-27b,medium_frequency_words_clue_with_critic,instance_00004,Parsed Request Count,3.0
214,wordle_withcritic,qwen3.5-27b,medium_frequency_words_clue_with_critic,instance_00004,Violated Request Count,0.0
215,wordle_withcritic,qwen3.5-27b,medium_frequency_words_clue_with_critic,instance_00004,Request Success Ratio,1.0
216,wordle_withcritic,qwen3.5-27b,medium_frequency_words_clue_with_critic,instance_00004,Main Score,100.0
217,wordle_withcritic,qwen3.5-27b,medium_frequency_words_clue_with_critic,instance_00004,Guess Repetitions,0.0
218,wordle_withcritic,qwen3.5-27b,medium_frequency_words_clue_with_critic,instance_00004,Repetition-Guesser-On-Critic-Agreement,1.0
219,wordle_withcritic,qwen3.5-27b,medium_frequency_words_clue_with_critic,instance_00004,Non-Repetition-Guesser-On-Critic-Agreement,0.0
220,wordle_withcritic,qwen3.5-27b,medium_frequency_words_clue_with_critic,instance_00004,Repetition-Guesser-On-Critic-Disagreement,0.0
221,wordle_withcritic,qwen3.5-27b,medium_frequency_words_clue_with_critic,instance_00004,Non-Repetition-Guesser-On-Critic-Disagreement,0.0
222,wordle_withcritic,qwen3.5-27b,medium_frequency_words_clue_with_critic,instance_00019,Aborted,1.0
223,wordle_withcritic,qwen3.5-27b,medium_frequency_words_clue_with_critic,instance_00019,Lose,0.0
224,wordle_withcritic,qwen3.5-27b,medium_frequency_words_clue_with_critic,instance_00019,Success,0.0
225,wordle_withcritic,qwen3.5-27b,medium_frequency_words_clue_with_critic,instance_00019,Request Count,1.0
226,wordle_withcritic,qwen3.5-27b,medium_frequency_words_clue_with_critic,instance_00019,Parsed Request Count,0.0
227,wordle_withcritic,qwen3.5-27b,medium_frequency_words_clue_with_critic,instance_00019,Violated Request Count,1.0
228,wordle_withcritic,qwen3.5-27b,medium_frequency_words_clue_with_critic,instance_00019,Request Success Ratio,0.0
229,wordle_withcritic,qwen3.5-27b,medium_frequency_words_clue_with_critic,instance_00019,Main Score,
230,wordle_withcritic,qwen3.5-27b,medium_frequency_words_clue_with_critic,instance_00019,Guess Repetitions,
231,wordle_withcritic,qwen3.5-27b,medium_frequency_words_clue_with_critic,instance_00019,Repetition-Guesser-On-Critic-Agreement,
232,wordle_withcritic,qwen3.5-27b,medium_frequency_words_clue_with_critic,instance_00019,Non-Repetition-Guesser-On-Critic-Agreement,
233,wordle_withcritic,qwen3.5-27b,medium_frequency_words_clue_with_critic,instance_00019,Repetition-Guesser-On-Critic-Disagreement,
234,wordle_withcritic,qwen3.5-27b,medium_frequency_words_clue_with_critic,instance_00019,Non-Repetition-Guesser-On-Critic-Disagreement,
235,wordle_withcritic,qwen3.5-27b,high_frequency_words_clue_with_critic,instance_00002,Aborted,1.0
236,wordle_withcritic,qwen3.5-27b,high_frequency_words_clue_with_critic,instance_00002,Lose,0.0
237,wordle_withcritic,qwen3.5-27b,high_frequency_words_clue_with_critic,instance_00002,Success,0.0
238,wordle_withcritic,qwen3.5-27b,high_frequency_words_clue_with_critic,instance_00002,Request Count,4.0
239,wordle_withcritic,qwen3.5-27b,high_frequency_words_clue_with_critic,instance_00002,Parsed Request Count,3.0
240,wordle_withcritic,qwen3.5-27b,high_frequency_words_clue_with_critic,instance_00002,Violated Request Count,1.0
241,wordle_withcritic,qwen3.5-27b,high_frequency_words_clue_with_critic,instance_00002,Request Success Ratio,0.75
242,wordle_withcritic,qwen3.5-27b,high_frequency_words_clue_with_critic,instance_00002,Main Score,
243,wordle_withcritic,qwen3.5-27b,high_frequency_words_clue_with_critic,instance_00002,Guess Repetitions,
244,wordle_withcritic,qwen3.5-27b,high_frequency_words_clue_with_critic,instance_00002,Repetition-Guesser-On-Critic-Agreement,1.0
245,wordle_withcritic,qwen3.5-27b,high_frequency_words_clue_with_critic,instance_00002,Non-Repetition-Guesser-On-Critic-Agreement,0.0
246,wordle_withcritic,qwen3.5-27b,high_frequency_words_clue_with_critic,instance_00002,Repetition-Guesser-On-Critic-Disagreement,0.0
247,wordle_withcritic,qwen3.5-27b,high_frequency_words_clue_with_critic,instance_00002,Non-Repetition-Guesser-On-Critic-Disagreement,0.0
248,taboo,qwen3.5-27b,high_en,instance_00016,Violated Request Count,0.0
249,taboo,qwen3.5-27b,high_en,instance_00016,Parsed Request Count,1.0
250,taboo,qwen3.5-27b,high_en,instance_00016,Request Count,1.0
251,taboo,qwen3.5-27b,high_en,instance_00016,Request Success Ratio,1.0
252,taboo,qwen3.5-27b,high_en,instance_00016,Aborted,0.0
253,taboo,qwen3.5-27b,high_en,instance_00016,Success,1.0
254,taboo,qwen3.5-27b,high_en,instance_00016,Lose,0.0
255,taboo,qwen3.5-27b,high_en,instance_00016,Main Score,100.0
256,taboo,qwen3.5-27b,high_en,instance_00016,Repetition-Guesser,0.0
257,taboo,qwen3.5-27b,high_en,instance_00016,Repetition-Describer,0.0
258,taboo,qwen3.5-27b,high_en,instance_00010,Violated Request Count,0.0
259,taboo,qwen3.5-27b,high_en,instance_00010,Parsed Request Count,1.0
260,taboo,qwen3.5-27b,high_en,instance_00010,Request Count,1.0
261,taboo,qwen3.5-27b,high_en,instance_00010,Request Success Ratio,1.0
262,taboo,qwen3.5-27b,high_en,instance_00010,Aborted,0.0
263,taboo,qwen3.5-27b,high_en,instance_00010,Success,1.0
264,taboo,qwen3.5-27b,high_en,instance_00010,Lose,0.0
265,taboo,qwen3.5-27b,high_en,instance_00010,Main Score,100.0
266,taboo,qwen3.5-27b,high_en,instance_00010,Repetition-Guesser,0.0
267,taboo,qwen3.5-27b,high_en,instance_00010,Repetition-Describer,0.0
268,taboo,qwen3.5-27b,low_en,instance_00018,Violated Request Count,0.0
269,taboo,qwen3.5-27b,low_en,instance_00018,Parsed Request Count,2.0
270,taboo,qwen3.5-27b,low_en,instance_00018,Request Count,2.0
271,taboo,qwen3.5-27b,low_en,instance_00018,Request Success Ratio,1.0
272,taboo,qwen3.5-27b,low_en,instance_00018,Aborted,0.0
273,taboo,qwen3.5-27b,low_en,instance_00018,Success,1.0
274,taboo,qwen3.5-27b,low_en,instance_00018,Lose,0.0
275,taboo,qwen3.5-27b,low_en,instance_00018,Main Score,50.0
276,taboo,qwen3.5-27b,low_en,instance_00018,Repetition-Guesser,0.0
277,taboo,qwen3.5-27b,low_en,instance_00018,Repetition-Describer,0.0
278,taboo,qwen3.5-27b,low_en,instance_00012,Violated Request Count,0.0
279,taboo,qwen3.5-27b,low_en,instance_00012,Parsed Request Count,1.0
280,taboo,qwen3.5-27b,low_en,instance_00012,Request Count,1.0
281,taboo,qwen3.5-27b,low_en,instance_00012,Request Success Ratio,1.0
282,taboo,qwen3.5-27b,low_en,instance_00012,Aborted,0.0
283,taboo,qwen3.5-27b,low_en,instance_00012,Success,1.0
284,taboo,qwen3.5-27b,low_en,instance_00012,Lose,0.0
285,taboo,qwen3.5-27b,low_en,instance_00012,Main Score,100.0
286,taboo,qwen3.5-27b,low_en,instance_00012,Repetition-Guesser,0.0
287,taboo,qwen3.5-27b,low_en,instance_00012,Repetition-Describer,0.0
288,taboo,qwen3.5-27b,medium_en,instance_00007,Violated Request Count,0.0
289,taboo,qwen3.5-27b,medium_en,instance_00007,Parsed Request Count,1.0
290,taboo,qwen3.5-27b,medium_en,instance_00007,Request Count,1.0
291,taboo,qwen3.5-27b,medium_en,instance_00007,Request Success Ratio,1.0
292,taboo,qwen3.5-27b,medium_en,instance_00007,Aborted,0.0
293,taboo,qwen3.5-27b,medium_en,instance_00007,Success,1.0
294,taboo,qwen3.5-27b,medium_en,instance_00007,Lose,0.0
295,taboo,qwen3.5-27b,medium_en,instance_00007,Main Score,100.0
296,taboo,qwen3.5-27b,medium_en,instance_00007,Repetition-Guesser,0.0
297,taboo,qwen3.5-27b,medium_en,instance_00007,Repetition-Describer,0.0
298,taboo,qwen3.5-27b,medium_en,instance_00010,Violated Request Count,0.0
299,taboo,qwen3.5-27b,medium_en,instance_00010,Parsed Request Count,1.0
300,taboo,qwen3.5-27b,medium_en,instance_00010,Request Count,1.0
301,taboo,qwen3.5-27b,medium_en,instance_00010,Request Success Ratio,1.0
302,taboo,qwen3.5-27b,medium_en,instance_00010,Aborted,0.0
303,taboo,qwen3.5-27b,medium_en,instance_00010,Success,1.0
304,taboo,qwen3.5-27b,medium_en,instance_00010,Lose,0.0
305,taboo,qwen3.5-27b,medium_en,instance_00010,Main Score,100.0
306,taboo,qwen3.5-27b,medium_en,instance_00010,Repetition-Guesser,0.0
307,taboo,qwen3.5-27b,medium_en,instance_00010,Repetition-Describer,0.0
308,wordle_withclue,qwen3.5-27b,high_frequency_words_clue_no_critic,instance_00009,Aborted,1.0
309,wordle_withclue,qwen3.5-27b,high_frequency_words_clue_no_critic,instance_00009,Lose,0.0
310,wordle_withclue,qwen3.5-27b,high_frequency_words_clue_no_critic,instance_00009,Success,0.0
311,wordle_withclue,qwen3.5-27b,high_frequency_words_clue_no_critic,instance_00009,Request Count,2.0
312,wordle_withclue,qwen3.5-27b,high_frequency_words_clue_no_critic,instance_00009,Parsed Request Count,1.0
313,wordle_withclue,qwen3.5-27b,high_frequency_words_clue_no_critic,instance_00009,Violated Request Count,1.0
314,wordle_withclue,qwen3.5-27b,high_frequency_words_clue_no_critic,instance_00009,Request Success Ratio,0.5
315,wordle_withclue,qwen3.5-27b,high_frequency_words_clue_no_critic,instance_00009,Main Score,
316,wordle_withclue,qwen3.5-27b,high_frequency_words_clue_no_critic,instance_00009,Guess Repetitions,
317,wordle_withclue,qwen3.5-27b,medium_frequency_words_clue_no_critic,instance_00011,Aborted,0.0
318,wordle_withclue,qwen3.5-27b,medium_frequency_words_clue_no_critic,instance_00011,Lose,0.0
319,wordle_withclue,qwen3.5-27b,medium_frequency_words_clue_no_critic,instance_00011,Success,1.0
320,wordle_withclue,qwen3.5-27b,medium_frequency_words_clue_no_critic,instance_00011,Request Count,3.0
321,wordle_withclue,qwen3.5-27b,medium_frequency_words_clue_no_critic,instance_00011,Parsed Request Count,3.0
322,wordle_withclue,qwen3.5-27b,medium_frequency_words_clue_no_critic,instance_00011,Violated Request Count,0.0
323,wordle_withclue,qwen3.5-27b,medium_frequency_words_clue_no_critic,instance_00011,Request Success Ratio,1.0
324,wordle_withclue,qwen3.5-27b,medium_frequency_words_clue_no_critic,instance_00011,Main Score,33.33
325,wordle_withclue,qwen3.5-27b,medium_frequency_words_clue_no_critic,instance_00011,Guess Repetitions,0.0
326,wordle_withclue,qwen3.5-27b,medium_frequency_words_clue_no_critic,instance_00018,Aborted,1.0
327,wordle_withclue,qwen3.5-27b,medium_frequency_words_clue_no_critic,instance_00018,Lose,0.0
328,wordle_withclue,qwen3.5-27b,medium_frequency_words_clue_no_critic,instance_00018,Success,0.0
329,wordle_withclue,qwen3.5-27b,medium_frequency_words_clue_no_critic,instance_00018,Request Count,3.0
330,wordle_withclue,qwen3.5-27b,medium_frequency_words_clue_no_critic,instance_00018,Parsed Request Count,2.0
331,wordle_withclue,qwen3.5-27b,medium_frequency_words_clue_no_critic,instance_00018,Violated Request Count,1.0
332,wordle_withclue,qwen3.5-27b,medium_frequency_words_clue_no_critic,instance_00018,Request Success Ratio,0.6666666666666666
333,wordle_withclue,qwen3.5-27b,medium_frequency_words_clue_no_critic,instance_00018,Main Score,
334,wordle_withclue,qwen3.5-27b,medium_frequency_words_clue_no_critic,instance_00018,Guess Repetitions,
335,textmapworld,qwen3.5-27b,large_cycle,instance_00049,Success,0.0
336,textmapworld,qwen3.5-27b,large_cycle,instance_00049,Aborted,0.0
337,textmapworld,qwen3.5-27b,large_cycle,instance_00049,Lose,1.0
338,textmapworld,qwen3.5-27b,large_cycle,instance_00049,moves,11.0
339,textmapworld,qwen3.5-27b,large_cycle,instance_00049,valid_moves,11.0
340,textmapworld,qwen3.5-27b,large_cycle,instance_00049,invalid_moves,0.0
341,textmapworld,qwen3.5-27b,large_cycle,instance_00049,stopped,1.0
342,textmapworld,qwen3.5-27b,large_cycle,instance_00049,turns_limit,0.0
343,textmapworld,qwen3.5-27b,large_cycle,instance_00049,loops,0.0
344,textmapworld,qwen3.5-27b,large_cycle,instance_00049,number_visited,7.0
345,textmapworld,qwen3.5-27b,large_cycle,instance_00049,seen,8.0
346,textmapworld,qwen3.5-27b,large_cycle,instance_00049,efficiency,54.54545454545454
347,textmapworld,qwen3.5-27b,large_cycle,instance_00049,exploration,87.5
348,textmapworld,qwen3.5-27b,large_cycle,instance_00049,Main Score,67.2
349,textmapworld,qwen3.5-27b,small,instance_00006,Success,1.0
350,textmapworld,qwen3.5-27b,small,instance_00006,Aborted,0.0
351,textmapworld,qwen3.5-27b,small,instance_00006,Lose,0.0
352,textmapworld,qwen3.5-27b,small,instance_00006,moves,6.0
353,textmapworld,qwen3.5-27b,small,instance_00006,valid_moves,6.0
354,textmapworld,qwen3.5-27b,small,instance_00006,invalid_moves,0.0
355,textmapworld,qwen3.5-27b,small,instance_00006,stopped,1.0
356,textmapworld,qwen3.5-27b,small,instance_00006,turns_limit,0.0
357,textmapworld,qwen3.5-27b,small,instance_00006,loops,0.0
358,textmapworld,qwen3.5-27b,small,instance_00006,number_visited,4.0
359,textmapworld,qwen3.5-27b,small,instance_00006,seen,4.0
360,textmapworld,qwen3.5-27b,small,instance_00006,efficiency,66.66666666666666
361,textmapworld,qwen3.5-27b,small,instance_00006,exploration,100.0
362,textmapworld,qwen3.5-27b,small,instance_00006,Main Score,80.0
363,textmapworld,qwen3.5-27b,large,instance_00028,Success,0.0
364,textmapworld,qwen3.5-27b,large,instance_00028,Aborted,0.0
365,textmapworld,qwen3.5-27b,large,instance_00028,Lose,1.0
366,textmapworld,qwen3.5-27b,large,instance_00028,moves,6.0
367,textmapworld,qwen3.5-27b,large,instance_00028,valid_moves,6.0
368,textmapworld,qwen3.5-27b,large,instance_00028,invalid_moves,0.0
369,textmapworld,qwen3.5-27b,large,instance_00028,stopped,1.0
370,textmapworld,qwen3.5-27b,large,instance_00028,turns_limit,0.0
371,textmapworld,qwen3.5-27b,large,instance_00028,loops,0.0
372,textmapworld,qwen3.5-27b,large,instance_00028,number_visited,6.0
373,textmapworld,qwen3.5-27b,large,instance_00028,seen,7.0
374,textmapworld,qwen3.5-27b,large,instance_00028,efficiency,66.66666666666666
375,textmapworld,qwen3.5-27b,large,instance_00028,exploration,75.0
376,textmapworld,qwen3.5-27b,large,instance_00028,Main Score,70.58823529411764
377,textmapworld,qwen3.5-27b,medium_cycle,instance_00034,Success,1.0
378,textmapworld,qwen3.5-27b,medium_cycle,instance_00034,Aborted,0.0
379,textmapworld,qwen3.5-27b,medium_cycle,instance_00034,Lose,0.0
380,textmapworld,qwen3.5-27b,medium_cycle,instance_00034,moves,8.0
381,textmapworld,qwen3.5-27b,medium_cycle,instance_00034,valid_moves,8.0
382,textmapworld,qwen3.5-27b,medium_cycle,instance_00034,invalid_moves,0.0
383,textmapworld,qwen3.5-27b,medium_cycle,instance_00034,stopped,1.0
384,textmapworld,qwen3.5-27b,medium_cycle,instance_00034,turns_limit,0.0
385,textmapworld,qwen3.5-27b,medium_cycle,instance_00034,loops,0.0
386,textmapworld,qwen3.5-27b,medium_cycle,instance_00034,number_visited,6.0
387,textmapworld,qwen3.5-27b,medium_cycle,instance_00034,seen,6.0
388,textmapworld,qwen3.5-27b,medium_cycle,instance_00034,efficiency,62.5
389,textmapworld,qwen3.5-27b,medium_cycle,instance_00034,exploration,100.0
390,textmapworld,qwen3.5-27b,medium_cycle,instance_00034,Main Score,76.92307692307692
391,textmapworld,qwen3.5-27b,medium,instance_00010,Success,0.0
392,textmapworld,qwen3.5-27b,medium,instance_00010,Aborted,0.0
393,textmapworld,qwen3.5-27b,medium,instance_00010,Lose,1.0
394,textmapworld,qwen3.5-27b,medium,instance_00010,moves,2.0
395,textmapworld,qwen3.5-27b,medium,instance_00010,valid_moves,2.0
396,textmapworld,qwen3.5-27b,medium,instance_00010,invalid_moves,0.0
397,textmapworld,qwen3.5-27b,medium,instance_00010,stopped,1.0
398,textmapworld,qwen3.5-27b,medium,instance_00010,turns_limit,0.0
399,textmapworld,qwen3.5-27b,medium,instance_00010,loops,0.0
400,textmapworld,qwen3.5-27b,medium,instance_00010,number_visited,2.0
401,textmapworld,qwen3.5-27b,medium,instance_00010,seen,3.0
402,textmapworld,qwen3.5-27b,medium,instance_00010,efficiency,100.0
403,textmapworld,qwen3.5-27b,medium,instance_00010,exploration,33.33333333333333
404,textmapworld,qwen3.5-27b,medium,instance_00010,Main Score,50.0
405,referencegame,qwen3.5-27b,random_grids,instance_00005,Generated Expression Length,127.0
406,referencegame,qwen3.5-27b,random_grids,instance_00005,Generated Expression Number of Tokens,23.0
407,referencegame,qwen3.5-27b,random_grids,instance_00005,Aborted at Player 1,0.0
408,referencegame,qwen3.5-27b,random_grids,instance_00005,Aborted at Player 2,0.0
409,referencegame,qwen3.5-27b,random_grids,instance_00005,Request Count,2.0
410,referencegame,qwen3.5-27b,random_grids,instance_00005,Parsed Request Count,2.0
411,referencegame,qwen3.5-27b,random_grids,instance_00005,Violated Request Count,0.0
412,referencegame,qwen3.5-27b,random_grids,instance_00005,Aborted,0.0
413,referencegame,qwen3.5-27b,random_grids,instance_00005,Success,1.0
414,referencegame,qwen3.5-27b,random_grids,instance_00005,Lose,0.0
415,referencegame,qwen3.5-27b,random_grids,instance_00005,Main Score,100.0
416,referencegame,qwen3.5-27b,random_grids,instance_00005,Request Success Ratio,1.0
417,referencegame,qwen3.5-27b,line_grids_columns,instance_00013,Generated Expression Length,152.0
418,referencegame,qwen3.5-27b,line_grids_columns,instance_00013,Generated Expression Number of Tokens,26.0
419,referencegame,qwen3.5-27b,line_grids_columns,instance_00013,Aborted at Player 1,0.0
420,referencegame,qwen3.5-27b,line_grids_columns,instance_00013,Aborted at Player 2,0.0
421,referencegame,qwen3.5-27b,line_grids_columns,instance_00013,Request Count,2.0
422,referencegame,qwen3.5-27b,line_grids_columns,instance_00013,Parsed Request Count,2.0
423,referencegame,qwen3.5-27b,line_grids_columns,instance_00013,Violated Request Count,0.0
424,referencegame,qwen3.5-27b,line_grids_columns,instance_00013,Aborted,0.0
425,referencegame,qwen3.5-27b,line_grids_columns,instance_00013,Success,1.0
426,referencegame,qwen3.5-27b,line_grids_columns,instance_00013,Lose,0.0
427,referencegame,qwen3.5-27b,line_grids_columns,instance_00013,Main Score,100.0
428,referencegame,qwen3.5-27b,line_grids_columns,instance_00013,Request Success Ratio,1.0
429,referencegame,qwen3.5-27b,number_grids,instance_00017,Generated Expression Length,121.0
430,referencegame,qwen3.5-27b,number_grids,instance_00017,Generated Expression Number of Tokens,23.0
431,referencegame,qwen3.5-27b,number_grids,instance_00017,Aborted at Player 1,0.0
432,referencegame,qwen3.5-27b,number_grids,instance_00017,Aborted at Player 2,0.0
433,referencegame,qwen3.5-27b,number_grids,instance_00017,Request Count,2.0
434,referencegame,qwen3.5-27b,number_grids,instance_00017,Parsed Request Count,2.0
435,referencegame,qwen3.5-27b,number_grids,instance_00017,Violated Request Count,0.0
436,referencegame,qwen3.5-27b,number_grids,instance_00017,Aborted,0.0
437,referencegame,qwen3.5-27b,number_grids,instance_00017,Success,1.0
438,referencegame,qwen3.5-27b,number_grids,instance_00017,Lose,0.0
439,referencegame,qwen3.5-27b,number_grids,instance_00017,Main Score,100.0
440,referencegame,qwen3.5-27b,number_grids,instance_00017,Request Success Ratio,1.0
441,referencegame,qwen3.5-27b,line_grids_rows,instance_00017,Generated Expression Length,141.0
442,referencegame,qwen3.5-27b,line_grids_rows,instance_00017,Generated Expression Number of Tokens,23.0
443,referencegame,qwen3.5-27b,line_grids_rows,instance_00017,Aborted at Player 1,0.0
444,referencegame,qwen3.5-27b,line_grids_rows,instance_00017,Aborted at Player 2,0.0
445,referencegame,qwen3.5-27b,line_grids_rows,instance_00017,Request Count,2.0
446,referencegame,qwen3.5-27b,line_grids_rows,instance_00017,Parsed Request Count,2.0
447,referencegame,qwen3.5-27b,line_grids_rows,instance_00017,Violated Request Count,0.0
448,referencegame,qwen3.5-27b,line_grids_rows,instance_00017,Aborted,0.0
449,referencegame,qwen3.5-27b,line_grids_rows,instance_00017,Success,1.0
450,referencegame,qwen3.5-27b,line_grids_rows,instance_00017,Lose,0.0
451,referencegame,qwen3.5-27b,line_grids_rows,instance_00017,Main Score,100.0
452,referencegame,qwen3.5-27b,line_grids_rows,instance_00017,Request Success Ratio,1.0
453,referencegame,qwen3.5-27b,letter_grids,instance_00012,Generated Expression Length,160.0
454,referencegame,qwen3.5-27b,letter_grids,instance_00012,Generated Expression Number of Tokens,28.0
455,referencegame,qwen3.5-27b,letter_grids,instance_00012,Aborted at Player 1,0.0
456,referencegame,qwen3.5-27b,letter_grids,instance_00012,Aborted at Player 2,0.0
457,referencegame,qwen3.5-27b,letter_grids,instance_00012,Request Count,2.0
458,referencegame,qwen3.5-27b,letter_grids,instance_00012,Parsed Request Count,2.0
459,referencegame,qwen3.5-27b,letter_grids,instance_00012,Violated Request Count,0.0
460,referencegame,qwen3.5-27b,letter_grids,instance_00012,Aborted,0.0
461,referencegame,qwen3.5-27b,letter_grids,instance_00012,Success,1.0
462,referencegame,qwen3.5-27b,letter_grids,instance_00012,Lose,0.0
463,referencegame,qwen3.5-27b,letter_grids,instance_00012,Main Score,100.0
464,referencegame,qwen3.5-27b,letter_grids,instance_00012,Request Success Ratio,1.0
465,adventuregame,qwen3.5-27b,new-words_home-delivery_medium_basic_medium,instance_00002,Violated Request Count,0.0
466,adventuregame,qwen3.5-27b,new-words_home-delivery_medium_basic_medium,instance_00002,Parsed Request Count,50.0
467,adventuregame,qwen3.5-27b,new-words_home-delivery_medium_basic_medium,instance_00002,Request Count,50.0
468,adventuregame,qwen3.5-27b,new-words_home-delivery_medium_basic_medium,instance_00002,Request Success Ratio,1.0
469,adventuregame,qwen3.5-27b,new-words_home-delivery_medium_basic_medium,instance_00002,hallucination_count,0.0
470,adventuregame,qwen3.5-27b,new-words_home-delivery_medium_basic_medium,instance_00002,action_parsing_fail,22.0
471,adventuregame,qwen3.5-27b,new-words_home-delivery_medium_basic_medium,instance_00002,action_resolution_fail,9.0
472,adventuregame,qwen3.5-27b,new-words_home-delivery_medium_basic_medium,instance_00002,lark_exception,0.0
473,adventuregame,qwen3.5-27b,new-words_home-delivery_medium_basic_medium,instance_00002,malformed_command,6.0
474,adventuregame,qwen3.5-27b,new-words_home-delivery_medium_basic_medium,instance_00002,undefined_action_verb,3.0
475,adventuregame,qwen3.5-27b,new-words_home-delivery_medium_basic_medium,instance_00002,undefined_action,0.0
476,adventuregame,qwen3.5-27b,new-words_home-delivery_medium_basic_medium,instance_00002,undefined_repr_str,13.0
477,adventuregame,qwen3.5-27b,new-words_home-delivery_medium_basic_medium,instance_00002,manipulating_room,0.0
478,adventuregame,qwen3.5-27b,new-words_home-delivery_medium_basic_medium,instance_00002,undefined_argument_type,0.0
479,adventuregame,qwen3.5-27b,new-words_home-delivery_medium_basic_medium,instance_00002,taking_from_inventory,0.0
480,adventuregame,qwen3.5-27b,new-words_home-delivery_medium_basic_medium,instance_00002,other_room_argument,0.0
481,adventuregame,qwen3.5-27b,new-words_home-delivery_medium_basic_medium,instance_00002,domain_trait_type_mismatch,0.0
482,adventuregame,qwen3.5-27b,new-words_home-delivery_medium_basic_medium,instance_00002,domain_type_discrepancy,0.0
483,adventuregame,qwen3.5-27b,new-words_home-delivery_medium_basic_medium,instance_00002,world_state_discrepancy,0.0
484,adventuregame,qwen3.5-27b,new-words_home-delivery_medium_basic_medium,instance_00002,entity_not_accessible,2.0
485,adventuregame,qwen3.5-27b,new-words_home-delivery_medium_basic_medium,instance_00002,entity_state_mismatch,4.0
486,adventuregame,qwen3.5-27b,new-words_home-delivery_medium_basic_medium,instance_00002,entity_trait_mismatch,0.0
487,adventuregame,qwen3.5-27b,new-words_home-delivery_medium_basic_medium,instance_00002,entity_already_inventory,0.0
488,adventuregame,qwen3.5-27b,new-words_home-delivery_medium_basic_medium,instance_00002,going_to_current_room,0.0
489,adventuregame,qwen3.5-27b,new-words_home-delivery_medium_basic_medium,instance_00002,no_exit_to,3.0
490,adventuregame,qwen3.5-27b,new-words_home-delivery_medium_basic_medium,instance_00002,inventory_limit_exceeded,0.0
491,adventuregame,qwen3.5-27b,new-words_home-delivery_medium_basic_medium,instance_00002,successful_actions,19.0
492,adventuregame,qwen3.5-27b,new-words_home-delivery_medium_basic_medium,instance_00002,turn_limit_loss,1.0
493,adventuregame,qwen3.5-27b,new-words_home-delivery_medium_basic_medium,instance_00002,turns_over_par,
494,adventuregame,qwen3.5-27b,new-words_home-delivery_medium_basic_medium,instance_00002,turn_ratio,
495,adventuregame,qwen3.5-27b,new-words_home-delivery_medium_basic_medium,instance_00002,finish_speed,
496,adventuregame,qwen3.5-27b,new-words_home-delivery_medium_basic_medium,instance_00002,achieved_goal_ratio,0.0
497,adventuregame,qwen3.5-27b,new-words_home-delivery_medium_basic_medium,instance_00002,Aborted,1.0
498,adventuregame,qwen3.5-27b,new-words_home-delivery_medium_basic_medium,instance_00002,Success,0.0
499,adventuregame,qwen3.5-27b,new-words_home-delivery_medium_basic_medium,instance_00002,Lose,0.0
500,adventuregame,qwen3.5-27b,new-words_home-delivery_medium_basic_medium,instance_00002,Main Score,
501,adventuregame,qwen3.5-27b,new-words_home-delivery_medium_basic_medium,instance_00002,plan_followed_ratio,0.0
502,adventuregame,qwen3.5-27b,new-words_home-delivery_medium_basic_medium,instance_00002,plan_average_viability_ratio,0.0
503,adventuregame,qwen3.5-27b,new-words_home-delivery_medium_basic_medium,instance_00002,bad_plan_follow_ratio,0.0
504,adventuregame,qwen3.5-27b,new-words_home-delivery_medium_basic_medium,instance_00002,bad_plan_dismiss_ratio,1.0
505,adventuregame,qwen3.5-27b,potion_brewing_basic_undefined,instance_00004,Violated Request Count,0.0
506,adventuregame,qwen3.5-27b,potion_brewing_basic_undefined,instance_00004,Parsed Request Count,100.0
507,adventuregame,qwen3.5-27b,potion_brewing_basic_undefined,instance_00004,Request Count,100.0
508,adventuregame,qwen3.5-27b,potion_brewing_basic_undefined,instance_00004,Request Success Ratio,1.0
509,adventuregame,qwen3.5-27b,potion_brewing_basic_undefined,instance_00004,hallucination_count,0.0
510,adventuregame,qwen3.5-27b,potion_brewing_basic_undefined,instance_00004,action_parsing_fail,1.0
511,adventuregame,qwen3.5-27b,potion_brewing_basic_undefined,instance_00004,action_resolution_fail,18.0
512,adventuregame,qwen3.5-27b,potion_brewing_basic_undefined,instance_00004,lark_exception,0.0
513,adventuregame,qwen3.5-27b,potion_brewing_basic_undefined,instance_00004,malformed_command,0.0
514,adventuregame,qwen3.5-27b,potion_brewing_basic_undefined,instance_00004,undefined_action_verb,0.0
515,adventuregame,qwen3.5-27b,potion_brewing_basic_undefined,instance_00004,undefined_action,0.0
516,adventuregame,qwen3.5-27b,potion_brewing_basic_undefined,instance_00004,undefined_repr_str,1.0
517,adventuregame,qwen3.5-27b,potion_brewing_basic_undefined,instance_00004,manipulating_room,0.0
518,adventuregame,qwen3.5-27b,potion_brewing_basic_undefined,instance_00004,undefined_argument_type,0.0
519,adventuregame,qwen3.5-27b,potion_brewing_basic_undefined,instance_00004,taking_from_inventory,0.0
520,adventuregame,qwen3.5-27b,potion_brewing_basic_undefined,instance_00004,other_room_argument,0.0
521,adventuregame,qwen3.5-27b,potion_brewing_basic_undefined,instance_00004,domain_trait_type_mismatch,0.0
522,adventuregame,qwen3.5-27b,potion_brewing_basic_undefined,instance_00004,domain_type_discrepancy,0.0
523,adventuregame,qwen3.5-27b,potion_brewing_basic_undefined,instance_00004,world_state_discrepancy,0.0
524,adventuregame,qwen3.5-27b,potion_brewing_basic_undefined,instance_00004,entity_not_accessible,2.0
525,adventuregame,qwen3.5-27b,potion_brewing_basic_undefined,instance_00004,entity_state_mismatch,0.0
526,adventuregame,qwen3.5-27b,potion_brewing_basic_undefined,instance_00004,entity_trait_mismatch,0.0
527,adventuregame,qwen3.5-27b,potion_brewing_basic_undefined,instance_00004,entity_already_inventory,0.0
528,adventuregame,qwen3.5-27b,potion_brewing_basic_undefined,instance_00004,going_to_current_room,0.0
529,adventuregame,qwen3.5-27b,potion_brewing_basic_undefined,instance_00004,no_exit_to,2.0
530,adventuregame,qwen3.5-27b,potion_brewing_basic_undefined,instance_00004,inventory_limit_exceeded,14.0
531,adventuregame,qwen3.5-27b,potion_brewing_basic_undefined,instance_00004,successful_actions,81.0
532,adventuregame,qwen3.5-27b,potion_brewing_basic_undefined,instance_00004,turn_limit_loss,1.0
533,adventuregame,qwen3.5-27b,potion_brewing_basic_undefined,instance_00004,turns_over_par,
534,adventuregame,qwen3.5-27b,potion_brewing_basic_undefined,instance_00004,turn_ratio,
535,adventuregame,qwen3.5-27b,potion_brewing_basic_undefined,instance_00004,finish_speed,
536,adventuregame,qwen3.5-27b,potion_brewing_basic_undefined,instance_00004,achieved_goal_ratio,0.0
537,adventuregame,qwen3.5-27b,potion_brewing_basic_undefined,instance_00004,Aborted,1.0
538,adventuregame,qwen3.5-27b,potion_brewing_basic_undefined,instance_00004,Success,0.0
539,adventuregame,qwen3.5-27b,potion_brewing_basic_undefined,instance_00004,Lose,0.0
540,adventuregame,qwen3.5-27b,potion_brewing_basic_undefined,instance_00004,Main Score,
541,adventuregame,qwen3.5-27b,potion_brewing_basic_undefined,instance_00004,plan_followed_ratio,0.0
542,adventuregame,qwen3.5-27b,potion_brewing_basic_undefined,instance_00004,plan_average_viability_ratio,0.0
543,adventuregame,qwen3.5-27b,potion_brewing_basic_undefined,instance_00004,bad_plan_follow_ratio,0.0
544,adventuregame,qwen3.5-27b,potion_brewing_basic_undefined,instance_00004,bad_plan_dismiss_ratio,1.0
545,adventuregame,qwen3.5-27b,new-words_home-delivery_easy_basic_easy,instance_00002,Violated Request Count,0.0
546,adventuregame,qwen3.5-27b,new-words_home-delivery_easy_basic_easy,instance_00002,Parsed Request Count,14.0
547,adventuregame,qwen3.5-27b,new-words_home-delivery_easy_basic_easy,instance_00002,Request Count,14.0
548,adventuregame,qwen3.5-27b,new-words_home-delivery_easy_basic_easy,instance_00002,Request Success Ratio,1.0
549,adventuregame,qwen3.5-27b,new-words_home-delivery_easy_basic_easy,instance_00002,hallucination_count,1.0
550,adventuregame,qwen3.5-27b,new-words_home-delivery_easy_basic_easy,instance_00002,action_parsing_fail,0.0
551,adventuregame,qwen3.5-27b,new-words_home-delivery_easy_basic_easy,instance_00002,action_resolution_fail,0.0
552,adventuregame,qwen3.5-27b,new-words_home-delivery_easy_basic_easy,instance_00002,lark_exception,0.0
553,adventuregame,qwen3.5-27b,new-words_home-delivery_easy_basic_easy,instance_00002,malformed_command,0.0
554,adventuregame,qwen3.5-27b,new-words_home-delivery_easy_basic_easy,instance_00002,undefined_action_verb,0.0
555,adventuregame,qwen3.5-27b,new-words_home-delivery_easy_basic_easy,instance_00002,undefined_action,0.0
556,adventuregame,qwen3.5-27b,new-words_home-delivery_easy_basic_easy,instance_00002,undefined_repr_str,0.0
557,adventuregame,qwen3.5-27b,new-words_home-delivery_easy_basic_easy,instance_00002,manipulating_room,0.0
558,adventuregame,qwen3.5-27b,new-words_home-delivery_easy_basic_easy,instance_00002,undefined_argument_type,0.0
559,adventuregame,qwen3.5-27b,new-words_home-delivery_easy_basic_easy,instance_00002,taking_from_inventory,0.0
560,adventuregame,qwen3.5-27b,new-words_home-delivery_easy_basic_easy,instance_00002,other_room_argument,0.0
561,adventuregame,qwen3.5-27b,new-words_home-delivery_easy_basic_easy,instance_00002,domain_trait_type_mismatch,0.0
562,adventuregame,qwen3.5-27b,new-words_home-delivery_easy_basic_easy,instance_00002,domain_type_discrepancy,0.0
563,adventuregame,qwen3.5-27b,new-words_home-delivery_easy_basic_easy,instance_00002,world_state_discrepancy,0.0
564,adventuregame,qwen3.5-27b,new-words_home-delivery_easy_basic_easy,instance_00002,entity_not_accessible,0.0
565,adventuregame,qwen3.5-27b,new-words_home-delivery_easy_basic_easy,instance_00002,entity_state_mismatch,0.0
566,adventuregame,qwen3.5-27b,new-words_home-delivery_easy_basic_easy,instance_00002,entity_trait_mismatch,0.0
567,adventuregame,qwen3.5-27b,new-words_home-delivery_easy_basic_easy,instance_00002,entity_already_inventory,0.0
568,adventuregame,qwen3.5-27b,new-words_home-delivery_easy_basic_easy,instance_00002,going_to_current_room,0.0
569,adventuregame,qwen3.5-27b,new-words_home-delivery_easy_basic_easy,instance_00002,no_exit_to,0.0
570,adventuregame,qwen3.5-27b,new-words_home-delivery_easy_basic_easy,instance_00002,inventory_limit_exceeded,0.0
571,adventuregame,qwen3.5-27b,new-words_home-delivery_easy_basic_easy,instance_00002,successful_actions,14.0
572,adventuregame,qwen3.5-27b,new-words_home-delivery_easy_basic_easy,instance_00002,turn_limit_loss,0.0
573,adventuregame,qwen3.5-27b,new-words_home-delivery_easy_basic_easy,instance_00002,turns_over_par,
574,adventuregame,qwen3.5-27b,new-words_home-delivery_easy_basic_easy,instance_00002,turn_ratio,
575,adventuregame,qwen3.5-27b,new-words_home-delivery_easy_basic_easy,instance_00002,finish_speed,
576,adventuregame,qwen3.5-27b,new-words_home-delivery_easy_basic_easy,instance_00002,achieved_goal_ratio,0.0
577,adventuregame,qwen3.5-27b,new-words_home-delivery_easy_basic_easy,instance_00002,Aborted,0.0
578,adventuregame,qwen3.5-27b,new-words_home-delivery_easy_basic_easy,instance_00002,Success,0.0
579,adventuregame,qwen3.5-27b,new-words_home-delivery_easy_basic_easy,instance_00002,Lose,1.0
580,adventuregame,qwen3.5-27b,new-words_home-delivery_easy_basic_easy,instance_00002,Main Score,0.0
581,adventuregame,qwen3.5-27b,new-words_home-delivery_easy_basic_easy,instance_00002,plan_followed_ratio,0.0
582,adventuregame,qwen3.5-27b,new-words_home-delivery_easy_basic_easy,instance_00002,plan_average_viability_ratio,0.0
583,adventuregame,qwen3.5-27b,new-words_home-delivery_easy_basic_easy,instance_00002,bad_plan_follow_ratio,0.0
584,adventuregame,qwen3.5-27b,new-words_home-delivery_easy_basic_easy,instance_00002,bad_plan_dismiss_ratio,1.0
585,adventuregame,qwen3.5-27b,new-words_created_basic_hard,instance_00000,Violated Request Count,0.0
586,adventuregame,qwen3.5-27b,new-words_created_basic_hard,instance_00000,Parsed Request Count,14.0
587,adventuregame,qwen3.5-27b,new-words_created_basic_hard,instance_00000,Request Count,14.0
588,adventuregame,qwen3.5-27b,new-words_created_basic_hard,instance_00000,Request Success Ratio,1.0
589,adventuregame,qwen3.5-27b,new-words_created_basic_hard,instance_00000,hallucination_count,0.0
590,adventuregame,qwen3.5-27b,new-words_created_basic_hard,instance_00000,action_parsing_fail,0.0
591,adventuregame,qwen3.5-27b,new-words_created_basic_hard,instance_00000,action_resolution_fail,5.0
592,adventuregame,qwen3.5-27b,new-words_created_basic_hard,instance_00000,lark_exception,0.0
593,adventuregame,qwen3.5-27b,new-words_created_basic_hard,instance_00000,malformed_command,0.0
594,adventuregame,qwen3.5-27b,new-words_created_basic_hard,instance_00000,undefined_action_verb,0.0
595,adventuregame,qwen3.5-27b,new-words_created_basic_hard,instance_00000,undefined_action,0.0
596,adventuregame,qwen3.5-27b,new-words_created_basic_hard,instance_00000,undefined_repr_str,0.0
597,adventuregame,qwen3.5-27b,new-words_created_basic_hard,instance_00000,manipulating_room,0.0
598,adventuregame,qwen3.5-27b,new-words_created_basic_hard,instance_00000,undefined_argument_type,0.0
599,adventuregame,qwen3.5-27b,new-words_created_basic_hard,instance_00000,taking_from_inventory,0.0
600,adventuregame,qwen3.5-27b,new-words_created_basic_hard,instance_00000,other_room_argument,0.0
601,adventuregame,qwen3.5-27b,new-words_created_basic_hard,instance_00000,domain_trait_type_mismatch,0.0
602,adventuregame,qwen3.5-27b,new-words_created_basic_hard,instance_00000,domain_type_discrepancy,0.0
603,adventuregame,qwen3.5-27b,new-words_created_basic_hard,instance_00000,world_state_discrepancy,0.0
604,adventuregame,qwen3.5-27b,new-words_created_basic_hard,instance_00000,entity_not_accessible,2.0
605,adventuregame,qwen3.5-27b,new-words_created_basic_hard,instance_00000,entity_state_mismatch,3.0
606,adventuregame,qwen3.5-27b,new-words_created_basic_hard,instance_00000,entity_trait_mismatch,0.0
607,adventuregame,qwen3.5-27b,new-words_created_basic_hard,instance_00000,entity_already_inventory,0.0
608,adventuregame,qwen3.5-27b,new-words_created_basic_hard,instance_00000,going_to_current_room,0.0
609,adventuregame,qwen3.5-27b,new-words_created_basic_hard,instance_00000,no_exit_to,0.0
610,adventuregame,qwen3.5-27b,new-words_created_basic_hard,instance_00000,inventory_limit_exceeded,0.0
611,adventuregame,qwen3.5-27b,new-words_created_basic_hard,instance_00000,successful_actions,9.0
612,adventuregame,qwen3.5-27b,new-words_created_basic_hard,instance_00000,turn_limit_loss,0.0
613,adventuregame,qwen3.5-27b,new-words_created_basic_hard,instance_00000,turns_over_par,8.0
614,adventuregame,qwen3.5-27b,new-words_created_basic_hard,instance_00000,turn_ratio,0.8181818181818181
615,adventuregame,qwen3.5-27b,new-words_created_basic_hard,instance_00000,finish_speed,0.18181818181818188
616,adventuregame,qwen3.5-27b,new-words_created_basic_hard,instance_00000,achieved_goal_ratio,1.0
617,adventuregame,qwen3.5-27b,new-words_created_basic_hard,instance_00000,Aborted,0.0
618,adventuregame,qwen3.5-27b,new-words_created_basic_hard,instance_00000,Success,1.0
619,adventuregame,qwen3.5-27b,new-words_created_basic_hard,instance_00000,Lose,0.0
620,adventuregame,qwen3.5-27b,new-words_created_basic_hard,instance_00000,Main Score,100.0
621,adventuregame,qwen3.5-27b,new-words_created_basic_hard,instance_00000,plan_followed_ratio,0.0
622,adventuregame,qwen3.5-27b,new-words_created_basic_hard,instance_00000,plan_average_viability_ratio,0.0
623,adventuregame,qwen3.5-27b,new-words_created_basic_hard,instance_00000,bad_plan_follow_ratio,0.0
624,adventuregame,qwen3.5-27b,new-words_created_basic_hard,instance_00000,bad_plan_dismiss_ratio,1.0
625,adventuregame,qwen3.5-27b,home_deliver_three_basic_hard_invlimittwo,instance_00000,Violated Request Count,0.0
626,adventuregame,qwen3.5-27b,home_deliver_three_basic_hard_invlimittwo,instance_00000,Parsed Request Count,29.0
627,adventuregame,qwen3.5-27b,home_deliver_three_basic_hard_invlimittwo,instance_00000,Request Count,29.0
628,adventuregame,qwen3.5-27b,home_deliver_three_basic_hard_invlimittwo,instance_00000,Request Success Ratio,1.0
629,adventuregame,qwen3.5-27b,home_deliver_three_basic_hard_invlimittwo,instance_00000,hallucination_count,0.0
630,adventuregame,qwen3.5-27b,home_deliver_three_basic_hard_invlimittwo,instance_00000,action_parsing_fail,0.0
631,adventuregame,qwen3.5-27b,home_deliver_three_basic_hard_invlimittwo,instance_00000,action_resolution_fail,4.0
632,adventuregame,qwen3.5-27b,home_deliver_three_basic_hard_invlimittwo,instance_00000,lark_exception,0.0
633,adventuregame,qwen3.5-27b,home_deliver_three_basic_hard_invlimittwo,instance_00000,malformed_command,0.0
634,adventuregame,qwen3.5-27b,home_deliver_three_basic_hard_invlimittwo,instance_00000,undefined_action_verb,0.0
635,adventuregame,qwen3.5-27b,home_deliver_three_basic_hard_invlimittwo,instance_00000,undefined_action,0.0
636,adventuregame,qwen3.5-27b,home_deliver_three_basic_hard_invlimittwo,instance_00000,undefined_repr_str,0.0
637,adventuregame,qwen3.5-27b,home_deliver_three_basic_hard_invlimittwo,instance_00000,manipulating_room,0.0
638,adventuregame,qwen3.5-27b,home_deliver_three_basic_hard_invlimittwo,instance_00000,undefined_argument_type,0.0
639,adventuregame,qwen3.5-27b,home_deliver_three_basic_hard_invlimittwo,instance_00000,taking_from_inventory,0.0
640,adventuregame,qwen3.5-27b,home_deliver_three_basic_hard_invlimittwo,instance_00000,other_room_argument,0.0
641,adventuregame,qwen3.5-27b,home_deliver_three_basic_hard_invlimittwo,instance_00000,domain_trait_type_mismatch,0.0
642,adventuregame,qwen3.5-27b,home_deliver_three_basic_hard_invlimittwo,instance_00000,domain_type_discrepancy,0.0
643,adventuregame,qwen3.5-27b,home_deliver_three_basic_hard_invlimittwo,instance_00000,world_state_discrepancy,0.0
644,adventuregame,qwen3.5-27b,home_deliver_three_basic_hard_invlimittwo,instance_00000,entity_not_accessible,1.0
645,adventuregame,qwen3.5-27b,home_deliver_three_basic_hard_invlimittwo,instance_00000,entity_state_mismatch,0.0
646,adventuregame,qwen3.5-27b,home_deliver_three_basic_hard_invlimittwo,instance_00000,entity_trait_mismatch,0.0
647,adventuregame,qwen3.5-27b,home_deliver_three_basic_hard_invlimittwo,instance_00000,entity_already_inventory,0.0
648,adventuregame,qwen3.5-27b,home_deliver_three_basic_hard_invlimittwo,instance_00000,going_to_current_room,0.0
649,adventuregame,qwen3.5-27b,home_deliver_three_basic_hard_invlimittwo,instance_00000,no_exit_to,3.0
650,adventuregame,qwen3.5-27b,home_deliver_three_basic_hard_invlimittwo,instance_00000,inventory_limit_exceeded,0.0
651,adventuregame,qwen3.5-27b,home_deliver_three_basic_hard_invlimittwo,instance_00000,successful_actions,25.0
652,adventuregame,qwen3.5-27b,home_deliver_three_basic_hard_invlimittwo,instance_00000,turn_limit_loss,0.0
653,adventuregame,qwen3.5-27b,home_deliver_three_basic_hard_invlimittwo,instance_00000,turns_over_par,13.0
654,adventuregame,qwen3.5-27b,home_deliver_three_basic_hard_invlimittwo,instance_00000,turn_ratio,0.6176470588235294
655,adventuregame,qwen3.5-27b,home_deliver_three_basic_hard_invlimittwo,instance_00000,finish_speed,0.38235294117647056
656,adventuregame,qwen3.5-27b,home_deliver_three_basic_hard_invlimittwo,instance_00000,achieved_goal_ratio,1.0
657,adventuregame,qwen3.5-27b,home_deliver_three_basic_hard_invlimittwo,instance_00000,Aborted,0.0
658,adventuregame,qwen3.5-27b,home_deliver_three_basic_hard_invlimittwo,instance_00000,Success,1.0
659,adventuregame,qwen3.5-27b,home_deliver_three_basic_hard_invlimittwo,instance_00000,Lose,0.0
660,adventuregame,qwen3.5-27b,home_deliver_three_basic_hard_invlimittwo,instance_00000,Main Score,100.0
661,adventuregame,qwen3.5-27b,home_deliver_three_basic_hard_invlimittwo,instance_00000,plan_followed_ratio,0.0
662,adventuregame,qwen3.5-27b,home_deliver_three_basic_hard_invlimittwo,instance_00000,plan_average_viability_ratio,0.0
663,adventuregame,qwen3.5-27b,home_deliver_three_basic_hard_invlimittwo,instance_00000,bad_plan_follow_ratio,0.0
664,adventuregame,qwen3.5-27b,home_deliver_three_basic_hard_invlimittwo,instance_00000,bad_plan_dismiss_ratio,1.0
665,textmapworld_specificroom,qwen3.5-27b,on,instance_00000,Success,1.0
666,textmapworld_specificroom,qwen3.5-27b,on,instance_00000,Aborted,0.0
667,textmapworld_specificroom,qwen3.5-27b,on,instance_00000,Lose,0.0
668,textmapworld_specificroom,qwen3.5-27b,on,instance_00000,moves,0.0
669,textmapworld_specificroom,qwen3.5-27b,on,instance_00000,valid_moves,0.0
670,textmapworld_specificroom,qwen3.5-27b,on,instance_00000,invalid_moves,0.0
671,textmapworld_specificroom,qwen3.5-27b,on,instance_00000,stopped,1.0
672,textmapworld_specificroom,qwen3.5-27b,on,instance_00000,turns_limit,0.0
673,textmapworld_specificroom,qwen3.5-27b,on,instance_00000,loops,0.0
674,textmapworld_specificroom,qwen3.5-27b,on,instance_00000,number_visited,1.0
675,textmapworld_specificroom,qwen3.5-27b,on,instance_00000,seen,3.0
676,textmapworld_specificroom,qwen3.5-27b,on,instance_00000,efficiency,0.0
677,textmapworld_specificroom,qwen3.5-27b,on,instance_00000,exploration,12.5
678,textmapworld_specificroom,qwen3.5-27b,on,instance_00000,old_benchscore,0.0
679,textmapworld_specificroom,qwen3.5-27b,on,instance_00000,Main Score,100.0
680,textmapworld_specificroom,qwen3.5-27b,far,instance_00027,Success,1.0
681,textmapworld_specificroom,qwen3.5-27b,far,instance_00027,Aborted,0.0
682,textmapworld_specificroom,qwen3.5-27b,far,instance_00027,Lose,0.0
683,textmapworld_specificroom,qwen3.5-27b,far,instance_00027,moves,7.0
684,textmapworld_specificroom,qwen3.5-27b,far,instance_00027,valid_moves,7.0
685,textmapworld_specificroom,qwen3.5-27b,far,instance_00027,invalid_moves,0.0
686,textmapworld_specificroom,qwen3.5-27b,far,instance_00027,stopped,1.0
687,textmapworld_specificroom,qwen3.5-27b,far,instance_00027,turns_limit,0.0
688,textmapworld_specificroom,qwen3.5-27b,far,instance_00027,loops,0.0
689,textmapworld_specificroom,qwen3.5-27b,far,instance_00027,number_visited,6.0
690,textmapworld_specificroom,qwen3.5-27b,far,instance_00027,seen,7.0
691,textmapworld_specificroom,qwen3.5-27b,far,instance_00027,efficiency,100.0
692,textmapworld_specificroom,qwen3.5-27b,far,instance_00027,exploration,75.0
693,textmapworld_specificroom,qwen3.5-27b,far,instance_00027,old_benchscore,85.71428571428571
694,textmapworld_specificroom,qwen3.5-27b,far,instance_00027,Main Score,100.0
695,textmapworld_specificroom,qwen3.5-27b,close,instance_00017,Success,1.0
696,textmapworld_specificroom,qwen3.5-27b,close,instance_00017,Aborted,0.0
697,textmapworld_specificroom,qwen3.5-27b,close,instance_00017,Lose,0.0
698,textmapworld_specificroom,qwen3.5-27b,close,instance_00017,moves,10.0
699,textmapworld_specificroom,qwen3.5-27b,close,instance_00017,valid_moves,10.0
700,textmapworld_specificroom,qwen3.5-27b,close,instance_00017,invalid_moves,0.0
701,textmapworld_specificroom,qwen3.5-27b,close,instance_00017,stopped,1.0
702,textmapworld_specificroom,qwen3.5-27b,close,instance_00017,turns_limit,0.0
703,textmapworld_specificroom,qwen3.5-27b,close,instance_00017,loops,0.0
704,textmapworld_specificroom,qwen3.5-27b,close,instance_00017,number_visited,5.0
705,textmapworld_specificroom,qwen3.5-27b,close,instance_00017,seen,6.0
706,textmapworld_specificroom,qwen3.5-27b,close,instance_00017,efficiency,80.0
707,textmapworld_specificroom,qwen3.5-27b,close,instance_00017,exploration,62.5
708,textmapworld_specificroom,qwen3.5-27b,close,instance_00017,old_benchscore,70.17543859649123
709,textmapworld_specificroom,qwen3.5-27b,close,instance_00017,Main Score,100.0
710,imagegame,qwen3.5-27b,random_grids,instance_00014,Precision,100.0
711,imagegame,qwen3.5-27b,random_grids,instance_00014,Recall,100.0
712,imagegame,qwen3.5-27b,random_grids,instance_00014,F1,100.0
713,imagegame,qwen3.5-27b,random_grids,instance_00014,Main Score,100.0
714,imagegame,qwen3.5-27b,random_grids,instance_00014,Average Changed Cell Count,1.6667
715,imagegame,qwen3.5-27b,random_grids,instance_00014,Average Generated Instruction Length,62.3333
716,imagegame,qwen3.5-27b,random_grids,instance_00014,Average Generated Expression Number of Tokens,12.3333
717,imagegame,qwen3.5-27b,random_grids,instance_00014,Success,1.0
718,imagegame,qwen3.5-27b,random_grids,instance_00014,Lose,0.0
719,imagegame,qwen3.5-27b,random_grids,instance_00014,Aborted,0.0
720,imagegame,qwen3.5-27b,random_grids,instance_00014,Request Count,20.0
721,imagegame,qwen3.5-27b,random_grids,instance_00014,Violated Request Count,0.0
722,imagegame,qwen3.5-27b,random_grids,instance_00014,Parsed Request Count,20.0
723,imagegame,qwen3.5-27b,random_grids,instance_00014,Request Success Ratio,1.0
724,imagegame,qwen3.5-27b,random_grids,instance_00016,Precision,100.0
725,imagegame,qwen3.5-27b,random_grids,instance_00016,Recall,100.0
726,imagegame,qwen3.5-27b,random_grids,instance_00016,F1,100.0
727,imagegame,qwen3.5-27b,random_grids,instance_00016,Main Score,100.0
728,imagegame,qwen3.5-27b,random_grids,instance_00016,Average Changed Cell Count,8.0
729,imagegame,qwen3.5-27b,random_grids,instance_00016,Average Generated Instruction Length,145.0
730,imagegame,qwen3.5-27b,random_grids,instance_00016,Average Generated Expression Number of Tokens,25.0
731,imagegame,qwen3.5-27b,random_grids,instance_00016,Success,1.0
732,imagegame,qwen3.5-27b,random_grids,instance_00016,Lose,0.0
733,imagegame,qwen3.5-27b,random_grids,instance_00016,Aborted,0.0
734,imagegame,qwen3.5-27b,random_grids,instance_00016,Request Count,8.0
735,imagegame,qwen3.5-27b,random_grids,instance_00016,Violated Request Count,0.0
736,imagegame,qwen3.5-27b,random_grids,instance_00016,Parsed Request Count,8.0
737,imagegame,qwen3.5-27b,random_grids,instance_00016,Request Success Ratio,1.0
738,imagegame,qwen3.5-27b,compact_grids,instance_00019,Precision,100.0
739,imagegame,qwen3.5-27b,compact_grids,instance_00019,Recall,93.0
740,imagegame,qwen3.5-27b,compact_grids,instance_00019,F1,97.0
741,imagegame,qwen3.5-27b,compact_grids,instance_00019,Main Score,97.0
742,imagegame,qwen3.5-27b,compact_grids,instance_00019,Average Changed Cell Count,3.5
743,imagegame,qwen3.5-27b,compact_grids,instance_00019,Average Generated Instruction Length,51.0
744,imagegame,qwen3.5-27b,compact_grids,instance_00019,Average Generated Expression Number of Tokens,12.25
745,imagegame,qwen3.5-27b,compact_grids,instance_00019,Success,0.0
746,imagegame,qwen3.5-27b,compact_grids,instance_00019,Lose,1.0
747,imagegame,qwen3.5-27b,compact_grids,instance_00019,Aborted,0.0
748,imagegame,qwen3.5-27b,compact_grids,instance_00019,Request Count,26.0
749,imagegame,qwen3.5-27b,compact_grids,instance_00019,Violated Request Count,0.0
750,imagegame,qwen3.5-27b,compact_grids,instance_00019,Parsed Request Count,26.0
751,imagegame,qwen3.5-27b,compact_grids,instance_00019,Request Success Ratio,1.0
752,imagegame,qwen3.5-27b,compact_grids,instance_00002,Precision,52.0
753,imagegame,qwen3.5-27b,compact_grids,instance_00002,Recall,100.0
754,imagegame,qwen3.5-27b,compact_grids,instance_00002,F1,68.0
755,imagegame,qwen3.5-27b,compact_grids,instance_00002,Main Score,68.0
756,imagegame,qwen3.5-27b,compact_grids,instance_00002,Average Changed Cell Count,8.3333
757,imagegame,qwen3.5-27b,compact_grids,instance_00002,Average Generated Instruction Length,74.0
758,imagegame,qwen3.5-27b,compact_grids,instance_00002,Average Generated Expression Number of Tokens,13.6667
759,imagegame,qwen3.5-27b,compact_grids,instance_00002,Success,0.0
760,imagegame,qwen3.5-27b,compact_grids,instance_00002,Lose,1.0
761,imagegame,qwen3.5-27b,compact_grids,instance_00002,Aborted,0.0
762,imagegame,qwen3.5-27b,compact_grids,instance_00002,Request Count,20.0
763,imagegame,qwen3.5-27b,compact_grids,instance_00002,Violated Request Count,0.0
764,imagegame,qwen3.5-27b,compact_grids,instance_00002,Parsed Request Count,20.0
765,imagegame,qwen3.5-27b,compact_grids,instance_00002,Request Success Ratio,1.0
766,textmapworld_graphreasoning,qwen3.5-27b,small,instance_00009,Success,1.0
767,textmapworld_graphreasoning,qwen3.5-27b,small,instance_00009,Aborted,0.0
768,textmapworld_graphreasoning,qwen3.5-27b,small,instance_00009,Lose,0.0
769,textmapworld_graphreasoning,qwen3.5-27b,small,instance_00009,moves,6.0
770,textmapworld_graphreasoning,qwen3.5-27b,small,instance_00009,valid_moves,6.0
771,textmapworld_graphreasoning,qwen3.5-27b,small,instance_00009,invalid_moves,0.0
772,textmapworld_graphreasoning,qwen3.5-27b,small,instance_00009,stopped,1.0
773,textmapworld_graphreasoning,qwen3.5-27b,small,instance_00009,turns_limit,0.0
774,textmapworld_graphreasoning,qwen3.5-27b,small,instance_00009,loops,0.0
775,textmapworld_graphreasoning,qwen3.5-27b,small,instance_00009,number_visited,4.0
776,textmapworld_graphreasoning,qwen3.5-27b,small,instance_00009,seen,4.0
777,textmapworld_graphreasoning,qwen3.5-27b,small,instance_00009,efficiency,66.66666666666666
778,textmapworld_graphreasoning,qwen3.5-27b,small,instance_00009,exploration,100.0
779,textmapworld_graphreasoning,qwen3.5-27b,small,instance_00009,graph_similarity,100.0
780,textmapworld_graphreasoning,qwen3.5-27b,small,instance_00009,Main Score,80.0
781,textmapworld_graphreasoning,qwen3.5-27b,large,instance_00028,Success,1.0
782,textmapworld_graphreasoning,qwen3.5-27b,large,instance_00028,Aborted,0.0
783,textmapworld_graphreasoning,qwen3.5-27b,large,instance_00028,Lose,0.0
784,textmapworld_graphreasoning,qwen3.5-27b,large,instance_00028,moves,11.0
785,textmapworld_graphreasoning,qwen3.5-27b,large,instance_00028,valid_moves,11.0
786,textmapworld_graphreasoning,qwen3.5-27b,large,instance_00028,invalid_moves,0.0
787,textmapworld_graphreasoning,qwen3.5-27b,large,instance_00028,stopped,1.0
788,textmapworld_graphreasoning,qwen3.5-27b,large,instance_00028,turns_limit,0.0
789,textmapworld_graphreasoning,qwen3.5-27b,large,instance_00028,loops,0.0
790,textmapworld_graphreasoning,qwen3.5-27b,large,instance_00028,number_visited,8.0
791,textmapworld_graphreasoning,qwen3.5-27b,large,instance_00028,seen,8.0
792,textmapworld_graphreasoning,qwen3.5-27b,large,instance_00028,efficiency,90.9090909090909
793,textmapworld_graphreasoning,qwen3.5-27b,large,instance_00028,exploration,100.0
794,textmapworld_graphreasoning,qwen3.5-27b,large,instance_00028,graph_similarity,100.0
795,textmapworld_graphreasoning,qwen3.5-27b,large,instance_00028,Main Score,95.23809523809523
796,textmapworld_graphreasoning,qwen3.5-27b,medium,instance_00010,Success,1.0
797,textmapworld_graphreasoning,qwen3.5-27b,medium,instance_00010,Aborted,0.0
798,textmapworld_graphreasoning,qwen3.5-27b,medium,instance_00010,Lose,0.0
799,textmapworld_graphreasoning,qwen3.5-27b,medium,instance_00010,moves,10.0
800,textmapworld_graphreasoning,qwen3.5-27b,medium,instance_00010,valid_moves,10.0
801,textmapworld_graphreasoning,qwen3.5-27b,medium,instance_00010,invalid_moves,0.0
802,textmapworld_graphreasoning,qwen3.5-27b,medium,instance_00010,stopped,1.0
803,textmapworld_graphreasoning,qwen3.5-27b,medium,instance_00010,turns_limit,0.0
804,textmapworld_graphreasoning,qwen3.5-27b,medium,instance_00010,loops,0.0
805,textmapworld_graphreasoning,qwen3.5-27b,medium,instance_00010,number_visited,6.0
806,textmapworld_graphreasoning,qwen3.5-27b,medium,instance_00010,seen,6.0
807,textmapworld_graphreasoning,qwen3.5-27b,medium,instance_00010,efficiency,60.0
808,textmapworld_graphreasoning,qwen3.5-27b,medium,instance_00010,exploration,100.0
809,textmapworld_graphreasoning,qwen3.5-27b,medium,instance_00010,graph_similarity,53.78828427399902
810,textmapworld_graphreasoning,qwen3.5-27b,medium,instance_00010,Main Score,75.0
811,codenames,qwen3.5-27b,association_difficult,instance_00000,experiment variable,Word Assignments
812,codenames,qwen3.5-27b,association_difficult,instance_00000,experiment name,association_difficult
813,codenames,qwen3.5-27b,association_difficult,instance_00000,Cluegiver strip words,0
814,codenames,qwen3.5-27b,association_difficult,instance_00000,Guesser strip words,0
815,codenames,qwen3.5-27b,association_difficult,instance_00000,Average Cluegiver Number of Targets,1.25
816,codenames,qwen3.5-27b,association_difficult,instance_00000,Average Cluegiver Team Precision,1.0
817,codenames,qwen3.5-27b,association_difficult,instance_00000,Average Cluegiver Team Recall,0.243
818,codenames,qwen3.5-27b,association_difficult,instance_00000,Average Cluegiver Team F1,0.388
819,codenames,qwen3.5-27b,association_difficult,instance_00000,Average Guesser Number of Guesses,1.125
820,codenames,qwen3.5-27b,association_difficult,instance_00000,Average Guesser Number of Revealed Words,1.125
821,codenames,qwen3.5-27b,association_difficult,instance_00000,Average Guesser Number of Unrevealed Guesses,0
822,codenames,qwen3.5-27b,association_difficult,instance_00000,Average Guesser Target Precision,0.5
823,codenames,qwen3.5-27b,association_difficult,instance_00000,Average Guesser Target Recall,0.5
824,codenames,qwen3.5-27b,association_difficult,instance_00000,Average Guesser Target F1,0.5
825,codenames,qwen3.5-27b,association_difficult,instance_00000,Average Guesser Team Precision,0.5
826,codenames,qwen3.5-27b,association_difficult,instance_00000,Average Guesser Team Recall,0.12
827,codenames,qwen3.5-27b,association_difficult,instance_00000,Average Guesser Team F1,0.193
828,codenames,qwen3.5-27b,association_difficult,instance_00000,Aborted,0
829,codenames,qwen3.5-27b,association_difficult,instance_00000,Lose,1
830,codenames,qwen3.5-27b,association_difficult,instance_00000,Success,0
831,codenames,qwen3.5-27b,association_difficult,instance_00000,Game ended through assassin,0
832,codenames,qwen3.5-27b,association_difficult,instance_00000,Episode Recall,0.667
833,codenames,qwen3.5-27b,association_difficult,instance_00000,Episode Negative Recall,0.812
834,codenames,qwen3.5-27b,association_difficult,instance_00000,Number of turns,8
835,codenames,qwen3.5-27b,association_difficult,instance_00000,Efficiency,0.562
836,codenames,qwen3.5-27b,association_difficult,instance_00000,Request Count,15
837,codenames,qwen3.5-27b,association_difficult,instance_00000,Parsed Request Count,15
838,codenames,qwen3.5-27b,association_difficult,instance_00000,Violated Request Count,0
839,codenames,qwen3.5-27b,association_difficult,instance_00000,Request Success Ratio,1.0
840,codenames,qwen3.5-27b,association_difficult,instance_00000,Main Score,0
841,codenames,qwen3.5-27b,risk_low,instance_00008,experiment variable,Risk
842,codenames,qwen3.5-27b,risk_low,instance_00008,experiment name,risk_low
843,codenames,qwen3.5-27b,risk_low,instance_00008,Cluegiver strip words,0
844,codenames,qwen3.5-27b,risk_low,instance_00008,Guesser strip words,0
845,codenames,qwen3.5-27b,risk_low,instance_00008,Average Cluegiver Number of Targets,9
846,codenames,qwen3.5-27b,risk_low,instance_00008,Average Cluegiver Team Precision,1.0
847,codenames,qwen3.5-27b,risk_low,instance_00008,Average Cluegiver Team Recall,1.0
848,codenames,qwen3.5-27b,risk_low,instance_00008,Average Cluegiver Team F1,1.0
849,codenames,qwen3.5-27b,risk_low,instance_00008,Average Guesser Number of Guesses,0
850,codenames,qwen3.5-27b,risk_low,instance_00008,Average Guesser Number of Revealed Words,0
851,codenames,qwen3.5-27b,risk_low,instance_00008,Average Guesser Number of Unrevealed Guesses,0
852,codenames,qwen3.5-27b,risk_low,instance_00008,Average Guesser Target Precision,0
853,codenames,qwen3.5-27b,risk_low,instance_00008,Average Guesser Target Recall,0.0
854,codenames,qwen3.5-27b,risk_low,instance_00008,Average Guesser Target F1,0
855,codenames,qwen3.5-27b,risk_low,instance_00008,Average Guesser Team Precision,0
856,codenames,qwen3.5-27b,risk_low,instance_00008,Average Guesser Team Recall,0.0
857,codenames,qwen3.5-27b,risk_low,instance_00008,Average Guesser Team F1,0
858,codenames,qwen3.5-27b,risk_low,instance_00008,Aborted,1
859,codenames,qwen3.5-27b,risk_low,instance_00008,Lose,0
860,codenames,qwen3.5-27b,risk_low,instance_00008,Success,0
861,codenames,qwen3.5-27b,risk_low,instance_00008,Game ended through assassin,0
862,codenames,qwen3.5-27b,risk_low,instance_00008,Episode Recall,0.0
863,codenames,qwen3.5-27b,risk_low,instance_00008,Episode Negative Recall,1.0
864,codenames,qwen3.5-27b,risk_low,instance_00008,Number of turns,2
865,codenames,qwen3.5-27b,risk_low,instance_00008,Efficiency,0.0
866,codenames,qwen3.5-27b,risk_low,instance_00008,Request Count,2
867,codenames,qwen3.5-27b,risk_low,instance_00008,Parsed Request Count,1
868,codenames,qwen3.5-27b,risk_low,instance_00008,Violated Request Count,1
869,codenames,qwen3.5-27b,risk_low,instance_00008,Request Success Ratio,0.5
870,codenames,qwen3.5-27b,risk_low,instance_00008,Main Score,
871,codenames,qwen3.5-27b,ambiguous,instance_00001,experiment variable,Word Ambiguity
872,codenames,qwen3.5-27b,ambiguous,instance_00001,experiment name,ambiguous
873,codenames,qwen3.5-27b,ambiguous,instance_00001,Cluegiver strip words,0
874,codenames,qwen3.5-27b,ambiguous,instance_00001,Guesser strip words,0
875,codenames,qwen3.5-27b,ambiguous,instance_00001,Average Cluegiver Number of Targets,3.143
876,codenames,qwen3.5-27b,ambiguous,instance_00001,Average Cluegiver Team Precision,1.0
877,codenames,qwen3.5-27b,ambiguous,instance_00001,Average Cluegiver Team Recall,0.676
878,codenames,qwen3.5-27b,ambiguous,instance_00001,Average Cluegiver Team F1,0.772
879,codenames,qwen3.5-27b,ambiguous,instance_00001,Average Guesser Number of Guesses,3.143
880,codenames,qwen3.5-27b,ambiguous,instance_00001,Average Guesser Number of Revealed Words,2
881,codenames,qwen3.5-27b,ambiguous,instance_00001,Average Guesser Number of Unrevealed Guesses,1.143
882,codenames,qwen3.5-27b,ambiguous,instance_00001,Average Guesser Target Precision,0.667
883,codenames,qwen3.5-27b,ambiguous,instance_00001,Average Guesser Target Recall,0.587
884,codenames,qwen3.5-27b,ambiguous,instance_00001,Average Guesser Target F1,0.608
885,codenames,qwen3.5-27b,ambiguous,instance_00001,Average Guesser Team Precision,0.667
886,codenames,qwen3.5-27b,ambiguous,instance_00001,Average Guesser Team Recall,0.39
887,codenames,qwen3.5-27b,ambiguous,instance_00001,Average Guesser Team F1,0.464
888,codenames,qwen3.5-27b,ambiguous,instance_00001,Aborted,0
889,codenames,qwen3.5-27b,ambiguous,instance_00001,Lose,0
890,codenames,qwen3.5-27b,ambiguous,instance_00001,Success,1
891,codenames,qwen3.5-27b,ambiguous,instance_00001,Game ended through assassin,0
892,codenames,qwen3.5-27b,ambiguous,instance_00001,Episode Recall,1.0
893,codenames,qwen3.5-27b,ambiguous,instance_00001,Episode Negative Recall,0.688
894,codenames,qwen3.5-27b,ambiguous,instance_00001,Number of turns,8
895,codenames,qwen3.5-27b,ambiguous,instance_00001,Efficiency,1
896,codenames,qwen3.5-27b,ambiguous,instance_00001,Request Count,14
897,codenames,qwen3.5-27b,ambiguous,instance_00001,Parsed Request Count,14
898,codenames,qwen3.5-27b,ambiguous,instance_00001,Violated Request Count,0
899,codenames,qwen3.5-27b,ambiguous,instance_00001,Request Success Ratio,1.0
900,codenames,qwen3.5-27b,ambiguous,instance_00001,Main Score,100
901,codenames,qwen3.5-27b,opponent_difficult,instance_00007,experiment variable,Opponent Difficulty
902,codenames,qwen3.5-27b,opponent_difficult,instance_00007,experiment name,opponent_difficult
903,codenames,qwen3.5-27b,opponent_difficult,instance_00007,Cluegiver strip words,0
904,codenames,qwen3.5-27b,opponent_difficult,instance_00007,Guesser strip words,0
905,codenames,qwen3.5-27b,opponent_difficult,instance_00007,Average Cluegiver Number of Targets,2.2
906,codenames,qwen3.5-27b,opponent_difficult,instance_00007,Average Cluegiver Team Precision,1.0
907,codenames,qwen3.5-27b,opponent_difficult,instance_00007,Average Cluegiver Team Recall,0.35
908,codenames,qwen3.5-27b,opponent_difficult,instance_00007,Average Cluegiver Team F1,0.505
909,codenames,qwen3.5-27b,opponent_difficult,instance_00007,Average Guesser Number of Guesses,2
910,codenames,qwen3.5-27b,opponent_difficult,instance_00007,Average Guesser Number of Revealed Words,1.6
911,codenames,qwen3.5-27b,opponent_difficult,instance_00007,Average Guesser Number of Unrevealed Guesses,0.4
912,codenames,qwen3.5-27b,opponent_difficult,instance_00007,Average Guesser Target Precision,0.333
913,codenames,qwen3.5-27b,opponent_difficult,instance_00007,Average Guesser Target Recall,0.333
914,codenames,qwen3.5-27b,opponent_difficult,instance_00007,Average Guesser Target F1,0.333
915,codenames,qwen3.5-27b,opponent_difficult,instance_00007,Average Guesser Team Precision,0.333
916,codenames,qwen3.5-27b,opponent_difficult,instance_00007,Average Guesser Team Recall,0.106
917,codenames,qwen3.5-27b,opponent_difficult,instance_00007,Average Guesser Team F1,0.161
918,codenames,qwen3.5-27b,opponent_difficult,instance_00007,Aborted,0
919,codenames,qwen3.5-27b,opponent_difficult,instance_00007,Lose,1
920,codenames,qwen3.5-27b,opponent_difficult,instance_00007,Success,0
921,codenames,qwen3.5-27b,opponent_difficult,instance_00007,Game ended through assassin,0
922,codenames,qwen3.5-27b,opponent_difficult,instance_00007,Episode Recall,0.444
923,codenames,qwen3.5-27b,opponent_difficult,instance_00007,Episode Negative Recall,0.75
924,codenames,qwen3.5-27b,opponent_difficult,instance_00007,Number of turns,5
925,codenames,qwen3.5-27b,opponent_difficult,instance_00007,Efficiency,1.0
926,codenames,qwen3.5-27b,opponent_difficult,instance_00007,Request Count,9
927,codenames,qwen3.5-27b,opponent_difficult,instance_00007,Parsed Request Count,9
928,codenames,qwen3.5-27b,opponent_difficult,instance_00007,Violated Request Count,0
929,codenames,qwen3.5-27b,opponent_difficult,instance_00007,Request Success Ratio,1.0
930,codenames,qwen3.5-27b,opponent_difficult,instance_00007,Main Score,0
931,codenames,qwen3.5-27b,risk_high,instance_00009,experiment variable,Risk
932,codenames,qwen3.5-27b,risk_high,instance_00009,experiment name,risk_high
933,codenames,qwen3.5-27b,risk_high,instance_00009,Cluegiver strip words,0
934,codenames,qwen3.5-27b,risk_high,instance_00009,Guesser strip words,0
935,codenames,qwen3.5-27b,risk_high,instance_00009,Average Cluegiver Number of Targets,4
936,codenames,qwen3.5-27b,risk_high,instance_00009,Average Cluegiver Team Precision,1.0
937,codenames,qwen3.5-27b,risk_high,instance_00009,Average Cluegiver Team Recall,0.444
938,codenames,qwen3.5-27b,risk_high,instance_00009,Average Cluegiver Team F1,0.615
939,codenames,qwen3.5-27b,risk_high,instance_00009,Average Guesser Number of Guesses,4
940,codenames,qwen3.5-27b,risk_high,instance_00009,Average Guesser Number of Revealed Words,2
941,codenames,qwen3.5-27b,risk_high,instance_00009,Average Guesser Number of Unrevealed Guesses,2
942,codenames,qwen3.5-27b,risk_high,instance_00009,Average Guesser Target Precision,0.5
943,codenames,qwen3.5-27b,risk_high,instance_00009,Average Guesser Target Recall,0.25
944,codenames,qwen3.5-27b,risk_high,instance_00009,Average Guesser Target F1,0.333
945,codenames,qwen3.5-27b,risk_high,instance_00009,Average Guesser Team Precision,0.5
946,codenames,qwen3.5-27b,risk_high,instance_00009,Average Guesser Team Recall,0.111
947,codenames,qwen3.5-27b,risk_high,instance_00009,Average Guesser Team F1,0.182
948,codenames,qwen3.5-27b,risk_high,instance_00009,Aborted,0
949,codenames,qwen3.5-27b,risk_high,instance_00009,Lose,1
950,codenames,qwen3.5-27b,risk_high,instance_00009,Success,0
951,codenames,qwen3.5-27b,risk_high,instance_00009,Game ended through assassin,1
952,codenames,qwen3.5-27b,risk_high,instance_00009,Episode Recall,0.111
953,codenames,qwen3.5-27b,risk_high,instance_00009,Episode Negative Recall,0.938
954,codenames,qwen3.5-27b,risk_high,instance_00009,Number of turns,2
955,codenames,qwen3.5-27b,risk_high,instance_00009,Efficiency,1.0
956,codenames,qwen3.5-27b,risk_high,instance_00009,Request Count,2
957,codenames,qwen3.5-27b,risk_high,instance_00009,Parsed Request Count,2
958,codenames,qwen3.5-27b,risk_high,instance_00009,Violated Request Count,0
959,codenames,qwen3.5-27b,risk_high,instance_00009,Request Success Ratio,1.0
960,codenames,qwen3.5-27b,risk_high,instance_00009,Main Score,0
961,codenames,qwen3.5-27b,abstract,instance_00007,experiment variable,Word Concreteness
962,codenames,qwen3.5-27b,abstract,instance_00007,experiment name,abstract
963,codenames,qwen3.5-27b,abstract,instance_00007,Cluegiver strip words,0
964,codenames,qwen3.5-27b,abstract,instance_00007,Guesser strip words,0
965,codenames,qwen3.5-27b,abstract,instance_00007,Average Cluegiver Number of Targets,1.444
966,codenames,qwen3.5-27b,abstract,instance_00007,Average Cluegiver Team Precision,1.0
967,codenames,qwen3.5-27b,abstract,instance_00007,Average Cluegiver Team Recall,0.263
968,codenames,qwen3.5-27b,abstract,instance_00007,Average Cluegiver Team F1,0.406
969,codenames,qwen3.5-27b,abstract,instance_00007,Average Guesser Number of Guesses,1.333
970,codenames,qwen3.5-27b,abstract,instance_00007,Average Guesser Number of Revealed Words,1
971,codenames,qwen3.5-27b,abstract,instance_00007,Average Guesser Number of Unrevealed Guesses,0.333
972,codenames,qwen3.5-27b,abstract,instance_00007,Average Guesser Target Precision,0.667
973,codenames,qwen3.5-27b,abstract,instance_00007,Average Guesser Target Recall,0.667
974,codenames,qwen3.5-27b,abstract,instance_00007,Average Guesser Target F1,0.667
975,codenames,qwen3.5-27b,abstract,instance_00007,Average Guesser Team Precision,0.667
976,codenames,qwen3.5-27b,abstract,instance_00007,Average Guesser Team Recall,0.146
977,codenames,qwen3.5-27b,abstract,instance_00007,Average Guesser Team F1,0.235
978,codenames,qwen3.5-27b,abstract,instance_00007,Aborted,0
979,codenames,qwen3.5-27b,abstract,instance_00007,Lose,1
980,codenames,qwen3.5-27b,abstract,instance_00007,Success,0
981,codenames,qwen3.5-27b,abstract,instance_00007,Game ended through assassin,0
982,codenames,qwen3.5-27b,abstract,instance_00007,Episode Recall,0.778
983,codenames,qwen3.5-27b,abstract,instance_00007,Episode Negative Recall,0.875
984,codenames,qwen3.5-27b,abstract,instance_00007,Number of turns,9
985,codenames,qwen3.5-27b,abstract,instance_00007,Efficiency,0.667
986,codenames,qwen3.5-27b,abstract,instance_00007,Request Count,17
987,codenames,qwen3.5-27b,abstract,instance_00007,Parsed Request Count,17
988,codenames,qwen3.5-27b,abstract,instance_00007,Violated Request Count,0
989,codenames,qwen3.5-27b,abstract,instance_00007,Request Success Ratio,1.0
990,codenames,qwen3.5-27b,abstract,instance_00007,Main Score,0
991,codenames,qwen3.5-27b,association_easy,instance_00009,experiment variable,Word Assignments
992,codenames,qwen3.5-27b,association_easy,instance_00009,experiment name,association_easy
993,codenames,qwen3.5-27b,association_easy,instance_00009,Cluegiver strip words,0
994,codenames,qwen3.5-27b,association_easy,instance_00009,Guesser strip words,0
995,codenames,qwen3.5-27b,association_easy,instance_00009,Average Cluegiver Number of Targets,2.833
996,codenames,qwen3.5-27b,association_easy,instance_00009,Average Cluegiver Team Precision,1.0
997,codenames,qwen3.5-27b,association_easy,instance_00009,Average Cluegiver Team Recall,0.537
998,codenames,qwen3.5-27b,association_easy,instance_00009,Average Cluegiver Team F1,0.661
999,codenames,qwen3.5-27b,association_easy,instance_00009,Average Guesser Number of Guesses,2.833
1000,codenames,qwen3.5-27b,association_easy,instance_00009,Average Guesser Number of Revealed Words,2
1001,codenames,qwen3.5-27b,association_easy,instance_00009,Average Guesser Number of Unrevealed Guesses,0.833
1002,codenames,qwen3.5-27b,association_easy,instance_00009,Average Guesser Target Precision,0.5
1003,codenames,qwen3.5-27b,association_easy,instance_00009,Average Guesser Target Recall,0.5
1004,codenames,qwen3.5-27b,association_easy,instance_00009,Average Guesser Target F1,0.5
1005,codenames,qwen3.5-27b,association_easy,instance_00009,Average Guesser Team Precision,0.5
1006,codenames,qwen3.5-27b,association_easy,instance_00009,Average Guesser Team Recall,0.333
1007,codenames,qwen3.5-27b,association_easy,instance_00009,Average Guesser Team F1,0.383
1008,codenames,qwen3.5-27b,association_easy,instance_00009,Aborted,0
1009,codenames,qwen3.5-27b,association_easy,instance_00009,Lose,0
1010,codenames,qwen3.5-27b,association_easy,instance_00009,Success,1
1011,codenames,qwen3.5-27b,association_easy,instance_00009,Game ended through assassin,0
1012,codenames,qwen3.5-27b,association_easy,instance_00009,Episode Recall,1.0
1013,codenames,qwen3.5-27b,association_easy,instance_00009,Episode Negative Recall,0.812
1014,codenames,qwen3.5-27b,association_easy,instance_00009,Number of turns,7
1015,codenames,qwen3.5-27b,association_easy,instance_00009,Efficiency,1
1016,codenames,qwen3.5-27b,association_easy,instance_00009,Request Count,12
1017,codenames,qwen3.5-27b,association_easy,instance_00009,Parsed Request Count,12
1018,codenames,qwen3.5-27b,association_easy,instance_00009,Violated Request Count,0
1019,codenames,qwen3.5-27b,association_easy,instance_00009,Request Success Ratio,1.0
1020,codenames,qwen3.5-27b,association_easy,instance_00009,Main Score,100
1021,codenames,qwen3.5-27b,opponent_easy,instance_00009,experiment variable,Opponent Difficulty
1022,codenames,qwen3.5-27b,opponent_easy,instance_00009,experiment name,opponent_easy
1023,codenames,qwen3.5-27b,opponent_easy,instance_00009,Cluegiver strip words,0
1024,codenames,qwen3.5-27b,opponent_easy,instance_00009,Guesser strip words,0
1025,codenames,qwen3.5-27b,opponent_easy,instance_00009,Average Cluegiver Number of Targets,2.714
1026,codenames,qwen3.5-27b,opponent_easy,instance_00009,Average Cluegiver Team Precision,0.905
1027,codenames,qwen3.5-27b,opponent_easy,instance_00009,Average Cluegiver Team Recall,0.574
1028,codenames,qwen3.5-27b,opponent_easy,instance_00009,Average Cluegiver Team F1,0.678
1029,codenames,qwen3.5-27b,opponent_easy,instance_00009,Average Guesser Number of Guesses,2.571
1030,codenames,qwen3.5-27b,opponent_easy,instance_00009,Average Guesser Number of Revealed Words,1.714
1031,codenames,qwen3.5-27b,opponent_easy,instance_00009,Average Guesser Number of Unrevealed Guesses,0.857
1032,codenames,qwen3.5-27b,opponent_easy,instance_00009,Average Guesser Target Precision,0.643
1033,codenames,qwen3.5-27b,opponent_easy,instance_00009,Average Guesser Target Recall,0.476
1034,codenames,qwen3.5-27b,opponent_easy,instance_00009,Average Guesser Target F1,0.524
1035,codenames,qwen3.5-27b,opponent_easy,instance_00009,Average Guesser Team Precision,0.5
1036,codenames,qwen3.5-27b,opponent_easy,instance_00009,Average Guesser Team Recall,0.238
1037,codenames,qwen3.5-27b,opponent_easy,instance_00009,Average Guesser Team F1,0.307
1038,codenames,qwen3.5-27b,opponent_easy,instance_00009,Aborted,0
1039,codenames,qwen3.5-27b,opponent_easy,instance_00009,Lose,1
1040,codenames,qwen3.5-27b,opponent_easy,instance_00009,Success,0
1041,codenames,qwen3.5-27b,opponent_easy,instance_00009,Game ended through assassin,0
1042,codenames,qwen3.5-27b,opponent_easy,instance_00009,Episode Recall,0.889
1043,codenames,qwen3.5-27b,opponent_easy,instance_00009,Episode Negative Recall,0.75
1044,codenames,qwen3.5-27b,opponent_easy,instance_00009,Number of turns,7
1045,codenames,qwen3.5-27b,opponent_easy,instance_00009,Efficiency,1
1046,codenames,qwen3.5-27b,opponent_easy,instance_00009,Request Count,13
1047,codenames,qwen3.5-27b,opponent_easy,instance_00009,Parsed Request Count,13
1048,codenames,qwen3.5-27b,opponent_easy,instance_00009,Violated Request Count,0
1049,codenames,qwen3.5-27b,opponent_easy,instance_00009,Request Success Ratio,1.0
1050,codenames,qwen3.5-27b,opponent_easy,instance_00009,Main Score,0
1051,codenames,qwen3.5-27b,concrete,instance_00004,experiment variable,Word Concreteness
1052,codenames,qwen3.5-27b,concrete,instance_00004,experiment name,concrete
1053,codenames,qwen3.5-27b,concrete,instance_00004,Cluegiver strip words,0
1054,codenames,qwen3.5-27b,concrete,instance_00004,Guesser strip words,0
1055,codenames,qwen3.5-27b,concrete,instance_00004,Average Cluegiver Number of Targets,1.8
1056,codenames,qwen3.5-27b,concrete,instance_00004,Average Cluegiver Team Precision,1.0
1057,codenames,qwen3.5-27b,concrete,instance_00004,Average Cluegiver Team Recall,0.528
1058,codenames,qwen3.5-27b,concrete,instance_00004,Average Cluegiver Team F1,0.656
1059,codenames,qwen3.5-27b,concrete,instance_00004,Average Guesser Number of Guesses,1.8
1060,codenames,qwen3.5-27b,concrete,instance_00004,Average Guesser Number of Revealed Words,1.8
1061,codenames,qwen3.5-27b,concrete,instance_00004,Average Guesser Number of Unrevealed Guesses,0
1062,codenames,qwen3.5-27b,concrete,instance_00004,Average Guesser Target Precision,0.96
1063,codenames,qwen3.5-27b,concrete,instance_00004,Average Guesser Target Recall,0.96
1064,codenames,qwen3.5-27b,concrete,instance_00004,Average Guesser Target F1,0.96
1065,codenames,qwen3.5-27b,concrete,instance_00004,Average Guesser Team Precision,1.0
1066,codenames,qwen3.5-27b,concrete,instance_00004,Average Guesser Team Recall,0.528
1067,codenames,qwen3.5-27b,concrete,instance_00004,Average Guesser Team F1,0.656
1068,codenames,qwen3.5-27b,concrete,instance_00004,Aborted,0
1069,codenames,qwen3.5-27b,concrete,instance_00004,Lose,0
1070,codenames,qwen3.5-27b,concrete,instance_00004,Success,1
1071,codenames,qwen3.5-27b,concrete,instance_00004,Game ended through assassin,0
1072,codenames,qwen3.5-27b,concrete,instance_00004,Episode Recall,1.0
1073,codenames,qwen3.5-27b,concrete,instance_00004,Episode Negative Recall,1.0
1074,codenames,qwen3.5-27b,concrete,instance_00004,Number of turns,6
1075,codenames,qwen3.5-27b,concrete,instance_00004,Efficiency,0.75
1076,codenames,qwen3.5-27b,concrete,instance_00004,Request Count,10
1077,codenames,qwen3.5-27b,concrete,instance_00004,Parsed Request Count,10
1078,codenames,qwen3.5-27b,concrete,instance_00004,Violated Request Count,0
1079,codenames,qwen3.5-27b,concrete,instance_00004,Request Success Ratio,1.0
1080,codenames,qwen3.5-27b,concrete,instance_00004,Main Score,100
1081,codenames,qwen3.5-27b,unambiguous,instance_00002,experiment variable,Word Ambiguity
1082,codenames,qwen3.5-27b,unambiguous,instance_00002,experiment name,unambiguous
1083,codenames,qwen3.5-27b,unambiguous,instance_00002,Cluegiver strip words,0
1084,codenames,qwen3.5-27b,unambiguous,instance_00002,Guesser strip words,0
1085,codenames,qwen3.5-27b,unambiguous,instance_00002,Average Cluegiver Number of Targets,2
1086,codenames,qwen3.5-27b,unambiguous,instance_00002,Average Cluegiver Team Precision,1.0
1087,codenames,qwen3.5-27b,unambiguous,instance_00002,Average Cluegiver Team Recall,0.583
1088,codenames,qwen3.5-27b,unambiguous,instance_00002,Average Cluegiver Team F1,0.717
1089,codenames,qwen3.5-27b,unambiguous,instance_00002,Average Guesser Number of Guesses,2
1090,codenames,qwen3.5-27b,unambiguous,instance_00002,Average Guesser Number of Revealed Words,2
1091,codenames,qwen3.5-27b,unambiguous,instance_00002,Average Guesser Number of Unrevealed Guesses,0
1092,codenames,qwen3.5-27b,unambiguous,instance_00002,Average Guesser Target Precision,0.778
1093,codenames,qwen3.5-27b,unambiguous,instance_00002,Average Guesser Target Recall,0.778
1094,codenames,qwen3.5-27b,unambiguous,instance_00002,Average Guesser Target F1,0.778
1095,codenames,qwen3.5-27b,unambiguous,instance_00002,Average Guesser Team Precision,0.778
1096,codenames,qwen3.5-27b,unambiguous,instance_00002,Average Guesser Team Recall,0.458
1097,codenames,qwen3.5-27b,unambiguous,instance_00002,Average Guesser Team F1,0.557
1098,codenames,qwen3.5-27b,unambiguous,instance_00002,Aborted,0
1099,codenames,qwen3.5-27b,unambiguous,instance_00002,Lose,0
1100,codenames,qwen3.5-27b,unambiguous,instance_00002,Success,1
1101,codenames,qwen3.5-27b,unambiguous,instance_00002,Game ended through assassin,0
1102,codenames,qwen3.5-27b,unambiguous,instance_00002,Episode Recall,1.0
1103,codenames,qwen3.5-27b,unambiguous,instance_00002,Episode Negative Recall,0.812
1104,codenames,qwen3.5-27b,unambiguous,instance_00002,Number of turns,7
1105,codenames,qwen3.5-27b,unambiguous,instance_00002,Efficiency,0.857
1106,codenames,qwen3.5-27b,unambiguous,instance_00002,Request Count,12
1107,codenames,qwen3.5-27b,unambiguous,instance_00002,Parsed Request Count,12
1108,codenames,qwen3.5-27b,unambiguous,instance_00002,Violated Request Count,0
1109,codenames,qwen3.5-27b,unambiguous,instance_00002,Request Success Ratio,1.0
1110,codenames,qwen3.5-27b,unambiguous,instance_00002,Main Score,100
1111,codenames,qwen3.5-27b,opponent_none,instance_00008,experiment variable,Opponent Difficulty
1112,codenames,qwen3.5-27b,opponent_none,instance_00008,experiment name,opponent_none
1113,codenames,qwen3.5-27b,opponent_none,instance_00008,Cluegiver strip words,0
1114,codenames,qwen3.5-27b,opponent_none,instance_00008,Guesser strip words,0
1115,codenames,qwen3.5-27b,opponent_none,instance_00008,Average Cluegiver Number of Targets,2.2
1116,codenames,qwen3.5-27b,opponent_none,instance_00008,Average Cluegiver Team Precision,1.0
1117,codenames,qwen3.5-27b,opponent_none,instance_00008,Average Cluegiver Team Recall,0.622
1118,codenames,qwen3.5-27b,opponent_none,instance_00008,Average Cluegiver Team F1,0.75
1119,codenames,qwen3.5-27b,opponent_none,instance_00008,Average Guesser Number of Guesses,2.2
1120,codenames,qwen3.5-27b,opponent_none,instance_00008,Average Guesser Number of Revealed Words,2.2
1121,codenames,qwen3.5-27b,opponent_none,instance_00008,Average Guesser Number of Unrevealed Guesses,0
1122,codenames,qwen3.5-27b,opponent_none,instance_00008,Average Guesser Target Precision,0.783
1123,codenames,qwen3.5-27b,opponent_none,instance_00008,Average Guesser Target Recall,0.783
1124,codenames,qwen3.5-27b,opponent_none,instance_00008,Average Guesser Target F1,0.783
1125,codenames,qwen3.5-27b,opponent_none,instance_00008,Average Guesser Team Precision,0.85
1126,codenames,qwen3.5-27b,opponent_none,instance_00008,Average Guesser Team Recall,0.533
1127,codenames,qwen3.5-27b,opponent_none,instance_00008,Average Guesser Team F1,0.639
1128,codenames,qwen3.5-27b,opponent_none,instance_00008,Aborted,0
1129,codenames,qwen3.5-27b,opponent_none,instance_00008,Lose,0
1130,codenames,qwen3.5-27b,opponent_none,instance_00008,Success,1
1131,codenames,qwen3.5-27b,opponent_none,instance_00008,Game ended through assassin,0
1132,codenames,qwen3.5-27b,opponent_none,instance_00008,Episode Recall,1.0
1133,codenames,qwen3.5-27b,opponent_none,instance_00008,Episode Negative Recall,0.875
1134,codenames,qwen3.5-27b,opponent_none,instance_00008,Number of turns,6
1135,codenames,qwen3.5-27b,opponent_none,instance_00008,Efficiency,0.917
1136,codenames,qwen3.5-27b,opponent_none,instance_00008,Request Count,10
1137,codenames,qwen3.5-27b,opponent_none,instance_00008,Parsed Request Count,10
1138,codenames,qwen3.5-27b,opponent_none,instance_00008,Violated Request Count,0
1139,codenames,qwen3.5-27b,opponent_none,instance_00008,Request Success Ratio,1.0
1140,codenames,qwen3.5-27b,opponent_none,instance_00008,Main Score,100
1141,codenames,qwen3.5-27b,frequency_high,instance_00002,experiment variable,Word Frequency
1142,codenames,qwen3.5-27b,frequency_high,instance_00002,experiment name,frequency_high
1143,codenames,qwen3.5-27b,frequency_high,instance_00002,Cluegiver strip words,0
1144,codenames,qwen3.5-27b,frequency_high,instance_00002,Guesser strip words,0
1145,codenames,qwen3.5-27b,frequency_high,instance_00002,Average Cluegiver Number of Targets,2
1146,codenames,qwen3.5-27b,frequency_high,instance_00002,Average Cluegiver Team Precision,1.0
1147,codenames,qwen3.5-27b,frequency_high,instance_00002,Average Cluegiver Team Recall,0.447
1148,codenames,qwen3.5-27b,frequency_high,instance_00002,Average Cluegiver Team F1,0.578
1149,codenames,qwen3.5-27b,frequency_high,instance_00002,Average Guesser Number of Guesses,1.857
1150,codenames,qwen3.5-27b,frequency_high,instance_00002,Average Guesser Number of Revealed Words,1.571
1151,codenames,qwen3.5-27b,frequency_high,instance_00002,Average Guesser Number of Unrevealed Guesses,0.286
1152,codenames,qwen3.5-27b,frequency_high,instance_00002,Average Guesser Target Precision,0.714
1153,codenames,qwen3.5-27b,frequency_high,instance_00002,Average Guesser Target Recall,0.667
1154,codenames,qwen3.5-27b,frequency_high,instance_00002,Average Guesser Target F1,0.686
1155,codenames,qwen3.5-27b,frequency_high,instance_00002,Average Guesser Team Precision,0.714
1156,codenames,qwen3.5-27b,frequency_high,instance_00002,Average Guesser Team Recall,0.368
1157,codenames,qwen3.5-27b,frequency_high,instance_00002,Average Guesser Team F1,0.454
1158,codenames,qwen3.5-27b,frequency_high,instance_00002,Aborted,0
1159,codenames,qwen3.5-27b,frequency_high,instance_00002,Lose,0
1160,codenames,qwen3.5-27b,frequency_high,instance_00002,Success,1
1161,codenames,qwen3.5-27b,frequency_high,instance_00002,Game ended through assassin,0
1162,codenames,qwen3.5-27b,frequency_high,instance_00002,Episode Recall,1.0
1163,codenames,qwen3.5-27b,frequency_high,instance_00002,Episode Negative Recall,0.875
1164,codenames,qwen3.5-27b,frequency_high,instance_00002,Number of turns,8
1165,codenames,qwen3.5-27b,frequency_high,instance_00002,Efficiency,0.812
1166,codenames,qwen3.5-27b,frequency_high,instance_00002,Request Count,14
1167,codenames,qwen3.5-27b,frequency_high,instance_00002,Parsed Request Count,14
1168,codenames,qwen3.5-27b,frequency_high,instance_00002,Violated Request Count,0
1169,codenames,qwen3.5-27b,frequency_high,instance_00002,Request Success Ratio,1.0
1170,codenames,qwen3.5-27b,frequency_high,instance_00002,Main Score,100
1171,codenames,qwen3.5-27b,frequency_low,instance_00004,experiment variable,Word Frequency
1172,codenames,qwen3.5-27b,frequency_low,instance_00004,experiment name,frequency_low
1173,codenames,qwen3.5-27b,frequency_low,instance_00004,Cluegiver strip words,0
1174,codenames,qwen3.5-27b,frequency_low,instance_00004,Guesser strip words,0
1175,codenames,qwen3.5-27b,frequency_low,instance_00004,Average Cluegiver Number of Targets,1.667
1176,codenames,qwen3.5-27b,frequency_low,instance_00004,Average Cluegiver Team Precision,1.0
1177,codenames,qwen3.5-27b,frequency_low,instance_00004,Average Cluegiver Team Recall,0.255
1178,codenames,qwen3.5-27b,frequency_low,instance_00004,Average Cluegiver Team F1,0.397
1179,codenames,qwen3.5-27b,frequency_low,instance_00004,Average Guesser Number of Guesses,1.5
1180,codenames,qwen3.5-27b,frequency_low,instance_00004,Average Guesser Number of Revealed Words,1.167
1181,codenames,qwen3.5-27b,frequency_low,instance_00004,Average Guesser Number of Unrevealed Guesses,0.333
1182,codenames,qwen3.5-27b,frequency_low,instance_00004,Average Guesser Target Precision,0.445
1183,codenames,qwen3.5-27b,frequency_low,instance_00004,Average Guesser Target Recall,0.445
1184,codenames,qwen3.5-27b,frequency_low,instance_00004,Average Guesser Target F1,0.445
1185,codenames,qwen3.5-27b,frequency_low,instance_00004,Average Guesser Team Precision,0.445
1186,codenames,qwen3.5-27b,frequency_low,instance_00004,Average Guesser Team Recall,0.089
1187,codenames,qwen3.5-27b,frequency_low,instance_00004,Average Guesser Team F1,0.145
1188,codenames,qwen3.5-27b,frequency_low,instance_00004,Aborted,0
1189,codenames,qwen3.5-27b,frequency_low,instance_00004,Lose,1
1190,codenames,qwen3.5-27b,frequency_low,instance_00004,Success,0
1191,codenames,qwen3.5-27b,frequency_low,instance_00004,Game ended through assassin,0
1192,codenames,qwen3.5-27b,frequency_low,instance_00004,Episode Recall,0.444
1193,codenames,qwen3.5-27b,frequency_low,instance_00004,Episode Negative Recall,0.812
1194,codenames,qwen3.5-27b,frequency_low,instance_00004,Number of turns,6
1195,codenames,qwen3.5-27b,frequency_low,instance_00004,Efficiency,0.75
1196,codenames,qwen3.5-27b,frequency_low,instance_00004,Request Count,11
1197,codenames,qwen3.5-27b,frequency_low,instance_00004,Parsed Request Count,11
1198,codenames,qwen3.5-27b,frequency_low,instance_00004,Violated Request Count,0
1199,codenames,qwen3.5-27b,frequency_low,instance_00004,Request Success Ratio,1.0
1200,codenames,qwen3.5-27b,frequency_low,instance_00004,Main Score,0
1201,matchit_ascii,qwen3.5-27b,similar_grid_2,instance_00007,Violated Request Count,0
1202,matchit_ascii,qwen3.5-27b,similar_grid_2,instance_00007,Parsed Request Count,16
1203,matchit_ascii,qwen3.5-27b,similar_grid_2,instance_00007,Request Count,16
1204,matchit_ascii,qwen3.5-27b,similar_grid_2,instance_00007,Aborted,0
1205,matchit_ascii,qwen3.5-27b,similar_grid_2,instance_00007,Success,1
1206,matchit_ascii,qwen3.5-27b,similar_grid_2,instance_00007,Lose,0
1207,matchit_ascii,qwen3.5-27b,similar_grid_2,instance_00007,Main Score,100
1208,matchit_ascii,qwen3.5-27b,similar_grid_2,instance_00007,Player Score,100
1209,matchit_ascii,qwen3.5-27b,same_grid,instance_00002,Violated Request Count,0
1210,matchit_ascii,qwen3.5-27b,same_grid,instance_00002,Parsed Request Count,16
1211,matchit_ascii,qwen3.5-27b,same_grid,instance_00002,Request Count,16
1212,matchit_ascii,qwen3.5-27b,same_grid,instance_00002,Aborted,0
1213,matchit_ascii,qwen3.5-27b,same_grid,instance_00002,Success,1
1214,matchit_ascii,qwen3.5-27b,same_grid,instance_00002,Lose,0
1215,matchit_ascii,qwen3.5-27b,same_grid,instance_00002,Main Score,100
1216,matchit_ascii,qwen3.5-27b,same_grid,instance_00002,Player Score,100
1217,matchit_ascii,qwen3.5-27b,similar_grid_1,instance_00002,Violated Request Count,0
1218,matchit_ascii,qwen3.5-27b,similar_grid_1,instance_00002,Parsed Request Count,16
1219,matchit_ascii,qwen3.5-27b,similar_grid_1,instance_00002,Request Count,16
1220,matchit_ascii,qwen3.5-27b,similar_grid_1,instance_00002,Aborted,0
1221,matchit_ascii,qwen3.5-27b,similar_grid_1,instance_00002,Success,1
1222,matchit_ascii,qwen3.5-27b,similar_grid_1,instance_00002,Lose,0
1223,matchit_ascii,qwen3.5-27b,similar_grid_1,instance_00002,Main Score,100
1224,matchit_ascii,qwen3.5-27b,similar_grid_1,instance_00002,Player Score,100
1225,matchit_ascii,qwen3.5-27b,different_grid,instance_00002,Violated Request Count,0
1226,matchit_ascii,qwen3.5-27b,different_grid,instance_00002,Parsed Request Count,16
1227,matchit_ascii,qwen3.5-27b,different_grid,instance_00002,Request Count,16
1228,matchit_ascii,qwen3.5-27b,different_grid,instance_00002,Aborted,0
1229,matchit_ascii,qwen3.5-27b,different_grid,instance_00002,Success,1
1230,matchit_ascii,qwen3.5-27b,different_grid,instance_00002,Lose,0
1231,matchit_ascii,qwen3.5-27b,different_grid,instance_00002,Main Score,100
1232,matchit_ascii,qwen3.5-27b,different_grid,instance_00002,Player Score,100
1233,dond,qwen3.5-27b,coop_en,instance_00019,Played,1.0
1234,dond,qwen3.5-27b,coop_en,instance_00006,Played,1.0
1235,dond,qwen3.5-27b,semi_en,instance_00015,Played,1.0
1236,dond,qwen3.5-27b,semi_en,instance_00001,Played,1.0
1237,wordle,qwen3.5-27b,medium_frequency_words_no_clue_no_critic,instance_00014,Played,1.0
1238,wordle,qwen3.5-27b,medium_frequency_words_no_clue_no_critic,instance_00007,Played,1.0
1239,wordle,qwen3.5-27b,high_frequency_words_no_clue_no_critic,instance_00007,Played,0.0
1240,guesswhat,qwen3.5-27b,Abs_Level_3,instance_00008,Played,1.0
1241,guesswhat,qwen3.5-27b,Abs_Level_2,instance_00007,Played,1.0
1242,guesswhat,qwen3.5-27b,Abs_Level_1,instance_00002,Played,1.0
1243,guesswhat,qwen3.5-27b,Level_1,instance_00002,Played,1.0
1244,guesswhat,qwen3.5-27b,Level_2,instance_00009,Played,1.0
1245,guesswhat,qwen3.5-27b,Level_3,instance_00008,Played,1.0
1246,privateshared,qwen3.5-27b,things-places,instance_00003,Played,1.0
1247,privateshared,qwen3.5-27b,restaurant,instance_00007,Played,1.0
1248,privateshared,qwen3.5-27b,travel-booking,instance_00009,Played,1.0
1249,privateshared,qwen3.5-27b,job-interview,instance_00008,Played,1.0
1250,privateshared,qwen3.5-27b,letter-number,instance_00009,Played,1.0
1251,wordle_withcritic,qwen3.5-27b,medium_frequency_words_clue_with_critic,instance_00004,Played,1.0
1252,wordle_withcritic,qwen3.5-27b,medium_frequency_words_clue_with_critic,instance_00019,Played,0.0
1253,wordle_withcritic,qwen3.5-27b,high_frequency_words_clue_with_critic,instance_00002,Played,0.0
1254,taboo,qwen3.5-27b,high_en,instance_00016,Played,1.0
1255,taboo,qwen3.5-27b,high_en,instance_00010,Played,1.0
1256,taboo,qwen3.5-27b,low_en,instance_00018,Played,1.0
1257,taboo,qwen3.5-27b,low_en,instance_00012,Played,1.0
1258,taboo,qwen3.5-27b,medium_en,instance_00007,Played,1.0
1259,taboo,qwen3.5-27b,medium_en,instance_00010,Played,1.0
1260,wordle_withclue,qwen3.5-27b,high_frequency_words_clue_no_critic,instance_00009,Played,0.0
1261,wordle_withclue,qwen3.5-27b,medium_frequency_words_clue_no_critic,instance_00011,Played,1.0
1262,wordle_withclue,qwen3.5-27b,medium_frequency_words_clue_no_critic,instance_00018,Played,0.0
1263,textmapworld,qwen3.5-27b,large_cycle,instance_00049,Played,1.0
1264,textmapworld,qwen3.5-27b,small,instance_00006,Played,1.0
1265,textmapworld,qwen3.5-27b,large,instance_00028,Played,1.0
1266,textmapworld,qwen3.5-27b,medium_cycle,instance_00034,Played,1.0
1267,textmapworld,qwen3.5-27b,medium,instance_00010,Played,1.0
1268,referencegame,qwen3.5-27b,random_grids,instance_00005,Played,1.0
1269,referencegame,qwen3.5-27b,line_grids_columns,instance_00013,Played,1.0
1270,referencegame,qwen3.5-27b,number_grids,instance_00017,Played,1.0
1271,referencegame,qwen3.5-27b,line_grids_rows,instance_00017,Played,1.0
1272,referencegame,qwen3.5-27b,letter_grids,instance_00012,Played,1.0
1273,adventuregame,qwen3.5-27b,new-words_home-delivery_medium_basic_medium,instance_00002,Played,0.0
1274,adventuregame,qwen3.5-27b,potion_brewing_basic_undefined,instance_00004,Played,0.0
1275,adventuregame,qwen3.5-27b,new-words_home-delivery_easy_basic_easy,instance_00002,Played,1.0
1276,adventuregame,qwen3.5-27b,new-words_created_basic_hard,instance_00000,Played,1.0
1277,adventuregame,qwen3.5-27b,home_deliver_three_basic_hard_invlimittwo,instance_00000,Played,1.0
1278,textmapworld_specificroom,qwen3.5-27b,on,instance_00000,Played,1.0
1279,textmapworld_specificroom,qwen3.5-27b,far,instance_00027,Played,1.0
1280,textmapworld_specificroom,qwen3.5-27b,close,instance_00017,Played,1.0
1281,imagegame,qwen3.5-27b,random_grids,instance_00014,Played,1.0
1282,imagegame,qwen3.5-27b,random_grids,instance_00016,Played,1.0
1283,imagegame,qwen3.5-27b,compact_grids,instance_00019,Played,1.0
1284,imagegame,qwen3.5-27b,compact_grids,instance_00002,Played,1.0
1285,textmapworld_graphreasoning,qwen3.5-27b,small,instance_00009,Played,1.0
1286,textmapworld_graphreasoning,qwen3.5-27b,large,instance_00028,Played,1.0
1287,textmapworld_graphreasoning,qwen3.5-27b,medium,instance_00010,Played,1.0
1288,codenames,qwen3.5-27b,association_difficult,instance_00000,Played,1
1289,codenames,qwen3.5-27b,risk_low,instance_00008,Played,0
1290,codenames,qwen3.5-27b,ambiguous,instance_00001,Played,1
1291,codenames,qwen3.5-27b,opponent_difficult,instance_00007,Played,1
1292,codenames,qwen3.5-27b,risk_high,instance_00009,Played,1
1293,codenames,qwen3.5-27b,abstract,instance_00007,Played,1
1294,codenames,qwen3.5-27b,association_easy,instance_00009,Played,1
1295,codenames,qwen3.5-27b,opponent_easy,instance_00009,Played,1
1296,codenames,qwen3.5-27b,concrete,instance_00004,Played,1
1297,codenames,qwen3.5-27b,unambiguous,instance_00002,Played,1
1298,codenames,qwen3.5-27b,opponent_none,instance_00008,Played,1
1299,codenames,qwen3.5-27b,frequency_high,instance_00002,Played,1
1300,codenames,qwen3.5-27b,frequency_low,instance_00004,Played,1
1301,matchit_ascii,qwen3.5-27b,similar_grid_2,instance_00007,Played,1
1302,matchit_ascii,qwen3.5-27b,same_grid,instance_00002,Played,1
1303,matchit_ascii,qwen3.5-27b,similar_grid_1,instance_00002,Played,1
1304,matchit_ascii,qwen3.5-27b,different_grid,instance_00002,Played,1
