{
  "meta": {},
  "players": {},
  "turn scores": {
    "0": {
      "efficient_move": 1,
      "similarity": 0.18221023888012056
    },
    "1": {
      "efficient_move": 1,
      "similarity": 0.49452463132693136
    },
    "2": {
      "efficient_move": 1,
      "similarity": 1.3385701848569465
    },
    "3": {
      "efficient_move": 1,
      "similarity": 9.485174635513328
    },
    "4": {
      "efficient_move": 1,
      "similarity": 9.485174635513328
    },
    "5": {
      "efficient_move": 1,
      "similarity": 9.485174635513328
    },
    "6": {
      "efficient_move": 1,
      "similarity": 9.485174635513328
    },
    "7": {
      "efficient_move": 0,
      "similarity": 9.485174635513328
    }
  },
  "episode scores": {
    "Success": 0,
    "Aborted": 0,
    "Lose": 1,
    "moves": 8,
    "valid_moves": 8,
    "invalid_moves": 0,
    "stopped": 1,
    "turns_limit": 0,
    "loops": 0,
    "number_visited": 5,
    "seen": 6,
    "efficiency": 87.5,
    "exploration": 62.5,
    "graph_similarity": 9.485174635513328,
    "Main Score": 72.91666666666667
  }
}