{
  "meta": {},
  "players": {},
  "turn scores": {
    "0": {
      "efficient_move": 1,
      "similarity": 9.485174635513328
    },
    "1": {
      "efficient_move": 1,
      "similarity": 15.17163600424869
    },
    "2": {
      "efficient_move": 0,
      "similarity": 23.840584404423538
    },
    "3": {
      "efficient_move": 0,
      "similarity": 23.840584404423538
    },
    "4": {
      "efficient_move": 1,
      "similarity": 23.840584404423538
    },
    "5": {
      "efficient_move": 1,
      "similarity": 23.840584404423538
    },
    "6": {
      "efficient_move": 1,
      "similarity": 23.840584404423538
    },
    "7": {
      "efficient_move": 0,
      "similarity": 3.5972419924183097
    },
    "8": {
      "efficient_move": 0,
      "similarity": 3.5972419924183097
    },
    "9": {
      "efficient_move": 0,
      "similarity": 3.5972419924183097
    },
    "10": {
      "efficient_move": 0,
      "similarity": 3.5972419924183097
    },
    "11": {
      "efficient_move": 0,
      "similarity": 3.5972419924183097
    },
    "12": {
      "efficient_move": 0,
      "similarity": 3.5972419924183097
    },
    "13": {
      "efficient_move": 0,
      "similarity": 3.5972419924183097
    },
    "14": {
      "efficient_move": 0,
      "similarity": 3.5972419924183097
    }
  },
  "episode scores": {
    "Success": 1,
    "Aborted": 0,
    "Lose": 0,
    "moves": 15,
    "valid_moves": 15,
    "invalid_moves": 0,
    "stopped": 1,
    "turns_limit": 0,
    "loops": 0,
    "number_visited": 4,
    "seen": 4,
    "efficiency": 33.33333333333333,
    "exploration": 100.0,
    "graph_similarity": 3.5972419924183097,
    "Main Score": 50.0
  }
}