{
  "meta": {},
  "players": {},
  "turn scores": {
    "0": {
      "efficient_move": 1,
      "similarity": 1.3385701848569465
    },
    "1": {
      "efficient_move": 0,
      "similarity": 2.1973885261186377
    },
    "2": {
      "efficient_move": 0,
      "similarity": 2.1973885261186377
    },
    "3": {
      "efficient_move": 1,
      "similarity": 3.5972419924183097
    },
    "4": {
      "efficient_move": 1,
      "similarity": 5.862446150271272
    },
    "5": {
      "efficient_move": 1,
      "similarity": 5.862446150271272
    }
  },
  "episode scores": {
    "Success": 0,
    "Aborted": 0,
    "Lose": 1,
    "moves": 6,
    "valid_moves": 6,
    "invalid_moves": 0,
    "stopped": 1,
    "turns_limit": 0,
    "loops": 0,
    "number_visited": 4,
    "seen": 6,
    "efficiency": 66.66666666666666,
    "exploration": 66.66666666666666,
    "graph_similarity": 5.862446150271272,
    "Main Score": 66.66666666666666
  }
}