{
  "meta": {},
  "players": {},
  "turn scores": {
    "0": {
      "efficient_move": 1,
      "similarity": 0.18221023888012056
    },
    "1": {
      "efficient_move": 1,
      "similarity": 0.30023645134740207
    },
    "2": {
      "efficient_move": 1,
      "similarity": 0.8140275431792077
    },
    "3": {
      "efficient_move": 1,
      "similarity": 1.3385701848569465
    },
    "4": {
      "efficient_move": 1,
      "similarity": 1.3385701848569465
    },
    "5": {
      "efficient_move": 0,
      "similarity": 1.3385701848569465
    },
    "6": {
      "efficient_move": 1,
      "similarity": 1.3385701848569465
    },
    "7": {
      "efficient_move": 1,
      "similarity": 1.3385701848569465
    },
    "8": {
      "efficient_move": 0,
      "similarity": 3.5972419924183097
    },
    "9": {
      "efficient_move": 0,
      "similarity": 3.5972419924183097
    },
    "10": {
      "efficient_move": 0,
      "similarity": 3.5972419924183097
    },
    "11": {
      "efficient_move": 1,
      "similarity": 3.5972419924183097
    },
    "12": {
      "efficient_move": 1,
      "similarity": 3.5972419924183097
    },
    "13": {
      "efficient_move": 1,
      "similarity": 3.5972419924183097
    },
    "14": {
      "efficient_move": 1,
      "similarity": 3.5972419924183097
    },
    "15": {
      "efficient_move": 1,
      "similarity": 9.485174635513328
    },
    "16": {
      "efficient_move": 1,
      "similarity": 23.840584404423538
    },
    "17": {
      "efficient_move": 0,
      "similarity": 36.48510476127127
    },
    "18": {
      "efficient_move": 0,
      "similarity": 36.48510476127127
    }
  },
  "episode scores": {
    "Success": 1,
    "Aborted": 0,
    "Lose": 0,
    "moves": 19,
    "valid_moves": 19,
    "invalid_moves": 0,
    "stopped": 1,
    "turns_limit": 0,
    "loops": 0,
    "number_visited": 8,
    "seen": 8,
    "efficiency": 68.42105263157895,
    "exploration": 100.0,
    "graph_similarity": 36.48510476127127,
    "Main Score": 81.24999999999999
  }
}