{
  "meta": {},
  "players": {},
  "turn scores": {
    "0": {
      "efficient_move": 1,
      "similarity": 0.18221023888012056
    },
    "1": {
      "efficient_move": 1,
      "similarity": 0.30023645134740207
    },
    "2": {
      "efficient_move": 1,
      "similarity": 0.49452463132693136
    },
    "3": {
      "efficient_move": 1,
      "similarity": 0.8140275431792077
    },
    "4": {
      "efficient_move": 1,
      "similarity": 1.3385701848569465
    },
    "5": {
      "efficient_move": 1,
      "similarity": 1.3385701848569465
    }
  },
  "episode scores": {
    "Success": 0,
    "Aborted": 0,
    "Lose": 1,
    "moves": 6,
    "valid_moves": 6,
    "invalid_moves": 0,
    "stopped": 1,
    "turns_limit": 0,
    "loops": 0,
    "number_visited": 5,
    "seen": 6,
    "efficiency": 100.0,
    "exploration": 62.5,
    "graph_similarity": 1.3385701848569465,
    "Main Score": 76.92307692307692
  }
}