{
  "meta": {},
  "players": {},
  "turn scores": {
    "0": {
      "efficient_move": 1,
      "similarity": 9.485174635513328
    },
    "1": {
      "efficient_move": 1,
      "similarity": 23.840584404423538
    },
    "2": {
      "efficient_move": 0,
      "similarity": 23.840584404423538
    },
    "3": {
      "efficient_move": 1,
      "similarity": 23.840584404423538
    },
    "4": {
      "efficient_move": 0,
      "similarity": 23.840584404423538
    },
    "5": {
      "efficient_move": 1,
      "similarity": 23.840584404423538
    },
    "6": {
      "efficient_move": 0,
      "similarity": 23.840584404423538
    }
  },
  "episode scores": {
    "Success": 0,
    "Aborted": 0,
    "Lose": 1,
    "moves": 7,
    "valid_moves": 7,
    "invalid_moves": 0,
    "stopped": 1,
    "turns_limit": 0,
    "loops": 5,
    "number_visited": 2,
    "seen": 3,
    "efficiency": 57.14285714285714,
    "exploration": 50.0,
    "graph_similarity": 23.840584404423538,
    "Main Score": 53.33333333333333
  }
}