,game,model,experiment,episode,metric,value
0,dond,LLP: Large Language Problems__qwen3.5-9b__llp-final,coop_en,instance_00019,Request Count,2.0
1,dond,LLP: Large Language Problems__qwen3.5-9b__llp-final,coop_en,instance_00019,Parsed Request Count,2.0
2,dond,LLP: Large Language Problems__qwen3.5-9b__llp-final,coop_en,instance_00019,Violated Request Count,0.0
3,dond,LLP: Large Language Problems__qwen3.5-9b__llp-final,coop_en,instance_00019,Request Success Ratio,1.0
4,dond,LLP: Large Language Problems__qwen3.5-9b__llp-final,coop_en,instance_00019,Aborted,0.0
5,dond,LLP: Large Language Problems__qwen3.5-9b__llp-final,coop_en,instance_00019,Lose,1.0
6,dond,LLP: Large Language Problems__qwen3.5-9b__llp-final,coop_en,instance_00019,Success,0.0
7,dond,LLP: Large Language Problems__qwen3.5-9b__llp-final,coop_en,instance_00019,Main Score,0.0
8,dond,LLP: Large Language Problems__qwen3.5-9b__llp-final,coop_en,instance_00019,Sum of Points,0.0
9,dond,LLP: Large Language Problems__qwen3.5-9b__llp-final,coop_en,instance_00019,Pareto Optimal,0.0
10,dond,LLP: Large Language Problems__qwen3.5-9b__llp-final,coop_en,instance_00006,Request Count,2.0
11,dond,LLP: Large Language Problems__qwen3.5-9b__llp-final,coop_en,instance_00006,Parsed Request Count,2.0
12,dond,LLP: Large Language Problems__qwen3.5-9b__llp-final,coop_en,instance_00006,Violated Request Count,0.0
13,dond,LLP: Large Language Problems__qwen3.5-9b__llp-final,coop_en,instance_00006,Request Success Ratio,1.0
14,dond,LLP: Large Language Problems__qwen3.5-9b__llp-final,coop_en,instance_00006,Aborted,0.0
15,dond,LLP: Large Language Problems__qwen3.5-9b__llp-final,coop_en,instance_00006,Lose,1.0
16,dond,LLP: Large Language Problems__qwen3.5-9b__llp-final,coop_en,instance_00006,Success,0.0
17,dond,LLP: Large Language Problems__qwen3.5-9b__llp-final,coop_en,instance_00006,Main Score,0.0
18,dond,LLP: Large Language Problems__qwen3.5-9b__llp-final,coop_en,instance_00006,Sum of Points,0.0
19,dond,LLP: Large Language Problems__qwen3.5-9b__llp-final,coop_en,instance_00006,Pareto Optimal,0.0
20,dond,LLP: Large Language Problems__qwen3.5-9b__llp-final,semi_en,instance_00015,Request Count,3.0
21,dond,LLP: Large Language Problems__qwen3.5-9b__llp-final,semi_en,instance_00015,Parsed Request Count,3.0
22,dond,LLP: Large Language Problems__qwen3.5-9b__llp-final,semi_en,instance_00015,Violated Request Count,0.0
23,dond,LLP: Large Language Problems__qwen3.5-9b__llp-final,semi_en,instance_00015,Request Success Ratio,1.0
24,dond,LLP: Large Language Problems__qwen3.5-9b__llp-final,semi_en,instance_00015,Aborted,0.0
25,dond,LLP: Large Language Problems__qwen3.5-9b__llp-final,semi_en,instance_00015,Lose,0.0
26,dond,LLP: Large Language Problems__qwen3.5-9b__llp-final,semi_en,instance_00015,Success,1.0
27,dond,LLP: Large Language Problems__qwen3.5-9b__llp-final,semi_en,instance_00015,Main Score,100.0
28,dond,LLP: Large Language Problems__qwen3.5-9b__llp-final,semi_en,instance_00015,Sum of Points,1.0
29,dond,LLP: Large Language Problems__qwen3.5-9b__llp-final,semi_en,instance_00015,Pareto Optimal,1.0
30,dond,LLP: Large Language Problems__qwen3.5-9b__llp-final,semi_en,instance_00001,Request Count,4.0
31,dond,LLP: Large Language Problems__qwen3.5-9b__llp-final,semi_en,instance_00001,Parsed Request Count,4.0
32,dond,LLP: Large Language Problems__qwen3.5-9b__llp-final,semi_en,instance_00001,Violated Request Count,0.0
33,dond,LLP: Large Language Problems__qwen3.5-9b__llp-final,semi_en,instance_00001,Request Success Ratio,1.0
34,dond,LLP: Large Language Problems__qwen3.5-9b__llp-final,semi_en,instance_00001,Aborted,0.0
35,dond,LLP: Large Language Problems__qwen3.5-9b__llp-final,semi_en,instance_00001,Lose,0.0
36,dond,LLP: Large Language Problems__qwen3.5-9b__llp-final,semi_en,instance_00001,Success,1.0
37,dond,LLP: Large Language Problems__qwen3.5-9b__llp-final,semi_en,instance_00001,Main Score,70.0
38,dond,LLP: Large Language Problems__qwen3.5-9b__llp-final,semi_en,instance_00001,Sum of Points,0.6875
39,dond,LLP: Large Language Problems__qwen3.5-9b__llp-final,semi_en,instance_00001,Pareto Optimal,0.0
40,wordle,LLP: Large Language Problems__qwen3.5-9b__llp-final,medium_frequency_words_no_clue_no_critic,instance_00014,Aborted,0.0
41,wordle,LLP: Large Language Problems__qwen3.5-9b__llp-final,medium_frequency_words_no_clue_no_critic,instance_00014,Lose,0.0
42,wordle,LLP: Large Language Problems__qwen3.5-9b__llp-final,medium_frequency_words_no_clue_no_critic,instance_00014,Success,1.0
43,wordle,LLP: Large Language Problems__qwen3.5-9b__llp-final,medium_frequency_words_no_clue_no_critic,instance_00014,Request Count,4.0
44,wordle,LLP: Large Language Problems__qwen3.5-9b__llp-final,medium_frequency_words_no_clue_no_critic,instance_00014,Parsed Request Count,4.0
45,wordle,LLP: Large Language Problems__qwen3.5-9b__llp-final,medium_frequency_words_no_clue_no_critic,instance_00014,Violated Request Count,0.0
46,wordle,LLP: Large Language Problems__qwen3.5-9b__llp-final,medium_frequency_words_no_clue_no_critic,instance_00014,Request Success Ratio,1.0
47,wordle,LLP: Large Language Problems__qwen3.5-9b__llp-final,medium_frequency_words_no_clue_no_critic,instance_00014,Main Score,50.0
48,wordle,LLP: Large Language Problems__qwen3.5-9b__llp-final,medium_frequency_words_no_clue_no_critic,instance_00014,Guess Repetitions,0.0
49,wordle,LLP: Large Language Problems__qwen3.5-9b__llp-final,medium_frequency_words_no_clue_no_critic,instance_00007,Aborted,1.0
50,wordle,LLP: Large Language Problems__qwen3.5-9b__llp-final,medium_frequency_words_no_clue_no_critic,instance_00007,Lose,0.0
51,wordle,LLP: Large Language Problems__qwen3.5-9b__llp-final,medium_frequency_words_no_clue_no_critic,instance_00007,Success,0.0
52,wordle,LLP: Large Language Problems__qwen3.5-9b__llp-final,medium_frequency_words_no_clue_no_critic,instance_00007,Request Count,10.0
53,wordle,LLP: Large Language Problems__qwen3.5-9b__llp-final,medium_frequency_words_no_clue_no_critic,instance_00007,Parsed Request Count,10.0
54,wordle,LLP: Large Language Problems__qwen3.5-9b__llp-final,medium_frequency_words_no_clue_no_critic,instance_00007,Violated Request Count,0.0
55,wordle,LLP: Large Language Problems__qwen3.5-9b__llp-final,medium_frequency_words_no_clue_no_critic,instance_00007,Request Success Ratio,1.0
56,wordle,LLP: Large Language Problems__qwen3.5-9b__llp-final,medium_frequency_words_no_clue_no_critic,instance_00007,Main Score,
57,wordle,LLP: Large Language Problems__qwen3.5-9b__llp-final,medium_frequency_words_no_clue_no_critic,instance_00007,Guess Repetitions,
58,wordle,LLP: Large Language Problems__qwen3.5-9b__llp-final,high_frequency_words_no_clue_no_critic,instance_00007,Aborted,1.0
59,wordle,LLP: Large Language Problems__qwen3.5-9b__llp-final,high_frequency_words_no_clue_no_critic,instance_00007,Lose,0.0
60,wordle,LLP: Large Language Problems__qwen3.5-9b__llp-final,high_frequency_words_no_clue_no_critic,instance_00007,Success,0.0
61,wordle,LLP: Large Language Problems__qwen3.5-9b__llp-final,high_frequency_words_no_clue_no_critic,instance_00007,Request Count,2.0
62,wordle,LLP: Large Language Problems__qwen3.5-9b__llp-final,high_frequency_words_no_clue_no_critic,instance_00007,Parsed Request Count,1.0
63,wordle,LLP: Large Language Problems__qwen3.5-9b__llp-final,high_frequency_words_no_clue_no_critic,instance_00007,Violated Request Count,1.0
64,wordle,LLP: Large Language Problems__qwen3.5-9b__llp-final,high_frequency_words_no_clue_no_critic,instance_00007,Request Success Ratio,0.5
65,wordle,LLP: Large Language Problems__qwen3.5-9b__llp-final,high_frequency_words_no_clue_no_critic,instance_00007,Main Score,
66,wordle,LLP: Large Language Problems__qwen3.5-9b__llp-final,high_frequency_words_no_clue_no_critic,instance_00007,Guess Repetitions,
67,guesswhat,LLP: Large Language Problems__qwen3.5-9b__llp-final,Abs_Level_3,instance_00008,Violated Request Count,0.0
68,guesswhat,LLP: Large Language Problems__qwen3.5-9b__llp-final,Abs_Level_3,instance_00008,Parsed Request Count,3.0
69,guesswhat,LLP: Large Language Problems__qwen3.5-9b__llp-final,Abs_Level_3,instance_00008,Request Count,3.0
70,guesswhat,LLP: Large Language Problems__qwen3.5-9b__llp-final,Abs_Level_3,instance_00008,Request Success Ratio,1.0
71,guesswhat,LLP: Large Language Problems__qwen3.5-9b__llp-final,Abs_Level_3,instance_00008,Aborted,0.0
72,guesswhat,LLP: Large Language Problems__qwen3.5-9b__llp-final,Abs_Level_3,instance_00008,Success,0.0
73,guesswhat,LLP: Large Language Problems__qwen3.5-9b__llp-final,Abs_Level_3,instance_00008,Lose,1.0
74,guesswhat,LLP: Large Language Problems__qwen3.5-9b__llp-final,Abs_Level_3,instance_00008,Main Score,0.0
75,guesswhat,LLP: Large Language Problems__qwen3.5-9b__llp-final,Abs_Level_3,instance_00008,Invalid format guesser response,0.0
76,guesswhat,LLP: Large Language Problems__qwen3.5-9b__llp-final,Abs_Level_3,instance_00008,Invalid format answerer response,0.0
77,guesswhat,LLP: Large Language Problems__qwen3.5-9b__llp-final,Abs_Level_3,instance_00008,Invalid content guesser response,0.0
78,guesswhat,LLP: Large Language Problems__qwen3.5-9b__llp-final,Abs_Level_3,instance_00008,Invalid content answerer response,0.0
79,guesswhat,LLP: Large Language Problems__qwen3.5-9b__llp-final,Abs_Level_2,instance_00007,Violated Request Count,0.0
80,guesswhat,LLP: Large Language Problems__qwen3.5-9b__llp-final,Abs_Level_2,instance_00007,Parsed Request Count,2.0
81,guesswhat,LLP: Large Language Problems__qwen3.5-9b__llp-final,Abs_Level_2,instance_00007,Request Count,2.0
82,guesswhat,LLP: Large Language Problems__qwen3.5-9b__llp-final,Abs_Level_2,instance_00007,Request Success Ratio,1.0
83,guesswhat,LLP: Large Language Problems__qwen3.5-9b__llp-final,Abs_Level_2,instance_00007,Aborted,0.0
84,guesswhat,LLP: Large Language Problems__qwen3.5-9b__llp-final,Abs_Level_2,instance_00007,Success,0.0
85,guesswhat,LLP: Large Language Problems__qwen3.5-9b__llp-final,Abs_Level_2,instance_00007,Lose,1.0
86,guesswhat,LLP: Large Language Problems__qwen3.5-9b__llp-final,Abs_Level_2,instance_00007,Main Score,0.0
87,guesswhat,LLP: Large Language Problems__qwen3.5-9b__llp-final,Abs_Level_2,instance_00007,Invalid format guesser response,0.0
88,guesswhat,LLP: Large Language Problems__qwen3.5-9b__llp-final,Abs_Level_2,instance_00007,Invalid format answerer response,0.0
89,guesswhat,LLP: Large Language Problems__qwen3.5-9b__llp-final,Abs_Level_2,instance_00007,Invalid content guesser response,0.0
90,guesswhat,LLP: Large Language Problems__qwen3.5-9b__llp-final,Abs_Level_2,instance_00007,Invalid content answerer response,0.0
91,guesswhat,LLP: Large Language Problems__qwen3.5-9b__llp-final,Abs_Level_1,instance_00002,Violated Request Count,0.0
92,guesswhat,LLP: Large Language Problems__qwen3.5-9b__llp-final,Abs_Level_1,instance_00002,Parsed Request Count,2.0
93,guesswhat,LLP: Large Language Problems__qwen3.5-9b__llp-final,Abs_Level_1,instance_00002,Request Count,2.0
94,guesswhat,LLP: Large Language Problems__qwen3.5-9b__llp-final,Abs_Level_1,instance_00002,Request Success Ratio,1.0
95,guesswhat,LLP: Large Language Problems__qwen3.5-9b__llp-final,Abs_Level_1,instance_00002,Aborted,0.0
96,guesswhat,LLP: Large Language Problems__qwen3.5-9b__llp-final,Abs_Level_1,instance_00002,Success,0.0
97,guesswhat,LLP: Large Language Problems__qwen3.5-9b__llp-final,Abs_Level_1,instance_00002,Lose,1.0
98,guesswhat,LLP: Large Language Problems__qwen3.5-9b__llp-final,Abs_Level_1,instance_00002,Main Score,0.0
99,guesswhat,LLP: Large Language Problems__qwen3.5-9b__llp-final,Abs_Level_1,instance_00002,Invalid format guesser response,0.0
100,guesswhat,LLP: Large Language Problems__qwen3.5-9b__llp-final,Abs_Level_1,instance_00002,Invalid format answerer response,0.0
101,guesswhat,LLP: Large Language Problems__qwen3.5-9b__llp-final,Abs_Level_1,instance_00002,Invalid content guesser response,0.0
102,guesswhat,LLP: Large Language Problems__qwen3.5-9b__llp-final,Abs_Level_1,instance_00002,Invalid content answerer response,0.0
103,guesswhat,LLP: Large Language Problems__qwen3.5-9b__llp-final,Level_1,instance_00002,Violated Request Count,0.0
104,guesswhat,LLP: Large Language Problems__qwen3.5-9b__llp-final,Level_1,instance_00002,Parsed Request Count,2.0
105,guesswhat,LLP: Large Language Problems__qwen3.5-9b__llp-final,Level_1,instance_00002,Request Count,2.0
106,guesswhat,LLP: Large Language Problems__qwen3.5-9b__llp-final,Level_1,instance_00002,Request Success Ratio,1.0
107,guesswhat,LLP: Large Language Problems__qwen3.5-9b__llp-final,Level_1,instance_00002,Aborted,0.0
108,guesswhat,LLP: Large Language Problems__qwen3.5-9b__llp-final,Level_1,instance_00002,Success,0.0
109,guesswhat,LLP: Large Language Problems__qwen3.5-9b__llp-final,Level_1,instance_00002,Lose,1.0
110,guesswhat,LLP: Large Language Problems__qwen3.5-9b__llp-final,Level_1,instance_00002,Main Score,0.0
111,guesswhat,LLP: Large Language Problems__qwen3.5-9b__llp-final,Level_1,instance_00002,Invalid format guesser response,0.0
112,guesswhat,LLP: Large Language Problems__qwen3.5-9b__llp-final,Level_1,instance_00002,Invalid format answerer response,0.0
113,guesswhat,LLP: Large Language Problems__qwen3.5-9b__llp-final,Level_1,instance_00002,Invalid content guesser response,0.0
114,guesswhat,LLP: Large Language Problems__qwen3.5-9b__llp-final,Level_1,instance_00002,Invalid content answerer response,0.0
115,guesswhat,LLP: Large Language Problems__qwen3.5-9b__llp-final,Level_2,instance_00009,Violated Request Count,0.0
116,guesswhat,LLP: Large Language Problems__qwen3.5-9b__llp-final,Level_2,instance_00009,Parsed Request Count,2.0
117,guesswhat,LLP: Large Language Problems__qwen3.5-9b__llp-final,Level_2,instance_00009,Request Count,2.0
118,guesswhat,LLP: Large Language Problems__qwen3.5-9b__llp-final,Level_2,instance_00009,Request Success Ratio,1.0
119,guesswhat,LLP: Large Language Problems__qwen3.5-9b__llp-final,Level_2,instance_00009,Aborted,0.0
120,guesswhat,LLP: Large Language Problems__qwen3.5-9b__llp-final,Level_2,instance_00009,Success,0.0
121,guesswhat,LLP: Large Language Problems__qwen3.5-9b__llp-final,Level_2,instance_00009,Lose,1.0
122,guesswhat,LLP: Large Language Problems__qwen3.5-9b__llp-final,Level_2,instance_00009,Main Score,0.0
123,guesswhat,LLP: Large Language Problems__qwen3.5-9b__llp-final,Level_2,instance_00009,Invalid format guesser response,0.0
124,guesswhat,LLP: Large Language Problems__qwen3.5-9b__llp-final,Level_2,instance_00009,Invalid format answerer response,0.0
125,guesswhat,LLP: Large Language Problems__qwen3.5-9b__llp-final,Level_2,instance_00009,Invalid content guesser response,0.0
126,guesswhat,LLP: Large Language Problems__qwen3.5-9b__llp-final,Level_2,instance_00009,Invalid content answerer response,0.0
127,guesswhat,LLP: Large Language Problems__qwen3.5-9b__llp-final,Level_3,instance_00008,Violated Request Count,0.0
128,guesswhat,LLP: Large Language Problems__qwen3.5-9b__llp-final,Level_3,instance_00008,Parsed Request Count,2.0
129,guesswhat,LLP: Large Language Problems__qwen3.5-9b__llp-final,Level_3,instance_00008,Request Count,2.0
130,guesswhat,LLP: Large Language Problems__qwen3.5-9b__llp-final,Level_3,instance_00008,Request Success Ratio,1.0
131,guesswhat,LLP: Large Language Problems__qwen3.5-9b__llp-final,Level_3,instance_00008,Aborted,0.0
132,guesswhat,LLP: Large Language Problems__qwen3.5-9b__llp-final,Level_3,instance_00008,Success,0.0
133,guesswhat,LLP: Large Language Problems__qwen3.5-9b__llp-final,Level_3,instance_00008,Lose,1.0
134,guesswhat,LLP: Large Language Problems__qwen3.5-9b__llp-final,Level_3,instance_00008,Main Score,0.0
135,guesswhat,LLP: Large Language Problems__qwen3.5-9b__llp-final,Level_3,instance_00008,Invalid format guesser response,0.0
136,guesswhat,LLP: Large Language Problems__qwen3.5-9b__llp-final,Level_3,instance_00008,Invalid format answerer response,0.0
137,guesswhat,LLP: Large Language Problems__qwen3.5-9b__llp-final,Level_3,instance_00008,Invalid content guesser response,0.0
138,guesswhat,LLP: Large Language Problems__qwen3.5-9b__llp-final,Level_3,instance_00008,Invalid content answerer response,0.0
139,privateshared,LLP: Large Language Problems__qwen3.5-9b__llp-final,things-places,instance_00003,Middle-Accuracy,0.9333333333333333
140,privateshared,LLP: Large Language Problems__qwen3.5-9b__llp-final,things-places,instance_00003,Accuracy,0.9
141,privateshared,LLP: Large Language Problems__qwen3.5-9b__llp-final,things-places,instance_00003,Kappa,0.8
142,privateshared,LLP: Large Language Problems__qwen3.5-9b__llp-final,things-places,instance_00003,Truncated Kappa,0.8
143,privateshared,LLP: Large Language Problems__qwen3.5-9b__llp-final,things-places,instance_00003,Slot-Filling-Accuracy,1.0
144,privateshared,LLP: Large Language Problems__qwen3.5-9b__llp-final,things-places,instance_00003,Main Score,88.8888888888889
145,privateshared,LLP: Large Language Problems__qwen3.5-9b__llp-final,things-places,instance_00003,Aborted,0.0
146,privateshared,LLP: Large Language Problems__qwen3.5-9b__llp-final,things-places,instance_00003,Lose,1.0
147,privateshared,LLP: Large Language Problems__qwen3.5-9b__llp-final,things-places,instance_00003,Success,0.0
148,privateshared,LLP: Large Language Problems__qwen3.5-9b__llp-final,things-places,instance_00003,Request Count,255.0
149,privateshared,LLP: Large Language Problems__qwen3.5-9b__llp-final,things-places,instance_00003,Parsed Request Count,255.0
150,privateshared,LLP: Large Language Problems__qwen3.5-9b__llp-final,things-places,instance_00003,Violated Request Count,0.0
151,privateshared,LLP: Large Language Problems__qwen3.5-9b__llp-final,things-places,instance_00003,Request Success Ratio,1.0
152,privateshared,LLP: Large Language Problems__qwen3.5-9b__llp-final,restaurant,instance_00007,Middle-Accuracy,0.6
153,privateshared,LLP: Large Language Problems__qwen3.5-9b__llp-final,restaurant,instance_00007,Accuracy,0.8333333333333334
154,privateshared,LLP: Large Language Problems__qwen3.5-9b__llp-final,restaurant,instance_00007,Kappa,0.6666666666666667
155,privateshared,LLP: Large Language Problems__qwen3.5-9b__llp-final,restaurant,instance_00007,Truncated Kappa,0.6666666666666667
156,privateshared,LLP: Large Language Problems__qwen3.5-9b__llp-final,restaurant,instance_00007,Slot-Filling-Accuracy,1.0
157,privateshared,LLP: Large Language Problems__qwen3.5-9b__llp-final,restaurant,instance_00007,Main Score,80.0
158,privateshared,LLP: Large Language Problems__qwen3.5-9b__llp-final,restaurant,instance_00007,Aborted,0.0
159,privateshared,LLP: Large Language Problems__qwen3.5-9b__llp-final,restaurant,instance_00007,Lose,1.0
160,privateshared,LLP: Large Language Problems__qwen3.5-9b__llp-final,restaurant,instance_00007,Success,0.0
161,privateshared,LLP: Large Language Problems__qwen3.5-9b__llp-final,restaurant,instance_00007,Request Count,36.0
162,privateshared,LLP: Large Language Problems__qwen3.5-9b__llp-final,restaurant,instance_00007,Parsed Request Count,35.0
163,privateshared,LLP: Large Language Problems__qwen3.5-9b__llp-final,restaurant,instance_00007,Violated Request Count,1.0
164,privateshared,LLP: Large Language Problems__qwen3.5-9b__llp-final,restaurant,instance_00007,Request Success Ratio,0.9722222222222222
165,privateshared,LLP: Large Language Problems__qwen3.5-9b__llp-final,travel-booking,instance_00009,Middle-Accuracy,0.6
166,privateshared,LLP: Large Language Problems__qwen3.5-9b__llp-final,travel-booking,instance_00009,Accuracy,0.6666666666666666
167,privateshared,LLP: Large Language Problems__qwen3.5-9b__llp-final,travel-booking,instance_00009,Kappa,0.33333333333333337
168,privateshared,LLP: Large Language Problems__qwen3.5-9b__llp-final,travel-booking,instance_00009,Truncated Kappa,0.33333333333333337
169,privateshared,LLP: Large Language Problems__qwen3.5-9b__llp-final,travel-booking,instance_00009,Slot-Filling-Accuracy,1.0
170,privateshared,LLP: Large Language Problems__qwen3.5-9b__llp-final,travel-booking,instance_00009,Main Score,50.0
171,privateshared,LLP: Large Language Problems__qwen3.5-9b__llp-final,travel-booking,instance_00009,Aborted,0.0
172,privateshared,LLP: Large Language Problems__qwen3.5-9b__llp-final,travel-booking,instance_00009,Lose,1.0
173,privateshared,LLP: Large Language Problems__qwen3.5-9b__llp-final,travel-booking,instance_00009,Success,0.0
174,privateshared,LLP: Large Language Problems__qwen3.5-9b__llp-final,travel-booking,instance_00009,Request Count,35.0
175,privateshared,LLP: Large Language Problems__qwen3.5-9b__llp-final,travel-booking,instance_00009,Parsed Request Count,35.0
176,privateshared,LLP: Large Language Problems__qwen3.5-9b__llp-final,travel-booking,instance_00009,Violated Request Count,0.0
177,privateshared,LLP: Large Language Problems__qwen3.5-9b__llp-final,travel-booking,instance_00009,Request Success Ratio,1.0
178,privateshared,LLP: Large Language Problems__qwen3.5-9b__llp-final,job-interview,instance_00008,Middle-Accuracy,0.6
179,privateshared,LLP: Large Language Problems__qwen3.5-9b__llp-final,job-interview,instance_00008,Accuracy,0.6
180,privateshared,LLP: Large Language Problems__qwen3.5-9b__llp-final,job-interview,instance_00008,Kappa,0.19999999999999996
181,privateshared,LLP: Large Language Problems__qwen3.5-9b__llp-final,job-interview,instance_00008,Truncated Kappa,0.19999999999999996
182,privateshared,LLP: Large Language Problems__qwen3.5-9b__llp-final,job-interview,instance_00008,Slot-Filling-Accuracy,1.0
183,privateshared,LLP: Large Language Problems__qwen3.5-9b__llp-final,job-interview,instance_00008,Main Score,33.33333333333333
184,privateshared,LLP: Large Language Problems__qwen3.5-9b__llp-final,job-interview,instance_00008,Aborted,0.0
185,privateshared,LLP: Large Language Problems__qwen3.5-9b__llp-final,job-interview,instance_00008,Lose,1.0
186,privateshared,LLP: Large Language Problems__qwen3.5-9b__llp-final,job-interview,instance_00008,Success,0.0
187,privateshared,LLP: Large Language Problems__qwen3.5-9b__llp-final,job-interview,instance_00008,Request Count,35.0
188,privateshared,LLP: Large Language Problems__qwen3.5-9b__llp-final,job-interview,instance_00008,Parsed Request Count,35.0
189,privateshared,LLP: Large Language Problems__qwen3.5-9b__llp-final,job-interview,instance_00008,Violated Request Count,0.0
190,privateshared,LLP: Large Language Problems__qwen3.5-9b__llp-final,job-interview,instance_00008,Request Success Ratio,1.0
191,privateshared,LLP: Large Language Problems__qwen3.5-9b__llp-final,letter-number,instance_00009,Middle-Accuracy,0.6
192,privateshared,LLP: Large Language Problems__qwen3.5-9b__llp-final,letter-number,instance_00009,Accuracy,0.7
193,privateshared,LLP: Large Language Problems__qwen3.5-9b__llp-final,letter-number,instance_00009,Kappa,0.4
194,privateshared,LLP: Large Language Problems__qwen3.5-9b__llp-final,letter-number,instance_00009,Truncated Kappa,0.4
195,privateshared,LLP: Large Language Problems__qwen3.5-9b__llp-final,letter-number,instance_00009,Slot-Filling-Accuracy,1.0
196,privateshared,LLP: Large Language Problems__qwen3.5-9b__llp-final,letter-number,instance_00009,Main Score,57.14285714285715
197,privateshared,LLP: Large Language Problems__qwen3.5-9b__llp-final,letter-number,instance_00009,Aborted,0.0
198,privateshared,LLP: Large Language Problems__qwen3.5-9b__llp-final,letter-number,instance_00009,Lose,1.0
199,privateshared,LLP: Large Language Problems__qwen3.5-9b__llp-final,letter-number,instance_00009,Success,0.0
200,privateshared,LLP: Large Language Problems__qwen3.5-9b__llp-final,letter-number,instance_00009,Request Count,120.0
201,privateshared,LLP: Large Language Problems__qwen3.5-9b__llp-final,letter-number,instance_00009,Parsed Request Count,120.0
202,privateshared,LLP: Large Language Problems__qwen3.5-9b__llp-final,letter-number,instance_00009,Violated Request Count,0.0
203,privateshared,LLP: Large Language Problems__qwen3.5-9b__llp-final,letter-number,instance_00009,Request Success Ratio,1.0
204,wordle_withcritic,LLP: Large Language Problems__qwen3.5-9b__llp-final,medium_frequency_words_clue_with_critic,instance_00004,Aborted,1.0
205,wordle_withcritic,LLP: Large Language Problems__qwen3.5-9b__llp-final,medium_frequency_words_clue_with_critic,instance_00004,Lose,0.0
206,wordle_withcritic,LLP: Large Language Problems__qwen3.5-9b__llp-final,medium_frequency_words_clue_with_critic,instance_00004,Success,0.0
207,wordle_withcritic,LLP: Large Language Problems__qwen3.5-9b__llp-final,medium_frequency_words_clue_with_critic,instance_00004,Request Count,1.0
208,wordle_withcritic,LLP: Large Language Problems__qwen3.5-9b__llp-final,medium_frequency_words_clue_with_critic,instance_00004,Parsed Request Count,0.0
209,wordle_withcritic,LLP: Large Language Problems__qwen3.5-9b__llp-final,medium_frequency_words_clue_with_critic,instance_00004,Violated Request Count,1.0
210,wordle_withcritic,LLP: Large Language Problems__qwen3.5-9b__llp-final,medium_frequency_words_clue_with_critic,instance_00004,Request Success Ratio,0.0
211,wordle_withcritic,LLP: Large Language Problems__qwen3.5-9b__llp-final,medium_frequency_words_clue_with_critic,instance_00004,Main Score,
212,wordle_withcritic,LLP: Large Language Problems__qwen3.5-9b__llp-final,medium_frequency_words_clue_with_critic,instance_00004,Guess Repetitions,
213,wordle_withcritic,LLP: Large Language Problems__qwen3.5-9b__llp-final,medium_frequency_words_clue_with_critic,instance_00004,Repetition-Guesser-On-Critic-Agreement,
214,wordle_withcritic,LLP: Large Language Problems__qwen3.5-9b__llp-final,medium_frequency_words_clue_with_critic,instance_00004,Non-Repetition-Guesser-On-Critic-Agreement,
215,wordle_withcritic,LLP: Large Language Problems__qwen3.5-9b__llp-final,medium_frequency_words_clue_with_critic,instance_00004,Repetition-Guesser-On-Critic-Disagreement,
216,wordle_withcritic,LLP: Large Language Problems__qwen3.5-9b__llp-final,medium_frequency_words_clue_with_critic,instance_00004,Non-Repetition-Guesser-On-Critic-Disagreement,
217,wordle_withcritic,LLP: Large Language Problems__qwen3.5-9b__llp-final,medium_frequency_words_clue_with_critic,instance_00019,Aborted,1.0
218,wordle_withcritic,LLP: Large Language Problems__qwen3.5-9b__llp-final,medium_frequency_words_clue_with_critic,instance_00019,Lose,0.0
219,wordle_withcritic,LLP: Large Language Problems__qwen3.5-9b__llp-final,medium_frequency_words_clue_with_critic,instance_00019,Success,0.0
220,wordle_withcritic,LLP: Large Language Problems__qwen3.5-9b__llp-final,medium_frequency_words_clue_with_critic,instance_00019,Request Count,4.0
221,wordle_withcritic,LLP: Large Language Problems__qwen3.5-9b__llp-final,medium_frequency_words_clue_with_critic,instance_00019,Parsed Request Count,3.0
222,wordle_withcritic,LLP: Large Language Problems__qwen3.5-9b__llp-final,medium_frequency_words_clue_with_critic,instance_00019,Violated Request Count,1.0
223,wordle_withcritic,LLP: Large Language Problems__qwen3.5-9b__llp-final,medium_frequency_words_clue_with_critic,instance_00019,Request Success Ratio,0.75
224,wordle_withcritic,LLP: Large Language Problems__qwen3.5-9b__llp-final,medium_frequency_words_clue_with_critic,instance_00019,Main Score,
225,wordle_withcritic,LLP: Large Language Problems__qwen3.5-9b__llp-final,medium_frequency_words_clue_with_critic,instance_00019,Guess Repetitions,
226,wordle_withcritic,LLP: Large Language Problems__qwen3.5-9b__llp-final,medium_frequency_words_clue_with_critic,instance_00019,Repetition-Guesser-On-Critic-Agreement,1.0
227,wordle_withcritic,LLP: Large Language Problems__qwen3.5-9b__llp-final,medium_frequency_words_clue_with_critic,instance_00019,Non-Repetition-Guesser-On-Critic-Agreement,0.0
228,wordle_withcritic,LLP: Large Language Problems__qwen3.5-9b__llp-final,medium_frequency_words_clue_with_critic,instance_00019,Repetition-Guesser-On-Critic-Disagreement,0.0
229,wordle_withcritic,LLP: Large Language Problems__qwen3.5-9b__llp-final,medium_frequency_words_clue_with_critic,instance_00019,Non-Repetition-Guesser-On-Critic-Disagreement,0.0
230,wordle_withcritic,LLP: Large Language Problems__qwen3.5-9b__llp-final,high_frequency_words_clue_with_critic,instance_00002,Aborted,1.0
231,wordle_withcritic,LLP: Large Language Problems__qwen3.5-9b__llp-final,high_frequency_words_clue_with_critic,instance_00002,Lose,0.0
232,wordle_withcritic,LLP: Large Language Problems__qwen3.5-9b__llp-final,high_frequency_words_clue_with_critic,instance_00002,Success,0.0
233,wordle_withcritic,LLP: Large Language Problems__qwen3.5-9b__llp-final,high_frequency_words_clue_with_critic,instance_00002,Request Count,9.0
234,wordle_withcritic,LLP: Large Language Problems__qwen3.5-9b__llp-final,high_frequency_words_clue_with_critic,instance_00002,Parsed Request Count,8.0
235,wordle_withcritic,LLP: Large Language Problems__qwen3.5-9b__llp-final,high_frequency_words_clue_with_critic,instance_00002,Violated Request Count,1.0
236,wordle_withcritic,LLP: Large Language Problems__qwen3.5-9b__llp-final,high_frequency_words_clue_with_critic,instance_00002,Request Success Ratio,0.8888888888888888
237,wordle_withcritic,LLP: Large Language Problems__qwen3.5-9b__llp-final,high_frequency_words_clue_with_critic,instance_00002,Main Score,
238,wordle_withcritic,LLP: Large Language Problems__qwen3.5-9b__llp-final,high_frequency_words_clue_with_critic,instance_00002,Guess Repetitions,
239,wordle_withcritic,LLP: Large Language Problems__qwen3.5-9b__llp-final,high_frequency_words_clue_with_critic,instance_00002,Repetition-Guesser-On-Critic-Agreement,1.0
240,wordle_withcritic,LLP: Large Language Problems__qwen3.5-9b__llp-final,high_frequency_words_clue_with_critic,instance_00002,Non-Repetition-Guesser-On-Critic-Agreement,0.0
241,wordle_withcritic,LLP: Large Language Problems__qwen3.5-9b__llp-final,high_frequency_words_clue_with_critic,instance_00002,Repetition-Guesser-On-Critic-Disagreement,0.0
242,wordle_withcritic,LLP: Large Language Problems__qwen3.5-9b__llp-final,high_frequency_words_clue_with_critic,instance_00002,Non-Repetition-Guesser-On-Critic-Disagreement,0.0
243,taboo,LLP: Large Language Problems__qwen3.5-9b__llp-final,high_en,instance_00016,Violated Request Count,0.0
244,taboo,LLP: Large Language Problems__qwen3.5-9b__llp-final,high_en,instance_00016,Parsed Request Count,1.0
245,taboo,LLP: Large Language Problems__qwen3.5-9b__llp-final,high_en,instance_00016,Request Count,1.0
246,taboo,LLP: Large Language Problems__qwen3.5-9b__llp-final,high_en,instance_00016,Request Success Ratio,1.0
247,taboo,LLP: Large Language Problems__qwen3.5-9b__llp-final,high_en,instance_00016,Aborted,0.0
248,taboo,LLP: Large Language Problems__qwen3.5-9b__llp-final,high_en,instance_00016,Success,0.0
249,taboo,LLP: Large Language Problems__qwen3.5-9b__llp-final,high_en,instance_00016,Lose,1.0
250,taboo,LLP: Large Language Problems__qwen3.5-9b__llp-final,high_en,instance_00016,Main Score,0.0
251,taboo,LLP: Large Language Problems__qwen3.5-9b__llp-final,high_en,instance_00016,Repetition-Guesser,0.0
252,taboo,LLP: Large Language Problems__qwen3.5-9b__llp-final,high_en,instance_00016,Repetition-Describer,0.0
253,taboo,LLP: Large Language Problems__qwen3.5-9b__llp-final,high_en,instance_00010,Violated Request Count,0.0
254,taboo,LLP: Large Language Problems__qwen3.5-9b__llp-final,high_en,instance_00010,Parsed Request Count,2.0
255,taboo,LLP: Large Language Problems__qwen3.5-9b__llp-final,high_en,instance_00010,Request Count,2.0
256,taboo,LLP: Large Language Problems__qwen3.5-9b__llp-final,high_en,instance_00010,Request Success Ratio,1.0
257,taboo,LLP: Large Language Problems__qwen3.5-9b__llp-final,high_en,instance_00010,Aborted,0.0
258,taboo,LLP: Large Language Problems__qwen3.5-9b__llp-final,high_en,instance_00010,Success,1.0
259,taboo,LLP: Large Language Problems__qwen3.5-9b__llp-final,high_en,instance_00010,Lose,0.0
260,taboo,LLP: Large Language Problems__qwen3.5-9b__llp-final,high_en,instance_00010,Main Score,50.0
261,taboo,LLP: Large Language Problems__qwen3.5-9b__llp-final,high_en,instance_00010,Repetition-Guesser,0.0
262,taboo,LLP: Large Language Problems__qwen3.5-9b__llp-final,high_en,instance_00010,Repetition-Describer,0.0
263,taboo,LLP: Large Language Problems__qwen3.5-9b__llp-final,low_en,instance_00018,Violated Request Count,0.0
264,taboo,LLP: Large Language Problems__qwen3.5-9b__llp-final,low_en,instance_00018,Parsed Request Count,2.0
265,taboo,LLP: Large Language Problems__qwen3.5-9b__llp-final,low_en,instance_00018,Request Count,2.0
266,taboo,LLP: Large Language Problems__qwen3.5-9b__llp-final,low_en,instance_00018,Request Success Ratio,1.0
267,taboo,LLP: Large Language Problems__qwen3.5-9b__llp-final,low_en,instance_00018,Aborted,0.0
268,taboo,LLP: Large Language Problems__qwen3.5-9b__llp-final,low_en,instance_00018,Success,1.0
269,taboo,LLP: Large Language Problems__qwen3.5-9b__llp-final,low_en,instance_00018,Lose,0.0
270,taboo,LLP: Large Language Problems__qwen3.5-9b__llp-final,low_en,instance_00018,Main Score,50.0
271,taboo,LLP: Large Language Problems__qwen3.5-9b__llp-final,low_en,instance_00018,Repetition-Guesser,0.0
272,taboo,LLP: Large Language Problems__qwen3.5-9b__llp-final,low_en,instance_00018,Repetition-Describer,0.0
273,taboo,LLP: Large Language Problems__qwen3.5-9b__llp-final,low_en,instance_00012,Violated Request Count,0.0
274,taboo,LLP: Large Language Problems__qwen3.5-9b__llp-final,low_en,instance_00012,Parsed Request Count,1.0
275,taboo,LLP: Large Language Problems__qwen3.5-9b__llp-final,low_en,instance_00012,Request Count,1.0
276,taboo,LLP: Large Language Problems__qwen3.5-9b__llp-final,low_en,instance_00012,Request Success Ratio,1.0
277,taboo,LLP: Large Language Problems__qwen3.5-9b__llp-final,low_en,instance_00012,Aborted,0.0
278,taboo,LLP: Large Language Problems__qwen3.5-9b__llp-final,low_en,instance_00012,Success,1.0
279,taboo,LLP: Large Language Problems__qwen3.5-9b__llp-final,low_en,instance_00012,Lose,0.0
280,taboo,LLP: Large Language Problems__qwen3.5-9b__llp-final,low_en,instance_00012,Main Score,100.0
281,taboo,LLP: Large Language Problems__qwen3.5-9b__llp-final,low_en,instance_00012,Repetition-Guesser,0.0
282,taboo,LLP: Large Language Problems__qwen3.5-9b__llp-final,low_en,instance_00012,Repetition-Describer,0.0
283,taboo,LLP: Large Language Problems__qwen3.5-9b__llp-final,medium_en,instance_00007,Violated Request Count,0.0
284,taboo,LLP: Large Language Problems__qwen3.5-9b__llp-final,medium_en,instance_00007,Parsed Request Count,1.0
285,taboo,LLP: Large Language Problems__qwen3.5-9b__llp-final,medium_en,instance_00007,Request Count,1.0
286,taboo,LLP: Large Language Problems__qwen3.5-9b__llp-final,medium_en,instance_00007,Request Success Ratio,1.0
287,taboo,LLP: Large Language Problems__qwen3.5-9b__llp-final,medium_en,instance_00007,Aborted,0.0
288,taboo,LLP: Large Language Problems__qwen3.5-9b__llp-final,medium_en,instance_00007,Success,1.0
289,taboo,LLP: Large Language Problems__qwen3.5-9b__llp-final,medium_en,instance_00007,Lose,0.0
290,taboo,LLP: Large Language Problems__qwen3.5-9b__llp-final,medium_en,instance_00007,Main Score,100.0
291,taboo,LLP: Large Language Problems__qwen3.5-9b__llp-final,medium_en,instance_00007,Repetition-Guesser,0.0
292,taboo,LLP: Large Language Problems__qwen3.5-9b__llp-final,medium_en,instance_00007,Repetition-Describer,0.0
293,taboo,LLP: Large Language Problems__qwen3.5-9b__llp-final,medium_en,instance_00010,Violated Request Count,0.0
294,taboo,LLP: Large Language Problems__qwen3.5-9b__llp-final,medium_en,instance_00010,Parsed Request Count,1.0
295,taboo,LLP: Large Language Problems__qwen3.5-9b__llp-final,medium_en,instance_00010,Request Count,1.0
296,taboo,LLP: Large Language Problems__qwen3.5-9b__llp-final,medium_en,instance_00010,Request Success Ratio,1.0
297,taboo,LLP: Large Language Problems__qwen3.5-9b__llp-final,medium_en,instance_00010,Aborted,0.0
298,taboo,LLP: Large Language Problems__qwen3.5-9b__llp-final,medium_en,instance_00010,Success,1.0
299,taboo,LLP: Large Language Problems__qwen3.5-9b__llp-final,medium_en,instance_00010,Lose,0.0
300,taboo,LLP: Large Language Problems__qwen3.5-9b__llp-final,medium_en,instance_00010,Main Score,100.0
301,taboo,LLP: Large Language Problems__qwen3.5-9b__llp-final,medium_en,instance_00010,Repetition-Guesser,0.0
302,taboo,LLP: Large Language Problems__qwen3.5-9b__llp-final,medium_en,instance_00010,Repetition-Describer,0.0
303,wordle_withclue,LLP: Large Language Problems__qwen3.5-9b__llp-final,high_frequency_words_clue_no_critic,instance_00009,Aborted,0.0
304,wordle_withclue,LLP: Large Language Problems__qwen3.5-9b__llp-final,high_frequency_words_clue_no_critic,instance_00009,Lose,0.0
305,wordle_withclue,LLP: Large Language Problems__qwen3.5-9b__llp-final,high_frequency_words_clue_no_critic,instance_00009,Success,1.0
306,wordle_withclue,LLP: Large Language Problems__qwen3.5-9b__llp-final,high_frequency_words_clue_no_critic,instance_00009,Request Count,3.0
307,wordle_withclue,LLP: Large Language Problems__qwen3.5-9b__llp-final,high_frequency_words_clue_no_critic,instance_00009,Parsed Request Count,3.0
308,wordle_withclue,LLP: Large Language Problems__qwen3.5-9b__llp-final,high_frequency_words_clue_no_critic,instance_00009,Violated Request Count,0.0
309,wordle_withclue,LLP: Large Language Problems__qwen3.5-9b__llp-final,high_frequency_words_clue_no_critic,instance_00009,Request Success Ratio,1.0
310,wordle_withclue,LLP: Large Language Problems__qwen3.5-9b__llp-final,high_frequency_words_clue_no_critic,instance_00009,Main Score,33.33
311,wordle_withclue,LLP: Large Language Problems__qwen3.5-9b__llp-final,high_frequency_words_clue_no_critic,instance_00009,Guess Repetitions,0.0
312,wordle_withclue,LLP: Large Language Problems__qwen3.5-9b__llp-final,medium_frequency_words_clue_no_critic,instance_00011,Aborted,1.0
313,wordle_withclue,LLP: Large Language Problems__qwen3.5-9b__llp-final,medium_frequency_words_clue_no_critic,instance_00011,Lose,0.0
314,wordle_withclue,LLP: Large Language Problems__qwen3.5-9b__llp-final,medium_frequency_words_clue_no_critic,instance_00011,Success,0.0
315,wordle_withclue,LLP: Large Language Problems__qwen3.5-9b__llp-final,medium_frequency_words_clue_no_critic,instance_00011,Request Count,1.0
316,wordle_withclue,LLP: Large Language Problems__qwen3.5-9b__llp-final,medium_frequency_words_clue_no_critic,instance_00011,Parsed Request Count,0.0
317,wordle_withclue,LLP: Large Language Problems__qwen3.5-9b__llp-final,medium_frequency_words_clue_no_critic,instance_00011,Violated Request Count,1.0
318,wordle_withclue,LLP: Large Language Problems__qwen3.5-9b__llp-final,medium_frequency_words_clue_no_critic,instance_00011,Request Success Ratio,0.0
319,wordle_withclue,LLP: Large Language Problems__qwen3.5-9b__llp-final,medium_frequency_words_clue_no_critic,instance_00011,Main Score,
320,wordle_withclue,LLP: Large Language Problems__qwen3.5-9b__llp-final,medium_frequency_words_clue_no_critic,instance_00011,Guess Repetitions,
321,wordle_withclue,LLP: Large Language Problems__qwen3.5-9b__llp-final,medium_frequency_words_clue_no_critic,instance_00018,Aborted,0.0
322,wordle_withclue,LLP: Large Language Problems__qwen3.5-9b__llp-final,medium_frequency_words_clue_no_critic,instance_00018,Lose,1.0
323,wordle_withclue,LLP: Large Language Problems__qwen3.5-9b__llp-final,medium_frequency_words_clue_no_critic,instance_00018,Success,0.0
324,wordle_withclue,LLP: Large Language Problems__qwen3.5-9b__llp-final,medium_frequency_words_clue_no_critic,instance_00018,Request Count,6.0
325,wordle_withclue,LLP: Large Language Problems__qwen3.5-9b__llp-final,medium_frequency_words_clue_no_critic,instance_00018,Parsed Request Count,6.0
326,wordle_withclue,LLP: Large Language Problems__qwen3.5-9b__llp-final,medium_frequency_words_clue_no_critic,instance_00018,Violated Request Count,0.0
327,wordle_withclue,LLP: Large Language Problems__qwen3.5-9b__llp-final,medium_frequency_words_clue_no_critic,instance_00018,Request Success Ratio,1.0
328,wordle_withclue,LLP: Large Language Problems__qwen3.5-9b__llp-final,medium_frequency_words_clue_no_critic,instance_00018,Main Score,0.0
329,wordle_withclue,LLP: Large Language Problems__qwen3.5-9b__llp-final,medium_frequency_words_clue_no_critic,instance_00018,Guess Repetitions,0.0
330,textmapworld,LLP: Large Language Problems__qwen3.5-9b__llp-final,large_cycle,instance_00049,Success,0.0
331,textmapworld,LLP: Large Language Problems__qwen3.5-9b__llp-final,large_cycle,instance_00049,Aborted,0.0
332,textmapworld,LLP: Large Language Problems__qwen3.5-9b__llp-final,large_cycle,instance_00049,Lose,1.0
333,textmapworld,LLP: Large Language Problems__qwen3.5-9b__llp-final,large_cycle,instance_00049,moves,10.0
334,textmapworld,LLP: Large Language Problems__qwen3.5-9b__llp-final,large_cycle,instance_00049,valid_moves,10.0
335,textmapworld,LLP: Large Language Problems__qwen3.5-9b__llp-final,large_cycle,instance_00049,invalid_moves,0.0
336,textmapworld,LLP: Large Language Problems__qwen3.5-9b__llp-final,large_cycle,instance_00049,stopped,1.0
337,textmapworld,LLP: Large Language Problems__qwen3.5-9b__llp-final,large_cycle,instance_00049,turns_limit,0.0
338,textmapworld,LLP: Large Language Problems__qwen3.5-9b__llp-final,large_cycle,instance_00049,loops,0.0
339,textmapworld,LLP: Large Language Problems__qwen3.5-9b__llp-final,large_cycle,instance_00049,number_visited,7.0
340,textmapworld,LLP: Large Language Problems__qwen3.5-9b__llp-final,large_cycle,instance_00049,seen,8.0
341,textmapworld,LLP: Large Language Problems__qwen3.5-9b__llp-final,large_cycle,instance_00049,efficiency,70.0
342,textmapworld,LLP: Large Language Problems__qwen3.5-9b__llp-final,large_cycle,instance_00049,exploration,87.5
343,textmapworld,LLP: Large Language Problems__qwen3.5-9b__llp-final,large_cycle,instance_00049,Main Score,77.77777777777777
344,textmapworld,LLP: Large Language Problems__qwen3.5-9b__llp-final,small,instance_00006,Success,1.0
345,textmapworld,LLP: Large Language Problems__qwen3.5-9b__llp-final,small,instance_00006,Aborted,0.0
346,textmapworld,LLP: Large Language Problems__qwen3.5-9b__llp-final,small,instance_00006,Lose,0.0
347,textmapworld,LLP: Large Language Problems__qwen3.5-9b__llp-final,small,instance_00006,moves,4.0
348,textmapworld,LLP: Large Language Problems__qwen3.5-9b__llp-final,small,instance_00006,valid_moves,4.0
349,textmapworld,LLP: Large Language Problems__qwen3.5-9b__llp-final,small,instance_00006,invalid_moves,0.0
350,textmapworld,LLP: Large Language Problems__qwen3.5-9b__llp-final,small,instance_00006,stopped,1.0
351,textmapworld,LLP: Large Language Problems__qwen3.5-9b__llp-final,small,instance_00006,turns_limit,0.0
352,textmapworld,LLP: Large Language Problems__qwen3.5-9b__llp-final,small,instance_00006,loops,0.0
353,textmapworld,LLP: Large Language Problems__qwen3.5-9b__llp-final,small,instance_00006,number_visited,4.0
354,textmapworld,LLP: Large Language Problems__qwen3.5-9b__llp-final,small,instance_00006,seen,4.0
355,textmapworld,LLP: Large Language Problems__qwen3.5-9b__llp-final,small,instance_00006,efficiency,100.0
356,textmapworld,LLP: Large Language Problems__qwen3.5-9b__llp-final,small,instance_00006,exploration,100.0
357,textmapworld,LLP: Large Language Problems__qwen3.5-9b__llp-final,small,instance_00006,Main Score,100.0
358,textmapworld,LLP: Large Language Problems__qwen3.5-9b__llp-final,large,instance_00028,Success,1.0
359,textmapworld,LLP: Large Language Problems__qwen3.5-9b__llp-final,large,instance_00028,Aborted,0.0
360,textmapworld,LLP: Large Language Problems__qwen3.5-9b__llp-final,large,instance_00028,Lose,0.0
361,textmapworld,LLP: Large Language Problems__qwen3.5-9b__llp-final,large,instance_00028,moves,9.0
362,textmapworld,LLP: Large Language Problems__qwen3.5-9b__llp-final,large,instance_00028,valid_moves,9.0
363,textmapworld,LLP: Large Language Problems__qwen3.5-9b__llp-final,large,instance_00028,invalid_moves,0.0
364,textmapworld,LLP: Large Language Problems__qwen3.5-9b__llp-final,large,instance_00028,stopped,1.0
365,textmapworld,LLP: Large Language Problems__qwen3.5-9b__llp-final,large,instance_00028,turns_limit,0.0
366,textmapworld,LLP: Large Language Problems__qwen3.5-9b__llp-final,large,instance_00028,loops,0.0
367,textmapworld,LLP: Large Language Problems__qwen3.5-9b__llp-final,large,instance_00028,number_visited,8.0
368,textmapworld,LLP: Large Language Problems__qwen3.5-9b__llp-final,large,instance_00028,seen,8.0
369,textmapworld,LLP: Large Language Problems__qwen3.5-9b__llp-final,large,instance_00028,efficiency,100.0
370,textmapworld,LLP: Large Language Problems__qwen3.5-9b__llp-final,large,instance_00028,exploration,100.0
371,textmapworld,LLP: Large Language Problems__qwen3.5-9b__llp-final,large,instance_00028,Main Score,100.0
372,textmapworld,LLP: Large Language Problems__qwen3.5-9b__llp-final,medium_cycle,instance_00034,Success,1.0
373,textmapworld,LLP: Large Language Problems__qwen3.5-9b__llp-final,medium_cycle,instance_00034,Aborted,0.0
374,textmapworld,LLP: Large Language Problems__qwen3.5-9b__llp-final,medium_cycle,instance_00034,Lose,0.0
375,textmapworld,LLP: Large Language Problems__qwen3.5-9b__llp-final,medium_cycle,instance_00034,moves,7.0
376,textmapworld,LLP: Large Language Problems__qwen3.5-9b__llp-final,medium_cycle,instance_00034,valid_moves,7.0
377,textmapworld,LLP: Large Language Problems__qwen3.5-9b__llp-final,medium_cycle,instance_00034,invalid_moves,0.0
378,textmapworld,LLP: Large Language Problems__qwen3.5-9b__llp-final,medium_cycle,instance_00034,stopped,1.0
379,textmapworld,LLP: Large Language Problems__qwen3.5-9b__llp-final,medium_cycle,instance_00034,turns_limit,0.0
380,textmapworld,LLP: Large Language Problems__qwen3.5-9b__llp-final,medium_cycle,instance_00034,loops,0.0
381,textmapworld,LLP: Large Language Problems__qwen3.5-9b__llp-final,medium_cycle,instance_00034,number_visited,6.0
382,textmapworld,LLP: Large Language Problems__qwen3.5-9b__llp-final,medium_cycle,instance_00034,seen,6.0
383,textmapworld,LLP: Large Language Problems__qwen3.5-9b__llp-final,medium_cycle,instance_00034,efficiency,71.42857142857143
384,textmapworld,LLP: Large Language Problems__qwen3.5-9b__llp-final,medium_cycle,instance_00034,exploration,100.0
385,textmapworld,LLP: Large Language Problems__qwen3.5-9b__llp-final,medium_cycle,instance_00034,Main Score,83.33333333333333
386,textmapworld,LLP: Large Language Problems__qwen3.5-9b__llp-final,medium,instance_00010,Success,1.0
387,textmapworld,LLP: Large Language Problems__qwen3.5-9b__llp-final,medium,instance_00010,Aborted,0.0
388,textmapworld,LLP: Large Language Problems__qwen3.5-9b__llp-final,medium,instance_00010,Lose,0.0
389,textmapworld,LLP: Large Language Problems__qwen3.5-9b__llp-final,medium,instance_00010,moves,9.0
390,textmapworld,LLP: Large Language Problems__qwen3.5-9b__llp-final,medium,instance_00010,valid_moves,9.0
391,textmapworld,LLP: Large Language Problems__qwen3.5-9b__llp-final,medium,instance_00010,invalid_moves,0.0
392,textmapworld,LLP: Large Language Problems__qwen3.5-9b__llp-final,medium,instance_00010,stopped,1.0
393,textmapworld,LLP: Large Language Problems__qwen3.5-9b__llp-final,medium,instance_00010,turns_limit,0.0
394,textmapworld,LLP: Large Language Problems__qwen3.5-9b__llp-final,medium,instance_00010,loops,0.0
395,textmapworld,LLP: Large Language Problems__qwen3.5-9b__llp-final,medium,instance_00010,number_visited,6.0
396,textmapworld,LLP: Large Language Problems__qwen3.5-9b__llp-final,medium,instance_00010,seen,6.0
397,textmapworld,LLP: Large Language Problems__qwen3.5-9b__llp-final,medium,instance_00010,efficiency,77.77777777777779
398,textmapworld,LLP: Large Language Problems__qwen3.5-9b__llp-final,medium,instance_00010,exploration,100.0
399,textmapworld,LLP: Large Language Problems__qwen3.5-9b__llp-final,medium,instance_00010,Main Score,87.50000000000001
400,referencegame,LLP: Large Language Problems__qwen3.5-9b__llp-final,random_grids,instance_00005,Generated Expression Length,150.0
401,referencegame,LLP: Large Language Problems__qwen3.5-9b__llp-final,random_grids,instance_00005,Generated Expression Number of Tokens,28.0
402,referencegame,LLP: Large Language Problems__qwen3.5-9b__llp-final,random_grids,instance_00005,Aborted at Player 1,0.0
403,referencegame,LLP: Large Language Problems__qwen3.5-9b__llp-final,random_grids,instance_00005,Aborted at Player 2,0.0
404,referencegame,LLP: Large Language Problems__qwen3.5-9b__llp-final,random_grids,instance_00005,Request Count,2.0
405,referencegame,LLP: Large Language Problems__qwen3.5-9b__llp-final,random_grids,instance_00005,Parsed Request Count,2.0
406,referencegame,LLP: Large Language Problems__qwen3.5-9b__llp-final,random_grids,instance_00005,Violated Request Count,0.0
407,referencegame,LLP: Large Language Problems__qwen3.5-9b__llp-final,random_grids,instance_00005,Aborted,0.0
408,referencegame,LLP: Large Language Problems__qwen3.5-9b__llp-final,random_grids,instance_00005,Success,0.0
409,referencegame,LLP: Large Language Problems__qwen3.5-9b__llp-final,random_grids,instance_00005,Lose,1.0
410,referencegame,LLP: Large Language Problems__qwen3.5-9b__llp-final,random_grids,instance_00005,Main Score,0.0
411,referencegame,LLP: Large Language Problems__qwen3.5-9b__llp-final,random_grids,instance_00005,Request Success Ratio,1.0
412,referencegame,LLP: Large Language Problems__qwen3.5-9b__llp-final,line_grids_columns,instance_00013,Generated Expression Length,136.0
413,referencegame,LLP: Large Language Problems__qwen3.5-9b__llp-final,line_grids_columns,instance_00013,Generated Expression Number of Tokens,23.0
414,referencegame,LLP: Large Language Problems__qwen3.5-9b__llp-final,line_grids_columns,instance_00013,Aborted at Player 1,0.0
415,referencegame,LLP: Large Language Problems__qwen3.5-9b__llp-final,line_grids_columns,instance_00013,Aborted at Player 2,0.0
416,referencegame,LLP: Large Language Problems__qwen3.5-9b__llp-final,line_grids_columns,instance_00013,Request Count,2.0
417,referencegame,LLP: Large Language Problems__qwen3.5-9b__llp-final,line_grids_columns,instance_00013,Parsed Request Count,2.0
418,referencegame,LLP: Large Language Problems__qwen3.5-9b__llp-final,line_grids_columns,instance_00013,Violated Request Count,0.0
419,referencegame,LLP: Large Language Problems__qwen3.5-9b__llp-final,line_grids_columns,instance_00013,Aborted,0.0
420,referencegame,LLP: Large Language Problems__qwen3.5-9b__llp-final,line_grids_columns,instance_00013,Success,1.0
421,referencegame,LLP: Large Language Problems__qwen3.5-9b__llp-final,line_grids_columns,instance_00013,Lose,0.0
422,referencegame,LLP: Large Language Problems__qwen3.5-9b__llp-final,line_grids_columns,instance_00013,Main Score,100.0
423,referencegame,LLP: Large Language Problems__qwen3.5-9b__llp-final,line_grids_columns,instance_00013,Request Success Ratio,1.0
424,referencegame,LLP: Large Language Problems__qwen3.5-9b__llp-final,number_grids,instance_00017,Generated Expression Length,85.0
425,referencegame,LLP: Large Language Problems__qwen3.5-9b__llp-final,number_grids,instance_00017,Generated Expression Number of Tokens,15.0
426,referencegame,LLP: Large Language Problems__qwen3.5-9b__llp-final,number_grids,instance_00017,Aborted at Player 1,0.0
427,referencegame,LLP: Large Language Problems__qwen3.5-9b__llp-final,number_grids,instance_00017,Aborted at Player 2,0.0
428,referencegame,LLP: Large Language Problems__qwen3.5-9b__llp-final,number_grids,instance_00017,Request Count,2.0
429,referencegame,LLP: Large Language Problems__qwen3.5-9b__llp-final,number_grids,instance_00017,Parsed Request Count,2.0
430,referencegame,LLP: Large Language Problems__qwen3.5-9b__llp-final,number_grids,instance_00017,Violated Request Count,0.0
431,referencegame,LLP: Large Language Problems__qwen3.5-9b__llp-final,number_grids,instance_00017,Aborted,0.0
432,referencegame,LLP: Large Language Problems__qwen3.5-9b__llp-final,number_grids,instance_00017,Success,1.0
433,referencegame,LLP: Large Language Problems__qwen3.5-9b__llp-final,number_grids,instance_00017,Lose,0.0
434,referencegame,LLP: Large Language Problems__qwen3.5-9b__llp-final,number_grids,instance_00017,Main Score,100.0
435,referencegame,LLP: Large Language Problems__qwen3.5-9b__llp-final,number_grids,instance_00017,Request Success Ratio,1.0
436,referencegame,LLP: Large Language Problems__qwen3.5-9b__llp-final,line_grids_rows,instance_00017,Generated Expression Length,136.0
437,referencegame,LLP: Large Language Problems__qwen3.5-9b__llp-final,line_grids_rows,instance_00017,Generated Expression Number of Tokens,24.0
438,referencegame,LLP: Large Language Problems__qwen3.5-9b__llp-final,line_grids_rows,instance_00017,Aborted at Player 1,0.0
439,referencegame,LLP: Large Language Problems__qwen3.5-9b__llp-final,line_grids_rows,instance_00017,Aborted at Player 2,0.0
440,referencegame,LLP: Large Language Problems__qwen3.5-9b__llp-final,line_grids_rows,instance_00017,Request Count,2.0
441,referencegame,LLP: Large Language Problems__qwen3.5-9b__llp-final,line_grids_rows,instance_00017,Parsed Request Count,2.0
442,referencegame,LLP: Large Language Problems__qwen3.5-9b__llp-final,line_grids_rows,instance_00017,Violated Request Count,0.0
443,referencegame,LLP: Large Language Problems__qwen3.5-9b__llp-final,line_grids_rows,instance_00017,Aborted,0.0
444,referencegame,LLP: Large Language Problems__qwen3.5-9b__llp-final,line_grids_rows,instance_00017,Success,1.0
445,referencegame,LLP: Large Language Problems__qwen3.5-9b__llp-final,line_grids_rows,instance_00017,Lose,0.0
446,referencegame,LLP: Large Language Problems__qwen3.5-9b__llp-final,line_grids_rows,instance_00017,Main Score,100.0
447,referencegame,LLP: Large Language Problems__qwen3.5-9b__llp-final,line_grids_rows,instance_00017,Request Success Ratio,1.0
448,referencegame,LLP: Large Language Problems__qwen3.5-9b__llp-final,letter_grids,instance_00012,Generated Expression Length,193.0
449,referencegame,LLP: Large Language Problems__qwen3.5-9b__llp-final,letter_grids,instance_00012,Generated Expression Number of Tokens,35.0
450,referencegame,LLP: Large Language Problems__qwen3.5-9b__llp-final,letter_grids,instance_00012,Aborted at Player 1,0.0
451,referencegame,LLP: Large Language Problems__qwen3.5-9b__llp-final,letter_grids,instance_00012,Aborted at Player 2,0.0
452,referencegame,LLP: Large Language Problems__qwen3.5-9b__llp-final,letter_grids,instance_00012,Request Count,2.0
453,referencegame,LLP: Large Language Problems__qwen3.5-9b__llp-final,letter_grids,instance_00012,Parsed Request Count,2.0
454,referencegame,LLP: Large Language Problems__qwen3.5-9b__llp-final,letter_grids,instance_00012,Violated Request Count,0.0
455,referencegame,LLP: Large Language Problems__qwen3.5-9b__llp-final,letter_grids,instance_00012,Aborted,0.0
456,referencegame,LLP: Large Language Problems__qwen3.5-9b__llp-final,letter_grids,instance_00012,Success,1.0
457,referencegame,LLP: Large Language Problems__qwen3.5-9b__llp-final,letter_grids,instance_00012,Lose,0.0
458,referencegame,LLP: Large Language Problems__qwen3.5-9b__llp-final,letter_grids,instance_00012,Main Score,100.0
459,referencegame,LLP: Large Language Problems__qwen3.5-9b__llp-final,letter_grids,instance_00012,Request Success Ratio,1.0
460,adventuregame,LLP: Large Language Problems__qwen3.5-9b__llp-final,new-words_home-delivery_medium_basic_medium,instance_00002,Violated Request Count,0.0
461,adventuregame,LLP: Large Language Problems__qwen3.5-9b__llp-final,new-words_home-delivery_medium_basic_medium,instance_00002,Parsed Request Count,50.0
462,adventuregame,LLP: Large Language Problems__qwen3.5-9b__llp-final,new-words_home-delivery_medium_basic_medium,instance_00002,Request Count,50.0
463,adventuregame,LLP: Large Language Problems__qwen3.5-9b__llp-final,new-words_home-delivery_medium_basic_medium,instance_00002,Request Success Ratio,1.0
464,adventuregame,LLP: Large Language Problems__qwen3.5-9b__llp-final,new-words_home-delivery_medium_basic_medium,instance_00002,hallucination_count,0.0
465,adventuregame,LLP: Large Language Problems__qwen3.5-9b__llp-final,new-words_home-delivery_medium_basic_medium,instance_00002,action_parsing_fail,4.0
466,adventuregame,LLP: Large Language Problems__qwen3.5-9b__llp-final,new-words_home-delivery_medium_basic_medium,instance_00002,action_resolution_fail,27.0
467,adventuregame,LLP: Large Language Problems__qwen3.5-9b__llp-final,new-words_home-delivery_medium_basic_medium,instance_00002,lark_exception,0.0
468,adventuregame,LLP: Large Language Problems__qwen3.5-9b__llp-final,new-words_home-delivery_medium_basic_medium,instance_00002,malformed_command,4.0
469,adventuregame,LLP: Large Language Problems__qwen3.5-9b__llp-final,new-words_home-delivery_medium_basic_medium,instance_00002,undefined_action_verb,0.0
470,adventuregame,LLP: Large Language Problems__qwen3.5-9b__llp-final,new-words_home-delivery_medium_basic_medium,instance_00002,undefined_action,0.0
471,adventuregame,LLP: Large Language Problems__qwen3.5-9b__llp-final,new-words_home-delivery_medium_basic_medium,instance_00002,undefined_repr_str,0.0
472,adventuregame,LLP: Large Language Problems__qwen3.5-9b__llp-final,new-words_home-delivery_medium_basic_medium,instance_00002,manipulating_room,0.0
473,adventuregame,LLP: Large Language Problems__qwen3.5-9b__llp-final,new-words_home-delivery_medium_basic_medium,instance_00002,undefined_argument_type,0.0
474,adventuregame,LLP: Large Language Problems__qwen3.5-9b__llp-final,new-words_home-delivery_medium_basic_medium,instance_00002,taking_from_inventory,0.0
475,adventuregame,LLP: Large Language Problems__qwen3.5-9b__llp-final,new-words_home-delivery_medium_basic_medium,instance_00002,other_room_argument,0.0
476,adventuregame,LLP: Large Language Problems__qwen3.5-9b__llp-final,new-words_home-delivery_medium_basic_medium,instance_00002,domain_trait_type_mismatch,0.0
477,adventuregame,LLP: Large Language Problems__qwen3.5-9b__llp-final,new-words_home-delivery_medium_basic_medium,instance_00002,domain_type_discrepancy,0.0
478,adventuregame,LLP: Large Language Problems__qwen3.5-9b__llp-final,new-words_home-delivery_medium_basic_medium,instance_00002,world_state_discrepancy,0.0
479,adventuregame,LLP: Large Language Problems__qwen3.5-9b__llp-final,new-words_home-delivery_medium_basic_medium,instance_00002,entity_not_accessible,8.0
480,adventuregame,LLP: Large Language Problems__qwen3.5-9b__llp-final,new-words_home-delivery_medium_basic_medium,instance_00002,entity_state_mismatch,19.0
481,adventuregame,LLP: Large Language Problems__qwen3.5-9b__llp-final,new-words_home-delivery_medium_basic_medium,instance_00002,entity_trait_mismatch,0.0
482,adventuregame,LLP: Large Language Problems__qwen3.5-9b__llp-final,new-words_home-delivery_medium_basic_medium,instance_00002,entity_already_inventory,0.0
483,adventuregame,LLP: Large Language Problems__qwen3.5-9b__llp-final,new-words_home-delivery_medium_basic_medium,instance_00002,going_to_current_room,0.0
484,adventuregame,LLP: Large Language Problems__qwen3.5-9b__llp-final,new-words_home-delivery_medium_basic_medium,instance_00002,no_exit_to,0.0
485,adventuregame,LLP: Large Language Problems__qwen3.5-9b__llp-final,new-words_home-delivery_medium_basic_medium,instance_00002,inventory_limit_exceeded,0.0
486,adventuregame,LLP: Large Language Problems__qwen3.5-9b__llp-final,new-words_home-delivery_medium_basic_medium,instance_00002,successful_actions,19.0
487,adventuregame,LLP: Large Language Problems__qwen3.5-9b__llp-final,new-words_home-delivery_medium_basic_medium,instance_00002,turn_limit_loss,1.0
488,adventuregame,LLP: Large Language Problems__qwen3.5-9b__llp-final,new-words_home-delivery_medium_basic_medium,instance_00002,turns_over_par,
489,adventuregame,LLP: Large Language Problems__qwen3.5-9b__llp-final,new-words_home-delivery_medium_basic_medium,instance_00002,turn_ratio,
490,adventuregame,LLP: Large Language Problems__qwen3.5-9b__llp-final,new-words_home-delivery_medium_basic_medium,instance_00002,finish_speed,
491,adventuregame,LLP: Large Language Problems__qwen3.5-9b__llp-final,new-words_home-delivery_medium_basic_medium,instance_00002,achieved_goal_ratio,0.0
492,adventuregame,LLP: Large Language Problems__qwen3.5-9b__llp-final,new-words_home-delivery_medium_basic_medium,instance_00002,Aborted,1.0
493,adventuregame,LLP: Large Language Problems__qwen3.5-9b__llp-final,new-words_home-delivery_medium_basic_medium,instance_00002,Success,0.0
494,adventuregame,LLP: Large Language Problems__qwen3.5-9b__llp-final,new-words_home-delivery_medium_basic_medium,instance_00002,Lose,0.0
495,adventuregame,LLP: Large Language Problems__qwen3.5-9b__llp-final,new-words_home-delivery_medium_basic_medium,instance_00002,Main Score,
496,adventuregame,LLP: Large Language Problems__qwen3.5-9b__llp-final,new-words_home-delivery_medium_basic_medium,instance_00002,plan_followed_ratio,0.0
497,adventuregame,LLP: Large Language Problems__qwen3.5-9b__llp-final,new-words_home-delivery_medium_basic_medium,instance_00002,plan_average_viability_ratio,0.0
498,adventuregame,LLP: Large Language Problems__qwen3.5-9b__llp-final,new-words_home-delivery_medium_basic_medium,instance_00002,bad_plan_follow_ratio,0.0
499,adventuregame,LLP: Large Language Problems__qwen3.5-9b__llp-final,new-words_home-delivery_medium_basic_medium,instance_00002,bad_plan_dismiss_ratio,1.0
500,adventuregame,LLP: Large Language Problems__qwen3.5-9b__llp-final,potion_brewing_basic_undefined,instance_00004,Violated Request Count,0.0
501,adventuregame,LLP: Large Language Problems__qwen3.5-9b__llp-final,potion_brewing_basic_undefined,instance_00004,Parsed Request Count,55.0
502,adventuregame,LLP: Large Language Problems__qwen3.5-9b__llp-final,potion_brewing_basic_undefined,instance_00004,Request Count,55.0
503,adventuregame,LLP: Large Language Problems__qwen3.5-9b__llp-final,potion_brewing_basic_undefined,instance_00004,Request Success Ratio,1.0
504,adventuregame,LLP: Large Language Problems__qwen3.5-9b__llp-final,potion_brewing_basic_undefined,instance_00004,hallucination_count,1.0
505,adventuregame,LLP: Large Language Problems__qwen3.5-9b__llp-final,potion_brewing_basic_undefined,instance_00004,action_parsing_fail,0.0
506,adventuregame,LLP: Large Language Problems__qwen3.5-9b__llp-final,potion_brewing_basic_undefined,instance_00004,action_resolution_fail,9.0
507,adventuregame,LLP: Large Language Problems__qwen3.5-9b__llp-final,potion_brewing_basic_undefined,instance_00004,lark_exception,0.0
508,adventuregame,LLP: Large Language Problems__qwen3.5-9b__llp-final,potion_brewing_basic_undefined,instance_00004,malformed_command,0.0
509,adventuregame,LLP: Large Language Problems__qwen3.5-9b__llp-final,potion_brewing_basic_undefined,instance_00004,undefined_action_verb,0.0
510,adventuregame,LLP: Large Language Problems__qwen3.5-9b__llp-final,potion_brewing_basic_undefined,instance_00004,undefined_action,0.0
511,adventuregame,LLP: Large Language Problems__qwen3.5-9b__llp-final,potion_brewing_basic_undefined,instance_00004,undefined_repr_str,0.0
512,adventuregame,LLP: Large Language Problems__qwen3.5-9b__llp-final,potion_brewing_basic_undefined,instance_00004,manipulating_room,0.0
513,adventuregame,LLP: Large Language Problems__qwen3.5-9b__llp-final,potion_brewing_basic_undefined,instance_00004,undefined_argument_type,0.0
514,adventuregame,LLP: Large Language Problems__qwen3.5-9b__llp-final,potion_brewing_basic_undefined,instance_00004,taking_from_inventory,0.0
515,adventuregame,LLP: Large Language Problems__qwen3.5-9b__llp-final,potion_brewing_basic_undefined,instance_00004,other_room_argument,0.0
516,adventuregame,LLP: Large Language Problems__qwen3.5-9b__llp-final,potion_brewing_basic_undefined,instance_00004,domain_trait_type_mismatch,0.0
517,adventuregame,LLP: Large Language Problems__qwen3.5-9b__llp-final,potion_brewing_basic_undefined,instance_00004,domain_type_discrepancy,0.0
518,adventuregame,LLP: Large Language Problems__qwen3.5-9b__llp-final,potion_brewing_basic_undefined,instance_00004,world_state_discrepancy,0.0
519,adventuregame,LLP: Large Language Problems__qwen3.5-9b__llp-final,potion_brewing_basic_undefined,instance_00004,entity_not_accessible,3.0
520,adventuregame,LLP: Large Language Problems__qwen3.5-9b__llp-final,potion_brewing_basic_undefined,instance_00004,entity_state_mismatch,0.0
521,adventuregame,LLP: Large Language Problems__qwen3.5-9b__llp-final,potion_brewing_basic_undefined,instance_00004,entity_trait_mismatch,0.0
522,adventuregame,LLP: Large Language Problems__qwen3.5-9b__llp-final,potion_brewing_basic_undefined,instance_00004,entity_already_inventory,0.0
523,adventuregame,LLP: Large Language Problems__qwen3.5-9b__llp-final,potion_brewing_basic_undefined,instance_00004,going_to_current_room,0.0
524,adventuregame,LLP: Large Language Problems__qwen3.5-9b__llp-final,potion_brewing_basic_undefined,instance_00004,no_exit_to,2.0
525,adventuregame,LLP: Large Language Problems__qwen3.5-9b__llp-final,potion_brewing_basic_undefined,instance_00004,inventory_limit_exceeded,4.0
526,adventuregame,LLP: Large Language Problems__qwen3.5-9b__llp-final,potion_brewing_basic_undefined,instance_00004,successful_actions,46.0
527,adventuregame,LLP: Large Language Problems__qwen3.5-9b__llp-final,potion_brewing_basic_undefined,instance_00004,turn_limit_loss,0.0
528,adventuregame,LLP: Large Language Problems__qwen3.5-9b__llp-final,potion_brewing_basic_undefined,instance_00004,turns_over_par,
529,adventuregame,LLP: Large Language Problems__qwen3.5-9b__llp-final,potion_brewing_basic_undefined,instance_00004,turn_ratio,
530,adventuregame,LLP: Large Language Problems__qwen3.5-9b__llp-final,potion_brewing_basic_undefined,instance_00004,finish_speed,
531,adventuregame,LLP: Large Language Problems__qwen3.5-9b__llp-final,potion_brewing_basic_undefined,instance_00004,achieved_goal_ratio,0.0
532,adventuregame,LLP: Large Language Problems__qwen3.5-9b__llp-final,potion_brewing_basic_undefined,instance_00004,Aborted,0.0
533,adventuregame,LLP: Large Language Problems__qwen3.5-9b__llp-final,potion_brewing_basic_undefined,instance_00004,Success,0.0
534,adventuregame,LLP: Large Language Problems__qwen3.5-9b__llp-final,potion_brewing_basic_undefined,instance_00004,Lose,1.0
535,adventuregame,LLP: Large Language Problems__qwen3.5-9b__llp-final,potion_brewing_basic_undefined,instance_00004,Main Score,0.0
536,adventuregame,LLP: Large Language Problems__qwen3.5-9b__llp-final,potion_brewing_basic_undefined,instance_00004,plan_followed_ratio,0.0
537,adventuregame,LLP: Large Language Problems__qwen3.5-9b__llp-final,potion_brewing_basic_undefined,instance_00004,plan_average_viability_ratio,0.0
538,adventuregame,LLP: Large Language Problems__qwen3.5-9b__llp-final,potion_brewing_basic_undefined,instance_00004,bad_plan_follow_ratio,0.0
539,adventuregame,LLP: Large Language Problems__qwen3.5-9b__llp-final,potion_brewing_basic_undefined,instance_00004,bad_plan_dismiss_ratio,1.0
540,adventuregame,LLP: Large Language Problems__qwen3.5-9b__llp-final,new-words_home-delivery_easy_basic_easy,instance_00002,Violated Request Count,0.0
541,adventuregame,LLP: Large Language Problems__qwen3.5-9b__llp-final,new-words_home-delivery_easy_basic_easy,instance_00002,Parsed Request Count,25.0
542,adventuregame,LLP: Large Language Problems__qwen3.5-9b__llp-final,new-words_home-delivery_easy_basic_easy,instance_00002,Request Count,25.0
543,adventuregame,LLP: Large Language Problems__qwen3.5-9b__llp-final,new-words_home-delivery_easy_basic_easy,instance_00002,Request Success Ratio,1.0
544,adventuregame,LLP: Large Language Problems__qwen3.5-9b__llp-final,new-words_home-delivery_easy_basic_easy,instance_00002,hallucination_count,0.0
545,adventuregame,LLP: Large Language Problems__qwen3.5-9b__llp-final,new-words_home-delivery_easy_basic_easy,instance_00002,action_parsing_fail,0.0
546,adventuregame,LLP: Large Language Problems__qwen3.5-9b__llp-final,new-words_home-delivery_easy_basic_easy,instance_00002,action_resolution_fail,2.0
547,adventuregame,LLP: Large Language Problems__qwen3.5-9b__llp-final,new-words_home-delivery_easy_basic_easy,instance_00002,lark_exception,0.0
548,adventuregame,LLP: Large Language Problems__qwen3.5-9b__llp-final,new-words_home-delivery_easy_basic_easy,instance_00002,malformed_command,0.0
549,adventuregame,LLP: Large Language Problems__qwen3.5-9b__llp-final,new-words_home-delivery_easy_basic_easy,instance_00002,undefined_action_verb,0.0
550,adventuregame,LLP: Large Language Problems__qwen3.5-9b__llp-final,new-words_home-delivery_easy_basic_easy,instance_00002,undefined_action,0.0
551,adventuregame,LLP: Large Language Problems__qwen3.5-9b__llp-final,new-words_home-delivery_easy_basic_easy,instance_00002,undefined_repr_str,0.0
552,adventuregame,LLP: Large Language Problems__qwen3.5-9b__llp-final,new-words_home-delivery_easy_basic_easy,instance_00002,manipulating_room,0.0
553,adventuregame,LLP: Large Language Problems__qwen3.5-9b__llp-final,new-words_home-delivery_easy_basic_easy,instance_00002,undefined_argument_type,0.0
554,adventuregame,LLP: Large Language Problems__qwen3.5-9b__llp-final,new-words_home-delivery_easy_basic_easy,instance_00002,taking_from_inventory,0.0
555,adventuregame,LLP: Large Language Problems__qwen3.5-9b__llp-final,new-words_home-delivery_easy_basic_easy,instance_00002,other_room_argument,0.0
556,adventuregame,LLP: Large Language Problems__qwen3.5-9b__llp-final,new-words_home-delivery_easy_basic_easy,instance_00002,domain_trait_type_mismatch,0.0
557,adventuregame,LLP: Large Language Problems__qwen3.5-9b__llp-final,new-words_home-delivery_easy_basic_easy,instance_00002,domain_type_discrepancy,0.0
558,adventuregame,LLP: Large Language Problems__qwen3.5-9b__llp-final,new-words_home-delivery_easy_basic_easy,instance_00002,world_state_discrepancy,0.0
559,adventuregame,LLP: Large Language Problems__qwen3.5-9b__llp-final,new-words_home-delivery_easy_basic_easy,instance_00002,entity_not_accessible,0.0
560,adventuregame,LLP: Large Language Problems__qwen3.5-9b__llp-final,new-words_home-delivery_easy_basic_easy,instance_00002,entity_state_mismatch,0.0
561,adventuregame,LLP: Large Language Problems__qwen3.5-9b__llp-final,new-words_home-delivery_easy_basic_easy,instance_00002,entity_trait_mismatch,0.0
562,adventuregame,LLP: Large Language Problems__qwen3.5-9b__llp-final,new-words_home-delivery_easy_basic_easy,instance_00002,entity_already_inventory,0.0
563,adventuregame,LLP: Large Language Problems__qwen3.5-9b__llp-final,new-words_home-delivery_easy_basic_easy,instance_00002,going_to_current_room,0.0
564,adventuregame,LLP: Large Language Problems__qwen3.5-9b__llp-final,new-words_home-delivery_easy_basic_easy,instance_00002,no_exit_to,2.0
565,adventuregame,LLP: Large Language Problems__qwen3.5-9b__llp-final,new-words_home-delivery_easy_basic_easy,instance_00002,inventory_limit_exceeded,0.0
566,adventuregame,LLP: Large Language Problems__qwen3.5-9b__llp-final,new-words_home-delivery_easy_basic_easy,instance_00002,successful_actions,23.0
567,adventuregame,LLP: Large Language Problems__qwen3.5-9b__llp-final,new-words_home-delivery_easy_basic_easy,instance_00002,turn_limit_loss,0.0
568,adventuregame,LLP: Large Language Problems__qwen3.5-9b__llp-final,new-words_home-delivery_easy_basic_easy,instance_00002,turns_over_par,10.0
569,adventuregame,LLP: Large Language Problems__qwen3.5-9b__llp-final,new-words_home-delivery_easy_basic_easy,instance_00002,turn_ratio,0.7142857142857143
570,adventuregame,LLP: Large Language Problems__qwen3.5-9b__llp-final,new-words_home-delivery_easy_basic_easy,instance_00002,finish_speed,0.2857142857142857
571,adventuregame,LLP: Large Language Problems__qwen3.5-9b__llp-final,new-words_home-delivery_easy_basic_easy,instance_00002,achieved_goal_ratio,1.0
572,adventuregame,LLP: Large Language Problems__qwen3.5-9b__llp-final,new-words_home-delivery_easy_basic_easy,instance_00002,Aborted,0.0
573,adventuregame,LLP: Large Language Problems__qwen3.5-9b__llp-final,new-words_home-delivery_easy_basic_easy,instance_00002,Success,1.0
574,adventuregame,LLP: Large Language Problems__qwen3.5-9b__llp-final,new-words_home-delivery_easy_basic_easy,instance_00002,Lose,0.0
575,adventuregame,LLP: Large Language Problems__qwen3.5-9b__llp-final,new-words_home-delivery_easy_basic_easy,instance_00002,Main Score,100.0
576,adventuregame,LLP: Large Language Problems__qwen3.5-9b__llp-final,new-words_home-delivery_easy_basic_easy,instance_00002,plan_followed_ratio,0.0
577,adventuregame,LLP: Large Language Problems__qwen3.5-9b__llp-final,new-words_home-delivery_easy_basic_easy,instance_00002,plan_average_viability_ratio,0.0
578,adventuregame,LLP: Large Language Problems__qwen3.5-9b__llp-final,new-words_home-delivery_easy_basic_easy,instance_00002,bad_plan_follow_ratio,0.0
579,adventuregame,LLP: Large Language Problems__qwen3.5-9b__llp-final,new-words_home-delivery_easy_basic_easy,instance_00002,bad_plan_dismiss_ratio,1.0
580,adventuregame,LLP: Large Language Problems__qwen3.5-9b__llp-final,new-words_created_basic_hard,instance_00000,Violated Request Count,0.0
581,adventuregame,LLP: Large Language Problems__qwen3.5-9b__llp-final,new-words_created_basic_hard,instance_00000,Parsed Request Count,18.0
582,adventuregame,LLP: Large Language Problems__qwen3.5-9b__llp-final,new-words_created_basic_hard,instance_00000,Request Count,18.0
583,adventuregame,LLP: Large Language Problems__qwen3.5-9b__llp-final,new-words_created_basic_hard,instance_00000,Request Success Ratio,1.0
584,adventuregame,LLP: Large Language Problems__qwen3.5-9b__llp-final,new-words_created_basic_hard,instance_00000,hallucination_count,1.0
585,adventuregame,LLP: Large Language Problems__qwen3.5-9b__llp-final,new-words_created_basic_hard,instance_00000,action_parsing_fail,0.0
586,adventuregame,LLP: Large Language Problems__qwen3.5-9b__llp-final,new-words_created_basic_hard,instance_00000,action_resolution_fail,6.0
587,adventuregame,LLP: Large Language Problems__qwen3.5-9b__llp-final,new-words_created_basic_hard,instance_00000,lark_exception,0.0
588,adventuregame,LLP: Large Language Problems__qwen3.5-9b__llp-final,new-words_created_basic_hard,instance_00000,malformed_command,0.0
589,adventuregame,LLP: Large Language Problems__qwen3.5-9b__llp-final,new-words_created_basic_hard,instance_00000,undefined_action_verb,0.0
590,adventuregame,LLP: Large Language Problems__qwen3.5-9b__llp-final,new-words_created_basic_hard,instance_00000,undefined_action,0.0
591,adventuregame,LLP: Large Language Problems__qwen3.5-9b__llp-final,new-words_created_basic_hard,instance_00000,undefined_repr_str,0.0
592,adventuregame,LLP: Large Language Problems__qwen3.5-9b__llp-final,new-words_created_basic_hard,instance_00000,manipulating_room,0.0
593,adventuregame,LLP: Large Language Problems__qwen3.5-9b__llp-final,new-words_created_basic_hard,instance_00000,undefined_argument_type,0.0
594,adventuregame,LLP: Large Language Problems__qwen3.5-9b__llp-final,new-words_created_basic_hard,instance_00000,taking_from_inventory,0.0
595,adventuregame,LLP: Large Language Problems__qwen3.5-9b__llp-final,new-words_created_basic_hard,instance_00000,other_room_argument,0.0
596,adventuregame,LLP: Large Language Problems__qwen3.5-9b__llp-final,new-words_created_basic_hard,instance_00000,domain_trait_type_mismatch,0.0
597,adventuregame,LLP: Large Language Problems__qwen3.5-9b__llp-final,new-words_created_basic_hard,instance_00000,domain_type_discrepancy,0.0
598,adventuregame,LLP: Large Language Problems__qwen3.5-9b__llp-final,new-words_created_basic_hard,instance_00000,world_state_discrepancy,0.0
599,adventuregame,LLP: Large Language Problems__qwen3.5-9b__llp-final,new-words_created_basic_hard,instance_00000,entity_not_accessible,1.0
600,adventuregame,LLP: Large Language Problems__qwen3.5-9b__llp-final,new-words_created_basic_hard,instance_00000,entity_state_mismatch,4.0
601,adventuregame,LLP: Large Language Problems__qwen3.5-9b__llp-final,new-words_created_basic_hard,instance_00000,entity_trait_mismatch,0.0
602,adventuregame,LLP: Large Language Problems__qwen3.5-9b__llp-final,new-words_created_basic_hard,instance_00000,entity_already_inventory,0.0
603,adventuregame,LLP: Large Language Problems__qwen3.5-9b__llp-final,new-words_created_basic_hard,instance_00000,going_to_current_room,0.0
604,adventuregame,LLP: Large Language Problems__qwen3.5-9b__llp-final,new-words_created_basic_hard,instance_00000,no_exit_to,1.0
605,adventuregame,LLP: Large Language Problems__qwen3.5-9b__llp-final,new-words_created_basic_hard,instance_00000,inventory_limit_exceeded,0.0
606,adventuregame,LLP: Large Language Problems__qwen3.5-9b__llp-final,new-words_created_basic_hard,instance_00000,successful_actions,12.0
607,adventuregame,LLP: Large Language Problems__qwen3.5-9b__llp-final,new-words_created_basic_hard,instance_00000,turn_limit_loss,0.0
608,adventuregame,LLP: Large Language Problems__qwen3.5-9b__llp-final,new-words_created_basic_hard,instance_00000,turns_over_par,
609,adventuregame,LLP: Large Language Problems__qwen3.5-9b__llp-final,new-words_created_basic_hard,instance_00000,turn_ratio,
610,adventuregame,LLP: Large Language Problems__qwen3.5-9b__llp-final,new-words_created_basic_hard,instance_00000,finish_speed,
611,adventuregame,LLP: Large Language Problems__qwen3.5-9b__llp-final,new-words_created_basic_hard,instance_00000,achieved_goal_ratio,0.3333333333333333
612,adventuregame,LLP: Large Language Problems__qwen3.5-9b__llp-final,new-words_created_basic_hard,instance_00000,Aborted,0.0
613,adventuregame,LLP: Large Language Problems__qwen3.5-9b__llp-final,new-words_created_basic_hard,instance_00000,Success,0.0
614,adventuregame,LLP: Large Language Problems__qwen3.5-9b__llp-final,new-words_created_basic_hard,instance_00000,Lose,1.0
615,adventuregame,LLP: Large Language Problems__qwen3.5-9b__llp-final,new-words_created_basic_hard,instance_00000,Main Score,33.33333333333333
616,adventuregame,LLP: Large Language Problems__qwen3.5-9b__llp-final,new-words_created_basic_hard,instance_00000,plan_followed_ratio,0.0
617,adventuregame,LLP: Large Language Problems__qwen3.5-9b__llp-final,new-words_created_basic_hard,instance_00000,plan_average_viability_ratio,0.0
618,adventuregame,LLP: Large Language Problems__qwen3.5-9b__llp-final,new-words_created_basic_hard,instance_00000,bad_plan_follow_ratio,0.0
619,adventuregame,LLP: Large Language Problems__qwen3.5-9b__llp-final,new-words_created_basic_hard,instance_00000,bad_plan_dismiss_ratio,1.0
620,adventuregame,LLP: Large Language Problems__qwen3.5-9b__llp-final,home_deliver_three_basic_hard_invlimittwo,instance_00000,Violated Request Count,0.0
621,adventuregame,LLP: Large Language Problems__qwen3.5-9b__llp-final,home_deliver_three_basic_hard_invlimittwo,instance_00000,Parsed Request Count,22.0
622,adventuregame,LLP: Large Language Problems__qwen3.5-9b__llp-final,home_deliver_three_basic_hard_invlimittwo,instance_00000,Request Count,22.0
623,adventuregame,LLP: Large Language Problems__qwen3.5-9b__llp-final,home_deliver_three_basic_hard_invlimittwo,instance_00000,Request Success Ratio,1.0
624,adventuregame,LLP: Large Language Problems__qwen3.5-9b__llp-final,home_deliver_three_basic_hard_invlimittwo,instance_00000,hallucination_count,0.0
625,adventuregame,LLP: Large Language Problems__qwen3.5-9b__llp-final,home_deliver_three_basic_hard_invlimittwo,instance_00000,action_parsing_fail,0.0
626,adventuregame,LLP: Large Language Problems__qwen3.5-9b__llp-final,home_deliver_three_basic_hard_invlimittwo,instance_00000,action_resolution_fail,1.0
627,adventuregame,LLP: Large Language Problems__qwen3.5-9b__llp-final,home_deliver_three_basic_hard_invlimittwo,instance_00000,lark_exception,0.0
628,adventuregame,LLP: Large Language Problems__qwen3.5-9b__llp-final,home_deliver_three_basic_hard_invlimittwo,instance_00000,malformed_command,0.0
629,adventuregame,LLP: Large Language Problems__qwen3.5-9b__llp-final,home_deliver_three_basic_hard_invlimittwo,instance_00000,undefined_action_verb,0.0
630,adventuregame,LLP: Large Language Problems__qwen3.5-9b__llp-final,home_deliver_three_basic_hard_invlimittwo,instance_00000,undefined_action,0.0
631,adventuregame,LLP: Large Language Problems__qwen3.5-9b__llp-final,home_deliver_three_basic_hard_invlimittwo,instance_00000,undefined_repr_str,0.0
632,adventuregame,LLP: Large Language Problems__qwen3.5-9b__llp-final,home_deliver_three_basic_hard_invlimittwo,instance_00000,manipulating_room,0.0
633,adventuregame,LLP: Large Language Problems__qwen3.5-9b__llp-final,home_deliver_three_basic_hard_invlimittwo,instance_00000,undefined_argument_type,0.0
634,adventuregame,LLP: Large Language Problems__qwen3.5-9b__llp-final,home_deliver_three_basic_hard_invlimittwo,instance_00000,taking_from_inventory,0.0
635,adventuregame,LLP: Large Language Problems__qwen3.5-9b__llp-final,home_deliver_three_basic_hard_invlimittwo,instance_00000,other_room_argument,0.0
636,adventuregame,LLP: Large Language Problems__qwen3.5-9b__llp-final,home_deliver_three_basic_hard_invlimittwo,instance_00000,domain_trait_type_mismatch,0.0
637,adventuregame,LLP: Large Language Problems__qwen3.5-9b__llp-final,home_deliver_three_basic_hard_invlimittwo,instance_00000,domain_type_discrepancy,0.0
638,adventuregame,LLP: Large Language Problems__qwen3.5-9b__llp-final,home_deliver_three_basic_hard_invlimittwo,instance_00000,world_state_discrepancy,0.0
639,adventuregame,LLP: Large Language Problems__qwen3.5-9b__llp-final,home_deliver_three_basic_hard_invlimittwo,instance_00000,entity_not_accessible,1.0
640,adventuregame,LLP: Large Language Problems__qwen3.5-9b__llp-final,home_deliver_three_basic_hard_invlimittwo,instance_00000,entity_state_mismatch,0.0
641,adventuregame,LLP: Large Language Problems__qwen3.5-9b__llp-final,home_deliver_three_basic_hard_invlimittwo,instance_00000,entity_trait_mismatch,0.0
642,adventuregame,LLP: Large Language Problems__qwen3.5-9b__llp-final,home_deliver_three_basic_hard_invlimittwo,instance_00000,entity_already_inventory,0.0
643,adventuregame,LLP: Large Language Problems__qwen3.5-9b__llp-final,home_deliver_three_basic_hard_invlimittwo,instance_00000,going_to_current_room,0.0
644,adventuregame,LLP: Large Language Problems__qwen3.5-9b__llp-final,home_deliver_three_basic_hard_invlimittwo,instance_00000,no_exit_to,0.0
645,adventuregame,LLP: Large Language Problems__qwen3.5-9b__llp-final,home_deliver_three_basic_hard_invlimittwo,instance_00000,inventory_limit_exceeded,0.0
646,adventuregame,LLP: Large Language Problems__qwen3.5-9b__llp-final,home_deliver_three_basic_hard_invlimittwo,instance_00000,successful_actions,21.0
647,adventuregame,LLP: Large Language Problems__qwen3.5-9b__llp-final,home_deliver_three_basic_hard_invlimittwo,instance_00000,turn_limit_loss,0.0
648,adventuregame,LLP: Large Language Problems__qwen3.5-9b__llp-final,home_deliver_three_basic_hard_invlimittwo,instance_00000,turns_over_par,6.0
649,adventuregame,LLP: Large Language Problems__qwen3.5-9b__llp-final,home_deliver_three_basic_hard_invlimittwo,instance_00000,turn_ratio,0.8235294117647058
650,adventuregame,LLP: Large Language Problems__qwen3.5-9b__llp-final,home_deliver_three_basic_hard_invlimittwo,instance_00000,finish_speed,0.17647058823529416
651,adventuregame,LLP: Large Language Problems__qwen3.5-9b__llp-final,home_deliver_three_basic_hard_invlimittwo,instance_00000,achieved_goal_ratio,1.0
652,adventuregame,LLP: Large Language Problems__qwen3.5-9b__llp-final,home_deliver_three_basic_hard_invlimittwo,instance_00000,Aborted,0.0
653,adventuregame,LLP: Large Language Problems__qwen3.5-9b__llp-final,home_deliver_three_basic_hard_invlimittwo,instance_00000,Success,1.0
654,adventuregame,LLP: Large Language Problems__qwen3.5-9b__llp-final,home_deliver_three_basic_hard_invlimittwo,instance_00000,Lose,0.0
655,adventuregame,LLP: Large Language Problems__qwen3.5-9b__llp-final,home_deliver_three_basic_hard_invlimittwo,instance_00000,Main Score,100.0
656,adventuregame,LLP: Large Language Problems__qwen3.5-9b__llp-final,home_deliver_three_basic_hard_invlimittwo,instance_00000,plan_followed_ratio,0.0
657,adventuregame,LLP: Large Language Problems__qwen3.5-9b__llp-final,home_deliver_three_basic_hard_invlimittwo,instance_00000,plan_average_viability_ratio,0.0
658,adventuregame,LLP: Large Language Problems__qwen3.5-9b__llp-final,home_deliver_three_basic_hard_invlimittwo,instance_00000,bad_plan_follow_ratio,0.0
659,adventuregame,LLP: Large Language Problems__qwen3.5-9b__llp-final,home_deliver_three_basic_hard_invlimittwo,instance_00000,bad_plan_dismiss_ratio,1.0
660,textmapworld_specificroom,LLP: Large Language Problems__qwen3.5-9b__llp-final,on,instance_00000,Success,1.0
661,textmapworld_specificroom,LLP: Large Language Problems__qwen3.5-9b__llp-final,on,instance_00000,Aborted,0.0
662,textmapworld_specificroom,LLP: Large Language Problems__qwen3.5-9b__llp-final,on,instance_00000,Lose,0.0
663,textmapworld_specificroom,LLP: Large Language Problems__qwen3.5-9b__llp-final,on,instance_00000,moves,0.0
664,textmapworld_specificroom,LLP: Large Language Problems__qwen3.5-9b__llp-final,on,instance_00000,valid_moves,0.0
665,textmapworld_specificroom,LLP: Large Language Problems__qwen3.5-9b__llp-final,on,instance_00000,invalid_moves,0.0
666,textmapworld_specificroom,LLP: Large Language Problems__qwen3.5-9b__llp-final,on,instance_00000,stopped,1.0
667,textmapworld_specificroom,LLP: Large Language Problems__qwen3.5-9b__llp-final,on,instance_00000,turns_limit,0.0
668,textmapworld_specificroom,LLP: Large Language Problems__qwen3.5-9b__llp-final,on,instance_00000,loops,0.0
669,textmapworld_specificroom,LLP: Large Language Problems__qwen3.5-9b__llp-final,on,instance_00000,number_visited,1.0
670,textmapworld_specificroom,LLP: Large Language Problems__qwen3.5-9b__llp-final,on,instance_00000,seen,3.0
671,textmapworld_specificroom,LLP: Large Language Problems__qwen3.5-9b__llp-final,on,instance_00000,efficiency,0.0
672,textmapworld_specificroom,LLP: Large Language Problems__qwen3.5-9b__llp-final,on,instance_00000,exploration,12.5
673,textmapworld_specificroom,LLP: Large Language Problems__qwen3.5-9b__llp-final,on,instance_00000,old_benchscore,0.0
674,textmapworld_specificroom,LLP: Large Language Problems__qwen3.5-9b__llp-final,on,instance_00000,Main Score,100.0
675,textmapworld_specificroom,LLP: Large Language Problems__qwen3.5-9b__llp-final,far,instance_00027,Success,1.0
676,textmapworld_specificroom,LLP: Large Language Problems__qwen3.5-9b__llp-final,far,instance_00027,Aborted,0.0
677,textmapworld_specificroom,LLP: Large Language Problems__qwen3.5-9b__llp-final,far,instance_00027,Lose,0.0
678,textmapworld_specificroom,LLP: Large Language Problems__qwen3.5-9b__llp-final,far,instance_00027,moves,7.0
679,textmapworld_specificroom,LLP: Large Language Problems__qwen3.5-9b__llp-final,far,instance_00027,valid_moves,7.0
680,textmapworld_specificroom,LLP: Large Language Problems__qwen3.5-9b__llp-final,far,instance_00027,invalid_moves,0.0
681,textmapworld_specificroom,LLP: Large Language Problems__qwen3.5-9b__llp-final,far,instance_00027,stopped,1.0
682,textmapworld_specificroom,LLP: Large Language Problems__qwen3.5-9b__llp-final,far,instance_00027,turns_limit,0.0
683,textmapworld_specificroom,LLP: Large Language Problems__qwen3.5-9b__llp-final,far,instance_00027,loops,0.0
684,textmapworld_specificroom,LLP: Large Language Problems__qwen3.5-9b__llp-final,far,instance_00027,number_visited,6.0
685,textmapworld_specificroom,LLP: Large Language Problems__qwen3.5-9b__llp-final,far,instance_00027,seen,7.0
686,textmapworld_specificroom,LLP: Large Language Problems__qwen3.5-9b__llp-final,far,instance_00027,efficiency,100.0
687,textmapworld_specificroom,LLP: Large Language Problems__qwen3.5-9b__llp-final,far,instance_00027,exploration,75.0
688,textmapworld_specificroom,LLP: Large Language Problems__qwen3.5-9b__llp-final,far,instance_00027,old_benchscore,85.71428571428571
689,textmapworld_specificroom,LLP: Large Language Problems__qwen3.5-9b__llp-final,far,instance_00027,Main Score,100.0
690,textmapworld_specificroom,LLP: Large Language Problems__qwen3.5-9b__llp-final,close,instance_00017,Success,1.0
691,textmapworld_specificroom,LLP: Large Language Problems__qwen3.5-9b__llp-final,close,instance_00017,Aborted,0.0
692,textmapworld_specificroom,LLP: Large Language Problems__qwen3.5-9b__llp-final,close,instance_00017,Lose,0.0
693,textmapworld_specificroom,LLP: Large Language Problems__qwen3.5-9b__llp-final,close,instance_00017,moves,6.0
694,textmapworld_specificroom,LLP: Large Language Problems__qwen3.5-9b__llp-final,close,instance_00017,valid_moves,6.0
695,textmapworld_specificroom,LLP: Large Language Problems__qwen3.5-9b__llp-final,close,instance_00017,invalid_moves,0.0
696,textmapworld_specificroom,LLP: Large Language Problems__qwen3.5-9b__llp-final,close,instance_00017,stopped,1.0
697,textmapworld_specificroom,LLP: Large Language Problems__qwen3.5-9b__llp-final,close,instance_00017,turns_limit,0.0
698,textmapworld_specificroom,LLP: Large Language Problems__qwen3.5-9b__llp-final,close,instance_00017,loops,0.0
699,textmapworld_specificroom,LLP: Large Language Problems__qwen3.5-9b__llp-final,close,instance_00017,number_visited,5.0
700,textmapworld_specificroom,LLP: Large Language Problems__qwen3.5-9b__llp-final,close,instance_00017,seen,6.0
701,textmapworld_specificroom,LLP: Large Language Problems__qwen3.5-9b__llp-final,close,instance_00017,efficiency,100.0
702,textmapworld_specificroom,LLP: Large Language Problems__qwen3.5-9b__llp-final,close,instance_00017,exploration,62.5
703,textmapworld_specificroom,LLP: Large Language Problems__qwen3.5-9b__llp-final,close,instance_00017,old_benchscore,76.92307692307692
704,textmapworld_specificroom,LLP: Large Language Problems__qwen3.5-9b__llp-final,close,instance_00017,Main Score,100.0
705,imagegame,LLP: Large Language Problems__qwen3.5-9b__llp-final,random_grids,instance_00014,Precision,100.0
706,imagegame,LLP: Large Language Problems__qwen3.5-9b__llp-final,random_grids,instance_00014,Recall,100.0
707,imagegame,LLP: Large Language Problems__qwen3.5-9b__llp-final,random_grids,instance_00014,F1,100.0
708,imagegame,LLP: Large Language Problems__qwen3.5-9b__llp-final,random_grids,instance_00014,Main Score,100.0
709,imagegame,LLP: Large Language Problems__qwen3.5-9b__llp-final,random_grids,instance_00014,Average Changed Cell Count,1.6667
710,imagegame,LLP: Large Language Problems__qwen3.5-9b__llp-final,random_grids,instance_00014,Average Generated Instruction Length,62.3333
711,imagegame,LLP: Large Language Problems__qwen3.5-9b__llp-final,random_grids,instance_00014,Average Generated Expression Number of Tokens,12.3333
712,imagegame,LLP: Large Language Problems__qwen3.5-9b__llp-final,random_grids,instance_00014,Success,1.0
713,imagegame,LLP: Large Language Problems__qwen3.5-9b__llp-final,random_grids,instance_00014,Lose,0.0
714,imagegame,LLP: Large Language Problems__qwen3.5-9b__llp-final,random_grids,instance_00014,Aborted,0.0
715,imagegame,LLP: Large Language Problems__qwen3.5-9b__llp-final,random_grids,instance_00014,Request Count,20.0
716,imagegame,LLP: Large Language Problems__qwen3.5-9b__llp-final,random_grids,instance_00014,Violated Request Count,0.0
717,imagegame,LLP: Large Language Problems__qwen3.5-9b__llp-final,random_grids,instance_00014,Parsed Request Count,20.0
718,imagegame,LLP: Large Language Problems__qwen3.5-9b__llp-final,random_grids,instance_00014,Request Success Ratio,1.0
719,imagegame,LLP: Large Language Problems__qwen3.5-9b__llp-final,random_grids,instance_00016,Precision,100.0
720,imagegame,LLP: Large Language Problems__qwen3.5-9b__llp-final,random_grids,instance_00016,Recall,100.0
721,imagegame,LLP: Large Language Problems__qwen3.5-9b__llp-final,random_grids,instance_00016,F1,100.0
722,imagegame,LLP: Large Language Problems__qwen3.5-9b__llp-final,random_grids,instance_00016,Main Score,100.0
723,imagegame,LLP: Large Language Problems__qwen3.5-9b__llp-final,random_grids,instance_00016,Average Changed Cell Count,2.0
724,imagegame,LLP: Large Language Problems__qwen3.5-9b__llp-final,random_grids,instance_00016,Average Generated Instruction Length,43.5
725,imagegame,LLP: Large Language Problems__qwen3.5-9b__llp-final,random_grids,instance_00016,Average Generated Expression Number of Tokens,9.5
726,imagegame,LLP: Large Language Problems__qwen3.5-9b__llp-final,random_grids,instance_00016,Success,1.0
727,imagegame,LLP: Large Language Problems__qwen3.5-9b__llp-final,random_grids,instance_00016,Lose,0.0
728,imagegame,LLP: Large Language Problems__qwen3.5-9b__llp-final,random_grids,instance_00016,Aborted,0.0
729,imagegame,LLP: Large Language Problems__qwen3.5-9b__llp-final,random_grids,instance_00016,Request Count,26.0
730,imagegame,LLP: Large Language Problems__qwen3.5-9b__llp-final,random_grids,instance_00016,Violated Request Count,0.0
731,imagegame,LLP: Large Language Problems__qwen3.5-9b__llp-final,random_grids,instance_00016,Parsed Request Count,26.0
732,imagegame,LLP: Large Language Problems__qwen3.5-9b__llp-final,random_grids,instance_00016,Request Success Ratio,1.0
733,imagegame,LLP: Large Language Problems__qwen3.5-9b__llp-final,compact_grids,instance_00019,Precision,94.0
734,imagegame,LLP: Large Language Problems__qwen3.5-9b__llp-final,compact_grids,instance_00019,Recall,100.0
735,imagegame,LLP: Large Language Problems__qwen3.5-9b__llp-final,compact_grids,instance_00019,F1,97.0
736,imagegame,LLP: Large Language Problems__qwen3.5-9b__llp-final,compact_grids,instance_00019,Main Score,97.0
737,imagegame,LLP: Large Language Problems__qwen3.5-9b__llp-final,compact_grids,instance_00019,Average Changed Cell Count,3.2
738,imagegame,LLP: Large Language Problems__qwen3.5-9b__llp-final,compact_grids,instance_00019,Average Generated Instruction Length,56.0
739,imagegame,LLP: Large Language Problems__qwen3.5-9b__llp-final,compact_grids,instance_00019,Average Generated Expression Number of Tokens,11.0
740,imagegame,LLP: Large Language Problems__qwen3.5-9b__llp-final,compact_grids,instance_00019,Success,0.0
741,imagegame,LLP: Large Language Problems__qwen3.5-9b__llp-final,compact_grids,instance_00019,Lose,1.0
742,imagegame,LLP: Large Language Problems__qwen3.5-9b__llp-final,compact_grids,instance_00019,Aborted,0.0
743,imagegame,LLP: Large Language Problems__qwen3.5-9b__llp-final,compact_grids,instance_00019,Request Count,32.0
744,imagegame,LLP: Large Language Problems__qwen3.5-9b__llp-final,compact_grids,instance_00019,Violated Request Count,0.0
745,imagegame,LLP: Large Language Problems__qwen3.5-9b__llp-final,compact_grids,instance_00019,Parsed Request Count,32.0
746,imagegame,LLP: Large Language Problems__qwen3.5-9b__llp-final,compact_grids,instance_00019,Request Success Ratio,1.0
747,imagegame,LLP: Large Language Problems__qwen3.5-9b__llp-final,compact_grids,instance_00002,Precision,100.0
748,imagegame,LLP: Large Language Problems__qwen3.5-9b__llp-final,compact_grids,instance_00002,Recall,100.0
749,imagegame,LLP: Large Language Problems__qwen3.5-9b__llp-final,compact_grids,instance_00002,F1,100.0
750,imagegame,LLP: Large Language Problems__qwen3.5-9b__llp-final,compact_grids,instance_00002,Main Score,100.0
751,imagegame,LLP: Large Language Problems__qwen3.5-9b__llp-final,compact_grids,instance_00002,Average Changed Cell Count,12.5
752,imagegame,LLP: Large Language Problems__qwen3.5-9b__llp-final,compact_grids,instance_00002,Average Generated Instruction Length,77.0
753,imagegame,LLP: Large Language Problems__qwen3.5-9b__llp-final,compact_grids,instance_00002,Average Generated Expression Number of Tokens,12.0
754,imagegame,LLP: Large Language Problems__qwen3.5-9b__llp-final,compact_grids,instance_00002,Success,1.0
755,imagegame,LLP: Large Language Problems__qwen3.5-9b__llp-final,compact_grids,instance_00002,Lose,0.0
756,imagegame,LLP: Large Language Problems__qwen3.5-9b__llp-final,compact_grids,instance_00002,Aborted,0.0
757,imagegame,LLP: Large Language Problems__qwen3.5-9b__llp-final,compact_grids,instance_00002,Request Count,14.0
758,imagegame,LLP: Large Language Problems__qwen3.5-9b__llp-final,compact_grids,instance_00002,Violated Request Count,0.0
759,imagegame,LLP: Large Language Problems__qwen3.5-9b__llp-final,compact_grids,instance_00002,Parsed Request Count,14.0
760,imagegame,LLP: Large Language Problems__qwen3.5-9b__llp-final,compact_grids,instance_00002,Request Success Ratio,1.0
761,textmapworld_graphreasoning,LLP: Large Language Problems__qwen3.5-9b__llp-final,small,instance_00009,Success,1.0
762,textmapworld_graphreasoning,LLP: Large Language Problems__qwen3.5-9b__llp-final,small,instance_00009,Aborted,0.0
763,textmapworld_graphreasoning,LLP: Large Language Problems__qwen3.5-9b__llp-final,small,instance_00009,Lose,0.0
764,textmapworld_graphreasoning,LLP: Large Language Problems__qwen3.5-9b__llp-final,small,instance_00009,moves,5.0
765,textmapworld_graphreasoning,LLP: Large Language Problems__qwen3.5-9b__llp-final,small,instance_00009,valid_moves,5.0
766,textmapworld_graphreasoning,LLP: Large Language Problems__qwen3.5-9b__llp-final,small,instance_00009,invalid_moves,0.0
767,textmapworld_graphreasoning,LLP: Large Language Problems__qwen3.5-9b__llp-final,small,instance_00009,stopped,1.0
768,textmapworld_graphreasoning,LLP: Large Language Problems__qwen3.5-9b__llp-final,small,instance_00009,turns_limit,0.0
769,textmapworld_graphreasoning,LLP: Large Language Problems__qwen3.5-9b__llp-final,small,instance_00009,loops,0.0
770,textmapworld_graphreasoning,LLP: Large Language Problems__qwen3.5-9b__llp-final,small,instance_00009,number_visited,4.0
771,textmapworld_graphreasoning,LLP: Large Language Problems__qwen3.5-9b__llp-final,small,instance_00009,seen,4.0
772,textmapworld_graphreasoning,LLP: Large Language Problems__qwen3.5-9b__llp-final,small,instance_00009,efficiency,80.0
773,textmapworld_graphreasoning,LLP: Large Language Problems__qwen3.5-9b__llp-final,small,instance_00009,exploration,100.0
774,textmapworld_graphreasoning,LLP: Large Language Problems__qwen3.5-9b__llp-final,small,instance_00009,graph_similarity,53.78828427399902
775,textmapworld_graphreasoning,LLP: Large Language Problems__qwen3.5-9b__llp-final,small,instance_00009,Main Score,88.88888888888889
776,textmapworld_graphreasoning,LLP: Large Language Problems__qwen3.5-9b__llp-final,large,instance_00028,Success,1.0
777,textmapworld_graphreasoning,LLP: Large Language Problems__qwen3.5-9b__llp-final,large,instance_00028,Aborted,0.0
778,textmapworld_graphreasoning,LLP: Large Language Problems__qwen3.5-9b__llp-final,large,instance_00028,Lose,0.0
779,textmapworld_graphreasoning,LLP: Large Language Problems__qwen3.5-9b__llp-final,large,instance_00028,moves,11.0
780,textmapworld_graphreasoning,LLP: Large Language Problems__qwen3.5-9b__llp-final,large,instance_00028,valid_moves,11.0
781,textmapworld_graphreasoning,LLP: Large Language Problems__qwen3.5-9b__llp-final,large,instance_00028,invalid_moves,0.0
782,textmapworld_graphreasoning,LLP: Large Language Problems__qwen3.5-9b__llp-final,large,instance_00028,stopped,1.0
783,textmapworld_graphreasoning,LLP: Large Language Problems__qwen3.5-9b__llp-final,large,instance_00028,turns_limit,0.0
784,textmapworld_graphreasoning,LLP: Large Language Problems__qwen3.5-9b__llp-final,large,instance_00028,loops,0.0
785,textmapworld_graphreasoning,LLP: Large Language Problems__qwen3.5-9b__llp-final,large,instance_00028,number_visited,8.0
786,textmapworld_graphreasoning,LLP: Large Language Problems__qwen3.5-9b__llp-final,large,instance_00028,seen,8.0
787,textmapworld_graphreasoning,LLP: Large Language Problems__qwen3.5-9b__llp-final,large,instance_00028,efficiency,90.9090909090909
788,textmapworld_graphreasoning,LLP: Large Language Problems__qwen3.5-9b__llp-final,large,instance_00028,exploration,100.0
789,textmapworld_graphreasoning,LLP: Large Language Problems__qwen3.5-9b__llp-final,large,instance_00028,graph_similarity,100.0
790,textmapworld_graphreasoning,LLP: Large Language Problems__qwen3.5-9b__llp-final,large,instance_00028,Main Score,95.23809523809523
791,textmapworld_graphreasoning,LLP: Large Language Problems__qwen3.5-9b__llp-final,medium,instance_00010,Success,1.0
792,textmapworld_graphreasoning,LLP: Large Language Problems__qwen3.5-9b__llp-final,medium,instance_00010,Aborted,0.0
793,textmapworld_graphreasoning,LLP: Large Language Problems__qwen3.5-9b__llp-final,medium,instance_00010,Lose,0.0
794,textmapworld_graphreasoning,LLP: Large Language Problems__qwen3.5-9b__llp-final,medium,instance_00010,moves,9.0
795,textmapworld_graphreasoning,LLP: Large Language Problems__qwen3.5-9b__llp-final,medium,instance_00010,valid_moves,9.0
796,textmapworld_graphreasoning,LLP: Large Language Problems__qwen3.5-9b__llp-final,medium,instance_00010,invalid_moves,0.0
797,textmapworld_graphreasoning,LLP: Large Language Problems__qwen3.5-9b__llp-final,medium,instance_00010,stopped,1.0
798,textmapworld_graphreasoning,LLP: Large Language Problems__qwen3.5-9b__llp-final,medium,instance_00010,turns_limit,0.0
799,textmapworld_graphreasoning,LLP: Large Language Problems__qwen3.5-9b__llp-final,medium,instance_00010,loops,0.0
800,textmapworld_graphreasoning,LLP: Large Language Problems__qwen3.5-9b__llp-final,medium,instance_00010,number_visited,6.0
801,textmapworld_graphreasoning,LLP: Large Language Problems__qwen3.5-9b__llp-final,medium,instance_00010,seen,6.0
802,textmapworld_graphreasoning,LLP: Large Language Problems__qwen3.5-9b__llp-final,medium,instance_00010,efficiency,66.66666666666666
803,textmapworld_graphreasoning,LLP: Large Language Problems__qwen3.5-9b__llp-final,medium,instance_00010,exploration,100.0
804,textmapworld_graphreasoning,LLP: Large Language Problems__qwen3.5-9b__llp-final,medium,instance_00010,graph_similarity,100.0
805,textmapworld_graphreasoning,LLP: Large Language Problems__qwen3.5-9b__llp-final,medium,instance_00010,Main Score,80.0
806,codenames,LLP: Large Language Problems__qwen3.5-9b__llp-final,association_difficult,instance_00000,experiment variable,Word Assignments
807,codenames,LLP: Large Language Problems__qwen3.5-9b__llp-final,association_difficult,instance_00000,experiment name,association_difficult
808,codenames,LLP: Large Language Problems__qwen3.5-9b__llp-final,association_difficult,instance_00000,Cluegiver strip words,0
809,codenames,LLP: Large Language Problems__qwen3.5-9b__llp-final,association_difficult,instance_00000,Guesser strip words,0
810,codenames,LLP: Large Language Problems__qwen3.5-9b__llp-final,association_difficult,instance_00000,Average Cluegiver Number of Targets,1.25
811,codenames,LLP: Large Language Problems__qwen3.5-9b__llp-final,association_difficult,instance_00000,Average Cluegiver Team Precision,1.0
812,codenames,LLP: Large Language Problems__qwen3.5-9b__llp-final,association_difficult,instance_00000,Average Cluegiver Team Recall,0.255
813,codenames,LLP: Large Language Problems__qwen3.5-9b__llp-final,association_difficult,instance_00000,Average Cluegiver Team F1,0.405
814,codenames,LLP: Large Language Problems__qwen3.5-9b__llp-final,association_difficult,instance_00000,Average Guesser Number of Guesses,1.125
815,codenames,LLP: Large Language Problems__qwen3.5-9b__llp-final,association_difficult,instance_00000,Average Guesser Number of Revealed Words,1.125
816,codenames,LLP: Large Language Problems__qwen3.5-9b__llp-final,association_difficult,instance_00000,Average Guesser Number of Unrevealed Guesses,0
817,codenames,LLP: Large Language Problems__qwen3.5-9b__llp-final,association_difficult,instance_00000,Average Guesser Target Precision,0.5
818,codenames,LLP: Large Language Problems__qwen3.5-9b__llp-final,association_difficult,instance_00000,Average Guesser Target Recall,0.5
819,codenames,LLP: Large Language Problems__qwen3.5-9b__llp-final,association_difficult,instance_00000,Average Guesser Target F1,0.5
820,codenames,LLP: Large Language Problems__qwen3.5-9b__llp-final,association_difficult,instance_00000,Average Guesser Team Precision,0.5
821,codenames,LLP: Large Language Problems__qwen3.5-9b__llp-final,association_difficult,instance_00000,Average Guesser Team Recall,0.12
822,codenames,LLP: Large Language Problems__qwen3.5-9b__llp-final,association_difficult,instance_00000,Average Guesser Team F1,0.193
823,codenames,LLP: Large Language Problems__qwen3.5-9b__llp-final,association_difficult,instance_00000,Aborted,0
824,codenames,LLP: Large Language Problems__qwen3.5-9b__llp-final,association_difficult,instance_00000,Lose,1
825,codenames,LLP: Large Language Problems__qwen3.5-9b__llp-final,association_difficult,instance_00000,Success,0
826,codenames,LLP: Large Language Problems__qwen3.5-9b__llp-final,association_difficult,instance_00000,Game ended through assassin,0
827,codenames,LLP: Large Language Problems__qwen3.5-9b__llp-final,association_difficult,instance_00000,Episode Recall,0.667
828,codenames,LLP: Large Language Problems__qwen3.5-9b__llp-final,association_difficult,instance_00000,Episode Negative Recall,0.812
829,codenames,LLP: Large Language Problems__qwen3.5-9b__llp-final,association_difficult,instance_00000,Number of turns,8
830,codenames,LLP: Large Language Problems__qwen3.5-9b__llp-final,association_difficult,instance_00000,Efficiency,0.562
831,codenames,LLP: Large Language Problems__qwen3.5-9b__llp-final,association_difficult,instance_00000,Request Count,15
832,codenames,LLP: Large Language Problems__qwen3.5-9b__llp-final,association_difficult,instance_00000,Parsed Request Count,15
833,codenames,LLP: Large Language Problems__qwen3.5-9b__llp-final,association_difficult,instance_00000,Violated Request Count,0
834,codenames,LLP: Large Language Problems__qwen3.5-9b__llp-final,association_difficult,instance_00000,Request Success Ratio,1.0
835,codenames,LLP: Large Language Problems__qwen3.5-9b__llp-final,association_difficult,instance_00000,Main Score,0
836,codenames,LLP: Large Language Problems__qwen3.5-9b__llp-final,risk_low,instance_00008,experiment variable,Risk
837,codenames,LLP: Large Language Problems__qwen3.5-9b__llp-final,risk_low,instance_00008,experiment name,risk_low
838,codenames,LLP: Large Language Problems__qwen3.5-9b__llp-final,risk_low,instance_00008,Cluegiver strip words,0
839,codenames,LLP: Large Language Problems__qwen3.5-9b__llp-final,risk_low,instance_00008,Guesser strip words,0
840,codenames,LLP: Large Language Problems__qwen3.5-9b__llp-final,risk_low,instance_00008,Average Cluegiver Number of Targets,2
841,codenames,LLP: Large Language Problems__qwen3.5-9b__llp-final,risk_low,instance_00008,Average Cluegiver Team Precision,0.8
842,codenames,LLP: Large Language Problems__qwen3.5-9b__llp-final,risk_low,instance_00008,Average Cluegiver Team Recall,0.285
843,codenames,LLP: Large Language Problems__qwen3.5-9b__llp-final,risk_low,instance_00008,Average Cluegiver Team F1,0.417
844,codenames,LLP: Large Language Problems__qwen3.5-9b__llp-final,risk_low,instance_00008,Average Guesser Number of Guesses,2
845,codenames,LLP: Large Language Problems__qwen3.5-9b__llp-final,risk_low,instance_00008,Average Guesser Number of Revealed Words,1.6
846,codenames,LLP: Large Language Problems__qwen3.5-9b__llp-final,risk_low,instance_00008,Average Guesser Number of Unrevealed Guesses,0.4
847,codenames,LLP: Large Language Problems__qwen3.5-9b__llp-final,risk_low,instance_00008,Average Guesser Target Precision,0.5
848,codenames,LLP: Large Language Problems__qwen3.5-9b__llp-final,risk_low,instance_00008,Average Guesser Target Recall,0.45
849,codenames,LLP: Large Language Problems__qwen3.5-9b__llp-final,risk_low,instance_00008,Average Guesser Target F1,0.467
850,codenames,LLP: Large Language Problems__qwen3.5-9b__llp-final,risk_low,instance_00008,Average Guesser Team Precision,0.5
851,codenames,LLP: Large Language Problems__qwen3.5-9b__llp-final,risk_low,instance_00008,Average Guesser Team Recall,0.146
852,codenames,LLP: Large Language Problems__qwen3.5-9b__llp-final,risk_low,instance_00008,Average Guesser Team F1,0.224
853,codenames,LLP: Large Language Problems__qwen3.5-9b__llp-final,risk_low,instance_00008,Aborted,1
854,codenames,LLP: Large Language Problems__qwen3.5-9b__llp-final,risk_low,instance_00008,Lose,0
855,codenames,LLP: Large Language Problems__qwen3.5-9b__llp-final,risk_low,instance_00008,Success,0
856,codenames,LLP: Large Language Problems__qwen3.5-9b__llp-final,risk_low,instance_00008,Game ended through assassin,0
857,codenames,LLP: Large Language Problems__qwen3.5-9b__llp-final,risk_low,instance_00008,Episode Recall,0.556
858,codenames,LLP: Large Language Problems__qwen3.5-9b__llp-final,risk_low,instance_00008,Episode Negative Recall,0.812
859,codenames,LLP: Large Language Problems__qwen3.5-9b__llp-final,risk_low,instance_00008,Number of turns,5
860,codenames,LLP: Large Language Problems__qwen3.5-9b__llp-final,risk_low,instance_00008,Efficiency,1.0
861,codenames,LLP: Large Language Problems__qwen3.5-9b__llp-final,risk_low,instance_00008,Request Count,9
862,codenames,LLP: Large Language Problems__qwen3.5-9b__llp-final,risk_low,instance_00008,Parsed Request Count,8
863,codenames,LLP: Large Language Problems__qwen3.5-9b__llp-final,risk_low,instance_00008,Violated Request Count,1
864,codenames,LLP: Large Language Problems__qwen3.5-9b__llp-final,risk_low,instance_00008,Request Success Ratio,0.889
865,codenames,LLP: Large Language Problems__qwen3.5-9b__llp-final,risk_low,instance_00008,Main Score,
866,codenames,LLP: Large Language Problems__qwen3.5-9b__llp-final,ambiguous,instance_00001,experiment variable,Word Ambiguity
867,codenames,LLP: Large Language Problems__qwen3.5-9b__llp-final,ambiguous,instance_00001,experiment name,ambiguous
868,codenames,LLP: Large Language Problems__qwen3.5-9b__llp-final,ambiguous,instance_00001,Cluegiver strip words,0
869,codenames,LLP: Large Language Problems__qwen3.5-9b__llp-final,ambiguous,instance_00001,Guesser strip words,0
870,codenames,LLP: Large Language Problems__qwen3.5-9b__llp-final,ambiguous,instance_00001,Average Cluegiver Number of Targets,2.857
871,codenames,LLP: Large Language Problems__qwen3.5-9b__llp-final,ambiguous,instance_00001,Average Cluegiver Team Precision,1.0
872,codenames,LLP: Large Language Problems__qwen3.5-9b__llp-final,ambiguous,instance_00001,Average Cluegiver Team Recall,0.524
873,codenames,LLP: Large Language Problems__qwen3.5-9b__llp-final,ambiguous,instance_00001,Average Cluegiver Team F1,0.679
874,codenames,LLP: Large Language Problems__qwen3.5-9b__llp-final,ambiguous,instance_00001,Average Guesser Number of Guesses,2.429
875,codenames,LLP: Large Language Problems__qwen3.5-9b__llp-final,ambiguous,instance_00001,Average Guesser Number of Revealed Words,1.286
876,codenames,LLP: Large Language Problems__qwen3.5-9b__llp-final,ambiguous,instance_00001,Average Guesser Number of Unrevealed Guesses,1.143
877,codenames,LLP: Large Language Problems__qwen3.5-9b__llp-final,ambiguous,instance_00001,Average Guesser Target Precision,0.214
878,codenames,LLP: Large Language Problems__qwen3.5-9b__llp-final,ambiguous,instance_00001,Average Guesser Target Recall,0.214
879,codenames,LLP: Large Language Problems__qwen3.5-9b__llp-final,ambiguous,instance_00001,Average Guesser Target F1,0.214
880,codenames,LLP: Large Language Problems__qwen3.5-9b__llp-final,ambiguous,instance_00001,Average Guesser Team Precision,0.214
881,codenames,LLP: Large Language Problems__qwen3.5-9b__llp-final,ambiguous,instance_00001,Average Guesser Team Recall,0.071
882,codenames,LLP: Large Language Problems__qwen3.5-9b__llp-final,ambiguous,instance_00001,Average Guesser Team F1,0.107
883,codenames,LLP: Large Language Problems__qwen3.5-9b__llp-final,ambiguous,instance_00001,Aborted,0
884,codenames,LLP: Large Language Problems__qwen3.5-9b__llp-final,ambiguous,instance_00001,Lose,1
885,codenames,LLP: Large Language Problems__qwen3.5-9b__llp-final,ambiguous,instance_00001,Success,0
886,codenames,LLP: Large Language Problems__qwen3.5-9b__llp-final,ambiguous,instance_00001,Game ended through assassin,0
887,codenames,LLP: Large Language Problems__qwen3.5-9b__llp-final,ambiguous,instance_00001,Episode Recall,0.444
888,codenames,LLP: Large Language Problems__qwen3.5-9b__llp-final,ambiguous,instance_00001,Episode Negative Recall,0.688
889,codenames,LLP: Large Language Problems__qwen3.5-9b__llp-final,ambiguous,instance_00001,Number of turns,7
890,codenames,LLP: Large Language Problems__qwen3.5-9b__llp-final,ambiguous,instance_00001,Efficiency,1
891,codenames,LLP: Large Language Problems__qwen3.5-9b__llp-final,ambiguous,instance_00001,Request Count,13
892,codenames,LLP: Large Language Problems__qwen3.5-9b__llp-final,ambiguous,instance_00001,Parsed Request Count,13
893,codenames,LLP: Large Language Problems__qwen3.5-9b__llp-final,ambiguous,instance_00001,Violated Request Count,0
894,codenames,LLP: Large Language Problems__qwen3.5-9b__llp-final,ambiguous,instance_00001,Request Success Ratio,1.0
895,codenames,LLP: Large Language Problems__qwen3.5-9b__llp-final,ambiguous,instance_00001,Main Score,0
896,codenames,LLP: Large Language Problems__qwen3.5-9b__llp-final,opponent_difficult,instance_00007,experiment variable,Opponent Difficulty
897,codenames,LLP: Large Language Problems__qwen3.5-9b__llp-final,opponent_difficult,instance_00007,experiment name,opponent_difficult
898,codenames,LLP: Large Language Problems__qwen3.5-9b__llp-final,opponent_difficult,instance_00007,Cluegiver strip words,0
899,codenames,LLP: Large Language Problems__qwen3.5-9b__llp-final,opponent_difficult,instance_00007,Guesser strip words,0
900,codenames,LLP: Large Language Problems__qwen3.5-9b__llp-final,opponent_difficult,instance_00007,Average Cluegiver Number of Targets,3
901,codenames,LLP: Large Language Problems__qwen3.5-9b__llp-final,opponent_difficult,instance_00007,Average Cluegiver Team Precision,1.0
902,codenames,LLP: Large Language Problems__qwen3.5-9b__llp-final,opponent_difficult,instance_00007,Average Cluegiver Team Recall,0.46
903,codenames,LLP: Large Language Problems__qwen3.5-9b__llp-final,opponent_difficult,instance_00007,Average Cluegiver Team F1,0.614
904,codenames,LLP: Large Language Problems__qwen3.5-9b__llp-final,opponent_difficult,instance_00007,Average Guesser Number of Guesses,2.4
905,codenames,LLP: Large Language Problems__qwen3.5-9b__llp-final,opponent_difficult,instance_00007,Average Guesser Number of Revealed Words,1.6
906,codenames,LLP: Large Language Problems__qwen3.5-9b__llp-final,opponent_difficult,instance_00007,Average Guesser Number of Unrevealed Guesses,0.8
907,codenames,LLP: Large Language Problems__qwen3.5-9b__llp-final,opponent_difficult,instance_00007,Average Guesser Target Precision,0.4
908,codenames,LLP: Large Language Problems__qwen3.5-9b__llp-final,opponent_difficult,instance_00007,Average Guesser Target Recall,0.35
909,codenames,LLP: Large Language Problems__qwen3.5-9b__llp-final,opponent_difficult,instance_00007,Average Guesser Target F1,0.367
910,codenames,LLP: Large Language Problems__qwen3.5-9b__llp-final,opponent_difficult,instance_00007,Average Guesser Team Precision,0.4
911,codenames,LLP: Large Language Problems__qwen3.5-9b__llp-final,opponent_difficult,instance_00007,Average Guesser Team Recall,0.133
912,codenames,LLP: Large Language Problems__qwen3.5-9b__llp-final,opponent_difficult,instance_00007,Average Guesser Team F1,0.196
913,codenames,LLP: Large Language Problems__qwen3.5-9b__llp-final,opponent_difficult,instance_00007,Aborted,0
914,codenames,LLP: Large Language Problems__qwen3.5-9b__llp-final,opponent_difficult,instance_00007,Lose,1
915,codenames,LLP: Large Language Problems__qwen3.5-9b__llp-final,opponent_difficult,instance_00007,Success,0
916,codenames,LLP: Large Language Problems__qwen3.5-9b__llp-final,opponent_difficult,instance_00007,Game ended through assassin,0
917,codenames,LLP: Large Language Problems__qwen3.5-9b__llp-final,opponent_difficult,instance_00007,Episode Recall,0.556
918,codenames,LLP: Large Language Problems__qwen3.5-9b__llp-final,opponent_difficult,instance_00007,Episode Negative Recall,0.812
919,codenames,LLP: Large Language Problems__qwen3.5-9b__llp-final,opponent_difficult,instance_00007,Number of turns,5
920,codenames,LLP: Large Language Problems__qwen3.5-9b__llp-final,opponent_difficult,instance_00007,Efficiency,1
921,codenames,LLP: Large Language Problems__qwen3.5-9b__llp-final,opponent_difficult,instance_00007,Request Count,9
922,codenames,LLP: Large Language Problems__qwen3.5-9b__llp-final,opponent_difficult,instance_00007,Parsed Request Count,9
923,codenames,LLP: Large Language Problems__qwen3.5-9b__llp-final,opponent_difficult,instance_00007,Violated Request Count,0
924,codenames,LLP: Large Language Problems__qwen3.5-9b__llp-final,opponent_difficult,instance_00007,Request Success Ratio,1.0
925,codenames,LLP: Large Language Problems__qwen3.5-9b__llp-final,opponent_difficult,instance_00007,Main Score,0
926,codenames,LLP: Large Language Problems__qwen3.5-9b__llp-final,risk_high,instance_00009,experiment variable,Risk
927,codenames,LLP: Large Language Problems__qwen3.5-9b__llp-final,risk_high,instance_00009,experiment name,risk_high
928,codenames,LLP: Large Language Problems__qwen3.5-9b__llp-final,risk_high,instance_00009,Cluegiver strip words,0
929,codenames,LLP: Large Language Problems__qwen3.5-9b__llp-final,risk_high,instance_00009,Guesser strip words,0
930,codenames,LLP: Large Language Problems__qwen3.5-9b__llp-final,risk_high,instance_00009,Average Cluegiver Number of Targets,2
931,codenames,LLP: Large Language Problems__qwen3.5-9b__llp-final,risk_high,instance_00009,Average Cluegiver Team Precision,0.5
932,codenames,LLP: Large Language Problems__qwen3.5-9b__llp-final,risk_high,instance_00009,Average Cluegiver Team Recall,0.222
933,codenames,LLP: Large Language Problems__qwen3.5-9b__llp-final,risk_high,instance_00009,Average Cluegiver Team F1,0.307
934,codenames,LLP: Large Language Problems__qwen3.5-9b__llp-final,risk_high,instance_00009,Average Guesser Number of Guesses,2
935,codenames,LLP: Large Language Problems__qwen3.5-9b__llp-final,risk_high,instance_00009,Average Guesser Number of Revealed Words,2
936,codenames,LLP: Large Language Problems__qwen3.5-9b__llp-final,risk_high,instance_00009,Average Guesser Number of Unrevealed Guesses,0
937,codenames,LLP: Large Language Problems__qwen3.5-9b__llp-final,risk_high,instance_00009,Average Guesser Target Precision,0.25
938,codenames,LLP: Large Language Problems__qwen3.5-9b__llp-final,risk_high,instance_00009,Average Guesser Target Recall,0.25
939,codenames,LLP: Large Language Problems__qwen3.5-9b__llp-final,risk_high,instance_00009,Average Guesser Target F1,0.25
940,codenames,LLP: Large Language Problems__qwen3.5-9b__llp-final,risk_high,instance_00009,Average Guesser Team Precision,0.375
941,codenames,LLP: Large Language Problems__qwen3.5-9b__llp-final,risk_high,instance_00009,Average Guesser Team Recall,0.167
942,codenames,LLP: Large Language Problems__qwen3.5-9b__llp-final,risk_high,instance_00009,Average Guesser Team F1,0.231
943,codenames,LLP: Large Language Problems__qwen3.5-9b__llp-final,risk_high,instance_00009,Aborted,1
944,codenames,LLP: Large Language Problems__qwen3.5-9b__llp-final,risk_high,instance_00009,Lose,0
945,codenames,LLP: Large Language Problems__qwen3.5-9b__llp-final,risk_high,instance_00009,Success,0
946,codenames,LLP: Large Language Problems__qwen3.5-9b__llp-final,risk_high,instance_00009,Game ended through assassin,0
947,codenames,LLP: Large Language Problems__qwen3.5-9b__llp-final,risk_high,instance_00009,Episode Recall,0.333
948,codenames,LLP: Large Language Problems__qwen3.5-9b__llp-final,risk_high,instance_00009,Episode Negative Recall,0.938
949,codenames,LLP: Large Language Problems__qwen3.5-9b__llp-final,risk_high,instance_00009,Number of turns,2
950,codenames,LLP: Large Language Problems__qwen3.5-9b__llp-final,risk_high,instance_00009,Efficiency,1.0
951,codenames,LLP: Large Language Problems__qwen3.5-9b__llp-final,risk_high,instance_00009,Request Count,3
952,codenames,LLP: Large Language Problems__qwen3.5-9b__llp-final,risk_high,instance_00009,Parsed Request Count,2
953,codenames,LLP: Large Language Problems__qwen3.5-9b__llp-final,risk_high,instance_00009,Violated Request Count,1
954,codenames,LLP: Large Language Problems__qwen3.5-9b__llp-final,risk_high,instance_00009,Request Success Ratio,0.667
955,codenames,LLP: Large Language Problems__qwen3.5-9b__llp-final,risk_high,instance_00009,Main Score,
956,codenames,LLP: Large Language Problems__qwen3.5-9b__llp-final,abstract,instance_00007,experiment variable,Word Concreteness
957,codenames,LLP: Large Language Problems__qwen3.5-9b__llp-final,abstract,instance_00007,experiment name,abstract
958,codenames,LLP: Large Language Problems__qwen3.5-9b__llp-final,abstract,instance_00007,Cluegiver strip words,0
959,codenames,LLP: Large Language Problems__qwen3.5-9b__llp-final,abstract,instance_00007,Guesser strip words,0
960,codenames,LLP: Large Language Problems__qwen3.5-9b__llp-final,abstract,instance_00007,Average Cluegiver Number of Targets,2
961,codenames,LLP: Large Language Problems__qwen3.5-9b__llp-final,abstract,instance_00007,Average Cluegiver Team Precision,1.0
962,codenames,LLP: Large Language Problems__qwen3.5-9b__llp-final,abstract,instance_00007,Average Cluegiver Team Recall,0.633
963,codenames,LLP: Large Language Problems__qwen3.5-9b__llp-final,abstract,instance_00007,Average Cluegiver Team F1,0.733
964,codenames,LLP: Large Language Problems__qwen3.5-9b__llp-final,abstract,instance_00007,Average Guesser Number of Guesses,2
965,codenames,LLP: Large Language Problems__qwen3.5-9b__llp-final,abstract,instance_00007,Average Guesser Number of Revealed Words,2
966,codenames,LLP: Large Language Problems__qwen3.5-9b__llp-final,abstract,instance_00007,Average Guesser Number of Unrevealed Guesses,0
967,codenames,LLP: Large Language Problems__qwen3.5-9b__llp-final,abstract,instance_00007,Average Guesser Target Precision,0.8
968,codenames,LLP: Large Language Problems__qwen3.5-9b__llp-final,abstract,instance_00007,Average Guesser Target Recall,0.8
969,codenames,LLP: Large Language Problems__qwen3.5-9b__llp-final,abstract,instance_00007,Average Guesser Target F1,0.8
970,codenames,LLP: Large Language Problems__qwen3.5-9b__llp-final,abstract,instance_00007,Average Guesser Team Precision,0.9
971,codenames,LLP: Large Language Problems__qwen3.5-9b__llp-final,abstract,instance_00007,Average Guesser Team Recall,0.533
972,codenames,LLP: Large Language Problems__qwen3.5-9b__llp-final,abstract,instance_00007,Average Guesser Team F1,0.633
973,codenames,LLP: Large Language Problems__qwen3.5-9b__llp-final,abstract,instance_00007,Aborted,0
974,codenames,LLP: Large Language Problems__qwen3.5-9b__llp-final,abstract,instance_00007,Lose,0
975,codenames,LLP: Large Language Problems__qwen3.5-9b__llp-final,abstract,instance_00007,Success,1
976,codenames,LLP: Large Language Problems__qwen3.5-9b__llp-final,abstract,instance_00007,Game ended through assassin,0
977,codenames,LLP: Large Language Problems__qwen3.5-9b__llp-final,abstract,instance_00007,Episode Recall,1.0
978,codenames,LLP: Large Language Problems__qwen3.5-9b__llp-final,abstract,instance_00007,Episode Negative Recall,0.938
979,codenames,LLP: Large Language Problems__qwen3.5-9b__llp-final,abstract,instance_00007,Number of turns,6
980,codenames,LLP: Large Language Problems__qwen3.5-9b__llp-final,abstract,instance_00007,Efficiency,0.833
981,codenames,LLP: Large Language Problems__qwen3.5-9b__llp-final,abstract,instance_00007,Request Count,10
982,codenames,LLP: Large Language Problems__qwen3.5-9b__llp-final,abstract,instance_00007,Parsed Request Count,10
983,codenames,LLP: Large Language Problems__qwen3.5-9b__llp-final,abstract,instance_00007,Violated Request Count,0
984,codenames,LLP: Large Language Problems__qwen3.5-9b__llp-final,abstract,instance_00007,Request Success Ratio,1.0
985,codenames,LLP: Large Language Problems__qwen3.5-9b__llp-final,abstract,instance_00007,Main Score,100
986,codenames,LLP: Large Language Problems__qwen3.5-9b__llp-final,association_easy,instance_00009,experiment variable,Word Assignments
987,codenames,LLP: Large Language Problems__qwen3.5-9b__llp-final,association_easy,instance_00009,experiment name,association_easy
988,codenames,LLP: Large Language Problems__qwen3.5-9b__llp-final,association_easy,instance_00009,Cluegiver strip words,0
989,codenames,LLP: Large Language Problems__qwen3.5-9b__llp-final,association_easy,instance_00009,Guesser strip words,0
990,codenames,LLP: Large Language Problems__qwen3.5-9b__llp-final,association_easy,instance_00009,Average Cluegiver Number of Targets,3.25
991,codenames,LLP: Large Language Problems__qwen3.5-9b__llp-final,association_easy,instance_00009,Average Cluegiver Team Precision,1.0
992,codenames,LLP: Large Language Problems__qwen3.5-9b__llp-final,association_easy,instance_00009,Average Cluegiver Team Recall,0.611
993,codenames,LLP: Large Language Problems__qwen3.5-9b__llp-final,association_easy,instance_00009,Average Cluegiver Team F1,0.729
994,codenames,LLP: Large Language Problems__qwen3.5-9b__llp-final,association_easy,instance_00009,Average Guesser Number of Guesses,3.25
995,codenames,LLP: Large Language Problems__qwen3.5-9b__llp-final,association_easy,instance_00009,Average Guesser Number of Revealed Words,2.5
996,codenames,LLP: Large Language Problems__qwen3.5-9b__llp-final,association_easy,instance_00009,Average Guesser Number of Unrevealed Guesses,0.75
997,codenames,LLP: Large Language Problems__qwen3.5-9b__llp-final,association_easy,instance_00009,Average Guesser Target Precision,0.75
998,codenames,LLP: Large Language Problems__qwen3.5-9b__llp-final,association_easy,instance_00009,Average Guesser Target Recall,0.75
999,codenames,LLP: Large Language Problems__qwen3.5-9b__llp-final,association_easy,instance_00009,Average Guesser Target F1,0.75
1000,codenames,LLP: Large Language Problems__qwen3.5-9b__llp-final,association_easy,instance_00009,Average Guesser Team Precision,0.75
1001,codenames,LLP: Large Language Problems__qwen3.5-9b__llp-final,association_easy,instance_00009,Average Guesser Team Recall,0.5
1002,codenames,LLP: Large Language Problems__qwen3.5-9b__llp-final,association_easy,instance_00009,Average Guesser Team F1,0.575
1003,codenames,LLP: Large Language Problems__qwen3.5-9b__llp-final,association_easy,instance_00009,Aborted,0
1004,codenames,LLP: Large Language Problems__qwen3.5-9b__llp-final,association_easy,instance_00009,Lose,0
1005,codenames,LLP: Large Language Problems__qwen3.5-9b__llp-final,association_easy,instance_00009,Success,1
1006,codenames,LLP: Large Language Problems__qwen3.5-9b__llp-final,association_easy,instance_00009,Game ended through assassin,0
1007,codenames,LLP: Large Language Problems__qwen3.5-9b__llp-final,association_easy,instance_00009,Episode Recall,1.0
1008,codenames,LLP: Large Language Problems__qwen3.5-9b__llp-final,association_easy,instance_00009,Episode Negative Recall,0.938
1009,codenames,LLP: Large Language Problems__qwen3.5-9b__llp-final,association_easy,instance_00009,Number of turns,5
1010,codenames,LLP: Large Language Problems__qwen3.5-9b__llp-final,association_easy,instance_00009,Efficiency,1
1011,codenames,LLP: Large Language Problems__qwen3.5-9b__llp-final,association_easy,instance_00009,Request Count,8
1012,codenames,LLP: Large Language Problems__qwen3.5-9b__llp-final,association_easy,instance_00009,Parsed Request Count,8
1013,codenames,LLP: Large Language Problems__qwen3.5-9b__llp-final,association_easy,instance_00009,Violated Request Count,0
1014,codenames,LLP: Large Language Problems__qwen3.5-9b__llp-final,association_easy,instance_00009,Request Success Ratio,1.0
1015,codenames,LLP: Large Language Problems__qwen3.5-9b__llp-final,association_easy,instance_00009,Main Score,100
1016,codenames,LLP: Large Language Problems__qwen3.5-9b__llp-final,opponent_easy,instance_00009,experiment variable,Opponent Difficulty
1017,codenames,LLP: Large Language Problems__qwen3.5-9b__llp-final,opponent_easy,instance_00009,experiment name,opponent_easy
1018,codenames,LLP: Large Language Problems__qwen3.5-9b__llp-final,opponent_easy,instance_00009,Cluegiver strip words,0
1019,codenames,LLP: Large Language Problems__qwen3.5-9b__llp-final,opponent_easy,instance_00009,Guesser strip words,0
1020,codenames,LLP: Large Language Problems__qwen3.5-9b__llp-final,opponent_easy,instance_00009,Average Cluegiver Number of Targets,3
1021,codenames,LLP: Large Language Problems__qwen3.5-9b__llp-final,opponent_easy,instance_00009,Average Cluegiver Team Precision,1.0
1022,codenames,LLP: Large Language Problems__qwen3.5-9b__llp-final,opponent_easy,instance_00009,Average Cluegiver Team Recall,0.354
1023,codenames,LLP: Large Language Problems__qwen3.5-9b__llp-final,opponent_easy,instance_00009,Average Cluegiver Team F1,0.522
1024,codenames,LLP: Large Language Problems__qwen3.5-9b__llp-final,opponent_easy,instance_00009,Average Guesser Number of Guesses,1.5
1025,codenames,LLP: Large Language Problems__qwen3.5-9b__llp-final,opponent_easy,instance_00009,Average Guesser Number of Revealed Words,1
1026,codenames,LLP: Large Language Problems__qwen3.5-9b__llp-final,opponent_easy,instance_00009,Average Guesser Number of Unrevealed Guesses,0.5
1027,codenames,LLP: Large Language Problems__qwen3.5-9b__llp-final,opponent_easy,instance_00009,Average Guesser Target Precision,0.25
1028,codenames,LLP: Large Language Problems__qwen3.5-9b__llp-final,opponent_easy,instance_00009,Average Guesser Target Recall,0.167
1029,codenames,LLP: Large Language Problems__qwen3.5-9b__llp-final,opponent_easy,instance_00009,Average Guesser Target F1,0.2
1030,codenames,LLP: Large Language Problems__qwen3.5-9b__llp-final,opponent_easy,instance_00009,Average Guesser Team Precision,0.25
1031,codenames,LLP: Large Language Problems__qwen3.5-9b__llp-final,opponent_easy,instance_00009,Average Guesser Team Recall,0.056
1032,codenames,LLP: Large Language Problems__qwen3.5-9b__llp-final,opponent_easy,instance_00009,Average Guesser Team F1,0.091
1033,codenames,LLP: Large Language Problems__qwen3.5-9b__llp-final,opponent_easy,instance_00009,Aborted,1
1034,codenames,LLP: Large Language Problems__qwen3.5-9b__llp-final,opponent_easy,instance_00009,Lose,0
1035,codenames,LLP: Large Language Problems__qwen3.5-9b__llp-final,opponent_easy,instance_00009,Success,0
1036,codenames,LLP: Large Language Problems__qwen3.5-9b__llp-final,opponent_easy,instance_00009,Game ended through assassin,0
1037,codenames,LLP: Large Language Problems__qwen3.5-9b__llp-final,opponent_easy,instance_00009,Episode Recall,0.111
1038,codenames,LLP: Large Language Problems__qwen3.5-9b__llp-final,opponent_easy,instance_00009,Episode Negative Recall,0.938
1039,codenames,LLP: Large Language Problems__qwen3.5-9b__llp-final,opponent_easy,instance_00009,Number of turns,3
1040,codenames,LLP: Large Language Problems__qwen3.5-9b__llp-final,opponent_easy,instance_00009,Efficiency,0.5
1041,codenames,LLP: Large Language Problems__qwen3.5-9b__llp-final,opponent_easy,instance_00009,Request Count,4
1042,codenames,LLP: Large Language Problems__qwen3.5-9b__llp-final,opponent_easy,instance_00009,Parsed Request Count,3
1043,codenames,LLP: Large Language Problems__qwen3.5-9b__llp-final,opponent_easy,instance_00009,Violated Request Count,1
1044,codenames,LLP: Large Language Problems__qwen3.5-9b__llp-final,opponent_easy,instance_00009,Request Success Ratio,0.75
1045,codenames,LLP: Large Language Problems__qwen3.5-9b__llp-final,opponent_easy,instance_00009,Main Score,
1046,codenames,LLP: Large Language Problems__qwen3.5-9b__llp-final,concrete,instance_00004,experiment variable,Word Concreteness
1047,codenames,LLP: Large Language Problems__qwen3.5-9b__llp-final,concrete,instance_00004,experiment name,concrete
1048,codenames,LLP: Large Language Problems__qwen3.5-9b__llp-final,concrete,instance_00004,Cluegiver strip words,0
1049,codenames,LLP: Large Language Problems__qwen3.5-9b__llp-final,concrete,instance_00004,Guesser strip words,0
1050,codenames,LLP: Large Language Problems__qwen3.5-9b__llp-final,concrete,instance_00004,Average Cluegiver Number of Targets,2.286
1051,codenames,LLP: Large Language Problems__qwen3.5-9b__llp-final,concrete,instance_00004,Average Cluegiver Team Precision,1.0
1052,codenames,LLP: Large Language Problems__qwen3.5-9b__llp-final,concrete,instance_00004,Average Cluegiver Team Recall,0.533
1053,codenames,LLP: Large Language Problems__qwen3.5-9b__llp-final,concrete,instance_00004,Average Cluegiver Team F1,0.672
1054,codenames,LLP: Large Language Problems__qwen3.5-9b__llp-final,concrete,instance_00004,Average Guesser Number of Guesses,2
1055,codenames,LLP: Large Language Problems__qwen3.5-9b__llp-final,concrete,instance_00004,Average Guesser Number of Revealed Words,1.714
1056,codenames,LLP: Large Language Problems__qwen3.5-9b__llp-final,concrete,instance_00004,Average Guesser Number of Unrevealed Guesses,0.286
1057,codenames,LLP: Large Language Problems__qwen3.5-9b__llp-final,concrete,instance_00004,Average Guesser Target Precision,0.429
1058,codenames,LLP: Large Language Problems__qwen3.5-9b__llp-final,concrete,instance_00004,Average Guesser Target Recall,0.429
1059,codenames,LLP: Large Language Problems__qwen3.5-9b__llp-final,concrete,instance_00004,Average Guesser Target F1,0.429
1060,codenames,LLP: Large Language Problems__qwen3.5-9b__llp-final,concrete,instance_00004,Average Guesser Team Precision,0.429
1061,codenames,LLP: Large Language Problems__qwen3.5-9b__llp-final,concrete,instance_00004,Average Guesser Team Recall,0.183
1062,codenames,LLP: Large Language Problems__qwen3.5-9b__llp-final,concrete,instance_00004,Average Guesser Team F1,0.253
1063,codenames,LLP: Large Language Problems__qwen3.5-9b__llp-final,concrete,instance_00004,Aborted,0
1064,codenames,LLP: Large Language Problems__qwen3.5-9b__llp-final,concrete,instance_00004,Lose,1
1065,codenames,LLP: Large Language Problems__qwen3.5-9b__llp-final,concrete,instance_00004,Success,0
1066,codenames,LLP: Large Language Problems__qwen3.5-9b__llp-final,concrete,instance_00004,Game ended through assassin,0
1067,codenames,LLP: Large Language Problems__qwen3.5-9b__llp-final,concrete,instance_00004,Episode Recall,0.778
1068,codenames,LLP: Large Language Problems__qwen3.5-9b__llp-final,concrete,instance_00004,Episode Negative Recall,0.688
1069,codenames,LLP: Large Language Problems__qwen3.5-9b__llp-final,concrete,instance_00004,Number of turns,7
1070,codenames,LLP: Large Language Problems__qwen3.5-9b__llp-final,concrete,instance_00004,Efficiency,1.0
1071,codenames,LLP: Large Language Problems__qwen3.5-9b__llp-final,concrete,instance_00004,Request Count,13
1072,codenames,LLP: Large Language Problems__qwen3.5-9b__llp-final,concrete,instance_00004,Parsed Request Count,13
1073,codenames,LLP: Large Language Problems__qwen3.5-9b__llp-final,concrete,instance_00004,Violated Request Count,0
1074,codenames,LLP: Large Language Problems__qwen3.5-9b__llp-final,concrete,instance_00004,Request Success Ratio,1.0
1075,codenames,LLP: Large Language Problems__qwen3.5-9b__llp-final,concrete,instance_00004,Main Score,0
1076,codenames,LLP: Large Language Problems__qwen3.5-9b__llp-final,unambiguous,instance_00002,experiment variable,Word Ambiguity
1077,codenames,LLP: Large Language Problems__qwen3.5-9b__llp-final,unambiguous,instance_00002,experiment name,unambiguous
1078,codenames,LLP: Large Language Problems__qwen3.5-9b__llp-final,unambiguous,instance_00002,Cluegiver strip words,0
1079,codenames,LLP: Large Language Problems__qwen3.5-9b__llp-final,unambiguous,instance_00002,Guesser strip words,0
1080,codenames,LLP: Large Language Problems__qwen3.5-9b__llp-final,unambiguous,instance_00002,Average Cluegiver Number of Targets,1.714
1081,codenames,LLP: Large Language Problems__qwen3.5-9b__llp-final,unambiguous,instance_00002,Average Cluegiver Team Precision,1.0
1082,codenames,LLP: Large Language Problems__qwen3.5-9b__llp-final,unambiguous,instance_00002,Average Cluegiver Team Recall,0.509
1083,codenames,LLP: Large Language Problems__qwen3.5-9b__llp-final,unambiguous,instance_00002,Average Cluegiver Team F1,0.648
1084,codenames,LLP: Large Language Problems__qwen3.5-9b__llp-final,unambiguous,instance_00002,Average Guesser Number of Guesses,1.714
1085,codenames,LLP: Large Language Problems__qwen3.5-9b__llp-final,unambiguous,instance_00002,Average Guesser Number of Revealed Words,1.571
1086,codenames,LLP: Large Language Problems__qwen3.5-9b__llp-final,unambiguous,instance_00002,Average Guesser Number of Unrevealed Guesses,0.143
1087,codenames,LLP: Large Language Problems__qwen3.5-9b__llp-final,unambiguous,instance_00002,Average Guesser Target Precision,0.786
1088,codenames,LLP: Large Language Problems__qwen3.5-9b__llp-final,unambiguous,instance_00002,Average Guesser Target Recall,0.786
1089,codenames,LLP: Large Language Problems__qwen3.5-9b__llp-final,unambiguous,instance_00002,Average Guesser Target F1,0.786
1090,codenames,LLP: Large Language Problems__qwen3.5-9b__llp-final,unambiguous,instance_00002,Average Guesser Team Precision,0.786
1091,codenames,LLP: Large Language Problems__qwen3.5-9b__llp-final,unambiguous,instance_00002,Average Guesser Team Recall,0.39
1092,codenames,LLP: Large Language Problems__qwen3.5-9b__llp-final,unambiguous,instance_00002,Average Guesser Team F1,0.498
1093,codenames,LLP: Large Language Problems__qwen3.5-9b__llp-final,unambiguous,instance_00002,Aborted,0
1094,codenames,LLP: Large Language Problems__qwen3.5-9b__llp-final,unambiguous,instance_00002,Lose,0
1095,codenames,LLP: Large Language Problems__qwen3.5-9b__llp-final,unambiguous,instance_00002,Success,1
1096,codenames,LLP: Large Language Problems__qwen3.5-9b__llp-final,unambiguous,instance_00002,Game ended through assassin,0
1097,codenames,LLP: Large Language Problems__qwen3.5-9b__llp-final,unambiguous,instance_00002,Episode Recall,1.0
1098,codenames,LLP: Large Language Problems__qwen3.5-9b__llp-final,unambiguous,instance_00002,Episode Negative Recall,0.875
1099,codenames,LLP: Large Language Problems__qwen3.5-9b__llp-final,unambiguous,instance_00002,Number of turns,8
1100,codenames,LLP: Large Language Problems__qwen3.5-9b__llp-final,unambiguous,instance_00002,Efficiency,0.75
1101,codenames,LLP: Large Language Problems__qwen3.5-9b__llp-final,unambiguous,instance_00002,Request Count,14
1102,codenames,LLP: Large Language Problems__qwen3.5-9b__llp-final,unambiguous,instance_00002,Parsed Request Count,14
1103,codenames,LLP: Large Language Problems__qwen3.5-9b__llp-final,unambiguous,instance_00002,Violated Request Count,0
1104,codenames,LLP: Large Language Problems__qwen3.5-9b__llp-final,unambiguous,instance_00002,Request Success Ratio,1.0
1105,codenames,LLP: Large Language Problems__qwen3.5-9b__llp-final,unambiguous,instance_00002,Main Score,100
1106,codenames,LLP: Large Language Problems__qwen3.5-9b__llp-final,opponent_none,instance_00008,experiment variable,Opponent Difficulty
1107,codenames,LLP: Large Language Problems__qwen3.5-9b__llp-final,opponent_none,instance_00008,experiment name,opponent_none
1108,codenames,LLP: Large Language Problems__qwen3.5-9b__llp-final,opponent_none,instance_00008,Cluegiver strip words,0
1109,codenames,LLP: Large Language Problems__qwen3.5-9b__llp-final,opponent_none,instance_00008,Guesser strip words,0
1110,codenames,LLP: Large Language Problems__qwen3.5-9b__llp-final,opponent_none,instance_00008,Average Cluegiver Number of Targets,1.5
1111,codenames,LLP: Large Language Problems__qwen3.5-9b__llp-final,opponent_none,instance_00008,Average Cluegiver Team Precision,0.5
1112,codenames,LLP: Large Language Problems__qwen3.5-9b__llp-final,opponent_none,instance_00008,Average Cluegiver Team Recall,0.167
1113,codenames,LLP: Large Language Problems__qwen3.5-9b__llp-final,opponent_none,instance_00008,Average Cluegiver Team F1,0.25
1114,codenames,LLP: Large Language Problems__qwen3.5-9b__llp-final,opponent_none,instance_00008,Average Guesser Number of Guesses,1.5
1115,codenames,LLP: Large Language Problems__qwen3.5-9b__llp-final,opponent_none,instance_00008,Average Guesser Number of Revealed Words,1.5
1116,codenames,LLP: Large Language Problems__qwen3.5-9b__llp-final,opponent_none,instance_00008,Average Guesser Number of Unrevealed Guesses,0
1117,codenames,LLP: Large Language Problems__qwen3.5-9b__llp-final,opponent_none,instance_00008,Average Guesser Target Precision,0.334
1118,codenames,LLP: Large Language Problems__qwen3.5-9b__llp-final,opponent_none,instance_00008,Average Guesser Target Recall,0.334
1119,codenames,LLP: Large Language Problems__qwen3.5-9b__llp-final,opponent_none,instance_00008,Average Guesser Target F1,0.334
1120,codenames,LLP: Large Language Problems__qwen3.5-9b__llp-final,opponent_none,instance_00008,Average Guesser Team Precision,0.5
1121,codenames,LLP: Large Language Problems__qwen3.5-9b__llp-final,opponent_none,instance_00008,Average Guesser Team Recall,0.167
1122,codenames,LLP: Large Language Problems__qwen3.5-9b__llp-final,opponent_none,instance_00008,Average Guesser Team F1,0.25
1123,codenames,LLP: Large Language Problems__qwen3.5-9b__llp-final,opponent_none,instance_00008,Aborted,1
1124,codenames,LLP: Large Language Problems__qwen3.5-9b__llp-final,opponent_none,instance_00008,Lose,0
1125,codenames,LLP: Large Language Problems__qwen3.5-9b__llp-final,opponent_none,instance_00008,Success,0
1126,codenames,LLP: Large Language Problems__qwen3.5-9b__llp-final,opponent_none,instance_00008,Game ended through assassin,0
1127,codenames,LLP: Large Language Problems__qwen3.5-9b__llp-final,opponent_none,instance_00008,Episode Recall,0.333
1128,codenames,LLP: Large Language Problems__qwen3.5-9b__llp-final,opponent_none,instance_00008,Episode Negative Recall,1.0
1129,codenames,LLP: Large Language Problems__qwen3.5-9b__llp-final,opponent_none,instance_00008,Number of turns,2
1130,codenames,LLP: Large Language Problems__qwen3.5-9b__llp-final,opponent_none,instance_00008,Efficiency,0.75
1131,codenames,LLP: Large Language Problems__qwen3.5-9b__llp-final,opponent_none,instance_00008,Request Count,3
1132,codenames,LLP: Large Language Problems__qwen3.5-9b__llp-final,opponent_none,instance_00008,Parsed Request Count,2
1133,codenames,LLP: Large Language Problems__qwen3.5-9b__llp-final,opponent_none,instance_00008,Violated Request Count,1
1134,codenames,LLP: Large Language Problems__qwen3.5-9b__llp-final,opponent_none,instance_00008,Request Success Ratio,0.667
1135,codenames,LLP: Large Language Problems__qwen3.5-9b__llp-final,opponent_none,instance_00008,Main Score,
1136,codenames,LLP: Large Language Problems__qwen3.5-9b__llp-final,frequency_high,instance_00002,experiment variable,Word Frequency
1137,codenames,LLP: Large Language Problems__qwen3.5-9b__llp-final,frequency_high,instance_00002,experiment name,frequency_high
1138,codenames,LLP: Large Language Problems__qwen3.5-9b__llp-final,frequency_high,instance_00002,Cluegiver strip words,0
1139,codenames,LLP: Large Language Problems__qwen3.5-9b__llp-final,frequency_high,instance_00002,Guesser strip words,0
1140,codenames,LLP: Large Language Problems__qwen3.5-9b__llp-final,frequency_high,instance_00002,Average Cluegiver Number of Targets,2.333
1141,codenames,LLP: Large Language Problems__qwen3.5-9b__llp-final,frequency_high,instance_00002,Average Cluegiver Team Precision,1.0
1142,codenames,LLP: Large Language Problems__qwen3.5-9b__llp-final,frequency_high,instance_00002,Average Cluegiver Team Recall,0.465
1143,codenames,LLP: Large Language Problems__qwen3.5-9b__llp-final,frequency_high,instance_00002,Average Cluegiver Team F1,0.597
1144,codenames,LLP: Large Language Problems__qwen3.5-9b__llp-final,frequency_high,instance_00002,Average Guesser Number of Guesses,2.333
1145,codenames,LLP: Large Language Problems__qwen3.5-9b__llp-final,frequency_high,instance_00002,Average Guesser Number of Revealed Words,2
1146,codenames,LLP: Large Language Problems__qwen3.5-9b__llp-final,frequency_high,instance_00002,Average Guesser Number of Unrevealed Guesses,0.333
1147,codenames,LLP: Large Language Problems__qwen3.5-9b__llp-final,frequency_high,instance_00002,Average Guesser Target Precision,0.611
1148,codenames,LLP: Large Language Problems__qwen3.5-9b__llp-final,frequency_high,instance_00002,Average Guesser Target Recall,0.611
1149,codenames,LLP: Large Language Problems__qwen3.5-9b__llp-final,frequency_high,instance_00002,Average Guesser Target F1,0.611
1150,codenames,LLP: Large Language Problems__qwen3.5-9b__llp-final,frequency_high,instance_00002,Average Guesser Team Precision,0.611
1151,codenames,LLP: Large Language Problems__qwen3.5-9b__llp-final,frequency_high,instance_00002,Average Guesser Team Recall,0.351
1152,codenames,LLP: Large Language Problems__qwen3.5-9b__llp-final,frequency_high,instance_00002,Average Guesser Team F1,0.421
1153,codenames,LLP: Large Language Problems__qwen3.5-9b__llp-final,frequency_high,instance_00002,Aborted,0
1154,codenames,LLP: Large Language Problems__qwen3.5-9b__llp-final,frequency_high,instance_00002,Lose,0
1155,codenames,LLP: Large Language Problems__qwen3.5-9b__llp-final,frequency_high,instance_00002,Success,1
1156,codenames,LLP: Large Language Problems__qwen3.5-9b__llp-final,frequency_high,instance_00002,Game ended through assassin,0
1157,codenames,LLP: Large Language Problems__qwen3.5-9b__llp-final,frequency_high,instance_00002,Episode Recall,1.0
1158,codenames,LLP: Large Language Problems__qwen3.5-9b__llp-final,frequency_high,instance_00002,Episode Negative Recall,0.812
1159,codenames,LLP: Large Language Problems__qwen3.5-9b__llp-final,frequency_high,instance_00002,Number of turns,7
1160,codenames,LLP: Large Language Problems__qwen3.5-9b__llp-final,frequency_high,instance_00002,Efficiency,1.0
1161,codenames,LLP: Large Language Problems__qwen3.5-9b__llp-final,frequency_high,instance_00002,Request Count,12
1162,codenames,LLP: Large Language Problems__qwen3.5-9b__llp-final,frequency_high,instance_00002,Parsed Request Count,12
1163,codenames,LLP: Large Language Problems__qwen3.5-9b__llp-final,frequency_high,instance_00002,Violated Request Count,0
1164,codenames,LLP: Large Language Problems__qwen3.5-9b__llp-final,frequency_high,instance_00002,Request Success Ratio,1.0
1165,codenames,LLP: Large Language Problems__qwen3.5-9b__llp-final,frequency_high,instance_00002,Main Score,100
1166,codenames,LLP: Large Language Problems__qwen3.5-9b__llp-final,frequency_low,instance_00004,experiment variable,Word Frequency
1167,codenames,LLP: Large Language Problems__qwen3.5-9b__llp-final,frequency_low,instance_00004,experiment name,frequency_low
1168,codenames,LLP: Large Language Problems__qwen3.5-9b__llp-final,frequency_low,instance_00004,Cluegiver strip words,0
1169,codenames,LLP: Large Language Problems__qwen3.5-9b__llp-final,frequency_low,instance_00004,Guesser strip words,0
1170,codenames,LLP: Large Language Problems__qwen3.5-9b__llp-final,frequency_low,instance_00004,Average Cluegiver Number of Targets,1.714
1171,codenames,LLP: Large Language Problems__qwen3.5-9b__llp-final,frequency_low,instance_00004,Average Cluegiver Team Precision,1.0
1172,codenames,LLP: Large Language Problems__qwen3.5-9b__llp-final,frequency_low,instance_00004,Average Cluegiver Team Recall,0.482
1173,codenames,LLP: Large Language Problems__qwen3.5-9b__llp-final,frequency_low,instance_00004,Average Cluegiver Team F1,0.615
1174,codenames,LLP: Large Language Problems__qwen3.5-9b__llp-final,frequency_low,instance_00004,Average Guesser Number of Guesses,1.571
1175,codenames,LLP: Large Language Problems__qwen3.5-9b__llp-final,frequency_low,instance_00004,Average Guesser Number of Revealed Words,1.571
1176,codenames,LLP: Large Language Problems__qwen3.5-9b__llp-final,frequency_low,instance_00004,Average Guesser Number of Unrevealed Guesses,0
1177,codenames,LLP: Large Language Problems__qwen3.5-9b__llp-final,frequency_low,instance_00004,Average Guesser Target Precision,0.643
1178,codenames,LLP: Large Language Problems__qwen3.5-9b__llp-final,frequency_low,instance_00004,Average Guesser Target Recall,0.643
1179,codenames,LLP: Large Language Problems__qwen3.5-9b__llp-final,frequency_low,instance_00004,Average Guesser Target F1,0.643
1180,codenames,LLP: Large Language Problems__qwen3.5-9b__llp-final,frequency_low,instance_00004,Average Guesser Team Precision,0.643
1181,codenames,LLP: Large Language Problems__qwen3.5-9b__llp-final,frequency_low,instance_00004,Average Guesser Team Recall,0.252
1182,codenames,LLP: Large Language Problems__qwen3.5-9b__llp-final,frequency_low,instance_00004,Average Guesser Team F1,0.353
1183,codenames,LLP: Large Language Problems__qwen3.5-9b__llp-final,frequency_low,instance_00004,Aborted,0
1184,codenames,LLP: Large Language Problems__qwen3.5-9b__llp-final,frequency_low,instance_00004,Lose,1
1185,codenames,LLP: Large Language Problems__qwen3.5-9b__llp-final,frequency_low,instance_00004,Success,0
1186,codenames,LLP: Large Language Problems__qwen3.5-9b__llp-final,frequency_low,instance_00004,Game ended through assassin,0
1187,codenames,LLP: Large Language Problems__qwen3.5-9b__llp-final,frequency_low,instance_00004,Episode Recall,0.889
1188,codenames,LLP: Large Language Problems__qwen3.5-9b__llp-final,frequency_low,instance_00004,Episode Negative Recall,0.812
1189,codenames,LLP: Large Language Problems__qwen3.5-9b__llp-final,frequency_low,instance_00004,Number of turns,7
1190,codenames,LLP: Large Language Problems__qwen3.5-9b__llp-final,frequency_low,instance_00004,Efficiency,0.786
1191,codenames,LLP: Large Language Problems__qwen3.5-9b__llp-final,frequency_low,instance_00004,Request Count,13
1192,codenames,LLP: Large Language Problems__qwen3.5-9b__llp-final,frequency_low,instance_00004,Parsed Request Count,13
1193,codenames,LLP: Large Language Problems__qwen3.5-9b__llp-final,frequency_low,instance_00004,Violated Request Count,0
1194,codenames,LLP: Large Language Problems__qwen3.5-9b__llp-final,frequency_low,instance_00004,Request Success Ratio,1.0
1195,codenames,LLP: Large Language Problems__qwen3.5-9b__llp-final,frequency_low,instance_00004,Main Score,0
1196,matchit_ascii,LLP: Large Language Problems__qwen3.5-9b__llp-final,similar_grid_2,instance_00007,Violated Request Count,0
1197,matchit_ascii,LLP: Large Language Problems__qwen3.5-9b__llp-final,similar_grid_2,instance_00007,Parsed Request Count,16
1198,matchit_ascii,LLP: Large Language Problems__qwen3.5-9b__llp-final,similar_grid_2,instance_00007,Request Count,16
1199,matchit_ascii,LLP: Large Language Problems__qwen3.5-9b__llp-final,similar_grid_2,instance_00007,Aborted,0
1200,matchit_ascii,LLP: Large Language Problems__qwen3.5-9b__llp-final,similar_grid_2,instance_00007,Success,1
1201,matchit_ascii,LLP: Large Language Problems__qwen3.5-9b__llp-final,similar_grid_2,instance_00007,Lose,0
1202,matchit_ascii,LLP: Large Language Problems__qwen3.5-9b__llp-final,similar_grid_2,instance_00007,Main Score,100
1203,matchit_ascii,LLP: Large Language Problems__qwen3.5-9b__llp-final,similar_grid_2,instance_00007,Player Score,100
1204,matchit_ascii,LLP: Large Language Problems__qwen3.5-9b__llp-final,same_grid,instance_00002,Violated Request Count,0
1205,matchit_ascii,LLP: Large Language Problems__qwen3.5-9b__llp-final,same_grid,instance_00002,Parsed Request Count,16
1206,matchit_ascii,LLP: Large Language Problems__qwen3.5-9b__llp-final,same_grid,instance_00002,Request Count,16
1207,matchit_ascii,LLP: Large Language Problems__qwen3.5-9b__llp-final,same_grid,instance_00002,Aborted,0
1208,matchit_ascii,LLP: Large Language Problems__qwen3.5-9b__llp-final,same_grid,instance_00002,Success,1
1209,matchit_ascii,LLP: Large Language Problems__qwen3.5-9b__llp-final,same_grid,instance_00002,Lose,0
1210,matchit_ascii,LLP: Large Language Problems__qwen3.5-9b__llp-final,same_grid,instance_00002,Main Score,100
1211,matchit_ascii,LLP: Large Language Problems__qwen3.5-9b__llp-final,same_grid,instance_00002,Player Score,100
1212,matchit_ascii,LLP: Large Language Problems__qwen3.5-9b__llp-final,similar_grid_1,instance_00002,Violated Request Count,0
1213,matchit_ascii,LLP: Large Language Problems__qwen3.5-9b__llp-final,similar_grid_1,instance_00002,Parsed Request Count,16
1214,matchit_ascii,LLP: Large Language Problems__qwen3.5-9b__llp-final,similar_grid_1,instance_00002,Request Count,16
1215,matchit_ascii,LLP: Large Language Problems__qwen3.5-9b__llp-final,similar_grid_1,instance_00002,Aborted,0
1216,matchit_ascii,LLP: Large Language Problems__qwen3.5-9b__llp-final,similar_grid_1,instance_00002,Success,1
1217,matchit_ascii,LLP: Large Language Problems__qwen3.5-9b__llp-final,similar_grid_1,instance_00002,Lose,0
1218,matchit_ascii,LLP: Large Language Problems__qwen3.5-9b__llp-final,similar_grid_1,instance_00002,Main Score,100
1219,matchit_ascii,LLP: Large Language Problems__qwen3.5-9b__llp-final,similar_grid_1,instance_00002,Player Score,100
1220,matchit_ascii,LLP: Large Language Problems__qwen3.5-9b__llp-final,different_grid,instance_00002,Violated Request Count,0
1221,matchit_ascii,LLP: Large Language Problems__qwen3.5-9b__llp-final,different_grid,instance_00002,Parsed Request Count,16
1222,matchit_ascii,LLP: Large Language Problems__qwen3.5-9b__llp-final,different_grid,instance_00002,Request Count,16
1223,matchit_ascii,LLP: Large Language Problems__qwen3.5-9b__llp-final,different_grid,instance_00002,Aborted,0
1224,matchit_ascii,LLP: Large Language Problems__qwen3.5-9b__llp-final,different_grid,instance_00002,Success,1
1225,matchit_ascii,LLP: Large Language Problems__qwen3.5-9b__llp-final,different_grid,instance_00002,Lose,0
1226,matchit_ascii,LLP: Large Language Problems__qwen3.5-9b__llp-final,different_grid,instance_00002,Main Score,100
1227,matchit_ascii,LLP: Large Language Problems__qwen3.5-9b__llp-final,different_grid,instance_00002,Player Score,100
1228,dond,LLP: Large Language Problems__qwen3.5-9b__llp-final,coop_en,instance_00019,Played,1.0
1229,dond,LLP: Large Language Problems__qwen3.5-9b__llp-final,coop_en,instance_00006,Played,1.0
1230,dond,LLP: Large Language Problems__qwen3.5-9b__llp-final,semi_en,instance_00015,Played,1.0
1231,dond,LLP: Large Language Problems__qwen3.5-9b__llp-final,semi_en,instance_00001,Played,1.0
1232,wordle,LLP: Large Language Problems__qwen3.5-9b__llp-final,medium_frequency_words_no_clue_no_critic,instance_00014,Played,1.0
1233,wordle,LLP: Large Language Problems__qwen3.5-9b__llp-final,medium_frequency_words_no_clue_no_critic,instance_00007,Played,0.0
1234,wordle,LLP: Large Language Problems__qwen3.5-9b__llp-final,high_frequency_words_no_clue_no_critic,instance_00007,Played,0.0
1235,guesswhat,LLP: Large Language Problems__qwen3.5-9b__llp-final,Abs_Level_3,instance_00008,Played,1.0
1236,guesswhat,LLP: Large Language Problems__qwen3.5-9b__llp-final,Abs_Level_2,instance_00007,Played,1.0
1237,guesswhat,LLP: Large Language Problems__qwen3.5-9b__llp-final,Abs_Level_1,instance_00002,Played,1.0
1238,guesswhat,LLP: Large Language Problems__qwen3.5-9b__llp-final,Level_1,instance_00002,Played,1.0
1239,guesswhat,LLP: Large Language Problems__qwen3.5-9b__llp-final,Level_2,instance_00009,Played,1.0
1240,guesswhat,LLP: Large Language Problems__qwen3.5-9b__llp-final,Level_3,instance_00008,Played,1.0
1241,privateshared,LLP: Large Language Problems__qwen3.5-9b__llp-final,things-places,instance_00003,Played,1.0
1242,privateshared,LLP: Large Language Problems__qwen3.5-9b__llp-final,restaurant,instance_00007,Played,1.0
1243,privateshared,LLP: Large Language Problems__qwen3.5-9b__llp-final,travel-booking,instance_00009,Played,1.0
1244,privateshared,LLP: Large Language Problems__qwen3.5-9b__llp-final,job-interview,instance_00008,Played,1.0
1245,privateshared,LLP: Large Language Problems__qwen3.5-9b__llp-final,letter-number,instance_00009,Played,1.0
1246,wordle_withcritic,LLP: Large Language Problems__qwen3.5-9b__llp-final,medium_frequency_words_clue_with_critic,instance_00004,Played,0.0
1247,wordle_withcritic,LLP: Large Language Problems__qwen3.5-9b__llp-final,medium_frequency_words_clue_with_critic,instance_00019,Played,0.0
1248,wordle_withcritic,LLP: Large Language Problems__qwen3.5-9b__llp-final,high_frequency_words_clue_with_critic,instance_00002,Played,0.0
1249,taboo,LLP: Large Language Problems__qwen3.5-9b__llp-final,high_en,instance_00016,Played,1.0
1250,taboo,LLP: Large Language Problems__qwen3.5-9b__llp-final,high_en,instance_00010,Played,1.0
1251,taboo,LLP: Large Language Problems__qwen3.5-9b__llp-final,low_en,instance_00018,Played,1.0
1252,taboo,LLP: Large Language Problems__qwen3.5-9b__llp-final,low_en,instance_00012,Played,1.0
1253,taboo,LLP: Large Language Problems__qwen3.5-9b__llp-final,medium_en,instance_00007,Played,1.0
1254,taboo,LLP: Large Language Problems__qwen3.5-9b__llp-final,medium_en,instance_00010,Played,1.0
1255,wordle_withclue,LLP: Large Language Problems__qwen3.5-9b__llp-final,high_frequency_words_clue_no_critic,instance_00009,Played,1.0
1256,wordle_withclue,LLP: Large Language Problems__qwen3.5-9b__llp-final,medium_frequency_words_clue_no_critic,instance_00011,Played,0.0
1257,wordle_withclue,LLP: Large Language Problems__qwen3.5-9b__llp-final,medium_frequency_words_clue_no_critic,instance_00018,Played,1.0
1258,textmapworld,LLP: Large Language Problems__qwen3.5-9b__llp-final,large_cycle,instance_00049,Played,1.0
1259,textmapworld,LLP: Large Language Problems__qwen3.5-9b__llp-final,small,instance_00006,Played,1.0
1260,textmapworld,LLP: Large Language Problems__qwen3.5-9b__llp-final,large,instance_00028,Played,1.0
1261,textmapworld,LLP: Large Language Problems__qwen3.5-9b__llp-final,medium_cycle,instance_00034,Played,1.0
1262,textmapworld,LLP: Large Language Problems__qwen3.5-9b__llp-final,medium,instance_00010,Played,1.0
1263,referencegame,LLP: Large Language Problems__qwen3.5-9b__llp-final,random_grids,instance_00005,Played,1.0
1264,referencegame,LLP: Large Language Problems__qwen3.5-9b__llp-final,line_grids_columns,instance_00013,Played,1.0
1265,referencegame,LLP: Large Language Problems__qwen3.5-9b__llp-final,number_grids,instance_00017,Played,1.0
1266,referencegame,LLP: Large Language Problems__qwen3.5-9b__llp-final,line_grids_rows,instance_00017,Played,1.0
1267,referencegame,LLP: Large Language Problems__qwen3.5-9b__llp-final,letter_grids,instance_00012,Played,1.0
1268,adventuregame,LLP: Large Language Problems__qwen3.5-9b__llp-final,new-words_home-delivery_medium_basic_medium,instance_00002,Played,0.0
1269,adventuregame,LLP: Large Language Problems__qwen3.5-9b__llp-final,potion_brewing_basic_undefined,instance_00004,Played,1.0
1270,adventuregame,LLP: Large Language Problems__qwen3.5-9b__llp-final,new-words_home-delivery_easy_basic_easy,instance_00002,Played,1.0
1271,adventuregame,LLP: Large Language Problems__qwen3.5-9b__llp-final,new-words_created_basic_hard,instance_00000,Played,1.0
1272,adventuregame,LLP: Large Language Problems__qwen3.5-9b__llp-final,home_deliver_three_basic_hard_invlimittwo,instance_00000,Played,1.0
1273,textmapworld_specificroom,LLP: Large Language Problems__qwen3.5-9b__llp-final,on,instance_00000,Played,1.0
1274,textmapworld_specificroom,LLP: Large Language Problems__qwen3.5-9b__llp-final,far,instance_00027,Played,1.0
1275,textmapworld_specificroom,LLP: Large Language Problems__qwen3.5-9b__llp-final,close,instance_00017,Played,1.0
1276,imagegame,LLP: Large Language Problems__qwen3.5-9b__llp-final,random_grids,instance_00014,Played,1.0
1277,imagegame,LLP: Large Language Problems__qwen3.5-9b__llp-final,random_grids,instance_00016,Played,1.0
1278,imagegame,LLP: Large Language Problems__qwen3.5-9b__llp-final,compact_grids,instance_00019,Played,1.0
1279,imagegame,LLP: Large Language Problems__qwen3.5-9b__llp-final,compact_grids,instance_00002,Played,1.0
1280,textmapworld_graphreasoning,LLP: Large Language Problems__qwen3.5-9b__llp-final,small,instance_00009,Played,1.0
1281,textmapworld_graphreasoning,LLP: Large Language Problems__qwen3.5-9b__llp-final,large,instance_00028,Played,1.0
1282,textmapworld_graphreasoning,LLP: Large Language Problems__qwen3.5-9b__llp-final,medium,instance_00010,Played,1.0
1283,codenames,LLP: Large Language Problems__qwen3.5-9b__llp-final,association_difficult,instance_00000,Played,1
1284,codenames,LLP: Large Language Problems__qwen3.5-9b__llp-final,risk_low,instance_00008,Played,0
1285,codenames,LLP: Large Language Problems__qwen3.5-9b__llp-final,ambiguous,instance_00001,Played,1
1286,codenames,LLP: Large Language Problems__qwen3.5-9b__llp-final,opponent_difficult,instance_00007,Played,1
1287,codenames,LLP: Large Language Problems__qwen3.5-9b__llp-final,risk_high,instance_00009,Played,0
1288,codenames,LLP: Large Language Problems__qwen3.5-9b__llp-final,abstract,instance_00007,Played,1
1289,codenames,LLP: Large Language Problems__qwen3.5-9b__llp-final,association_easy,instance_00009,Played,1
1290,codenames,LLP: Large Language Problems__qwen3.5-9b__llp-final,opponent_easy,instance_00009,Played,0
1291,codenames,LLP: Large Language Problems__qwen3.5-9b__llp-final,concrete,instance_00004,Played,1
1292,codenames,LLP: Large Language Problems__qwen3.5-9b__llp-final,unambiguous,instance_00002,Played,1
1293,codenames,LLP: Large Language Problems__qwen3.5-9b__llp-final,opponent_none,instance_00008,Played,0
1294,codenames,LLP: Large Language Problems__qwen3.5-9b__llp-final,frequency_high,instance_00002,Played,1
1295,codenames,LLP: Large Language Problems__qwen3.5-9b__llp-final,frequency_low,instance_00004,Played,1
1296,matchit_ascii,LLP: Large Language Problems__qwen3.5-9b__llp-final,similar_grid_2,instance_00007,Played,1
1297,matchit_ascii,LLP: Large Language Problems__qwen3.5-9b__llp-final,same_grid,instance_00002,Played,1
1298,matchit_ascii,LLP: Large Language Problems__qwen3.5-9b__llp-final,similar_grid_1,instance_00002,Played,1
1299,matchit_ascii,LLP: Large Language Problems__qwen3.5-9b__llp-final,different_grid,instance_00002,Played,1
