{
  "meta": {},
  "players": {},
  "turn scores": {
    "0": {
      "efficient_move": 1,
      "similarity": 1.3385701848569465
    },
    "1": {
      "efficient_move": 0,
      "similarity": 2.1973885261186377
    },
    "2": {
      "efficient_move": 0,
      "similarity": 5.862446150271272
    },
    "3": {
      "efficient_move": 1,
      "similarity": 5.862446150271272
    },
    "4": {
      "efficient_move": 1,
      "similarity": 9.485174635513328
    },
    "5": {
      "efficient_move": 0,
      "similarity": 9.485174635513328
    },
    "6": {
      "efficient_move": 1,
      "similarity": 9.485174635513328
    },
    "7": {
      "efficient_move": 0,
      "similarity": 9.485174635513328
    }
  },
  "episode scores": {
    "Success": 0,
    "Aborted": 0,
    "Lose": 1,
    "moves": 8,
    "valid_moves": 8,
    "invalid_moves": 0,
    "stopped": 1,
    "turns_limit": 0,
    "loops": 0,
    "number_visited": 4,
    "seen": 5,
    "efficiency": 50.0,
    "exploration": 66.66666666666666,
    "graph_similarity": 9.485174635513328,
    "Main Score": 57.14285714285714
  }
}