{
  "meta": {},
  "players": {},
  "turn scores": {
    "0": {
      "efficient_move": 1,
      "similarity": 1.3385701848569465
    },
    "1": {
      "efficient_move": 1,
      "similarity": 3.5972419924183097
    },
    "2": {
      "efficient_move": 1,
      "similarity": 9.485174635513328
    },
    "3": {
      "efficient_move": 1,
      "similarity": 9.485174635513328
    },
    "4": {
      "efficient_move": 0,
      "similarity": 9.485174635513328
    },
    "5": {
      "efficient_move": 1,
      "similarity": 23.840584404423538
    },
    "6": {
      "efficient_move": 1,
      "similarity": 53.78828427399902
    },
    "7": {
      "efficient_move": 1,
      "similarity": 36.48510476127127
    }
  },
  "episode scores": {
    "Success": 0,
    "Aborted": 0,
    "Lose": 1,
    "moves": 8,
    "valid_moves": 8,
    "invalid_moves": 0,
    "stopped": 1,
    "turns_limit": 0,
    "loops": 0,
    "number_visited": 5,
    "seen": 6,
    "efficiency": 87.5,
    "exploration": 83.33333333333334,
    "graph_similarity": 36.48510476127127,
    "Main Score": 85.3658536585366
  }
}