{
  "meta": {},
  "players": {},
  "turn scores": {
    "0": {
      "efficient_move": 1,
      "similarity": 1.3385701848569465
    },
    "1": {
      "efficient_move": 1,
      "similarity": 3.5972419924183097
    },
    "2": {
      "efficient_move": 0,
      "similarity": 3.5972419924183097
    }
  },
  "episode scores": {
    "Success": 0,
    "Aborted": 0,
    "Lose": 1,
    "moves": 3,
    "valid_moves": 3,
    "invalid_moves": 0,
    "stopped": 1,
    "turns_limit": 0,
    "loops": 1,
    "number_visited": 2,
    "seen": 3,
    "efficiency": 66.66666666666666,
    "exploration": 33.33333333333333,
    "graph_similarity": 3.5972419924183097,
    "Main Score": 44.44444444444444
  }
}