{
  "meta": {},
  "players": {},
  "turn scores": {
    "0": {
      "efficient_move": 1,
      "similarity": 0.18221023888012056
    },
    "1": {
      "efficient_move": 0,
      "similarity": 0.49452463132693136
    },
    "2": {
      "efficient_move": 1,
      "similarity": 1.3385701848569465
    },
    "3": {
      "efficient_move": 1,
      "similarity": 3.5972419924183097
    },
    "4": {
      "efficient_move": 1,
      "similarity": 9.485174635513328
    },
    "5": {
      "efficient_move": 1,
      "similarity": 23.840584404423538
    },
    "6": {
      "efficient_move": 1,
      "similarity": 23.840584404423538
    },
    "7": {
      "efficient_move": 1,
      "similarity": 23.840584404423538
    },
    "8": {
      "efficient_move": 1,
      "similarity": 23.840584404423538
    },
    "9": {
      "efficient_move": 1,
      "similarity": 23.840584404423538
    },
    "10": {
      "efficient_move": 1,
      "similarity": 53.78828427399902
    }
  },
  "episode scores": {
    "Success": 1,
    "Aborted": 0,
    "Lose": 0,
    "moves": 11,
    "valid_moves": 11,
    "invalid_moves": 0,
    "stopped": 1,
    "turns_limit": 0,
    "loops": 0,
    "number_visited": 8,
    "seen": 8,
    "efficiency": 90.9090909090909,
    "exploration": 100.0,
    "graph_similarity": 53.78828427399902,
    "Main Score": 95.23809523809523
  }
}