,game,model,experiment,episode,metric,value
0,dond,DAIR__qwen3.5-2b__sft-v1,coop_en,instance_00019,Request Count,8.0
1,dond,DAIR__qwen3.5-2b__sft-v1,coop_en,instance_00019,Parsed Request Count,8.0
2,dond,DAIR__qwen3.5-2b__sft-v1,coop_en,instance_00019,Violated Request Count,0.0
3,dond,DAIR__qwen3.5-2b__sft-v1,coop_en,instance_00019,Request Success Ratio,1.0
4,dond,DAIR__qwen3.5-2b__sft-v1,coop_en,instance_00019,Aborted,0.0
5,dond,DAIR__qwen3.5-2b__sft-v1,coop_en,instance_00019,Lose,0.0
6,dond,DAIR__qwen3.5-2b__sft-v1,coop_en,instance_00019,Success,1.0
7,dond,DAIR__qwen3.5-2b__sft-v1,coop_en,instance_00019,Main Score,92.3076923076923
8,dond,DAIR__qwen3.5-2b__sft-v1,coop_en,instance_00019,Sum of Points,0.9230769230769231
9,dond,DAIR__qwen3.5-2b__sft-v1,coop_en,instance_00019,Pareto Optimal,0.0
10,dond,DAIR__qwen3.5-2b__sft-v1,coop_en,instance_00006,Request Count,4.0
11,dond,DAIR__qwen3.5-2b__sft-v1,coop_en,instance_00006,Parsed Request Count,4.0
12,dond,DAIR__qwen3.5-2b__sft-v1,coop_en,instance_00006,Violated Request Count,0.0
13,dond,DAIR__qwen3.5-2b__sft-v1,coop_en,instance_00006,Request Success Ratio,1.0
14,dond,DAIR__qwen3.5-2b__sft-v1,coop_en,instance_00006,Aborted,0.0
15,dond,DAIR__qwen3.5-2b__sft-v1,coop_en,instance_00006,Lose,1.0
16,dond,DAIR__qwen3.5-2b__sft-v1,coop_en,instance_00006,Success,0.0
17,dond,DAIR__qwen3.5-2b__sft-v1,coop_en,instance_00006,Main Score,0.0
18,dond,DAIR__qwen3.5-2b__sft-v1,coop_en,instance_00006,Sum of Points,0.0
19,dond,DAIR__qwen3.5-2b__sft-v1,coop_en,instance_00006,Pareto Optimal,0.0
20,dond,DAIR__qwen3.5-2b__sft-v1,semi_en,instance_00015,Request Count,6.0
21,dond,DAIR__qwen3.5-2b__sft-v1,semi_en,instance_00015,Parsed Request Count,6.0
22,dond,DAIR__qwen3.5-2b__sft-v1,semi_en,instance_00015,Violated Request Count,0.0
23,dond,DAIR__qwen3.5-2b__sft-v1,semi_en,instance_00015,Request Success Ratio,1.0
24,dond,DAIR__qwen3.5-2b__sft-v1,semi_en,instance_00015,Aborted,0.0
25,dond,DAIR__qwen3.5-2b__sft-v1,semi_en,instance_00015,Lose,1.0
26,dond,DAIR__qwen3.5-2b__sft-v1,semi_en,instance_00015,Success,0.0
27,dond,DAIR__qwen3.5-2b__sft-v1,semi_en,instance_00015,Main Score,0.0
28,dond,DAIR__qwen3.5-2b__sft-v1,semi_en,instance_00015,Sum of Points,0.0
29,dond,DAIR__qwen3.5-2b__sft-v1,semi_en,instance_00015,Pareto Optimal,0.0
30,dond,DAIR__qwen3.5-2b__sft-v1,semi_en,instance_00001,Request Count,6.0
31,dond,DAIR__qwen3.5-2b__sft-v1,semi_en,instance_00001,Parsed Request Count,6.0
32,dond,DAIR__qwen3.5-2b__sft-v1,semi_en,instance_00001,Violated Request Count,0.0
33,dond,DAIR__qwen3.5-2b__sft-v1,semi_en,instance_00001,Request Success Ratio,1.0
34,dond,DAIR__qwen3.5-2b__sft-v1,semi_en,instance_00001,Aborted,0.0
35,dond,DAIR__qwen3.5-2b__sft-v1,semi_en,instance_00001,Lose,0.0
36,dond,DAIR__qwen3.5-2b__sft-v1,semi_en,instance_00001,Success,1.0
37,dond,DAIR__qwen3.5-2b__sft-v1,semi_en,instance_00001,Main Score,40.0
38,dond,DAIR__qwen3.5-2b__sft-v1,semi_en,instance_00001,Sum of Points,0.5625
39,dond,DAIR__qwen3.5-2b__sft-v1,semi_en,instance_00001,Pareto Optimal,0.0
40,wordle,DAIR__qwen3.5-2b__sft-v1,medium_frequency_words_no_clue_no_critic,instance_00014,Aborted,1.0
41,wordle,DAIR__qwen3.5-2b__sft-v1,medium_frequency_words_no_clue_no_critic,instance_00014,Lose,0.0
42,wordle,DAIR__qwen3.5-2b__sft-v1,medium_frequency_words_no_clue_no_critic,instance_00014,Success,0.0
43,wordle,DAIR__qwen3.5-2b__sft-v1,medium_frequency_words_no_clue_no_critic,instance_00014,Request Count,4.0
44,wordle,DAIR__qwen3.5-2b__sft-v1,medium_frequency_words_no_clue_no_critic,instance_00014,Parsed Request Count,3.0
45,wordle,DAIR__qwen3.5-2b__sft-v1,medium_frequency_words_no_clue_no_critic,instance_00014,Violated Request Count,1.0
46,wordle,DAIR__qwen3.5-2b__sft-v1,medium_frequency_words_no_clue_no_critic,instance_00014,Request Success Ratio,0.75
47,wordle,DAIR__qwen3.5-2b__sft-v1,medium_frequency_words_no_clue_no_critic,instance_00014,Main Score,
48,wordle,DAIR__qwen3.5-2b__sft-v1,medium_frequency_words_no_clue_no_critic,instance_00014,Guess Repetitions,
49,wordle,DAIR__qwen3.5-2b__sft-v1,medium_frequency_words_no_clue_no_critic,instance_00007,Aborted,1.0
50,wordle,DAIR__qwen3.5-2b__sft-v1,medium_frequency_words_no_clue_no_critic,instance_00007,Lose,0.0
51,wordle,DAIR__qwen3.5-2b__sft-v1,medium_frequency_words_no_clue_no_critic,instance_00007,Success,0.0
52,wordle,DAIR__qwen3.5-2b__sft-v1,medium_frequency_words_no_clue_no_critic,instance_00007,Request Count,5.0
53,wordle,DAIR__qwen3.5-2b__sft-v1,medium_frequency_words_no_clue_no_critic,instance_00007,Parsed Request Count,4.0
54,wordle,DAIR__qwen3.5-2b__sft-v1,medium_frequency_words_no_clue_no_critic,instance_00007,Violated Request Count,1.0
55,wordle,DAIR__qwen3.5-2b__sft-v1,medium_frequency_words_no_clue_no_critic,instance_00007,Request Success Ratio,0.8
56,wordle,DAIR__qwen3.5-2b__sft-v1,medium_frequency_words_no_clue_no_critic,instance_00007,Main Score,
57,wordle,DAIR__qwen3.5-2b__sft-v1,medium_frequency_words_no_clue_no_critic,instance_00007,Guess Repetitions,
58,wordle,DAIR__qwen3.5-2b__sft-v1,high_frequency_words_no_clue_no_critic,instance_00007,Aborted,1.0
59,wordle,DAIR__qwen3.5-2b__sft-v1,high_frequency_words_no_clue_no_critic,instance_00007,Lose,0.0
60,wordle,DAIR__qwen3.5-2b__sft-v1,high_frequency_words_no_clue_no_critic,instance_00007,Success,0.0
61,wordle,DAIR__qwen3.5-2b__sft-v1,high_frequency_words_no_clue_no_critic,instance_00007,Request Count,4.0
62,wordle,DAIR__qwen3.5-2b__sft-v1,high_frequency_words_no_clue_no_critic,instance_00007,Parsed Request Count,3.0
63,wordle,DAIR__qwen3.5-2b__sft-v1,high_frequency_words_no_clue_no_critic,instance_00007,Violated Request Count,1.0
64,wordle,DAIR__qwen3.5-2b__sft-v1,high_frequency_words_no_clue_no_critic,instance_00007,Request Success Ratio,0.75
65,wordle,DAIR__qwen3.5-2b__sft-v1,high_frequency_words_no_clue_no_critic,instance_00007,Main Score,
66,wordle,DAIR__qwen3.5-2b__sft-v1,high_frequency_words_no_clue_no_critic,instance_00007,Guess Repetitions,
67,guesswhat,DAIR__qwen3.5-2b__sft-v1,Abs_Level_3,instance_00008,Violated Request Count,0.0
68,guesswhat,DAIR__qwen3.5-2b__sft-v1,Abs_Level_3,instance_00008,Parsed Request Count,6.0
69,guesswhat,DAIR__qwen3.5-2b__sft-v1,Abs_Level_3,instance_00008,Request Count,6.0
70,guesswhat,DAIR__qwen3.5-2b__sft-v1,Abs_Level_3,instance_00008,Request Success Ratio,1.0
71,guesswhat,DAIR__qwen3.5-2b__sft-v1,Abs_Level_3,instance_00008,Aborted,0.0
72,guesswhat,DAIR__qwen3.5-2b__sft-v1,Abs_Level_3,instance_00008,Success,0.0
73,guesswhat,DAIR__qwen3.5-2b__sft-v1,Abs_Level_3,instance_00008,Lose,1.0
74,guesswhat,DAIR__qwen3.5-2b__sft-v1,Abs_Level_3,instance_00008,Main Score,0.0
75,guesswhat,DAIR__qwen3.5-2b__sft-v1,Abs_Level_3,instance_00008,Invalid format guesser response,0.0
76,guesswhat,DAIR__qwen3.5-2b__sft-v1,Abs_Level_3,instance_00008,Invalid format answerer response,0.0
77,guesswhat,DAIR__qwen3.5-2b__sft-v1,Abs_Level_3,instance_00008,Invalid content guesser response,0.0
78,guesswhat,DAIR__qwen3.5-2b__sft-v1,Abs_Level_3,instance_00008,Invalid content answerer response,0.0
79,guesswhat,DAIR__qwen3.5-2b__sft-v1,Abs_Level_2,instance_00007,Violated Request Count,0.0
80,guesswhat,DAIR__qwen3.5-2b__sft-v1,Abs_Level_2,instance_00007,Parsed Request Count,7.0
81,guesswhat,DAIR__qwen3.5-2b__sft-v1,Abs_Level_2,instance_00007,Request Count,7.0
82,guesswhat,DAIR__qwen3.5-2b__sft-v1,Abs_Level_2,instance_00007,Request Success Ratio,1.0
83,guesswhat,DAIR__qwen3.5-2b__sft-v1,Abs_Level_2,instance_00007,Aborted,0.0
84,guesswhat,DAIR__qwen3.5-2b__sft-v1,Abs_Level_2,instance_00007,Success,1.0
85,guesswhat,DAIR__qwen3.5-2b__sft-v1,Abs_Level_2,instance_00007,Lose,0.0
86,guesswhat,DAIR__qwen3.5-2b__sft-v1,Abs_Level_2,instance_00007,Speed,33.333333333333336
87,guesswhat,DAIR__qwen3.5-2b__sft-v1,Abs_Level_2,instance_00007,Main Score,33.333333333333336
88,guesswhat,DAIR__qwen3.5-2b__sft-v1,Abs_Level_2,instance_00007,Invalid format guesser response,0.0
89,guesswhat,DAIR__qwen3.5-2b__sft-v1,Abs_Level_2,instance_00007,Invalid format answerer response,0.0
90,guesswhat,DAIR__qwen3.5-2b__sft-v1,Abs_Level_2,instance_00007,Invalid content guesser response,0.0
91,guesswhat,DAIR__qwen3.5-2b__sft-v1,Abs_Level_2,instance_00007,Invalid content answerer response,0.0
92,guesswhat,DAIR__qwen3.5-2b__sft-v1,Abs_Level_1,instance_00002,Violated Request Count,0.0
93,guesswhat,DAIR__qwen3.5-2b__sft-v1,Abs_Level_1,instance_00002,Parsed Request Count,7.0
94,guesswhat,DAIR__qwen3.5-2b__sft-v1,Abs_Level_1,instance_00002,Request Count,7.0
95,guesswhat,DAIR__qwen3.5-2b__sft-v1,Abs_Level_1,instance_00002,Request Success Ratio,1.0
96,guesswhat,DAIR__qwen3.5-2b__sft-v1,Abs_Level_1,instance_00002,Aborted,0.0
97,guesswhat,DAIR__qwen3.5-2b__sft-v1,Abs_Level_1,instance_00002,Success,0.0
98,guesswhat,DAIR__qwen3.5-2b__sft-v1,Abs_Level_1,instance_00002,Lose,1.0
99,guesswhat,DAIR__qwen3.5-2b__sft-v1,Abs_Level_1,instance_00002,Main Score,0.0
100,guesswhat,DAIR__qwen3.5-2b__sft-v1,Abs_Level_1,instance_00002,Invalid format guesser response,0.0
101,guesswhat,DAIR__qwen3.5-2b__sft-v1,Abs_Level_1,instance_00002,Invalid format answerer response,0.0
102,guesswhat,DAIR__qwen3.5-2b__sft-v1,Abs_Level_1,instance_00002,Invalid content guesser response,0.0
103,guesswhat,DAIR__qwen3.5-2b__sft-v1,Abs_Level_1,instance_00002,Invalid content answerer response,0.0
104,guesswhat,DAIR__qwen3.5-2b__sft-v1,Level_1,instance_00002,Violated Request Count,0.0
105,guesswhat,DAIR__qwen3.5-2b__sft-v1,Level_1,instance_00002,Parsed Request Count,7.0
106,guesswhat,DAIR__qwen3.5-2b__sft-v1,Level_1,instance_00002,Request Count,7.0
107,guesswhat,DAIR__qwen3.5-2b__sft-v1,Level_1,instance_00002,Request Success Ratio,1.0
108,guesswhat,DAIR__qwen3.5-2b__sft-v1,Level_1,instance_00002,Aborted,0.0
109,guesswhat,DAIR__qwen3.5-2b__sft-v1,Level_1,instance_00002,Success,1.0
110,guesswhat,DAIR__qwen3.5-2b__sft-v1,Level_1,instance_00002,Lose,0.0
111,guesswhat,DAIR__qwen3.5-2b__sft-v1,Level_1,instance_00002,Speed,33.333333333333336
112,guesswhat,DAIR__qwen3.5-2b__sft-v1,Level_1,instance_00002,Main Score,33.333333333333336
113,guesswhat,DAIR__qwen3.5-2b__sft-v1,Level_1,instance_00002,Invalid format guesser response,0.0
114,guesswhat,DAIR__qwen3.5-2b__sft-v1,Level_1,instance_00002,Invalid format answerer response,0.0
115,guesswhat,DAIR__qwen3.5-2b__sft-v1,Level_1,instance_00002,Invalid content guesser response,0.0
116,guesswhat,DAIR__qwen3.5-2b__sft-v1,Level_1,instance_00002,Invalid content answerer response,0.0
117,guesswhat,DAIR__qwen3.5-2b__sft-v1,Level_2,instance_00009,Violated Request Count,0.0
118,guesswhat,DAIR__qwen3.5-2b__sft-v1,Level_2,instance_00009,Parsed Request Count,8.0
119,guesswhat,DAIR__qwen3.5-2b__sft-v1,Level_2,instance_00009,Request Count,8.0
120,guesswhat,DAIR__qwen3.5-2b__sft-v1,Level_2,instance_00009,Request Success Ratio,1.0
121,guesswhat,DAIR__qwen3.5-2b__sft-v1,Level_2,instance_00009,Aborted,0.0
122,guesswhat,DAIR__qwen3.5-2b__sft-v1,Level_2,instance_00009,Success,0.0
123,guesswhat,DAIR__qwen3.5-2b__sft-v1,Level_2,instance_00009,Lose,1.0
124,guesswhat,DAIR__qwen3.5-2b__sft-v1,Level_2,instance_00009,Main Score,0.0
125,guesswhat,DAIR__qwen3.5-2b__sft-v1,Level_2,instance_00009,Invalid format guesser response,0.0
126,guesswhat,DAIR__qwen3.5-2b__sft-v1,Level_2,instance_00009,Invalid format answerer response,0.0
127,guesswhat,DAIR__qwen3.5-2b__sft-v1,Level_2,instance_00009,Invalid content guesser response,0.0
128,guesswhat,DAIR__qwen3.5-2b__sft-v1,Level_2,instance_00009,Invalid content answerer response,0.0
129,guesswhat,DAIR__qwen3.5-2b__sft-v1,Level_3,instance_00008,Violated Request Count,0.0
130,guesswhat,DAIR__qwen3.5-2b__sft-v1,Level_3,instance_00008,Parsed Request Count,8.0
131,guesswhat,DAIR__qwen3.5-2b__sft-v1,Level_3,instance_00008,Request Count,8.0
132,guesswhat,DAIR__qwen3.5-2b__sft-v1,Level_3,instance_00008,Request Success Ratio,1.0
133,guesswhat,DAIR__qwen3.5-2b__sft-v1,Level_3,instance_00008,Aborted,0.0
134,guesswhat,DAIR__qwen3.5-2b__sft-v1,Level_3,instance_00008,Success,0.0
135,guesswhat,DAIR__qwen3.5-2b__sft-v1,Level_3,instance_00008,Lose,1.0
136,guesswhat,DAIR__qwen3.5-2b__sft-v1,Level_3,instance_00008,Main Score,0.0
137,guesswhat,DAIR__qwen3.5-2b__sft-v1,Level_3,instance_00008,Invalid format guesser response,0.0
138,guesswhat,DAIR__qwen3.5-2b__sft-v1,Level_3,instance_00008,Invalid format answerer response,0.0
139,guesswhat,DAIR__qwen3.5-2b__sft-v1,Level_3,instance_00008,Invalid content guesser response,0.0
140,guesswhat,DAIR__qwen3.5-2b__sft-v1,Level_3,instance_00008,Invalid content answerer response,0.0
141,privateshared,DAIR__qwen3.5-2b__sft-v1,things-places,instance_00003,Accuracy,0.6222222222222222
142,privateshared,DAIR__qwen3.5-2b__sft-v1,things-places,instance_00003,Kappa,0.06593406593406603
143,privateshared,DAIR__qwen3.5-2b__sft-v1,things-places,instance_00003,Truncated Kappa,0.06593406593406603
144,privateshared,DAIR__qwen3.5-2b__sft-v1,things-places,instance_00003,Slot-Filling-Accuracy,1.0
145,privateshared,DAIR__qwen3.5-2b__sft-v1,things-places,instance_00003,Main Score,12.371134020618573
146,privateshared,DAIR__qwen3.5-2b__sft-v1,things-places,instance_00003,Aborted,0.0
147,privateshared,DAIR__qwen3.5-2b__sft-v1,things-places,instance_00003,Lose,1.0
148,privateshared,DAIR__qwen3.5-2b__sft-v1,things-places,instance_00003,Success,0.0
149,privateshared,DAIR__qwen3.5-2b__sft-v1,things-places,instance_00003,Request Count,95.0
150,privateshared,DAIR__qwen3.5-2b__sft-v1,things-places,instance_00003,Parsed Request Count,95.0
151,privateshared,DAIR__qwen3.5-2b__sft-v1,things-places,instance_00003,Violated Request Count,10.0
152,privateshared,DAIR__qwen3.5-2b__sft-v1,things-places,instance_00003,Request Success Ratio,1.0
153,privateshared,DAIR__qwen3.5-2b__sft-v1,restaurant,instance_00007,Middle-Accuracy,0.6
154,privateshared,DAIR__qwen3.5-2b__sft-v1,restaurant,instance_00007,Accuracy,0.8
155,privateshared,DAIR__qwen3.5-2b__sft-v1,restaurant,instance_00007,Kappa,0.5454545454545454
156,privateshared,DAIR__qwen3.5-2b__sft-v1,restaurant,instance_00007,Truncated Kappa,0.5454545454545454
157,privateshared,DAIR__qwen3.5-2b__sft-v1,restaurant,instance_00007,Slot-Filling-Accuracy,1.0
158,privateshared,DAIR__qwen3.5-2b__sft-v1,restaurant,instance_00007,Main Score,70.58823529411764
159,privateshared,DAIR__qwen3.5-2b__sft-v1,restaurant,instance_00007,Aborted,0.0
160,privateshared,DAIR__qwen3.5-2b__sft-v1,restaurant,instance_00007,Lose,1.0
161,privateshared,DAIR__qwen3.5-2b__sft-v1,restaurant,instance_00007,Success,0.0
162,privateshared,DAIR__qwen3.5-2b__sft-v1,restaurant,instance_00007,Request Count,17.0
163,privateshared,DAIR__qwen3.5-2b__sft-v1,restaurant,instance_00007,Parsed Request Count,17.0
164,privateshared,DAIR__qwen3.5-2b__sft-v1,restaurant,instance_00007,Violated Request Count,3.0
165,privateshared,DAIR__qwen3.5-2b__sft-v1,restaurant,instance_00007,Request Success Ratio,1.0
166,privateshared,DAIR__qwen3.5-2b__sft-v1,travel-booking,instance_00009,Middle-Accuracy,0.6
167,privateshared,DAIR__qwen3.5-2b__sft-v1,travel-booking,instance_00009,Accuracy,0.8
168,privateshared,DAIR__qwen3.5-2b__sft-v1,travel-booking,instance_00009,Kappa,0.5454545454545454
169,privateshared,DAIR__qwen3.5-2b__sft-v1,travel-booking,instance_00009,Truncated Kappa,0.5454545454545454
170,privateshared,DAIR__qwen3.5-2b__sft-v1,travel-booking,instance_00009,Slot-Filling-Accuracy,1.0
171,privateshared,DAIR__qwen3.5-2b__sft-v1,travel-booking,instance_00009,Main Score,70.58823529411764
172,privateshared,DAIR__qwen3.5-2b__sft-v1,travel-booking,instance_00009,Aborted,0.0
173,privateshared,DAIR__qwen3.5-2b__sft-v1,travel-booking,instance_00009,Lose,1.0
174,privateshared,DAIR__qwen3.5-2b__sft-v1,travel-booking,instance_00009,Success,0.0
175,privateshared,DAIR__qwen3.5-2b__sft-v1,travel-booking,instance_00009,Request Count,17.0
176,privateshared,DAIR__qwen3.5-2b__sft-v1,travel-booking,instance_00009,Parsed Request Count,17.0
177,privateshared,DAIR__qwen3.5-2b__sft-v1,travel-booking,instance_00009,Violated Request Count,3.0
178,privateshared,DAIR__qwen3.5-2b__sft-v1,travel-booking,instance_00009,Request Success Ratio,1.0
179,privateshared,DAIR__qwen3.5-2b__sft-v1,job-interview,instance_00008,Middle-Accuracy,0.6
180,privateshared,DAIR__qwen3.5-2b__sft-v1,job-interview,instance_00008,Accuracy,0.7333333333333333
181,privateshared,DAIR__qwen3.5-2b__sft-v1,job-interview,instance_00008,Kappa,0.375
182,privateshared,DAIR__qwen3.5-2b__sft-v1,job-interview,instance_00008,Truncated Kappa,0.375
183,privateshared,DAIR__qwen3.5-2b__sft-v1,job-interview,instance_00008,Slot-Filling-Accuracy,1.0
184,privateshared,DAIR__qwen3.5-2b__sft-v1,job-interview,instance_00008,Main Score,54.54545454545454
185,privateshared,DAIR__qwen3.5-2b__sft-v1,job-interview,instance_00008,Aborted,0.0
186,privateshared,DAIR__qwen3.5-2b__sft-v1,job-interview,instance_00008,Lose,1.0
187,privateshared,DAIR__qwen3.5-2b__sft-v1,job-interview,instance_00008,Success,0.0
188,privateshared,DAIR__qwen3.5-2b__sft-v1,job-interview,instance_00008,Request Count,17.0
189,privateshared,DAIR__qwen3.5-2b__sft-v1,job-interview,instance_00008,Parsed Request Count,17.0
190,privateshared,DAIR__qwen3.5-2b__sft-v1,job-interview,instance_00008,Violated Request Count,3.0
191,privateshared,DAIR__qwen3.5-2b__sft-v1,job-interview,instance_00008,Request Success Ratio,1.0
192,privateshared,DAIR__qwen3.5-2b__sft-v1,letter-number,instance_00009,Middle-Accuracy,0.4
193,privateshared,DAIR__qwen3.5-2b__sft-v1,letter-number,instance_00009,Accuracy,0.5285714285714286
194,privateshared,DAIR__qwen3.5-2b__sft-v1,letter-number,instance_00009,Kappa,0.0811455847255369
195,privateshared,DAIR__qwen3.5-2b__sft-v1,letter-number,instance_00009,Truncated Kappa,0.0811455847255369
196,privateshared,DAIR__qwen3.5-2b__sft-v1,letter-number,instance_00009,Slot-Filling-Accuracy,1.0
197,privateshared,DAIR__qwen3.5-2b__sft-v1,letter-number,instance_00009,Main Score,15.011037527593803
198,privateshared,DAIR__qwen3.5-2b__sft-v1,letter-number,instance_00009,Aborted,0.0
199,privateshared,DAIR__qwen3.5-2b__sft-v1,letter-number,instance_00009,Lose,1.0
200,privateshared,DAIR__qwen3.5-2b__sft-v1,letter-number,instance_00009,Success,0.0
201,privateshared,DAIR__qwen3.5-2b__sft-v1,letter-number,instance_00009,Request Count,76.0
202,privateshared,DAIR__qwen3.5-2b__sft-v1,letter-number,instance_00009,Parsed Request Count,76.0
203,privateshared,DAIR__qwen3.5-2b__sft-v1,letter-number,instance_00009,Violated Request Count,4.0
204,privateshared,DAIR__qwen3.5-2b__sft-v1,letter-number,instance_00009,Request Success Ratio,1.0
205,wordle_withcritic,DAIR__qwen3.5-2b__sft-v1,medium_frequency_words_clue_with_critic,instance_00004,Aborted,1.0
206,wordle_withcritic,DAIR__qwen3.5-2b__sft-v1,medium_frequency_words_clue_with_critic,instance_00004,Lose,0.0
207,wordle_withcritic,DAIR__qwen3.5-2b__sft-v1,medium_frequency_words_clue_with_critic,instance_00004,Success,0.0
208,wordle_withcritic,DAIR__qwen3.5-2b__sft-v1,medium_frequency_words_clue_with_critic,instance_00004,Request Count,1.0
209,wordle_withcritic,DAIR__qwen3.5-2b__sft-v1,medium_frequency_words_clue_with_critic,instance_00004,Parsed Request Count,0.0
210,wordle_withcritic,DAIR__qwen3.5-2b__sft-v1,medium_frequency_words_clue_with_critic,instance_00004,Violated Request Count,1.0
211,wordle_withcritic,DAIR__qwen3.5-2b__sft-v1,medium_frequency_words_clue_with_critic,instance_00004,Request Success Ratio,0.0
212,wordle_withcritic,DAIR__qwen3.5-2b__sft-v1,medium_frequency_words_clue_with_critic,instance_00004,Main Score,
213,wordle_withcritic,DAIR__qwen3.5-2b__sft-v1,medium_frequency_words_clue_with_critic,instance_00004,Guess Repetitions,
214,wordle_withcritic,DAIR__qwen3.5-2b__sft-v1,medium_frequency_words_clue_with_critic,instance_00004,Repetition-Guesser-On-Critic-Agreement,
215,wordle_withcritic,DAIR__qwen3.5-2b__sft-v1,medium_frequency_words_clue_with_critic,instance_00004,Non-Repetition-Guesser-On-Critic-Agreement,
216,wordle_withcritic,DAIR__qwen3.5-2b__sft-v1,medium_frequency_words_clue_with_critic,instance_00004,Repetition-Guesser-On-Critic-Disagreement,
217,wordle_withcritic,DAIR__qwen3.5-2b__sft-v1,medium_frequency_words_clue_with_critic,instance_00004,Non-Repetition-Guesser-On-Critic-Disagreement,
218,wordle_withcritic,DAIR__qwen3.5-2b__sft-v1,medium_frequency_words_clue_with_critic,instance_00019,Aborted,1.0
219,wordle_withcritic,DAIR__qwen3.5-2b__sft-v1,medium_frequency_words_clue_with_critic,instance_00019,Lose,0.0
220,wordle_withcritic,DAIR__qwen3.5-2b__sft-v1,medium_frequency_words_clue_with_critic,instance_00019,Success,0.0
221,wordle_withcritic,DAIR__qwen3.5-2b__sft-v1,medium_frequency_words_clue_with_critic,instance_00019,Request Count,1.0
222,wordle_withcritic,DAIR__qwen3.5-2b__sft-v1,medium_frequency_words_clue_with_critic,instance_00019,Parsed Request Count,0.0
223,wordle_withcritic,DAIR__qwen3.5-2b__sft-v1,medium_frequency_words_clue_with_critic,instance_00019,Violated Request Count,1.0
224,wordle_withcritic,DAIR__qwen3.5-2b__sft-v1,medium_frequency_words_clue_with_critic,instance_00019,Request Success Ratio,0.0
225,wordle_withcritic,DAIR__qwen3.5-2b__sft-v1,medium_frequency_words_clue_with_critic,instance_00019,Main Score,
226,wordle_withcritic,DAIR__qwen3.5-2b__sft-v1,medium_frequency_words_clue_with_critic,instance_00019,Guess Repetitions,
227,wordle_withcritic,DAIR__qwen3.5-2b__sft-v1,medium_frequency_words_clue_with_critic,instance_00019,Repetition-Guesser-On-Critic-Agreement,
228,wordle_withcritic,DAIR__qwen3.5-2b__sft-v1,medium_frequency_words_clue_with_critic,instance_00019,Non-Repetition-Guesser-On-Critic-Agreement,
229,wordle_withcritic,DAIR__qwen3.5-2b__sft-v1,medium_frequency_words_clue_with_critic,instance_00019,Repetition-Guesser-On-Critic-Disagreement,
230,wordle_withcritic,DAIR__qwen3.5-2b__sft-v1,medium_frequency_words_clue_with_critic,instance_00019,Non-Repetition-Guesser-On-Critic-Disagreement,
231,wordle_withcritic,DAIR__qwen3.5-2b__sft-v1,high_frequency_words_clue_with_critic,instance_00002,Aborted,1.0
232,wordle_withcritic,DAIR__qwen3.5-2b__sft-v1,high_frequency_words_clue_with_critic,instance_00002,Lose,0.0
233,wordle_withcritic,DAIR__qwen3.5-2b__sft-v1,high_frequency_words_clue_with_critic,instance_00002,Success,0.0
234,wordle_withcritic,DAIR__qwen3.5-2b__sft-v1,high_frequency_words_clue_with_critic,instance_00002,Request Count,4.0
235,wordle_withcritic,DAIR__qwen3.5-2b__sft-v1,high_frequency_words_clue_with_critic,instance_00002,Parsed Request Count,3.0
236,wordle_withcritic,DAIR__qwen3.5-2b__sft-v1,high_frequency_words_clue_with_critic,instance_00002,Violated Request Count,1.0
237,wordle_withcritic,DAIR__qwen3.5-2b__sft-v1,high_frequency_words_clue_with_critic,instance_00002,Request Success Ratio,0.75
238,wordle_withcritic,DAIR__qwen3.5-2b__sft-v1,high_frequency_words_clue_with_critic,instance_00002,Main Score,
239,wordle_withcritic,DAIR__qwen3.5-2b__sft-v1,high_frequency_words_clue_with_critic,instance_00002,Guess Repetitions,
240,wordle_withcritic,DAIR__qwen3.5-2b__sft-v1,high_frequency_words_clue_with_critic,instance_00002,Repetition-Guesser-On-Critic-Agreement,1.0
241,wordle_withcritic,DAIR__qwen3.5-2b__sft-v1,high_frequency_words_clue_with_critic,instance_00002,Non-Repetition-Guesser-On-Critic-Agreement,0.0
242,wordle_withcritic,DAIR__qwen3.5-2b__sft-v1,high_frequency_words_clue_with_critic,instance_00002,Repetition-Guesser-On-Critic-Disagreement,0.0
243,wordle_withcritic,DAIR__qwen3.5-2b__sft-v1,high_frequency_words_clue_with_critic,instance_00002,Non-Repetition-Guesser-On-Critic-Disagreement,0.0
244,taboo,DAIR__qwen3.5-2b__sft-v1,high_en,instance_00016,Violated Request Count,0.0
245,taboo,DAIR__qwen3.5-2b__sft-v1,high_en,instance_00016,Parsed Request Count,1.0
246,taboo,DAIR__qwen3.5-2b__sft-v1,high_en,instance_00016,Request Count,1.0
247,taboo,DAIR__qwen3.5-2b__sft-v1,high_en,instance_00016,Request Success Ratio,1.0
248,taboo,DAIR__qwen3.5-2b__sft-v1,high_en,instance_00016,Aborted,0.0
249,taboo,DAIR__qwen3.5-2b__sft-v1,high_en,instance_00016,Success,0.0
250,taboo,DAIR__qwen3.5-2b__sft-v1,high_en,instance_00016,Lose,1.0
251,taboo,DAIR__qwen3.5-2b__sft-v1,high_en,instance_00016,Main Score,0.0
252,taboo,DAIR__qwen3.5-2b__sft-v1,high_en,instance_00016,Repetition-Guesser,0.0
253,taboo,DAIR__qwen3.5-2b__sft-v1,high_en,instance_00016,Repetition-Describer,0.0
254,taboo,DAIR__qwen3.5-2b__sft-v1,high_en,instance_00010,Violated Request Count,0.0
255,taboo,DAIR__qwen3.5-2b__sft-v1,high_en,instance_00010,Parsed Request Count,1.0
256,taboo,DAIR__qwen3.5-2b__sft-v1,high_en,instance_00010,Request Count,1.0
257,taboo,DAIR__qwen3.5-2b__sft-v1,high_en,instance_00010,Request Success Ratio,1.0
258,taboo,DAIR__qwen3.5-2b__sft-v1,high_en,instance_00010,Aborted,0.0
259,taboo,DAIR__qwen3.5-2b__sft-v1,high_en,instance_00010,Success,1.0
260,taboo,DAIR__qwen3.5-2b__sft-v1,high_en,instance_00010,Lose,0.0
261,taboo,DAIR__qwen3.5-2b__sft-v1,high_en,instance_00010,Main Score,100.0
262,taboo,DAIR__qwen3.5-2b__sft-v1,high_en,instance_00010,Repetition-Guesser,0.0
263,taboo,DAIR__qwen3.5-2b__sft-v1,high_en,instance_00010,Repetition-Describer,0.0
264,taboo,DAIR__qwen3.5-2b__sft-v1,low_en,instance_00018,Violated Request Count,0.0
265,taboo,DAIR__qwen3.5-2b__sft-v1,low_en,instance_00018,Parsed Request Count,3.0
266,taboo,DAIR__qwen3.5-2b__sft-v1,low_en,instance_00018,Request Count,3.0
267,taboo,DAIR__qwen3.5-2b__sft-v1,low_en,instance_00018,Request Success Ratio,1.0
268,taboo,DAIR__qwen3.5-2b__sft-v1,low_en,instance_00018,Aborted,0.0
269,taboo,DAIR__qwen3.5-2b__sft-v1,low_en,instance_00018,Success,0.0
270,taboo,DAIR__qwen3.5-2b__sft-v1,low_en,instance_00018,Lose,1.0
271,taboo,DAIR__qwen3.5-2b__sft-v1,low_en,instance_00018,Main Score,0.0
272,taboo,DAIR__qwen3.5-2b__sft-v1,low_en,instance_00018,Repetition-Guesser,0.0
273,taboo,DAIR__qwen3.5-2b__sft-v1,low_en,instance_00018,Repetition-Describer,0.0
274,taboo,DAIR__qwen3.5-2b__sft-v1,low_en,instance_00012,Violated Request Count,0.0
275,taboo,DAIR__qwen3.5-2b__sft-v1,low_en,instance_00012,Parsed Request Count,1.0
276,taboo,DAIR__qwen3.5-2b__sft-v1,low_en,instance_00012,Request Count,1.0
277,taboo,DAIR__qwen3.5-2b__sft-v1,low_en,instance_00012,Request Success Ratio,1.0
278,taboo,DAIR__qwen3.5-2b__sft-v1,low_en,instance_00012,Aborted,0.0
279,taboo,DAIR__qwen3.5-2b__sft-v1,low_en,instance_00012,Success,1.0
280,taboo,DAIR__qwen3.5-2b__sft-v1,low_en,instance_00012,Lose,0.0
281,taboo,DAIR__qwen3.5-2b__sft-v1,low_en,instance_00012,Main Score,100.0
282,taboo,DAIR__qwen3.5-2b__sft-v1,low_en,instance_00012,Repetition-Guesser,0.0
283,taboo,DAIR__qwen3.5-2b__sft-v1,low_en,instance_00012,Repetition-Describer,0.0
284,taboo,DAIR__qwen3.5-2b__sft-v1,medium_en,instance_00007,Violated Request Count,0.0
285,taboo,DAIR__qwen3.5-2b__sft-v1,medium_en,instance_00007,Parsed Request Count,1.0
286,taboo,DAIR__qwen3.5-2b__sft-v1,medium_en,instance_00007,Request Count,1.0
287,taboo,DAIR__qwen3.5-2b__sft-v1,medium_en,instance_00007,Request Success Ratio,1.0
288,taboo,DAIR__qwen3.5-2b__sft-v1,medium_en,instance_00007,Aborted,0.0
289,taboo,DAIR__qwen3.5-2b__sft-v1,medium_en,instance_00007,Success,1.0
290,taboo,DAIR__qwen3.5-2b__sft-v1,medium_en,instance_00007,Lose,0.0
291,taboo,DAIR__qwen3.5-2b__sft-v1,medium_en,instance_00007,Main Score,100.0
292,taboo,DAIR__qwen3.5-2b__sft-v1,medium_en,instance_00007,Repetition-Guesser,0.0
293,taboo,DAIR__qwen3.5-2b__sft-v1,medium_en,instance_00007,Repetition-Describer,0.0
294,taboo,DAIR__qwen3.5-2b__sft-v1,medium_en,instance_00010,Violated Request Count,0.0
295,taboo,DAIR__qwen3.5-2b__sft-v1,medium_en,instance_00010,Parsed Request Count,1.0
296,taboo,DAIR__qwen3.5-2b__sft-v1,medium_en,instance_00010,Request Count,1.0
297,taboo,DAIR__qwen3.5-2b__sft-v1,medium_en,instance_00010,Request Success Ratio,1.0
298,taboo,DAIR__qwen3.5-2b__sft-v1,medium_en,instance_00010,Aborted,0.0
299,taboo,DAIR__qwen3.5-2b__sft-v1,medium_en,instance_00010,Success,1.0
300,taboo,DAIR__qwen3.5-2b__sft-v1,medium_en,instance_00010,Lose,0.0
301,taboo,DAIR__qwen3.5-2b__sft-v1,medium_en,instance_00010,Main Score,100.0
302,taboo,DAIR__qwen3.5-2b__sft-v1,medium_en,instance_00010,Repetition-Guesser,0.0
303,taboo,DAIR__qwen3.5-2b__sft-v1,medium_en,instance_00010,Repetition-Describer,0.0
304,wordle_withclue,DAIR__qwen3.5-2b__sft-v1,high_frequency_words_clue_no_critic,instance_00009,Aborted,0.0
305,wordle_withclue,DAIR__qwen3.5-2b__sft-v1,high_frequency_words_clue_no_critic,instance_00009,Lose,1.0
306,wordle_withclue,DAIR__qwen3.5-2b__sft-v1,high_frequency_words_clue_no_critic,instance_00009,Success,0.0
307,wordle_withclue,DAIR__qwen3.5-2b__sft-v1,high_frequency_words_clue_no_critic,instance_00009,Request Count,6.0
308,wordle_withclue,DAIR__qwen3.5-2b__sft-v1,high_frequency_words_clue_no_critic,instance_00009,Parsed Request Count,6.0
309,wordle_withclue,DAIR__qwen3.5-2b__sft-v1,high_frequency_words_clue_no_critic,instance_00009,Violated Request Count,0.0
310,wordle_withclue,DAIR__qwen3.5-2b__sft-v1,high_frequency_words_clue_no_critic,instance_00009,Request Success Ratio,1.0
311,wordle_withclue,DAIR__qwen3.5-2b__sft-v1,high_frequency_words_clue_no_critic,instance_00009,Main Score,0.0
312,wordle_withclue,DAIR__qwen3.5-2b__sft-v1,high_frequency_words_clue_no_critic,instance_00009,Guess Repetitions,3.0
313,wordle_withclue,DAIR__qwen3.5-2b__sft-v1,medium_frequency_words_clue_no_critic,instance_00011,Aborted,0.0
314,wordle_withclue,DAIR__qwen3.5-2b__sft-v1,medium_frequency_words_clue_no_critic,instance_00011,Lose,1.0
315,wordle_withclue,DAIR__qwen3.5-2b__sft-v1,medium_frequency_words_clue_no_critic,instance_00011,Success,0.0
316,wordle_withclue,DAIR__qwen3.5-2b__sft-v1,medium_frequency_words_clue_no_critic,instance_00011,Request Count,6.0
317,wordle_withclue,DAIR__qwen3.5-2b__sft-v1,medium_frequency_words_clue_no_critic,instance_00011,Parsed Request Count,6.0
318,wordle_withclue,DAIR__qwen3.5-2b__sft-v1,medium_frequency_words_clue_no_critic,instance_00011,Violated Request Count,0.0
319,wordle_withclue,DAIR__qwen3.5-2b__sft-v1,medium_frequency_words_clue_no_critic,instance_00011,Request Success Ratio,1.0
320,wordle_withclue,DAIR__qwen3.5-2b__sft-v1,medium_frequency_words_clue_no_critic,instance_00011,Main Score,0.0
321,wordle_withclue,DAIR__qwen3.5-2b__sft-v1,medium_frequency_words_clue_no_critic,instance_00011,Guess Repetitions,4.0
322,wordle_withclue,DAIR__qwen3.5-2b__sft-v1,medium_frequency_words_clue_no_critic,instance_00018,Aborted,1.0
323,wordle_withclue,DAIR__qwen3.5-2b__sft-v1,medium_frequency_words_clue_no_critic,instance_00018,Lose,0.0
324,wordle_withclue,DAIR__qwen3.5-2b__sft-v1,medium_frequency_words_clue_no_critic,instance_00018,Success,0.0
325,wordle_withclue,DAIR__qwen3.5-2b__sft-v1,medium_frequency_words_clue_no_critic,instance_00018,Request Count,3.0
326,wordle_withclue,DAIR__qwen3.5-2b__sft-v1,medium_frequency_words_clue_no_critic,instance_00018,Parsed Request Count,2.0
327,wordle_withclue,DAIR__qwen3.5-2b__sft-v1,medium_frequency_words_clue_no_critic,instance_00018,Violated Request Count,1.0
328,wordle_withclue,DAIR__qwen3.5-2b__sft-v1,medium_frequency_words_clue_no_critic,instance_00018,Request Success Ratio,0.6666666666666666
329,wordle_withclue,DAIR__qwen3.5-2b__sft-v1,medium_frequency_words_clue_no_critic,instance_00018,Main Score,
330,wordle_withclue,DAIR__qwen3.5-2b__sft-v1,medium_frequency_words_clue_no_critic,instance_00018,Guess Repetitions,
331,textmapworld,DAIR__qwen3.5-2b__sft-v1,large_cycle,instance_00049,Success,1.0
332,textmapworld,DAIR__qwen3.5-2b__sft-v1,large_cycle,instance_00049,Aborted,0.0
333,textmapworld,DAIR__qwen3.5-2b__sft-v1,large_cycle,instance_00049,Lose,0.0
334,textmapworld,DAIR__qwen3.5-2b__sft-v1,large_cycle,instance_00049,moves,11.0
335,textmapworld,DAIR__qwen3.5-2b__sft-v1,large_cycle,instance_00049,valid_moves,11.0
336,textmapworld,DAIR__qwen3.5-2b__sft-v1,large_cycle,instance_00049,invalid_moves,0.0
337,textmapworld,DAIR__qwen3.5-2b__sft-v1,large_cycle,instance_00049,stopped,1.0
338,textmapworld,DAIR__qwen3.5-2b__sft-v1,large_cycle,instance_00049,turns_limit,0.0
339,textmapworld,DAIR__qwen3.5-2b__sft-v1,large_cycle,instance_00049,loops,0.0
340,textmapworld,DAIR__qwen3.5-2b__sft-v1,large_cycle,instance_00049,number_visited,8.0
341,textmapworld,DAIR__qwen3.5-2b__sft-v1,large_cycle,instance_00049,seen,8.0
342,textmapworld,DAIR__qwen3.5-2b__sft-v1,large_cycle,instance_00049,efficiency,72.72727272727273
343,textmapworld,DAIR__qwen3.5-2b__sft-v1,large_cycle,instance_00049,exploration,100.0
344,textmapworld,DAIR__qwen3.5-2b__sft-v1,large_cycle,instance_00049,Main Score,84.21052631578947
345,textmapworld,DAIR__qwen3.5-2b__sft-v1,small,instance_00006,Aborted,1.0
346,textmapworld,DAIR__qwen3.5-2b__sft-v1,small,instance_00006,Success,0.0
347,textmapworld,DAIR__qwen3.5-2b__sft-v1,small,instance_00006,Lose,0.0
348,textmapworld,DAIR__qwen3.5-2b__sft-v1,small,instance_00006,moves,
349,textmapworld,DAIR__qwen3.5-2b__sft-v1,small,instance_00006,valid_moves,
350,textmapworld,DAIR__qwen3.5-2b__sft-v1,small,instance_00006,invalid_moves,
351,textmapworld,DAIR__qwen3.5-2b__sft-v1,small,instance_00006,stopped,
352,textmapworld,DAIR__qwen3.5-2b__sft-v1,small,instance_00006,turns_limit,
353,textmapworld,DAIR__qwen3.5-2b__sft-v1,small,instance_00006,loops,
354,textmapworld,DAIR__qwen3.5-2b__sft-v1,small,instance_00006,number_visited,
355,textmapworld,DAIR__qwen3.5-2b__sft-v1,small,instance_00006,seen,
356,textmapworld,DAIR__qwen3.5-2b__sft-v1,small,instance_00006,efficiency,
357,textmapworld,DAIR__qwen3.5-2b__sft-v1,small,instance_00006,exploration,
358,textmapworld,DAIR__qwen3.5-2b__sft-v1,small,instance_00006,Main Score,
359,textmapworld,DAIR__qwen3.5-2b__sft-v1,large,instance_00028,Success,1.0
360,textmapworld,DAIR__qwen3.5-2b__sft-v1,large,instance_00028,Aborted,0.0
361,textmapworld,DAIR__qwen3.5-2b__sft-v1,large,instance_00028,Lose,0.0
362,textmapworld,DAIR__qwen3.5-2b__sft-v1,large,instance_00028,moves,14.0
363,textmapworld,DAIR__qwen3.5-2b__sft-v1,large,instance_00028,valid_moves,14.0
364,textmapworld,DAIR__qwen3.5-2b__sft-v1,large,instance_00028,invalid_moves,0.0
365,textmapworld,DAIR__qwen3.5-2b__sft-v1,large,instance_00028,stopped,1.0
366,textmapworld,DAIR__qwen3.5-2b__sft-v1,large,instance_00028,turns_limit,0.0
367,textmapworld,DAIR__qwen3.5-2b__sft-v1,large,instance_00028,loops,0.0
368,textmapworld,DAIR__qwen3.5-2b__sft-v1,large,instance_00028,number_visited,8.0
369,textmapworld,DAIR__qwen3.5-2b__sft-v1,large,instance_00028,seen,8.0
370,textmapworld,DAIR__qwen3.5-2b__sft-v1,large,instance_00028,efficiency,64.28571428571429
371,textmapworld,DAIR__qwen3.5-2b__sft-v1,large,instance_00028,exploration,100.0
372,textmapworld,DAIR__qwen3.5-2b__sft-v1,large,instance_00028,Main Score,78.2608695652174
373,textmapworld,DAIR__qwen3.5-2b__sft-v1,medium_cycle,instance_00034,Success,1.0
374,textmapworld,DAIR__qwen3.5-2b__sft-v1,medium_cycle,instance_00034,Aborted,0.0
375,textmapworld,DAIR__qwen3.5-2b__sft-v1,medium_cycle,instance_00034,Lose,0.0
376,textmapworld,DAIR__qwen3.5-2b__sft-v1,medium_cycle,instance_00034,moves,16.0
377,textmapworld,DAIR__qwen3.5-2b__sft-v1,medium_cycle,instance_00034,valid_moves,16.0
378,textmapworld,DAIR__qwen3.5-2b__sft-v1,medium_cycle,instance_00034,invalid_moves,0.0
379,textmapworld,DAIR__qwen3.5-2b__sft-v1,medium_cycle,instance_00034,stopped,1.0
380,textmapworld,DAIR__qwen3.5-2b__sft-v1,medium_cycle,instance_00034,turns_limit,0.0
381,textmapworld,DAIR__qwen3.5-2b__sft-v1,medium_cycle,instance_00034,loops,0.0
382,textmapworld,DAIR__qwen3.5-2b__sft-v1,medium_cycle,instance_00034,number_visited,6.0
383,textmapworld,DAIR__qwen3.5-2b__sft-v1,medium_cycle,instance_00034,seen,6.0
384,textmapworld,DAIR__qwen3.5-2b__sft-v1,medium_cycle,instance_00034,efficiency,31.25
385,textmapworld,DAIR__qwen3.5-2b__sft-v1,medium_cycle,instance_00034,exploration,100.0
386,textmapworld,DAIR__qwen3.5-2b__sft-v1,medium_cycle,instance_00034,Main Score,47.61904761904762
387,textmapworld,DAIR__qwen3.5-2b__sft-v1,medium,instance_00010,Aborted,1.0
388,textmapworld,DAIR__qwen3.5-2b__sft-v1,medium,instance_00010,Success,0.0
389,textmapworld,DAIR__qwen3.5-2b__sft-v1,medium,instance_00010,Lose,0.0
390,textmapworld,DAIR__qwen3.5-2b__sft-v1,medium,instance_00010,moves,
391,textmapworld,DAIR__qwen3.5-2b__sft-v1,medium,instance_00010,valid_moves,
392,textmapworld,DAIR__qwen3.5-2b__sft-v1,medium,instance_00010,invalid_moves,
393,textmapworld,DAIR__qwen3.5-2b__sft-v1,medium,instance_00010,stopped,
394,textmapworld,DAIR__qwen3.5-2b__sft-v1,medium,instance_00010,turns_limit,
395,textmapworld,DAIR__qwen3.5-2b__sft-v1,medium,instance_00010,loops,
396,textmapworld,DAIR__qwen3.5-2b__sft-v1,medium,instance_00010,number_visited,
397,textmapworld,DAIR__qwen3.5-2b__sft-v1,medium,instance_00010,seen,
398,textmapworld,DAIR__qwen3.5-2b__sft-v1,medium,instance_00010,efficiency,
399,textmapworld,DAIR__qwen3.5-2b__sft-v1,medium,instance_00010,exploration,
400,textmapworld,DAIR__qwen3.5-2b__sft-v1,medium,instance_00010,Main Score,
401,referencegame,DAIR__qwen3.5-2b__sft-v1,random_grids,instance_00005,Generated Expression Length,141.0
402,referencegame,DAIR__qwen3.5-2b__sft-v1,random_grids,instance_00005,Generated Expression Number of Tokens,26.0
403,referencegame,DAIR__qwen3.5-2b__sft-v1,random_grids,instance_00005,Aborted at Player 1,0.0
404,referencegame,DAIR__qwen3.5-2b__sft-v1,random_grids,instance_00005,Aborted at Player 2,0.0
405,referencegame,DAIR__qwen3.5-2b__sft-v1,random_grids,instance_00005,Request Count,2.0
406,referencegame,DAIR__qwen3.5-2b__sft-v1,random_grids,instance_00005,Parsed Request Count,2.0
407,referencegame,DAIR__qwen3.5-2b__sft-v1,random_grids,instance_00005,Violated Request Count,0.0
408,referencegame,DAIR__qwen3.5-2b__sft-v1,random_grids,instance_00005,Aborted,0.0
409,referencegame,DAIR__qwen3.5-2b__sft-v1,random_grids,instance_00005,Success,0.0
410,referencegame,DAIR__qwen3.5-2b__sft-v1,random_grids,instance_00005,Lose,1.0
411,referencegame,DAIR__qwen3.5-2b__sft-v1,random_grids,instance_00005,Main Score,0.0
412,referencegame,DAIR__qwen3.5-2b__sft-v1,random_grids,instance_00005,Request Success Ratio,1.0
413,referencegame,DAIR__qwen3.5-2b__sft-v1,line_grids_columns,instance_00013,Generated Expression Length,89.0
414,referencegame,DAIR__qwen3.5-2b__sft-v1,line_grids_columns,instance_00013,Generated Expression Number of Tokens,15.0
415,referencegame,DAIR__qwen3.5-2b__sft-v1,line_grids_columns,instance_00013,Aborted at Player 1,0.0
416,referencegame,DAIR__qwen3.5-2b__sft-v1,line_grids_columns,instance_00013,Aborted at Player 2,0.0
417,referencegame,DAIR__qwen3.5-2b__sft-v1,line_grids_columns,instance_00013,Request Count,2.0
418,referencegame,DAIR__qwen3.5-2b__sft-v1,line_grids_columns,instance_00013,Parsed Request Count,2.0
419,referencegame,DAIR__qwen3.5-2b__sft-v1,line_grids_columns,instance_00013,Violated Request Count,0.0
420,referencegame,DAIR__qwen3.5-2b__sft-v1,line_grids_columns,instance_00013,Aborted,0.0
421,referencegame,DAIR__qwen3.5-2b__sft-v1,line_grids_columns,instance_00013,Success,1.0
422,referencegame,DAIR__qwen3.5-2b__sft-v1,line_grids_columns,instance_00013,Lose,0.0
423,referencegame,DAIR__qwen3.5-2b__sft-v1,line_grids_columns,instance_00013,Main Score,100.0
424,referencegame,DAIR__qwen3.5-2b__sft-v1,line_grids_columns,instance_00013,Request Success Ratio,1.0
425,referencegame,DAIR__qwen3.5-2b__sft-v1,number_grids,instance_00017,Generated Expression Length,179.0
426,referencegame,DAIR__qwen3.5-2b__sft-v1,number_grids,instance_00017,Generated Expression Number of Tokens,34.0
427,referencegame,DAIR__qwen3.5-2b__sft-v1,number_grids,instance_00017,Aborted at Player 1,0.0
428,referencegame,DAIR__qwen3.5-2b__sft-v1,number_grids,instance_00017,Aborted at Player 2,0.0
429,referencegame,DAIR__qwen3.5-2b__sft-v1,number_grids,instance_00017,Request Count,2.0
430,referencegame,DAIR__qwen3.5-2b__sft-v1,number_grids,instance_00017,Parsed Request Count,2.0
431,referencegame,DAIR__qwen3.5-2b__sft-v1,number_grids,instance_00017,Violated Request Count,0.0
432,referencegame,DAIR__qwen3.5-2b__sft-v1,number_grids,instance_00017,Aborted,0.0
433,referencegame,DAIR__qwen3.5-2b__sft-v1,number_grids,instance_00017,Success,0.0
434,referencegame,DAIR__qwen3.5-2b__sft-v1,number_grids,instance_00017,Lose,1.0
435,referencegame,DAIR__qwen3.5-2b__sft-v1,number_grids,instance_00017,Main Score,0.0
436,referencegame,DAIR__qwen3.5-2b__sft-v1,number_grids,instance_00017,Request Success Ratio,1.0
437,referencegame,DAIR__qwen3.5-2b__sft-v1,line_grids_rows,instance_00017,Generated Expression Length,181.0
438,referencegame,DAIR__qwen3.5-2b__sft-v1,line_grids_rows,instance_00017,Generated Expression Number of Tokens,33.0
439,referencegame,DAIR__qwen3.5-2b__sft-v1,line_grids_rows,instance_00017,Aborted at Player 1,0.0
440,referencegame,DAIR__qwen3.5-2b__sft-v1,line_grids_rows,instance_00017,Aborted at Player 2,0.0
441,referencegame,DAIR__qwen3.5-2b__sft-v1,line_grids_rows,instance_00017,Request Count,2.0
442,referencegame,DAIR__qwen3.5-2b__sft-v1,line_grids_rows,instance_00017,Parsed Request Count,2.0
443,referencegame,DAIR__qwen3.5-2b__sft-v1,line_grids_rows,instance_00017,Violated Request Count,0.0
444,referencegame,DAIR__qwen3.5-2b__sft-v1,line_grids_rows,instance_00017,Aborted,0.0
445,referencegame,DAIR__qwen3.5-2b__sft-v1,line_grids_rows,instance_00017,Success,1.0
446,referencegame,DAIR__qwen3.5-2b__sft-v1,line_grids_rows,instance_00017,Lose,0.0
447,referencegame,DAIR__qwen3.5-2b__sft-v1,line_grids_rows,instance_00017,Main Score,100.0
448,referencegame,DAIR__qwen3.5-2b__sft-v1,line_grids_rows,instance_00017,Request Success Ratio,1.0
449,referencegame,DAIR__qwen3.5-2b__sft-v1,letter_grids,instance_00012,Generated Expression Length,132.0
450,referencegame,DAIR__qwen3.5-2b__sft-v1,letter_grids,instance_00012,Generated Expression Number of Tokens,25.0
451,referencegame,DAIR__qwen3.5-2b__sft-v1,letter_grids,instance_00012,Aborted at Player 1,0.0
452,referencegame,DAIR__qwen3.5-2b__sft-v1,letter_grids,instance_00012,Aborted at Player 2,0.0
453,referencegame,DAIR__qwen3.5-2b__sft-v1,letter_grids,instance_00012,Request Count,2.0
454,referencegame,DAIR__qwen3.5-2b__sft-v1,letter_grids,instance_00012,Parsed Request Count,2.0
455,referencegame,DAIR__qwen3.5-2b__sft-v1,letter_grids,instance_00012,Violated Request Count,0.0
456,referencegame,DAIR__qwen3.5-2b__sft-v1,letter_grids,instance_00012,Aborted,0.0
457,referencegame,DAIR__qwen3.5-2b__sft-v1,letter_grids,instance_00012,Success,1.0
458,referencegame,DAIR__qwen3.5-2b__sft-v1,letter_grids,instance_00012,Lose,0.0
459,referencegame,DAIR__qwen3.5-2b__sft-v1,letter_grids,instance_00012,Main Score,100.0
460,referencegame,DAIR__qwen3.5-2b__sft-v1,letter_grids,instance_00012,Request Success Ratio,1.0
461,adventuregame,DAIR__qwen3.5-2b__sft-v1,new-words_home-delivery_medium_basic_medium,instance_00002,Violated Request Count,0.0
462,adventuregame,DAIR__qwen3.5-2b__sft-v1,new-words_home-delivery_medium_basic_medium,instance_00002,Parsed Request Count,50.0
463,adventuregame,DAIR__qwen3.5-2b__sft-v1,new-words_home-delivery_medium_basic_medium,instance_00002,Request Count,50.0
464,adventuregame,DAIR__qwen3.5-2b__sft-v1,new-words_home-delivery_medium_basic_medium,instance_00002,Request Success Ratio,1.0
465,adventuregame,DAIR__qwen3.5-2b__sft-v1,new-words_home-delivery_medium_basic_medium,instance_00002,hallucination_count,0.0
466,adventuregame,DAIR__qwen3.5-2b__sft-v1,new-words_home-delivery_medium_basic_medium,instance_00002,action_parsing_fail,19.0
467,adventuregame,DAIR__qwen3.5-2b__sft-v1,new-words_home-delivery_medium_basic_medium,instance_00002,action_resolution_fail,20.0
468,adventuregame,DAIR__qwen3.5-2b__sft-v1,new-words_home-delivery_medium_basic_medium,instance_00002,lark_exception,0.0
469,adventuregame,DAIR__qwen3.5-2b__sft-v1,new-words_home-delivery_medium_basic_medium,instance_00002,malformed_command,1.0
470,adventuregame,DAIR__qwen3.5-2b__sft-v1,new-words_home-delivery_medium_basic_medium,instance_00002,undefined_action_verb,0.0
471,adventuregame,DAIR__qwen3.5-2b__sft-v1,new-words_home-delivery_medium_basic_medium,instance_00002,undefined_action,0.0
472,adventuregame,DAIR__qwen3.5-2b__sft-v1,new-words_home-delivery_medium_basic_medium,instance_00002,undefined_repr_str,18.0
473,adventuregame,DAIR__qwen3.5-2b__sft-v1,new-words_home-delivery_medium_basic_medium,instance_00002,manipulating_room,0.0
474,adventuregame,DAIR__qwen3.5-2b__sft-v1,new-words_home-delivery_medium_basic_medium,instance_00002,undefined_argument_type,0.0
475,adventuregame,DAIR__qwen3.5-2b__sft-v1,new-words_home-delivery_medium_basic_medium,instance_00002,taking_from_inventory,0.0
476,adventuregame,DAIR__qwen3.5-2b__sft-v1,new-words_home-delivery_medium_basic_medium,instance_00002,other_room_argument,0.0
477,adventuregame,DAIR__qwen3.5-2b__sft-v1,new-words_home-delivery_medium_basic_medium,instance_00002,domain_trait_type_mismatch,1.0
478,adventuregame,DAIR__qwen3.5-2b__sft-v1,new-words_home-delivery_medium_basic_medium,instance_00002,domain_type_discrepancy,0.0
479,adventuregame,DAIR__qwen3.5-2b__sft-v1,new-words_home-delivery_medium_basic_medium,instance_00002,world_state_discrepancy,0.0
480,adventuregame,DAIR__qwen3.5-2b__sft-v1,new-words_home-delivery_medium_basic_medium,instance_00002,entity_not_accessible,0.0
481,adventuregame,DAIR__qwen3.5-2b__sft-v1,new-words_home-delivery_medium_basic_medium,instance_00002,entity_state_mismatch,19.0
482,adventuregame,DAIR__qwen3.5-2b__sft-v1,new-words_home-delivery_medium_basic_medium,instance_00002,entity_trait_mismatch,0.0
483,adventuregame,DAIR__qwen3.5-2b__sft-v1,new-words_home-delivery_medium_basic_medium,instance_00002,entity_already_inventory,0.0
484,adventuregame,DAIR__qwen3.5-2b__sft-v1,new-words_home-delivery_medium_basic_medium,instance_00002,going_to_current_room,0.0
485,adventuregame,DAIR__qwen3.5-2b__sft-v1,new-words_home-delivery_medium_basic_medium,instance_00002,no_exit_to,0.0
486,adventuregame,DAIR__qwen3.5-2b__sft-v1,new-words_home-delivery_medium_basic_medium,instance_00002,inventory_limit_exceeded,0.0
487,adventuregame,DAIR__qwen3.5-2b__sft-v1,new-words_home-delivery_medium_basic_medium,instance_00002,successful_actions,11.0
488,adventuregame,DAIR__qwen3.5-2b__sft-v1,new-words_home-delivery_medium_basic_medium,instance_00002,turn_limit_loss,1.0
489,adventuregame,DAIR__qwen3.5-2b__sft-v1,new-words_home-delivery_medium_basic_medium,instance_00002,turns_over_par,
490,adventuregame,DAIR__qwen3.5-2b__sft-v1,new-words_home-delivery_medium_basic_medium,instance_00002,turn_ratio,
491,adventuregame,DAIR__qwen3.5-2b__sft-v1,new-words_home-delivery_medium_basic_medium,instance_00002,finish_speed,
492,adventuregame,DAIR__qwen3.5-2b__sft-v1,new-words_home-delivery_medium_basic_medium,instance_00002,achieved_goal_ratio,0.0
493,adventuregame,DAIR__qwen3.5-2b__sft-v1,new-words_home-delivery_medium_basic_medium,instance_00002,Aborted,1.0
494,adventuregame,DAIR__qwen3.5-2b__sft-v1,new-words_home-delivery_medium_basic_medium,instance_00002,Success,0.0
495,adventuregame,DAIR__qwen3.5-2b__sft-v1,new-words_home-delivery_medium_basic_medium,instance_00002,Lose,0.0
496,adventuregame,DAIR__qwen3.5-2b__sft-v1,new-words_home-delivery_medium_basic_medium,instance_00002,Main Score,
497,adventuregame,DAIR__qwen3.5-2b__sft-v1,new-words_home-delivery_medium_basic_medium,instance_00002,plan_followed_ratio,0.0
498,adventuregame,DAIR__qwen3.5-2b__sft-v1,new-words_home-delivery_medium_basic_medium,instance_00002,plan_average_viability_ratio,0.0
499,adventuregame,DAIR__qwen3.5-2b__sft-v1,new-words_home-delivery_medium_basic_medium,instance_00002,bad_plan_follow_ratio,0.0
500,adventuregame,DAIR__qwen3.5-2b__sft-v1,new-words_home-delivery_medium_basic_medium,instance_00002,bad_plan_dismiss_ratio,1.0
501,adventuregame,DAIR__qwen3.5-2b__sft-v1,potion_brewing_basic_undefined,instance_00004,Violated Request Count,0.0
502,adventuregame,DAIR__qwen3.5-2b__sft-v1,potion_brewing_basic_undefined,instance_00004,Parsed Request Count,100.0
503,adventuregame,DAIR__qwen3.5-2b__sft-v1,potion_brewing_basic_undefined,instance_00004,Request Count,100.0
504,adventuregame,DAIR__qwen3.5-2b__sft-v1,potion_brewing_basic_undefined,instance_00004,Request Success Ratio,1.0
505,adventuregame,DAIR__qwen3.5-2b__sft-v1,potion_brewing_basic_undefined,instance_00004,hallucination_count,0.0
506,adventuregame,DAIR__qwen3.5-2b__sft-v1,potion_brewing_basic_undefined,instance_00004,action_parsing_fail,0.0
507,adventuregame,DAIR__qwen3.5-2b__sft-v1,potion_brewing_basic_undefined,instance_00004,action_resolution_fail,11.0
508,adventuregame,DAIR__qwen3.5-2b__sft-v1,potion_brewing_basic_undefined,instance_00004,lark_exception,0.0
509,adventuregame,DAIR__qwen3.5-2b__sft-v1,potion_brewing_basic_undefined,instance_00004,malformed_command,0.0
510,adventuregame,DAIR__qwen3.5-2b__sft-v1,potion_brewing_basic_undefined,instance_00004,undefined_action_verb,0.0
511,adventuregame,DAIR__qwen3.5-2b__sft-v1,potion_brewing_basic_undefined,instance_00004,undefined_action,0.0
512,adventuregame,DAIR__qwen3.5-2b__sft-v1,potion_brewing_basic_undefined,instance_00004,undefined_repr_str,0.0
513,adventuregame,DAIR__qwen3.5-2b__sft-v1,potion_brewing_basic_undefined,instance_00004,manipulating_room,0.0
514,adventuregame,DAIR__qwen3.5-2b__sft-v1,potion_brewing_basic_undefined,instance_00004,undefined_argument_type,0.0
515,adventuregame,DAIR__qwen3.5-2b__sft-v1,potion_brewing_basic_undefined,instance_00004,taking_from_inventory,0.0
516,adventuregame,DAIR__qwen3.5-2b__sft-v1,potion_brewing_basic_undefined,instance_00004,other_room_argument,0.0
517,adventuregame,DAIR__qwen3.5-2b__sft-v1,potion_brewing_basic_undefined,instance_00004,domain_trait_type_mismatch,0.0
518,adventuregame,DAIR__qwen3.5-2b__sft-v1,potion_brewing_basic_undefined,instance_00004,domain_type_discrepancy,0.0
519,adventuregame,DAIR__qwen3.5-2b__sft-v1,potion_brewing_basic_undefined,instance_00004,world_state_discrepancy,0.0
520,adventuregame,DAIR__qwen3.5-2b__sft-v1,potion_brewing_basic_undefined,instance_00004,entity_not_accessible,8.0
521,adventuregame,DAIR__qwen3.5-2b__sft-v1,potion_brewing_basic_undefined,instance_00004,entity_state_mismatch,0.0
522,adventuregame,DAIR__qwen3.5-2b__sft-v1,potion_brewing_basic_undefined,instance_00004,entity_trait_mismatch,0.0
523,adventuregame,DAIR__qwen3.5-2b__sft-v1,potion_brewing_basic_undefined,instance_00004,entity_already_inventory,0.0
524,adventuregame,DAIR__qwen3.5-2b__sft-v1,potion_brewing_basic_undefined,instance_00004,going_to_current_room,0.0
525,adventuregame,DAIR__qwen3.5-2b__sft-v1,potion_brewing_basic_undefined,instance_00004,no_exit_to,0.0
526,adventuregame,DAIR__qwen3.5-2b__sft-v1,potion_brewing_basic_undefined,instance_00004,inventory_limit_exceeded,3.0
527,adventuregame,DAIR__qwen3.5-2b__sft-v1,potion_brewing_basic_undefined,instance_00004,successful_actions,89.0
528,adventuregame,DAIR__qwen3.5-2b__sft-v1,potion_brewing_basic_undefined,instance_00004,turn_limit_loss,1.0
529,adventuregame,DAIR__qwen3.5-2b__sft-v1,potion_brewing_basic_undefined,instance_00004,turns_over_par,
530,adventuregame,DAIR__qwen3.5-2b__sft-v1,potion_brewing_basic_undefined,instance_00004,turn_ratio,
531,adventuregame,DAIR__qwen3.5-2b__sft-v1,potion_brewing_basic_undefined,instance_00004,finish_speed,
532,adventuregame,DAIR__qwen3.5-2b__sft-v1,potion_brewing_basic_undefined,instance_00004,achieved_goal_ratio,0.0
533,adventuregame,DAIR__qwen3.5-2b__sft-v1,potion_brewing_basic_undefined,instance_00004,Aborted,1.0
534,adventuregame,DAIR__qwen3.5-2b__sft-v1,potion_brewing_basic_undefined,instance_00004,Success,0.0
535,adventuregame,DAIR__qwen3.5-2b__sft-v1,potion_brewing_basic_undefined,instance_00004,Lose,0.0
536,adventuregame,DAIR__qwen3.5-2b__sft-v1,potion_brewing_basic_undefined,instance_00004,Main Score,
537,adventuregame,DAIR__qwen3.5-2b__sft-v1,potion_brewing_basic_undefined,instance_00004,plan_followed_ratio,0.0
538,adventuregame,DAIR__qwen3.5-2b__sft-v1,potion_brewing_basic_undefined,instance_00004,plan_average_viability_ratio,0.0
539,adventuregame,DAIR__qwen3.5-2b__sft-v1,potion_brewing_basic_undefined,instance_00004,bad_plan_follow_ratio,0.0
540,adventuregame,DAIR__qwen3.5-2b__sft-v1,potion_brewing_basic_undefined,instance_00004,bad_plan_dismiss_ratio,1.0
541,adventuregame,DAIR__qwen3.5-2b__sft-v1,new-words_home-delivery_easy_basic_easy,instance_00002,Violated Request Count,0.0
542,adventuregame,DAIR__qwen3.5-2b__sft-v1,new-words_home-delivery_easy_basic_easy,instance_00002,Parsed Request Count,35.0
543,adventuregame,DAIR__qwen3.5-2b__sft-v1,new-words_home-delivery_easy_basic_easy,instance_00002,Request Count,35.0
544,adventuregame,DAIR__qwen3.5-2b__sft-v1,new-words_home-delivery_easy_basic_easy,instance_00002,Request Success Ratio,1.0
545,adventuregame,DAIR__qwen3.5-2b__sft-v1,new-words_home-delivery_easy_basic_easy,instance_00002,hallucination_count,0.0
546,adventuregame,DAIR__qwen3.5-2b__sft-v1,new-words_home-delivery_easy_basic_easy,instance_00002,action_parsing_fail,0.0
547,adventuregame,DAIR__qwen3.5-2b__sft-v1,new-words_home-delivery_easy_basic_easy,instance_00002,action_resolution_fail,0.0
548,adventuregame,DAIR__qwen3.5-2b__sft-v1,new-words_home-delivery_easy_basic_easy,instance_00002,lark_exception,0.0
549,adventuregame,DAIR__qwen3.5-2b__sft-v1,new-words_home-delivery_easy_basic_easy,instance_00002,malformed_command,0.0
550,adventuregame,DAIR__qwen3.5-2b__sft-v1,new-words_home-delivery_easy_basic_easy,instance_00002,undefined_action_verb,0.0
551,adventuregame,DAIR__qwen3.5-2b__sft-v1,new-words_home-delivery_easy_basic_easy,instance_00002,undefined_action,0.0
552,adventuregame,DAIR__qwen3.5-2b__sft-v1,new-words_home-delivery_easy_basic_easy,instance_00002,undefined_repr_str,0.0
553,adventuregame,DAIR__qwen3.5-2b__sft-v1,new-words_home-delivery_easy_basic_easy,instance_00002,manipulating_room,0.0
554,adventuregame,DAIR__qwen3.5-2b__sft-v1,new-words_home-delivery_easy_basic_easy,instance_00002,undefined_argument_type,0.0
555,adventuregame,DAIR__qwen3.5-2b__sft-v1,new-words_home-delivery_easy_basic_easy,instance_00002,taking_from_inventory,0.0
556,adventuregame,DAIR__qwen3.5-2b__sft-v1,new-words_home-delivery_easy_basic_easy,instance_00002,other_room_argument,0.0
557,adventuregame,DAIR__qwen3.5-2b__sft-v1,new-words_home-delivery_easy_basic_easy,instance_00002,domain_trait_type_mismatch,0.0
558,adventuregame,DAIR__qwen3.5-2b__sft-v1,new-words_home-delivery_easy_basic_easy,instance_00002,domain_type_discrepancy,0.0
559,adventuregame,DAIR__qwen3.5-2b__sft-v1,new-words_home-delivery_easy_basic_easy,instance_00002,world_state_discrepancy,0.0
560,adventuregame,DAIR__qwen3.5-2b__sft-v1,new-words_home-delivery_easy_basic_easy,instance_00002,entity_not_accessible,0.0
561,adventuregame,DAIR__qwen3.5-2b__sft-v1,new-words_home-delivery_easy_basic_easy,instance_00002,entity_state_mismatch,0.0
562,adventuregame,DAIR__qwen3.5-2b__sft-v1,new-words_home-delivery_easy_basic_easy,instance_00002,entity_trait_mismatch,0.0
563,adventuregame,DAIR__qwen3.5-2b__sft-v1,new-words_home-delivery_easy_basic_easy,instance_00002,entity_already_inventory,0.0
564,adventuregame,DAIR__qwen3.5-2b__sft-v1,new-words_home-delivery_easy_basic_easy,instance_00002,going_to_current_room,0.0
565,adventuregame,DAIR__qwen3.5-2b__sft-v1,new-words_home-delivery_easy_basic_easy,instance_00002,no_exit_to,0.0
566,adventuregame,DAIR__qwen3.5-2b__sft-v1,new-words_home-delivery_easy_basic_easy,instance_00002,inventory_limit_exceeded,0.0
567,adventuregame,DAIR__qwen3.5-2b__sft-v1,new-words_home-delivery_easy_basic_easy,instance_00002,successful_actions,35.0
568,adventuregame,DAIR__qwen3.5-2b__sft-v1,new-words_home-delivery_easy_basic_easy,instance_00002,turn_limit_loss,0.0
569,adventuregame,DAIR__qwen3.5-2b__sft-v1,new-words_home-delivery_easy_basic_easy,instance_00002,turns_over_par,20.0
570,adventuregame,DAIR__qwen3.5-2b__sft-v1,new-words_home-delivery_easy_basic_easy,instance_00002,turn_ratio,0.4285714285714286
571,adventuregame,DAIR__qwen3.5-2b__sft-v1,new-words_home-delivery_easy_basic_easy,instance_00002,finish_speed,0.5714285714285714
572,adventuregame,DAIR__qwen3.5-2b__sft-v1,new-words_home-delivery_easy_basic_easy,instance_00002,achieved_goal_ratio,1.0
573,adventuregame,DAIR__qwen3.5-2b__sft-v1,new-words_home-delivery_easy_basic_easy,instance_00002,Aborted,0.0
574,adventuregame,DAIR__qwen3.5-2b__sft-v1,new-words_home-delivery_easy_basic_easy,instance_00002,Success,1.0
575,adventuregame,DAIR__qwen3.5-2b__sft-v1,new-words_home-delivery_easy_basic_easy,instance_00002,Lose,0.0
576,adventuregame,DAIR__qwen3.5-2b__sft-v1,new-words_home-delivery_easy_basic_easy,instance_00002,Main Score,100.0
577,adventuregame,DAIR__qwen3.5-2b__sft-v1,new-words_home-delivery_easy_basic_easy,instance_00002,plan_followed_ratio,0.0
578,adventuregame,DAIR__qwen3.5-2b__sft-v1,new-words_home-delivery_easy_basic_easy,instance_00002,plan_average_viability_ratio,0.0
579,adventuregame,DAIR__qwen3.5-2b__sft-v1,new-words_home-delivery_easy_basic_easy,instance_00002,bad_plan_follow_ratio,0.0
580,adventuregame,DAIR__qwen3.5-2b__sft-v1,new-words_home-delivery_easy_basic_easy,instance_00002,bad_plan_dismiss_ratio,1.0
581,adventuregame,DAIR__qwen3.5-2b__sft-v1,new-words_created_basic_hard,instance_00000,Violated Request Count,0.0
582,adventuregame,DAIR__qwen3.5-2b__sft-v1,new-words_created_basic_hard,instance_00000,Parsed Request Count,36.0
583,adventuregame,DAIR__qwen3.5-2b__sft-v1,new-words_created_basic_hard,instance_00000,Request Count,36.0
584,adventuregame,DAIR__qwen3.5-2b__sft-v1,new-words_created_basic_hard,instance_00000,Request Success Ratio,1.0
585,adventuregame,DAIR__qwen3.5-2b__sft-v1,new-words_created_basic_hard,instance_00000,hallucination_count,1.0
586,adventuregame,DAIR__qwen3.5-2b__sft-v1,new-words_created_basic_hard,instance_00000,action_parsing_fail,0.0
587,adventuregame,DAIR__qwen3.5-2b__sft-v1,new-words_created_basic_hard,instance_00000,action_resolution_fail,8.0
588,adventuregame,DAIR__qwen3.5-2b__sft-v1,new-words_created_basic_hard,instance_00000,lark_exception,0.0
589,adventuregame,DAIR__qwen3.5-2b__sft-v1,new-words_created_basic_hard,instance_00000,malformed_command,0.0
590,adventuregame,DAIR__qwen3.5-2b__sft-v1,new-words_created_basic_hard,instance_00000,undefined_action_verb,0.0
591,adventuregame,DAIR__qwen3.5-2b__sft-v1,new-words_created_basic_hard,instance_00000,undefined_action,0.0
592,adventuregame,DAIR__qwen3.5-2b__sft-v1,new-words_created_basic_hard,instance_00000,undefined_repr_str,0.0
593,adventuregame,DAIR__qwen3.5-2b__sft-v1,new-words_created_basic_hard,instance_00000,manipulating_room,0.0
594,adventuregame,DAIR__qwen3.5-2b__sft-v1,new-words_created_basic_hard,instance_00000,undefined_argument_type,0.0
595,adventuregame,DAIR__qwen3.5-2b__sft-v1,new-words_created_basic_hard,instance_00000,taking_from_inventory,0.0
596,adventuregame,DAIR__qwen3.5-2b__sft-v1,new-words_created_basic_hard,instance_00000,other_room_argument,0.0
597,adventuregame,DAIR__qwen3.5-2b__sft-v1,new-words_created_basic_hard,instance_00000,domain_trait_type_mismatch,0.0
598,adventuregame,DAIR__qwen3.5-2b__sft-v1,new-words_created_basic_hard,instance_00000,domain_type_discrepancy,0.0
599,adventuregame,DAIR__qwen3.5-2b__sft-v1,new-words_created_basic_hard,instance_00000,world_state_discrepancy,0.0
600,adventuregame,DAIR__qwen3.5-2b__sft-v1,new-words_created_basic_hard,instance_00000,entity_not_accessible,0.0
601,adventuregame,DAIR__qwen3.5-2b__sft-v1,new-words_created_basic_hard,instance_00000,entity_state_mismatch,8.0
602,adventuregame,DAIR__qwen3.5-2b__sft-v1,new-words_created_basic_hard,instance_00000,entity_trait_mismatch,0.0
603,adventuregame,DAIR__qwen3.5-2b__sft-v1,new-words_created_basic_hard,instance_00000,entity_already_inventory,0.0
604,adventuregame,DAIR__qwen3.5-2b__sft-v1,new-words_created_basic_hard,instance_00000,going_to_current_room,0.0
605,adventuregame,DAIR__qwen3.5-2b__sft-v1,new-words_created_basic_hard,instance_00000,no_exit_to,0.0
606,adventuregame,DAIR__qwen3.5-2b__sft-v1,new-words_created_basic_hard,instance_00000,inventory_limit_exceeded,0.0
607,adventuregame,DAIR__qwen3.5-2b__sft-v1,new-words_created_basic_hard,instance_00000,successful_actions,28.0
608,adventuregame,DAIR__qwen3.5-2b__sft-v1,new-words_created_basic_hard,instance_00000,turn_limit_loss,0.0
609,adventuregame,DAIR__qwen3.5-2b__sft-v1,new-words_created_basic_hard,instance_00000,turns_over_par,
610,adventuregame,DAIR__qwen3.5-2b__sft-v1,new-words_created_basic_hard,instance_00000,turn_ratio,
611,adventuregame,DAIR__qwen3.5-2b__sft-v1,new-words_created_basic_hard,instance_00000,finish_speed,
612,adventuregame,DAIR__qwen3.5-2b__sft-v1,new-words_created_basic_hard,instance_00000,achieved_goal_ratio,0.3333333333333333
613,adventuregame,DAIR__qwen3.5-2b__sft-v1,new-words_created_basic_hard,instance_00000,Aborted,0.0
614,adventuregame,DAIR__qwen3.5-2b__sft-v1,new-words_created_basic_hard,instance_00000,Success,0.0
615,adventuregame,DAIR__qwen3.5-2b__sft-v1,new-words_created_basic_hard,instance_00000,Lose,1.0
616,adventuregame,DAIR__qwen3.5-2b__sft-v1,new-words_created_basic_hard,instance_00000,Main Score,33.33333333333333
617,adventuregame,DAIR__qwen3.5-2b__sft-v1,new-words_created_basic_hard,instance_00000,plan_followed_ratio,0.0
618,adventuregame,DAIR__qwen3.5-2b__sft-v1,new-words_created_basic_hard,instance_00000,plan_average_viability_ratio,0.0
619,adventuregame,DAIR__qwen3.5-2b__sft-v1,new-words_created_basic_hard,instance_00000,bad_plan_follow_ratio,0.0
620,adventuregame,DAIR__qwen3.5-2b__sft-v1,new-words_created_basic_hard,instance_00000,bad_plan_dismiss_ratio,1.0
621,adventuregame,DAIR__qwen3.5-2b__sft-v1,home_deliver_three_basic_hard_invlimittwo,instance_00000,Violated Request Count,0.0
622,adventuregame,DAIR__qwen3.5-2b__sft-v1,home_deliver_three_basic_hard_invlimittwo,instance_00000,Parsed Request Count,27.0
623,adventuregame,DAIR__qwen3.5-2b__sft-v1,home_deliver_three_basic_hard_invlimittwo,instance_00000,Request Count,27.0
624,adventuregame,DAIR__qwen3.5-2b__sft-v1,home_deliver_three_basic_hard_invlimittwo,instance_00000,Request Success Ratio,1.0
625,adventuregame,DAIR__qwen3.5-2b__sft-v1,home_deliver_three_basic_hard_invlimittwo,instance_00000,hallucination_count,0.0
626,adventuregame,DAIR__qwen3.5-2b__sft-v1,home_deliver_three_basic_hard_invlimittwo,instance_00000,action_parsing_fail,0.0
627,adventuregame,DAIR__qwen3.5-2b__sft-v1,home_deliver_three_basic_hard_invlimittwo,instance_00000,action_resolution_fail,0.0
628,adventuregame,DAIR__qwen3.5-2b__sft-v1,home_deliver_three_basic_hard_invlimittwo,instance_00000,lark_exception,0.0
629,adventuregame,DAIR__qwen3.5-2b__sft-v1,home_deliver_three_basic_hard_invlimittwo,instance_00000,malformed_command,0.0
630,adventuregame,DAIR__qwen3.5-2b__sft-v1,home_deliver_three_basic_hard_invlimittwo,instance_00000,undefined_action_verb,0.0
631,adventuregame,DAIR__qwen3.5-2b__sft-v1,home_deliver_three_basic_hard_invlimittwo,instance_00000,undefined_action,0.0
632,adventuregame,DAIR__qwen3.5-2b__sft-v1,home_deliver_three_basic_hard_invlimittwo,instance_00000,undefined_repr_str,0.0
633,adventuregame,DAIR__qwen3.5-2b__sft-v1,home_deliver_three_basic_hard_invlimittwo,instance_00000,manipulating_room,0.0
634,adventuregame,DAIR__qwen3.5-2b__sft-v1,home_deliver_three_basic_hard_invlimittwo,instance_00000,undefined_argument_type,0.0
635,adventuregame,DAIR__qwen3.5-2b__sft-v1,home_deliver_three_basic_hard_invlimittwo,instance_00000,taking_from_inventory,0.0
636,adventuregame,DAIR__qwen3.5-2b__sft-v1,home_deliver_three_basic_hard_invlimittwo,instance_00000,other_room_argument,0.0
637,adventuregame,DAIR__qwen3.5-2b__sft-v1,home_deliver_three_basic_hard_invlimittwo,instance_00000,domain_trait_type_mismatch,0.0
638,adventuregame,DAIR__qwen3.5-2b__sft-v1,home_deliver_three_basic_hard_invlimittwo,instance_00000,domain_type_discrepancy,0.0
639,adventuregame,DAIR__qwen3.5-2b__sft-v1,home_deliver_three_basic_hard_invlimittwo,instance_00000,world_state_discrepancy,0.0
640,adventuregame,DAIR__qwen3.5-2b__sft-v1,home_deliver_three_basic_hard_invlimittwo,instance_00000,entity_not_accessible,0.0
641,adventuregame,DAIR__qwen3.5-2b__sft-v1,home_deliver_three_basic_hard_invlimittwo,instance_00000,entity_state_mismatch,0.0
642,adventuregame,DAIR__qwen3.5-2b__sft-v1,home_deliver_three_basic_hard_invlimittwo,instance_00000,entity_trait_mismatch,0.0
643,adventuregame,DAIR__qwen3.5-2b__sft-v1,home_deliver_three_basic_hard_invlimittwo,instance_00000,entity_already_inventory,0.0
644,adventuregame,DAIR__qwen3.5-2b__sft-v1,home_deliver_three_basic_hard_invlimittwo,instance_00000,going_to_current_room,0.0
645,adventuregame,DAIR__qwen3.5-2b__sft-v1,home_deliver_three_basic_hard_invlimittwo,instance_00000,no_exit_to,0.0
646,adventuregame,DAIR__qwen3.5-2b__sft-v1,home_deliver_three_basic_hard_invlimittwo,instance_00000,inventory_limit_exceeded,0.0
647,adventuregame,DAIR__qwen3.5-2b__sft-v1,home_deliver_three_basic_hard_invlimittwo,instance_00000,successful_actions,27.0
648,adventuregame,DAIR__qwen3.5-2b__sft-v1,home_deliver_three_basic_hard_invlimittwo,instance_00000,turn_limit_loss,0.0
649,adventuregame,DAIR__qwen3.5-2b__sft-v1,home_deliver_three_basic_hard_invlimittwo,instance_00000,turns_over_par,11.0
650,adventuregame,DAIR__qwen3.5-2b__sft-v1,home_deliver_three_basic_hard_invlimittwo,instance_00000,turn_ratio,0.6764705882352942
651,adventuregame,DAIR__qwen3.5-2b__sft-v1,home_deliver_three_basic_hard_invlimittwo,instance_00000,finish_speed,0.32352941176470584
652,adventuregame,DAIR__qwen3.5-2b__sft-v1,home_deliver_three_basic_hard_invlimittwo,instance_00000,achieved_goal_ratio,1.0
653,adventuregame,DAIR__qwen3.5-2b__sft-v1,home_deliver_three_basic_hard_invlimittwo,instance_00000,Aborted,0.0
654,adventuregame,DAIR__qwen3.5-2b__sft-v1,home_deliver_three_basic_hard_invlimittwo,instance_00000,Success,1.0
655,adventuregame,DAIR__qwen3.5-2b__sft-v1,home_deliver_three_basic_hard_invlimittwo,instance_00000,Lose,0.0
656,adventuregame,DAIR__qwen3.5-2b__sft-v1,home_deliver_three_basic_hard_invlimittwo,instance_00000,Main Score,100.0
657,adventuregame,DAIR__qwen3.5-2b__sft-v1,home_deliver_three_basic_hard_invlimittwo,instance_00000,plan_followed_ratio,0.0
658,adventuregame,DAIR__qwen3.5-2b__sft-v1,home_deliver_three_basic_hard_invlimittwo,instance_00000,plan_average_viability_ratio,0.0
659,adventuregame,DAIR__qwen3.5-2b__sft-v1,home_deliver_three_basic_hard_invlimittwo,instance_00000,bad_plan_follow_ratio,0.0
660,adventuregame,DAIR__qwen3.5-2b__sft-v1,home_deliver_three_basic_hard_invlimittwo,instance_00000,bad_plan_dismiss_ratio,1.0
661,textmapworld_specificroom,DAIR__qwen3.5-2b__sft-v1,on,instance_00000,Success,1.0
662,textmapworld_specificroom,DAIR__qwen3.5-2b__sft-v1,on,instance_00000,Aborted,0.0
663,textmapworld_specificroom,DAIR__qwen3.5-2b__sft-v1,on,instance_00000,Lose,0.0
664,textmapworld_specificroom,DAIR__qwen3.5-2b__sft-v1,on,instance_00000,moves,0.0
665,textmapworld_specificroom,DAIR__qwen3.5-2b__sft-v1,on,instance_00000,valid_moves,0.0
666,textmapworld_specificroom,DAIR__qwen3.5-2b__sft-v1,on,instance_00000,invalid_moves,0.0
667,textmapworld_specificroom,DAIR__qwen3.5-2b__sft-v1,on,instance_00000,stopped,1.0
668,textmapworld_specificroom,DAIR__qwen3.5-2b__sft-v1,on,instance_00000,turns_limit,0.0
669,textmapworld_specificroom,DAIR__qwen3.5-2b__sft-v1,on,instance_00000,loops,0.0
670,textmapworld_specificroom,DAIR__qwen3.5-2b__sft-v1,on,instance_00000,number_visited,1.0
671,textmapworld_specificroom,DAIR__qwen3.5-2b__sft-v1,on,instance_00000,seen,3.0
672,textmapworld_specificroom,DAIR__qwen3.5-2b__sft-v1,on,instance_00000,efficiency,0.0
673,textmapworld_specificroom,DAIR__qwen3.5-2b__sft-v1,on,instance_00000,exploration,12.5
674,textmapworld_specificroom,DAIR__qwen3.5-2b__sft-v1,on,instance_00000,old_benchscore,0.0
675,textmapworld_specificroom,DAIR__qwen3.5-2b__sft-v1,on,instance_00000,Main Score,100.0
676,textmapworld_specificroom,DAIR__qwen3.5-2b__sft-v1,far,instance_00027,Success,1.0
677,textmapworld_specificroom,DAIR__qwen3.5-2b__sft-v1,far,instance_00027,Aborted,0.0
678,textmapworld_specificroom,DAIR__qwen3.5-2b__sft-v1,far,instance_00027,Lose,0.0
679,textmapworld_specificroom,DAIR__qwen3.5-2b__sft-v1,far,instance_00027,moves,7.0
680,textmapworld_specificroom,DAIR__qwen3.5-2b__sft-v1,far,instance_00027,valid_moves,7.0
681,textmapworld_specificroom,DAIR__qwen3.5-2b__sft-v1,far,instance_00027,invalid_moves,0.0
682,textmapworld_specificroom,DAIR__qwen3.5-2b__sft-v1,far,instance_00027,stopped,1.0
683,textmapworld_specificroom,DAIR__qwen3.5-2b__sft-v1,far,instance_00027,turns_limit,0.0
684,textmapworld_specificroom,DAIR__qwen3.5-2b__sft-v1,far,instance_00027,loops,0.0
685,textmapworld_specificroom,DAIR__qwen3.5-2b__sft-v1,far,instance_00027,number_visited,6.0
686,textmapworld_specificroom,DAIR__qwen3.5-2b__sft-v1,far,instance_00027,seen,7.0
687,textmapworld_specificroom,DAIR__qwen3.5-2b__sft-v1,far,instance_00027,efficiency,100.0
688,textmapworld_specificroom,DAIR__qwen3.5-2b__sft-v1,far,instance_00027,exploration,75.0
689,textmapworld_specificroom,DAIR__qwen3.5-2b__sft-v1,far,instance_00027,old_benchscore,85.71428571428571
690,textmapworld_specificroom,DAIR__qwen3.5-2b__sft-v1,far,instance_00027,Main Score,100.0
691,textmapworld_specificroom,DAIR__qwen3.5-2b__sft-v1,close,instance_00017,Success,1.0
692,textmapworld_specificroom,DAIR__qwen3.5-2b__sft-v1,close,instance_00017,Aborted,0.0
693,textmapworld_specificroom,DAIR__qwen3.5-2b__sft-v1,close,instance_00017,Lose,0.0
694,textmapworld_specificroom,DAIR__qwen3.5-2b__sft-v1,close,instance_00017,moves,6.0
695,textmapworld_specificroom,DAIR__qwen3.5-2b__sft-v1,close,instance_00017,valid_moves,6.0
696,textmapworld_specificroom,DAIR__qwen3.5-2b__sft-v1,close,instance_00017,invalid_moves,0.0
697,textmapworld_specificroom,DAIR__qwen3.5-2b__sft-v1,close,instance_00017,stopped,1.0
698,textmapworld_specificroom,DAIR__qwen3.5-2b__sft-v1,close,instance_00017,turns_limit,0.0
699,textmapworld_specificroom,DAIR__qwen3.5-2b__sft-v1,close,instance_00017,loops,0.0
700,textmapworld_specificroom,DAIR__qwen3.5-2b__sft-v1,close,instance_00017,number_visited,5.0
701,textmapworld_specificroom,DAIR__qwen3.5-2b__sft-v1,close,instance_00017,seen,6.0
702,textmapworld_specificroom,DAIR__qwen3.5-2b__sft-v1,close,instance_00017,efficiency,100.0
703,textmapworld_specificroom,DAIR__qwen3.5-2b__sft-v1,close,instance_00017,exploration,62.5
704,textmapworld_specificroom,DAIR__qwen3.5-2b__sft-v1,close,instance_00017,old_benchscore,76.92307692307692
705,textmapworld_specificroom,DAIR__qwen3.5-2b__sft-v1,close,instance_00017,Main Score,100.0
706,imagegame,DAIR__qwen3.5-2b__sft-v1,random_grids,instance_00014,Precision,100.0
707,imagegame,DAIR__qwen3.5-2b__sft-v1,random_grids,instance_00014,Recall,100.0
708,imagegame,DAIR__qwen3.5-2b__sft-v1,random_grids,instance_00014,F1,100.0
709,imagegame,DAIR__qwen3.5-2b__sft-v1,random_grids,instance_00014,Main Score,100.0
710,imagegame,DAIR__qwen3.5-2b__sft-v1,random_grids,instance_00014,Average Changed Cell Count,1.6667
711,imagegame,DAIR__qwen3.5-2b__sft-v1,random_grids,instance_00014,Average Generated Instruction Length,67.6667
712,imagegame,DAIR__qwen3.5-2b__sft-v1,random_grids,instance_00014,Average Generated Expression Number of Tokens,14.3333
713,imagegame,DAIR__qwen3.5-2b__sft-v1,random_grids,instance_00014,Success,1.0
714,imagegame,DAIR__qwen3.5-2b__sft-v1,random_grids,instance_00014,Lose,0.0
715,imagegame,DAIR__qwen3.5-2b__sft-v1,random_grids,instance_00014,Aborted,0.0
716,imagegame,DAIR__qwen3.5-2b__sft-v1,random_grids,instance_00014,Request Count,20.0
717,imagegame,DAIR__qwen3.5-2b__sft-v1,random_grids,instance_00014,Violated Request Count,0.0
718,imagegame,DAIR__qwen3.5-2b__sft-v1,random_grids,instance_00014,Parsed Request Count,20.0
719,imagegame,DAIR__qwen3.5-2b__sft-v1,random_grids,instance_00014,Request Success Ratio,1.0
720,imagegame,DAIR__qwen3.5-2b__sft-v1,random_grids,instance_00016,Precision,89.0
721,imagegame,DAIR__qwen3.5-2b__sft-v1,random_grids,instance_00016,Recall,100.0
722,imagegame,DAIR__qwen3.5-2b__sft-v1,random_grids,instance_00016,F1,94.0
723,imagegame,DAIR__qwen3.5-2b__sft-v1,random_grids,instance_00016,Main Score,94.0
724,imagegame,DAIR__qwen3.5-2b__sft-v1,random_grids,instance_00016,Average Changed Cell Count,2.25
725,imagegame,DAIR__qwen3.5-2b__sft-v1,random_grids,instance_00016,Average Generated Instruction Length,41.75
726,imagegame,DAIR__qwen3.5-2b__sft-v1,random_grids,instance_00016,Average Generated Expression Number of Tokens,8.25
727,imagegame,DAIR__qwen3.5-2b__sft-v1,random_grids,instance_00016,Success,0.0
728,imagegame,DAIR__qwen3.5-2b__sft-v1,random_grids,instance_00016,Lose,1.0
729,imagegame,DAIR__qwen3.5-2b__sft-v1,random_grids,instance_00016,Aborted,0.0
730,imagegame,DAIR__qwen3.5-2b__sft-v1,random_grids,instance_00016,Request Count,26.0
731,imagegame,DAIR__qwen3.5-2b__sft-v1,random_grids,instance_00016,Violated Request Count,0.0
732,imagegame,DAIR__qwen3.5-2b__sft-v1,random_grids,instance_00016,Parsed Request Count,26.0
733,imagegame,DAIR__qwen3.5-2b__sft-v1,random_grids,instance_00016,Request Success Ratio,1.0
734,imagegame,DAIR__qwen3.5-2b__sft-v1,compact_grids,instance_00019,Precision,75.0
735,imagegame,DAIR__qwen3.5-2b__sft-v1,compact_grids,instance_00019,Recall,100.0
736,imagegame,DAIR__qwen3.5-2b__sft-v1,compact_grids,instance_00019,F1,86.0
737,imagegame,DAIR__qwen3.5-2b__sft-v1,compact_grids,instance_00019,Main Score,86.0
738,imagegame,DAIR__qwen3.5-2b__sft-v1,compact_grids,instance_00019,Average Changed Cell Count,2.2222
739,imagegame,DAIR__qwen3.5-2b__sft-v1,compact_grids,instance_00019,Average Generated Instruction Length,39.4444
740,imagegame,DAIR__qwen3.5-2b__sft-v1,compact_grids,instance_00019,Average Generated Expression Number of Tokens,7.8889
741,imagegame,DAIR__qwen3.5-2b__sft-v1,compact_grids,instance_00019,Success,0.0
742,imagegame,DAIR__qwen3.5-2b__sft-v1,compact_grids,instance_00019,Lose,1.0
743,imagegame,DAIR__qwen3.5-2b__sft-v1,compact_grids,instance_00019,Aborted,0.0
744,imagegame,DAIR__qwen3.5-2b__sft-v1,compact_grids,instance_00019,Request Count,56.0
745,imagegame,DAIR__qwen3.5-2b__sft-v1,compact_grids,instance_00019,Violated Request Count,0.0
746,imagegame,DAIR__qwen3.5-2b__sft-v1,compact_grids,instance_00019,Parsed Request Count,56.0
747,imagegame,DAIR__qwen3.5-2b__sft-v1,compact_grids,instance_00019,Request Success Ratio,1.0
748,imagegame,DAIR__qwen3.5-2b__sft-v1,compact_grids,instance_00002,Precision,100.0
749,imagegame,DAIR__qwen3.5-2b__sft-v1,compact_grids,instance_00002,Recall,100.0
750,imagegame,DAIR__qwen3.5-2b__sft-v1,compact_grids,instance_00002,F1,100.0
751,imagegame,DAIR__qwen3.5-2b__sft-v1,compact_grids,instance_00002,Main Score,100.0
752,imagegame,DAIR__qwen3.5-2b__sft-v1,compact_grids,instance_00002,Average Changed Cell Count,6.5
753,imagegame,DAIR__qwen3.5-2b__sft-v1,compact_grids,instance_00002,Average Generated Instruction Length,86.0
754,imagegame,DAIR__qwen3.5-2b__sft-v1,compact_grids,instance_00002,Average Generated Expression Number of Tokens,16.0
755,imagegame,DAIR__qwen3.5-2b__sft-v1,compact_grids,instance_00002,Success,1.0
756,imagegame,DAIR__qwen3.5-2b__sft-v1,compact_grids,instance_00002,Lose,0.0
757,imagegame,DAIR__qwen3.5-2b__sft-v1,compact_grids,instance_00002,Aborted,0.0
758,imagegame,DAIR__qwen3.5-2b__sft-v1,compact_grids,instance_00002,Request Count,14.0
759,imagegame,DAIR__qwen3.5-2b__sft-v1,compact_grids,instance_00002,Violated Request Count,0.0
760,imagegame,DAIR__qwen3.5-2b__sft-v1,compact_grids,instance_00002,Parsed Request Count,14.0
761,imagegame,DAIR__qwen3.5-2b__sft-v1,compact_grids,instance_00002,Request Success Ratio,1.0
762,textmapworld_graphreasoning,DAIR__qwen3.5-2b__sft-v1,small,instance_00009,Success,1.0
763,textmapworld_graphreasoning,DAIR__qwen3.5-2b__sft-v1,small,instance_00009,Aborted,0.0
764,textmapworld_graphreasoning,DAIR__qwen3.5-2b__sft-v1,small,instance_00009,Lose,0.0
765,textmapworld_graphreasoning,DAIR__qwen3.5-2b__sft-v1,small,instance_00009,moves,8.0
766,textmapworld_graphreasoning,DAIR__qwen3.5-2b__sft-v1,small,instance_00009,valid_moves,8.0
767,textmapworld_graphreasoning,DAIR__qwen3.5-2b__sft-v1,small,instance_00009,invalid_moves,0.0
768,textmapworld_graphreasoning,DAIR__qwen3.5-2b__sft-v1,small,instance_00009,stopped,1.0
769,textmapworld_graphreasoning,DAIR__qwen3.5-2b__sft-v1,small,instance_00009,turns_limit,0.0
770,textmapworld_graphreasoning,DAIR__qwen3.5-2b__sft-v1,small,instance_00009,loops,0.0
771,textmapworld_graphreasoning,DAIR__qwen3.5-2b__sft-v1,small,instance_00009,number_visited,4.0
772,textmapworld_graphreasoning,DAIR__qwen3.5-2b__sft-v1,small,instance_00009,seen,4.0
773,textmapworld_graphreasoning,DAIR__qwen3.5-2b__sft-v1,small,instance_00009,efficiency,50.0
774,textmapworld_graphreasoning,DAIR__qwen3.5-2b__sft-v1,small,instance_00009,exploration,100.0
775,textmapworld_graphreasoning,DAIR__qwen3.5-2b__sft-v1,small,instance_00009,graph_similarity,100.0
776,textmapworld_graphreasoning,DAIR__qwen3.5-2b__sft-v1,small,instance_00009,Main Score,66.66666666666667
777,textmapworld_graphreasoning,DAIR__qwen3.5-2b__sft-v1,large,instance_00028,Success,1.0
778,textmapworld_graphreasoning,DAIR__qwen3.5-2b__sft-v1,large,instance_00028,Aborted,0.0
779,textmapworld_graphreasoning,DAIR__qwen3.5-2b__sft-v1,large,instance_00028,Lose,0.0
780,textmapworld_graphreasoning,DAIR__qwen3.5-2b__sft-v1,large,instance_00028,moves,14.0
781,textmapworld_graphreasoning,DAIR__qwen3.5-2b__sft-v1,large,instance_00028,valid_moves,14.0
782,textmapworld_graphreasoning,DAIR__qwen3.5-2b__sft-v1,large,instance_00028,invalid_moves,0.0
783,textmapworld_graphreasoning,DAIR__qwen3.5-2b__sft-v1,large,instance_00028,stopped,1.0
784,textmapworld_graphreasoning,DAIR__qwen3.5-2b__sft-v1,large,instance_00028,turns_limit,0.0
785,textmapworld_graphreasoning,DAIR__qwen3.5-2b__sft-v1,large,instance_00028,loops,0.0
786,textmapworld_graphreasoning,DAIR__qwen3.5-2b__sft-v1,large,instance_00028,number_visited,8.0
787,textmapworld_graphreasoning,DAIR__qwen3.5-2b__sft-v1,large,instance_00028,seen,8.0
788,textmapworld_graphreasoning,DAIR__qwen3.5-2b__sft-v1,large,instance_00028,efficiency,71.42857142857143
789,textmapworld_graphreasoning,DAIR__qwen3.5-2b__sft-v1,large,instance_00028,exploration,100.0
790,textmapworld_graphreasoning,DAIR__qwen3.5-2b__sft-v1,large,instance_00028,graph_similarity,100.0
791,textmapworld_graphreasoning,DAIR__qwen3.5-2b__sft-v1,large,instance_00028,Main Score,83.33333333333333
792,textmapworld_graphreasoning,DAIR__qwen3.5-2b__sft-v1,medium,instance_00010,Success,1.0
793,textmapworld_graphreasoning,DAIR__qwen3.5-2b__sft-v1,medium,instance_00010,Aborted,0.0
794,textmapworld_graphreasoning,DAIR__qwen3.5-2b__sft-v1,medium,instance_00010,Lose,0.0
795,textmapworld_graphreasoning,DAIR__qwen3.5-2b__sft-v1,medium,instance_00010,moves,11.0
796,textmapworld_graphreasoning,DAIR__qwen3.5-2b__sft-v1,medium,instance_00010,valid_moves,11.0
797,textmapworld_graphreasoning,DAIR__qwen3.5-2b__sft-v1,medium,instance_00010,invalid_moves,0.0
798,textmapworld_graphreasoning,DAIR__qwen3.5-2b__sft-v1,medium,instance_00010,stopped,1.0
799,textmapworld_graphreasoning,DAIR__qwen3.5-2b__sft-v1,medium,instance_00010,turns_limit,0.0
800,textmapworld_graphreasoning,DAIR__qwen3.5-2b__sft-v1,medium,instance_00010,loops,0.0
801,textmapworld_graphreasoning,DAIR__qwen3.5-2b__sft-v1,medium,instance_00010,number_visited,6.0
802,textmapworld_graphreasoning,DAIR__qwen3.5-2b__sft-v1,medium,instance_00010,seen,6.0
803,textmapworld_graphreasoning,DAIR__qwen3.5-2b__sft-v1,medium,instance_00010,efficiency,54.54545454545454
804,textmapworld_graphreasoning,DAIR__qwen3.5-2b__sft-v1,medium,instance_00010,exploration,100.0
805,textmapworld_graphreasoning,DAIR__qwen3.5-2b__sft-v1,medium,instance_00010,graph_similarity,75.50813375962908
806,textmapworld_graphreasoning,DAIR__qwen3.5-2b__sft-v1,medium,instance_00010,Main Score,70.58823529411765
807,codenames,DAIR__qwen3.5-2b__sft-v1,association_difficult,instance_00000,experiment variable,Word Assignments
808,codenames,DAIR__qwen3.5-2b__sft-v1,association_difficult,instance_00000,experiment name,association_difficult
809,codenames,DAIR__qwen3.5-2b__sft-v1,association_difficult,instance_00000,Cluegiver strip words,0
810,codenames,DAIR__qwen3.5-2b__sft-v1,association_difficult,instance_00000,Guesser strip words,0
811,codenames,DAIR__qwen3.5-2b__sft-v1,association_difficult,instance_00000,Average Cluegiver Number of Targets,2.333
812,codenames,DAIR__qwen3.5-2b__sft-v1,association_difficult,instance_00000,Average Cluegiver Team Precision,0.667
813,codenames,DAIR__qwen3.5-2b__sft-v1,association_difficult,instance_00000,Average Cluegiver Team Recall,0.333
814,codenames,DAIR__qwen3.5-2b__sft-v1,association_difficult,instance_00000,Average Cluegiver Team F1,0.433
815,codenames,DAIR__qwen3.5-2b__sft-v1,association_difficult,instance_00000,Average Guesser Number of Guesses,2.333
816,codenames,DAIR__qwen3.5-2b__sft-v1,association_difficult,instance_00000,Average Guesser Number of Revealed Words,1.667
817,codenames,DAIR__qwen3.5-2b__sft-v1,association_difficult,instance_00000,Average Guesser Number of Unrevealed Guesses,0.667
818,codenames,DAIR__qwen3.5-2b__sft-v1,association_difficult,instance_00000,Average Guesser Target Precision,0.389
819,codenames,DAIR__qwen3.5-2b__sft-v1,association_difficult,instance_00000,Average Guesser Target Recall,0.306
820,codenames,DAIR__qwen3.5-2b__sft-v1,association_difficult,instance_00000,Average Guesser Target F1,0.333
821,codenames,DAIR__qwen3.5-2b__sft-v1,association_difficult,instance_00000,Average Guesser Team Precision,0.5
822,codenames,DAIR__qwen3.5-2b__sft-v1,association_difficult,instance_00000,Average Guesser Team Recall,0.167
823,codenames,DAIR__qwen3.5-2b__sft-v1,association_difficult,instance_00000,Average Guesser Team F1,0.25
824,codenames,DAIR__qwen3.5-2b__sft-v1,association_difficult,instance_00000,Aborted,1
825,codenames,DAIR__qwen3.5-2b__sft-v1,association_difficult,instance_00000,Lose,0
826,codenames,DAIR__qwen3.5-2b__sft-v1,association_difficult,instance_00000,Success,0
827,codenames,DAIR__qwen3.5-2b__sft-v1,association_difficult,instance_00000,Game ended through assassin,0
828,codenames,DAIR__qwen3.5-2b__sft-v1,association_difficult,instance_00000,Episode Recall,0.444
829,codenames,DAIR__qwen3.5-2b__sft-v1,association_difficult,instance_00000,Episode Negative Recall,0.938
830,codenames,DAIR__qwen3.5-2b__sft-v1,association_difficult,instance_00000,Number of turns,3
831,codenames,DAIR__qwen3.5-2b__sft-v1,association_difficult,instance_00000,Efficiency,1
832,codenames,DAIR__qwen3.5-2b__sft-v1,association_difficult,instance_00000,Request Count,5
833,codenames,DAIR__qwen3.5-2b__sft-v1,association_difficult,instance_00000,Parsed Request Count,4
834,codenames,DAIR__qwen3.5-2b__sft-v1,association_difficult,instance_00000,Violated Request Count,1
835,codenames,DAIR__qwen3.5-2b__sft-v1,association_difficult,instance_00000,Request Success Ratio,0.8
836,codenames,DAIR__qwen3.5-2b__sft-v1,association_difficult,instance_00000,Main Score,
837,codenames,DAIR__qwen3.5-2b__sft-v1,risk_low,instance_00008,experiment variable,Risk
838,codenames,DAIR__qwen3.5-2b__sft-v1,risk_low,instance_00008,experiment name,risk_low
839,codenames,DAIR__qwen3.5-2b__sft-v1,risk_low,instance_00008,Cluegiver strip words,0
840,codenames,DAIR__qwen3.5-2b__sft-v1,risk_low,instance_00008,Guesser strip words,0
841,codenames,DAIR__qwen3.5-2b__sft-v1,risk_low,instance_00008,Average Cluegiver Number of Targets,1.833
842,codenames,DAIR__qwen3.5-2b__sft-v1,risk_low,instance_00008,Average Cluegiver Team Precision,1.0
843,codenames,DAIR__qwen3.5-2b__sft-v1,risk_low,instance_00008,Average Cluegiver Team Recall,0.364
844,codenames,DAIR__qwen3.5-2b__sft-v1,risk_low,instance_00008,Average Cluegiver Team F1,0.53
845,codenames,DAIR__qwen3.5-2b__sft-v1,risk_low,instance_00008,Average Guesser Number of Guesses,1.667
846,codenames,DAIR__qwen3.5-2b__sft-v1,risk_low,instance_00008,Average Guesser Number of Revealed Words,1.667
847,codenames,DAIR__qwen3.5-2b__sft-v1,risk_low,instance_00008,Average Guesser Number of Unrevealed Guesses,0
848,codenames,DAIR__qwen3.5-2b__sft-v1,risk_low,instance_00008,Average Guesser Target Precision,0.528
849,codenames,DAIR__qwen3.5-2b__sft-v1,risk_low,instance_00008,Average Guesser Target Recall,0.528
850,codenames,DAIR__qwen3.5-2b__sft-v1,risk_low,instance_00008,Average Guesser Target F1,0.528
851,codenames,DAIR__qwen3.5-2b__sft-v1,risk_low,instance_00008,Average Guesser Team Precision,0.611
852,codenames,DAIR__qwen3.5-2b__sft-v1,risk_low,instance_00008,Average Guesser Team Recall,0.211
853,codenames,DAIR__qwen3.5-2b__sft-v1,risk_low,instance_00008,Average Guesser Team F1,0.313
854,codenames,DAIR__qwen3.5-2b__sft-v1,risk_low,instance_00008,Aborted,0
855,codenames,DAIR__qwen3.5-2b__sft-v1,risk_low,instance_00008,Lose,1
856,codenames,DAIR__qwen3.5-2b__sft-v1,risk_low,instance_00008,Success,0
857,codenames,DAIR__qwen3.5-2b__sft-v1,risk_low,instance_00008,Game ended through assassin,0
858,codenames,DAIR__qwen3.5-2b__sft-v1,risk_low,instance_00008,Episode Recall,0.778
859,codenames,DAIR__qwen3.5-2b__sft-v1,risk_low,instance_00008,Episode Negative Recall,0.812
860,codenames,DAIR__qwen3.5-2b__sft-v1,risk_low,instance_00008,Number of turns,6
861,codenames,DAIR__qwen3.5-2b__sft-v1,risk_low,instance_00008,Efficiency,0.833
862,codenames,DAIR__qwen3.5-2b__sft-v1,risk_low,instance_00008,Request Count,11
863,codenames,DAIR__qwen3.5-2b__sft-v1,risk_low,instance_00008,Parsed Request Count,11
864,codenames,DAIR__qwen3.5-2b__sft-v1,risk_low,instance_00008,Violated Request Count,0
865,codenames,DAIR__qwen3.5-2b__sft-v1,risk_low,instance_00008,Request Success Ratio,1.0
866,codenames,DAIR__qwen3.5-2b__sft-v1,risk_low,instance_00008,Main Score,0
867,codenames,DAIR__qwen3.5-2b__sft-v1,ambiguous,instance_00001,experiment variable,Word Ambiguity
868,codenames,DAIR__qwen3.5-2b__sft-v1,ambiguous,instance_00001,experiment name,ambiguous
869,codenames,DAIR__qwen3.5-2b__sft-v1,ambiguous,instance_00001,Cluegiver strip words,0
870,codenames,DAIR__qwen3.5-2b__sft-v1,ambiguous,instance_00001,Guesser strip words,0
871,codenames,DAIR__qwen3.5-2b__sft-v1,ambiguous,instance_00001,Average Cluegiver Number of Targets,1.714
872,codenames,DAIR__qwen3.5-2b__sft-v1,ambiguous,instance_00001,Average Cluegiver Team Precision,1.0
873,codenames,DAIR__qwen3.5-2b__sft-v1,ambiguous,instance_00001,Average Cluegiver Team Recall,0.45
874,codenames,DAIR__qwen3.5-2b__sft-v1,ambiguous,instance_00001,Average Cluegiver Team F1,0.591
875,codenames,DAIR__qwen3.5-2b__sft-v1,ambiguous,instance_00001,Average Guesser Number of Guesses,1.571
876,codenames,DAIR__qwen3.5-2b__sft-v1,ambiguous,instance_00001,Average Guesser Number of Revealed Words,1.429
877,codenames,DAIR__qwen3.5-2b__sft-v1,ambiguous,instance_00001,Average Guesser Number of Unrevealed Guesses,0.143
878,codenames,DAIR__qwen3.5-2b__sft-v1,ambiguous,instance_00001,Average Guesser Target Precision,0.714
879,codenames,DAIR__qwen3.5-2b__sft-v1,ambiguous,instance_00001,Average Guesser Target Recall,0.69
880,codenames,DAIR__qwen3.5-2b__sft-v1,ambiguous,instance_00001,Average Guesser Target F1,0.7
881,codenames,DAIR__qwen3.5-2b__sft-v1,ambiguous,instance_00001,Average Guesser Team Precision,0.714
882,codenames,DAIR__qwen3.5-2b__sft-v1,ambiguous,instance_00001,Average Guesser Team Recall,0.252
883,codenames,DAIR__qwen3.5-2b__sft-v1,ambiguous,instance_00001,Average Guesser Team F1,0.367
884,codenames,DAIR__qwen3.5-2b__sft-v1,ambiguous,instance_00001,Aborted,0
885,codenames,DAIR__qwen3.5-2b__sft-v1,ambiguous,instance_00001,Lose,1
886,codenames,DAIR__qwen3.5-2b__sft-v1,ambiguous,instance_00001,Success,0
887,codenames,DAIR__qwen3.5-2b__sft-v1,ambiguous,instance_00001,Game ended through assassin,0
888,codenames,DAIR__qwen3.5-2b__sft-v1,ambiguous,instance_00001,Episode Recall,0.889
889,codenames,DAIR__qwen3.5-2b__sft-v1,ambiguous,instance_00001,Episode Negative Recall,0.875
890,codenames,DAIR__qwen3.5-2b__sft-v1,ambiguous,instance_00001,Number of turns,7
891,codenames,DAIR__qwen3.5-2b__sft-v1,ambiguous,instance_00001,Efficiency,0.786
892,codenames,DAIR__qwen3.5-2b__sft-v1,ambiguous,instance_00001,Request Count,13
893,codenames,DAIR__qwen3.5-2b__sft-v1,ambiguous,instance_00001,Parsed Request Count,13
894,codenames,DAIR__qwen3.5-2b__sft-v1,ambiguous,instance_00001,Violated Request Count,0
895,codenames,DAIR__qwen3.5-2b__sft-v1,ambiguous,instance_00001,Request Success Ratio,1.0
896,codenames,DAIR__qwen3.5-2b__sft-v1,ambiguous,instance_00001,Main Score,0
897,codenames,DAIR__qwen3.5-2b__sft-v1,opponent_difficult,instance_00007,experiment variable,Opponent Difficulty
898,codenames,DAIR__qwen3.5-2b__sft-v1,opponent_difficult,instance_00007,experiment name,opponent_difficult
899,codenames,DAIR__qwen3.5-2b__sft-v1,opponent_difficult,instance_00007,Cluegiver strip words,0
900,codenames,DAIR__qwen3.5-2b__sft-v1,opponent_difficult,instance_00007,Guesser strip words,0
901,codenames,DAIR__qwen3.5-2b__sft-v1,opponent_difficult,instance_00007,Average Cluegiver Number of Targets,2
902,codenames,DAIR__qwen3.5-2b__sft-v1,opponent_difficult,instance_00007,Average Cluegiver Team Precision,0.75
903,codenames,DAIR__qwen3.5-2b__sft-v1,opponent_difficult,instance_00007,Average Cluegiver Team Recall,0.277
904,codenames,DAIR__qwen3.5-2b__sft-v1,opponent_difficult,instance_00007,Average Cluegiver Team F1,0.404
905,codenames,DAIR__qwen3.5-2b__sft-v1,opponent_difficult,instance_00007,Average Guesser Number of Guesses,2
906,codenames,DAIR__qwen3.5-2b__sft-v1,opponent_difficult,instance_00007,Average Guesser Number of Revealed Words,1.5
907,codenames,DAIR__qwen3.5-2b__sft-v1,opponent_difficult,instance_00007,Average Guesser Number of Unrevealed Guesses,0.5
908,codenames,DAIR__qwen3.5-2b__sft-v1,opponent_difficult,instance_00007,Average Guesser Target Precision,0.375
909,codenames,DAIR__qwen3.5-2b__sft-v1,opponent_difficult,instance_00007,Average Guesser Target Recall,0.333
910,codenames,DAIR__qwen3.5-2b__sft-v1,opponent_difficult,instance_00007,Average Guesser Target F1,0.35
911,codenames,DAIR__qwen3.5-2b__sft-v1,opponent_difficult,instance_00007,Average Guesser Team Precision,0.375
912,codenames,DAIR__qwen3.5-2b__sft-v1,opponent_difficult,instance_00007,Average Guesser Team Recall,0.121
913,codenames,DAIR__qwen3.5-2b__sft-v1,opponent_difficult,instance_00007,Average Guesser Team F1,0.182
914,codenames,DAIR__qwen3.5-2b__sft-v1,opponent_difficult,instance_00007,Aborted,1
915,codenames,DAIR__qwen3.5-2b__sft-v1,opponent_difficult,instance_00007,Lose,0
916,codenames,DAIR__qwen3.5-2b__sft-v1,opponent_difficult,instance_00007,Success,0
917,codenames,DAIR__qwen3.5-2b__sft-v1,opponent_difficult,instance_00007,Game ended through assassin,0
918,codenames,DAIR__qwen3.5-2b__sft-v1,opponent_difficult,instance_00007,Episode Recall,0.444
919,codenames,DAIR__qwen3.5-2b__sft-v1,opponent_difficult,instance_00007,Episode Negative Recall,0.875
920,codenames,DAIR__qwen3.5-2b__sft-v1,opponent_difficult,instance_00007,Number of turns,4
921,codenames,DAIR__qwen3.5-2b__sft-v1,opponent_difficult,instance_00007,Efficiency,1.0
922,codenames,DAIR__qwen3.5-2b__sft-v1,opponent_difficult,instance_00007,Request Count,7
923,codenames,DAIR__qwen3.5-2b__sft-v1,opponent_difficult,instance_00007,Parsed Request Count,6
924,codenames,DAIR__qwen3.5-2b__sft-v1,opponent_difficult,instance_00007,Violated Request Count,1
925,codenames,DAIR__qwen3.5-2b__sft-v1,opponent_difficult,instance_00007,Request Success Ratio,0.857
926,codenames,DAIR__qwen3.5-2b__sft-v1,opponent_difficult,instance_00007,Main Score,
927,codenames,DAIR__qwen3.5-2b__sft-v1,risk_high,instance_00009,experiment variable,Risk
928,codenames,DAIR__qwen3.5-2b__sft-v1,risk_high,instance_00009,experiment name,risk_high
929,codenames,DAIR__qwen3.5-2b__sft-v1,risk_high,instance_00009,Cluegiver strip words,0
930,codenames,DAIR__qwen3.5-2b__sft-v1,risk_high,instance_00009,Guesser strip words,0
931,codenames,DAIR__qwen3.5-2b__sft-v1,risk_high,instance_00009,Average Cluegiver Number of Targets,2
932,codenames,DAIR__qwen3.5-2b__sft-v1,risk_high,instance_00009,Average Cluegiver Team Precision,1.0
933,codenames,DAIR__qwen3.5-2b__sft-v1,risk_high,instance_00009,Average Cluegiver Team Recall,0.303
934,codenames,DAIR__qwen3.5-2b__sft-v1,risk_high,instance_00009,Average Cluegiver Team F1,0.46
935,codenames,DAIR__qwen3.5-2b__sft-v1,risk_high,instance_00009,Average Guesser Number of Guesses,2
936,codenames,DAIR__qwen3.5-2b__sft-v1,risk_high,instance_00009,Average Guesser Number of Revealed Words,1.667
937,codenames,DAIR__qwen3.5-2b__sft-v1,risk_high,instance_00009,Average Guesser Number of Unrevealed Guesses,0.333
938,codenames,DAIR__qwen3.5-2b__sft-v1,risk_high,instance_00009,Average Guesser Target Precision,0.667
939,codenames,DAIR__qwen3.5-2b__sft-v1,risk_high,instance_00009,Average Guesser Target Recall,0.667
940,codenames,DAIR__qwen3.5-2b__sft-v1,risk_high,instance_00009,Average Guesser Target F1,0.667
941,codenames,DAIR__qwen3.5-2b__sft-v1,risk_high,instance_00009,Average Guesser Team Precision,0.667
942,codenames,DAIR__qwen3.5-2b__sft-v1,risk_high,instance_00009,Average Guesser Team Recall,0.169
943,codenames,DAIR__qwen3.5-2b__sft-v1,risk_high,instance_00009,Average Guesser Team F1,0.269
944,codenames,DAIR__qwen3.5-2b__sft-v1,risk_high,instance_00009,Aborted,0
945,codenames,DAIR__qwen3.5-2b__sft-v1,risk_high,instance_00009,Lose,1
946,codenames,DAIR__qwen3.5-2b__sft-v1,risk_high,instance_00009,Success,0
947,codenames,DAIR__qwen3.5-2b__sft-v1,risk_high,instance_00009,Game ended through assassin,1
948,codenames,DAIR__qwen3.5-2b__sft-v1,risk_high,instance_00009,Episode Recall,0.444
949,codenames,DAIR__qwen3.5-2b__sft-v1,risk_high,instance_00009,Episode Negative Recall,0.938
950,codenames,DAIR__qwen3.5-2b__sft-v1,risk_high,instance_00009,Number of turns,4
951,codenames,DAIR__qwen3.5-2b__sft-v1,risk_high,instance_00009,Efficiency,0.75
952,codenames,DAIR__qwen3.5-2b__sft-v1,risk_high,instance_00009,Request Count,6
953,codenames,DAIR__qwen3.5-2b__sft-v1,risk_high,instance_00009,Parsed Request Count,6
954,codenames,DAIR__qwen3.5-2b__sft-v1,risk_high,instance_00009,Violated Request Count,0
955,codenames,DAIR__qwen3.5-2b__sft-v1,risk_high,instance_00009,Request Success Ratio,1.0
956,codenames,DAIR__qwen3.5-2b__sft-v1,risk_high,instance_00009,Main Score,0
957,codenames,DAIR__qwen3.5-2b__sft-v1,abstract,instance_00007,experiment variable,Word Concreteness
958,codenames,DAIR__qwen3.5-2b__sft-v1,abstract,instance_00007,experiment name,abstract
959,codenames,DAIR__qwen3.5-2b__sft-v1,abstract,instance_00007,Cluegiver strip words,0
960,codenames,DAIR__qwen3.5-2b__sft-v1,abstract,instance_00007,Guesser strip words,0
961,codenames,DAIR__qwen3.5-2b__sft-v1,abstract,instance_00007,Average Cluegiver Number of Targets,1.571
962,codenames,DAIR__qwen3.5-2b__sft-v1,abstract,instance_00007,Average Cluegiver Team Precision,1.0
963,codenames,DAIR__qwen3.5-2b__sft-v1,abstract,instance_00007,Average Cluegiver Team Recall,0.433
964,codenames,DAIR__qwen3.5-2b__sft-v1,abstract,instance_00007,Average Cluegiver Team F1,0.565
965,codenames,DAIR__qwen3.5-2b__sft-v1,abstract,instance_00007,Average Guesser Number of Guesses,1.571
966,codenames,DAIR__qwen3.5-2b__sft-v1,abstract,instance_00007,Average Guesser Number of Revealed Words,1.429
967,codenames,DAIR__qwen3.5-2b__sft-v1,abstract,instance_00007,Average Guesser Number of Unrevealed Guesses,0.143
968,codenames,DAIR__qwen3.5-2b__sft-v1,abstract,instance_00007,Average Guesser Target Precision,0.571
969,codenames,DAIR__qwen3.5-2b__sft-v1,abstract,instance_00007,Average Guesser Target Recall,0.571
970,codenames,DAIR__qwen3.5-2b__sft-v1,abstract,instance_00007,Average Guesser Target F1,0.571
971,codenames,DAIR__qwen3.5-2b__sft-v1,abstract,instance_00007,Average Guesser Team Precision,0.714
972,codenames,DAIR__qwen3.5-2b__sft-v1,abstract,instance_00007,Average Guesser Team Recall,0.243
973,codenames,DAIR__qwen3.5-2b__sft-v1,abstract,instance_00007,Average Guesser Team F1,0.35
974,codenames,DAIR__qwen3.5-2b__sft-v1,abstract,instance_00007,Aborted,0
975,codenames,DAIR__qwen3.5-2b__sft-v1,abstract,instance_00007,Lose,1
976,codenames,DAIR__qwen3.5-2b__sft-v1,abstract,instance_00007,Success,0
977,codenames,DAIR__qwen3.5-2b__sft-v1,abstract,instance_00007,Game ended through assassin,1
978,codenames,DAIR__qwen3.5-2b__sft-v1,abstract,instance_00007,Episode Recall,0.889
979,codenames,DAIR__qwen3.5-2b__sft-v1,abstract,instance_00007,Episode Negative Recall,0.875
980,codenames,DAIR__qwen3.5-2b__sft-v1,abstract,instance_00007,Number of turns,8
981,codenames,DAIR__qwen3.5-2b__sft-v1,abstract,instance_00007,Efficiency,0.688
982,codenames,DAIR__qwen3.5-2b__sft-v1,abstract,instance_00007,Request Count,14
983,codenames,DAIR__qwen3.5-2b__sft-v1,abstract,instance_00007,Parsed Request Count,14
984,codenames,DAIR__qwen3.5-2b__sft-v1,abstract,instance_00007,Violated Request Count,0
985,codenames,DAIR__qwen3.5-2b__sft-v1,abstract,instance_00007,Request Success Ratio,1.0
986,codenames,DAIR__qwen3.5-2b__sft-v1,abstract,instance_00007,Main Score,0
987,codenames,DAIR__qwen3.5-2b__sft-v1,association_easy,instance_00009,experiment variable,Word Assignments
988,codenames,DAIR__qwen3.5-2b__sft-v1,association_easy,instance_00009,experiment name,association_easy
989,codenames,DAIR__qwen3.5-2b__sft-v1,association_easy,instance_00009,Cluegiver strip words,0
990,codenames,DAIR__qwen3.5-2b__sft-v1,association_easy,instance_00009,Guesser strip words,0
991,codenames,DAIR__qwen3.5-2b__sft-v1,association_easy,instance_00009,Average Cluegiver Number of Targets,2.75
992,codenames,DAIR__qwen3.5-2b__sft-v1,association_easy,instance_00009,Average Cluegiver Team Precision,1.0
993,codenames,DAIR__qwen3.5-2b__sft-v1,association_easy,instance_00009,Average Cluegiver Team Recall,0.611
994,codenames,DAIR__qwen3.5-2b__sft-v1,association_easy,instance_00009,Average Cluegiver Team F1,0.734
995,codenames,DAIR__qwen3.5-2b__sft-v1,association_easy,instance_00009,Average Guesser Number of Guesses,2.75
996,codenames,DAIR__qwen3.5-2b__sft-v1,association_easy,instance_00009,Average Guesser Number of Revealed Words,2.5
997,codenames,DAIR__qwen3.5-2b__sft-v1,association_easy,instance_00009,Average Guesser Number of Unrevealed Guesses,0.25
998,codenames,DAIR__qwen3.5-2b__sft-v1,association_easy,instance_00009,Average Guesser Target Precision,0.75
999,codenames,DAIR__qwen3.5-2b__sft-v1,association_easy,instance_00009,Average Guesser Target Recall,0.75
1000,codenames,DAIR__qwen3.5-2b__sft-v1,association_easy,instance_00009,Average Guesser Target F1,0.75
1001,codenames,DAIR__qwen3.5-2b__sft-v1,association_easy,instance_00009,Average Guesser Team Precision,0.75
1002,codenames,DAIR__qwen3.5-2b__sft-v1,association_easy,instance_00009,Average Guesser Team Recall,0.511
1003,codenames,DAIR__qwen3.5-2b__sft-v1,association_easy,instance_00009,Average Guesser Team F1,0.591
1004,codenames,DAIR__qwen3.5-2b__sft-v1,association_easy,instance_00009,Aborted,0
1005,codenames,DAIR__qwen3.5-2b__sft-v1,association_easy,instance_00009,Lose,0
1006,codenames,DAIR__qwen3.5-2b__sft-v1,association_easy,instance_00009,Success,1
1007,codenames,DAIR__qwen3.5-2b__sft-v1,association_easy,instance_00009,Game ended through assassin,0
1008,codenames,DAIR__qwen3.5-2b__sft-v1,association_easy,instance_00009,Episode Recall,1.0
1009,codenames,DAIR__qwen3.5-2b__sft-v1,association_easy,instance_00009,Episode Negative Recall,0.938
1010,codenames,DAIR__qwen3.5-2b__sft-v1,association_easy,instance_00009,Number of turns,5
1011,codenames,DAIR__qwen3.5-2b__sft-v1,association_easy,instance_00009,Efficiency,1
1012,codenames,DAIR__qwen3.5-2b__sft-v1,association_easy,instance_00009,Request Count,8
1013,codenames,DAIR__qwen3.5-2b__sft-v1,association_easy,instance_00009,Parsed Request Count,8
1014,codenames,DAIR__qwen3.5-2b__sft-v1,association_easy,instance_00009,Violated Request Count,0
1015,codenames,DAIR__qwen3.5-2b__sft-v1,association_easy,instance_00009,Request Success Ratio,1.0
1016,codenames,DAIR__qwen3.5-2b__sft-v1,association_easy,instance_00009,Main Score,100
1017,codenames,DAIR__qwen3.5-2b__sft-v1,opponent_easy,instance_00009,experiment variable,Opponent Difficulty
1018,codenames,DAIR__qwen3.5-2b__sft-v1,opponent_easy,instance_00009,experiment name,opponent_easy
1019,codenames,DAIR__qwen3.5-2b__sft-v1,opponent_easy,instance_00009,Cluegiver strip words,0
1020,codenames,DAIR__qwen3.5-2b__sft-v1,opponent_easy,instance_00009,Guesser strip words,0
1021,codenames,DAIR__qwen3.5-2b__sft-v1,opponent_easy,instance_00009,Average Cluegiver Number of Targets,1.5
1022,codenames,DAIR__qwen3.5-2b__sft-v1,opponent_easy,instance_00009,Average Cluegiver Team Precision,1.0
1023,codenames,DAIR__qwen3.5-2b__sft-v1,opponent_easy,instance_00009,Average Cluegiver Team Recall,0.552
1024,codenames,DAIR__qwen3.5-2b__sft-v1,opponent_easy,instance_00009,Average Cluegiver Team F1,0.671
1025,codenames,DAIR__qwen3.5-2b__sft-v1,opponent_easy,instance_00009,Average Guesser Number of Guesses,1.5
1026,codenames,DAIR__qwen3.5-2b__sft-v1,opponent_easy,instance_00009,Average Guesser Number of Revealed Words,1.375
1027,codenames,DAIR__qwen3.5-2b__sft-v1,opponent_easy,instance_00009,Average Guesser Number of Unrevealed Guesses,0.125
1028,codenames,DAIR__qwen3.5-2b__sft-v1,opponent_easy,instance_00009,Average Guesser Target Precision,0.75
1029,codenames,DAIR__qwen3.5-2b__sft-v1,opponent_easy,instance_00009,Average Guesser Target Recall,0.75
1030,codenames,DAIR__qwen3.5-2b__sft-v1,opponent_easy,instance_00009,Average Guesser Target F1,0.75
1031,codenames,DAIR__qwen3.5-2b__sft-v1,opponent_easy,instance_00009,Average Guesser Team Precision,0.75
1032,codenames,DAIR__qwen3.5-2b__sft-v1,opponent_easy,instance_00009,Average Guesser Team Recall,0.344
1033,codenames,DAIR__qwen3.5-2b__sft-v1,opponent_easy,instance_00009,Average Guesser Team F1,0.446
1034,codenames,DAIR__qwen3.5-2b__sft-v1,opponent_easy,instance_00009,Aborted,0
1035,codenames,DAIR__qwen3.5-2b__sft-v1,opponent_easy,instance_00009,Lose,0
1036,codenames,DAIR__qwen3.5-2b__sft-v1,opponent_easy,instance_00009,Success,1
1037,codenames,DAIR__qwen3.5-2b__sft-v1,opponent_easy,instance_00009,Game ended through assassin,0
1038,codenames,DAIR__qwen3.5-2b__sft-v1,opponent_easy,instance_00009,Episode Recall,1.0
1039,codenames,DAIR__qwen3.5-2b__sft-v1,opponent_easy,instance_00009,Episode Negative Recall,0.875
1040,codenames,DAIR__qwen3.5-2b__sft-v1,opponent_easy,instance_00009,Number of turns,9
1041,codenames,DAIR__qwen3.5-2b__sft-v1,opponent_easy,instance_00009,Efficiency,0.667
1042,codenames,DAIR__qwen3.5-2b__sft-v1,opponent_easy,instance_00009,Request Count,16
1043,codenames,DAIR__qwen3.5-2b__sft-v1,opponent_easy,instance_00009,Parsed Request Count,16
1044,codenames,DAIR__qwen3.5-2b__sft-v1,opponent_easy,instance_00009,Violated Request Count,0
1045,codenames,DAIR__qwen3.5-2b__sft-v1,opponent_easy,instance_00009,Request Success Ratio,1.0
1046,codenames,DAIR__qwen3.5-2b__sft-v1,opponent_easy,instance_00009,Main Score,100
1047,codenames,DAIR__qwen3.5-2b__sft-v1,concrete,instance_00004,experiment variable,Word Concreteness
1048,codenames,DAIR__qwen3.5-2b__sft-v1,concrete,instance_00004,experiment name,concrete
1049,codenames,DAIR__qwen3.5-2b__sft-v1,concrete,instance_00004,Cluegiver strip words,0
1050,codenames,DAIR__qwen3.5-2b__sft-v1,concrete,instance_00004,Guesser strip words,0
1051,codenames,DAIR__qwen3.5-2b__sft-v1,concrete,instance_00004,Average Cluegiver Number of Targets,1.167
1052,codenames,DAIR__qwen3.5-2b__sft-v1,concrete,instance_00004,Average Cluegiver Team Precision,0.833
1053,codenames,DAIR__qwen3.5-2b__sft-v1,concrete,instance_00004,Average Cluegiver Team Recall,0.174
1054,codenames,DAIR__qwen3.5-2b__sft-v1,concrete,instance_00004,Average Cluegiver Team F1,0.284
1055,codenames,DAIR__qwen3.5-2b__sft-v1,concrete,instance_00004,Average Guesser Number of Guesses,1.167
1056,codenames,DAIR__qwen3.5-2b__sft-v1,concrete,instance_00004,Average Guesser Number of Revealed Words,1.167
1057,codenames,DAIR__qwen3.5-2b__sft-v1,concrete,instance_00004,Average Guesser Number of Unrevealed Guesses,0
1058,codenames,DAIR__qwen3.5-2b__sft-v1,concrete,instance_00004,Average Guesser Target Precision,0.611
1059,codenames,DAIR__qwen3.5-2b__sft-v1,concrete,instance_00004,Average Guesser Target Recall,0.611
1060,codenames,DAIR__qwen3.5-2b__sft-v1,concrete,instance_00004,Average Guesser Target F1,0.611
1061,codenames,DAIR__qwen3.5-2b__sft-v1,concrete,instance_00004,Average Guesser Team Precision,0.611
1062,codenames,DAIR__qwen3.5-2b__sft-v1,concrete,instance_00004,Average Guesser Team Recall,0.122
1063,codenames,DAIR__qwen3.5-2b__sft-v1,concrete,instance_00004,Average Guesser Team F1,0.2
1064,codenames,DAIR__qwen3.5-2b__sft-v1,concrete,instance_00004,Aborted,1
1065,codenames,DAIR__qwen3.5-2b__sft-v1,concrete,instance_00004,Lose,0
1066,codenames,DAIR__qwen3.5-2b__sft-v1,concrete,instance_00004,Success,0
1067,codenames,DAIR__qwen3.5-2b__sft-v1,concrete,instance_00004,Game ended through assassin,0
1068,codenames,DAIR__qwen3.5-2b__sft-v1,concrete,instance_00004,Episode Recall,0.556
1069,codenames,DAIR__qwen3.5-2b__sft-v1,concrete,instance_00004,Episode Negative Recall,0.875
1070,codenames,DAIR__qwen3.5-2b__sft-v1,concrete,instance_00004,Number of turns,6
1071,codenames,DAIR__qwen3.5-2b__sft-v1,concrete,instance_00004,Efficiency,0.583
1072,codenames,DAIR__qwen3.5-2b__sft-v1,concrete,instance_00004,Request Count,11
1073,codenames,DAIR__qwen3.5-2b__sft-v1,concrete,instance_00004,Parsed Request Count,10
1074,codenames,DAIR__qwen3.5-2b__sft-v1,concrete,instance_00004,Violated Request Count,1
1075,codenames,DAIR__qwen3.5-2b__sft-v1,concrete,instance_00004,Request Success Ratio,0.909
1076,codenames,DAIR__qwen3.5-2b__sft-v1,concrete,instance_00004,Main Score,
1077,codenames,DAIR__qwen3.5-2b__sft-v1,unambiguous,instance_00002,experiment variable,Word Ambiguity
1078,codenames,DAIR__qwen3.5-2b__sft-v1,unambiguous,instance_00002,experiment name,unambiguous
1079,codenames,DAIR__qwen3.5-2b__sft-v1,unambiguous,instance_00002,Cluegiver strip words,0
1080,codenames,DAIR__qwen3.5-2b__sft-v1,unambiguous,instance_00002,Guesser strip words,0
1081,codenames,DAIR__qwen3.5-2b__sft-v1,unambiguous,instance_00002,Average Cluegiver Number of Targets,1.5
1082,codenames,DAIR__qwen3.5-2b__sft-v1,unambiguous,instance_00002,Average Cluegiver Team Precision,1.0
1083,codenames,DAIR__qwen3.5-2b__sft-v1,unambiguous,instance_00002,Average Cluegiver Team Recall,0.458
1084,codenames,DAIR__qwen3.5-2b__sft-v1,unambiguous,instance_00002,Average Cluegiver Team F1,0.595
1085,codenames,DAIR__qwen3.5-2b__sft-v1,unambiguous,instance_00002,Average Guesser Number of Guesses,1.5
1086,codenames,DAIR__qwen3.5-2b__sft-v1,unambiguous,instance_00002,Average Guesser Number of Revealed Words,1.5
1087,codenames,DAIR__qwen3.5-2b__sft-v1,unambiguous,instance_00002,Average Guesser Number of Unrevealed Guesses,0
1088,codenames,DAIR__qwen3.5-2b__sft-v1,unambiguous,instance_00002,Average Guesser Target Precision,1.0
1089,codenames,DAIR__qwen3.5-2b__sft-v1,unambiguous,instance_00002,Average Guesser Target Recall,1.0
1090,codenames,DAIR__qwen3.5-2b__sft-v1,unambiguous,instance_00002,Average Guesser Target F1,1.0
1091,codenames,DAIR__qwen3.5-2b__sft-v1,unambiguous,instance_00002,Average Guesser Team Precision,1.0
1092,codenames,DAIR__qwen3.5-2b__sft-v1,unambiguous,instance_00002,Average Guesser Team Recall,0.458
1093,codenames,DAIR__qwen3.5-2b__sft-v1,unambiguous,instance_00002,Average Guesser Team F1,0.595
1094,codenames,DAIR__qwen3.5-2b__sft-v1,unambiguous,instance_00002,Aborted,0
1095,codenames,DAIR__qwen3.5-2b__sft-v1,unambiguous,instance_00002,Lose,0
1096,codenames,DAIR__qwen3.5-2b__sft-v1,unambiguous,instance_00002,Success,1
1097,codenames,DAIR__qwen3.5-2b__sft-v1,unambiguous,instance_00002,Game ended through assassin,0
1098,codenames,DAIR__qwen3.5-2b__sft-v1,unambiguous,instance_00002,Episode Recall,1.0
1099,codenames,DAIR__qwen3.5-2b__sft-v1,unambiguous,instance_00002,Episode Negative Recall,1.0
1100,codenames,DAIR__qwen3.5-2b__sft-v1,unambiguous,instance_00002,Number of turns,7
1101,codenames,DAIR__qwen3.5-2b__sft-v1,unambiguous,instance_00002,Efficiency,0.643
1102,codenames,DAIR__qwen3.5-2b__sft-v1,unambiguous,instance_00002,Request Count,12
1103,codenames,DAIR__qwen3.5-2b__sft-v1,unambiguous,instance_00002,Parsed Request Count,12
1104,codenames,DAIR__qwen3.5-2b__sft-v1,unambiguous,instance_00002,Violated Request Count,0
1105,codenames,DAIR__qwen3.5-2b__sft-v1,unambiguous,instance_00002,Request Success Ratio,1.0
1106,codenames,DAIR__qwen3.5-2b__sft-v1,unambiguous,instance_00002,Main Score,100
1107,codenames,DAIR__qwen3.5-2b__sft-v1,opponent_none,instance_00008,experiment variable,Opponent Difficulty
1108,codenames,DAIR__qwen3.5-2b__sft-v1,opponent_none,instance_00008,experiment name,opponent_none
1109,codenames,DAIR__qwen3.5-2b__sft-v1,opponent_none,instance_00008,Cluegiver strip words,0
1110,codenames,DAIR__qwen3.5-2b__sft-v1,opponent_none,instance_00008,Guesser strip words,0
1111,codenames,DAIR__qwen3.5-2b__sft-v1,opponent_none,instance_00008,Average Cluegiver Number of Targets,2
1112,codenames,DAIR__qwen3.5-2b__sft-v1,opponent_none,instance_00008,Average Cluegiver Team Precision,1.0
1113,codenames,DAIR__qwen3.5-2b__sft-v1,opponent_none,instance_00008,Average Cluegiver Team Recall,0.552
1114,codenames,DAIR__qwen3.5-2b__sft-v1,opponent_none,instance_00008,Average Cluegiver Team F1,0.696
1115,codenames,DAIR__qwen3.5-2b__sft-v1,opponent_none,instance_00008,Average Guesser Number of Guesses,2
1116,codenames,DAIR__qwen3.5-2b__sft-v1,opponent_none,instance_00008,Average Guesser Number of Revealed Words,1.375
1117,codenames,DAIR__qwen3.5-2b__sft-v1,opponent_none,instance_00008,Average Guesser Number of Unrevealed Guesses,0.625
1118,codenames,DAIR__qwen3.5-2b__sft-v1,opponent_none,instance_00008,Average Guesser Target Precision,0.198
1119,codenames,DAIR__qwen3.5-2b__sft-v1,opponent_none,instance_00008,Average Guesser Target Recall,0.198
1120,codenames,DAIR__qwen3.5-2b__sft-v1,opponent_none,instance_00008,Average Guesser Target F1,0.198
1121,codenames,DAIR__qwen3.5-2b__sft-v1,opponent_none,instance_00008,Average Guesser Team Precision,0.281
1122,codenames,DAIR__qwen3.5-2b__sft-v1,opponent_none,instance_00008,Average Guesser Team Recall,0.172
1123,codenames,DAIR__qwen3.5-2b__sft-v1,opponent_none,instance_00008,Average Guesser Team F1,0.202
1124,codenames,DAIR__qwen3.5-2b__sft-v1,opponent_none,instance_00008,Aborted,0
1125,codenames,DAIR__qwen3.5-2b__sft-v1,opponent_none,instance_00008,Lose,0
1126,codenames,DAIR__qwen3.5-2b__sft-v1,opponent_none,instance_00008,Success,1
1127,codenames,DAIR__qwen3.5-2b__sft-v1,opponent_none,instance_00008,Game ended through assassin,0
1128,codenames,DAIR__qwen3.5-2b__sft-v1,opponent_none,instance_00008,Episode Recall,1.0
1129,codenames,DAIR__qwen3.5-2b__sft-v1,opponent_none,instance_00008,Episode Negative Recall,0.188
1130,codenames,DAIR__qwen3.5-2b__sft-v1,opponent_none,instance_00008,Number of turns,17
1131,codenames,DAIR__qwen3.5-2b__sft-v1,opponent_none,instance_00008,Efficiency,0.941
1132,codenames,DAIR__qwen3.5-2b__sft-v1,opponent_none,instance_00008,Request Count,32
1133,codenames,DAIR__qwen3.5-2b__sft-v1,opponent_none,instance_00008,Parsed Request Count,32
1134,codenames,DAIR__qwen3.5-2b__sft-v1,opponent_none,instance_00008,Violated Request Count,0
1135,codenames,DAIR__qwen3.5-2b__sft-v1,opponent_none,instance_00008,Request Success Ratio,1.0
1136,codenames,DAIR__qwen3.5-2b__sft-v1,opponent_none,instance_00008,Main Score,100
1137,codenames,DAIR__qwen3.5-2b__sft-v1,frequency_high,instance_00002,experiment variable,Word Frequency
1138,codenames,DAIR__qwen3.5-2b__sft-v1,frequency_high,instance_00002,experiment name,frequency_high
1139,codenames,DAIR__qwen3.5-2b__sft-v1,frequency_high,instance_00002,Cluegiver strip words,0
1140,codenames,DAIR__qwen3.5-2b__sft-v1,frequency_high,instance_00002,Guesser strip words,0
1141,codenames,DAIR__qwen3.5-2b__sft-v1,frequency_high,instance_00002,Average Cluegiver Number of Targets,1.75
1142,codenames,DAIR__qwen3.5-2b__sft-v1,frequency_high,instance_00002,Average Cluegiver Team Precision,1.0
1143,codenames,DAIR__qwen3.5-2b__sft-v1,frequency_high,instance_00002,Average Cluegiver Team Recall,0.437
1144,codenames,DAIR__qwen3.5-2b__sft-v1,frequency_high,instance_00002,Average Cluegiver Team F1,0.568
1145,codenames,DAIR__qwen3.5-2b__sft-v1,frequency_high,instance_00002,Average Guesser Number of Guesses,1.625
1146,codenames,DAIR__qwen3.5-2b__sft-v1,frequency_high,instance_00002,Average Guesser Number of Revealed Words,1.375
1147,codenames,DAIR__qwen3.5-2b__sft-v1,frequency_high,instance_00002,Average Guesser Number of Unrevealed Guesses,0.25
1148,codenames,DAIR__qwen3.5-2b__sft-v1,frequency_high,instance_00002,Average Guesser Target Precision,0.562
1149,codenames,DAIR__qwen3.5-2b__sft-v1,frequency_high,instance_00002,Average Guesser Target Recall,0.562
1150,codenames,DAIR__qwen3.5-2b__sft-v1,frequency_high,instance_00002,Average Guesser Target F1,0.562
1151,codenames,DAIR__qwen3.5-2b__sft-v1,frequency_high,instance_00002,Average Guesser Team Precision,0.562
1152,codenames,DAIR__qwen3.5-2b__sft-v1,frequency_high,instance_00002,Average Guesser Team Recall,0.203
1153,codenames,DAIR__qwen3.5-2b__sft-v1,frequency_high,instance_00002,Average Guesser Team F1,0.284
1154,codenames,DAIR__qwen3.5-2b__sft-v1,frequency_high,instance_00002,Aborted,0
1155,codenames,DAIR__qwen3.5-2b__sft-v1,frequency_high,instance_00002,Lose,1
1156,codenames,DAIR__qwen3.5-2b__sft-v1,frequency_high,instance_00002,Success,0
1157,codenames,DAIR__qwen3.5-2b__sft-v1,frequency_high,instance_00002,Game ended through assassin,0
1158,codenames,DAIR__qwen3.5-2b__sft-v1,frequency_high,instance_00002,Episode Recall,0.889
1159,codenames,DAIR__qwen3.5-2b__sft-v1,frequency_high,instance_00002,Episode Negative Recall,0.812
1160,codenames,DAIR__qwen3.5-2b__sft-v1,frequency_high,instance_00002,Number of turns,8
1161,codenames,DAIR__qwen3.5-2b__sft-v1,frequency_high,instance_00002,Efficiency,0.812
1162,codenames,DAIR__qwen3.5-2b__sft-v1,frequency_high,instance_00002,Request Count,15
1163,codenames,DAIR__qwen3.5-2b__sft-v1,frequency_high,instance_00002,Parsed Request Count,15
1164,codenames,DAIR__qwen3.5-2b__sft-v1,frequency_high,instance_00002,Violated Request Count,0
1165,codenames,DAIR__qwen3.5-2b__sft-v1,frequency_high,instance_00002,Request Success Ratio,1.0
1166,codenames,DAIR__qwen3.5-2b__sft-v1,frequency_high,instance_00002,Main Score,0
1167,codenames,DAIR__qwen3.5-2b__sft-v1,frequency_low,instance_00004,experiment variable,Word Frequency
1168,codenames,DAIR__qwen3.5-2b__sft-v1,frequency_low,instance_00004,experiment name,frequency_low
1169,codenames,DAIR__qwen3.5-2b__sft-v1,frequency_low,instance_00004,Cluegiver strip words,0
1170,codenames,DAIR__qwen3.5-2b__sft-v1,frequency_low,instance_00004,Guesser strip words,0
1171,codenames,DAIR__qwen3.5-2b__sft-v1,frequency_low,instance_00004,Average Cluegiver Number of Targets,0.75
1172,codenames,DAIR__qwen3.5-2b__sft-v1,frequency_low,instance_00004,Average Cluegiver Team Precision,0.75
1173,codenames,DAIR__qwen3.5-2b__sft-v1,frequency_low,instance_00004,Average Cluegiver Team Recall,0.095
1174,codenames,DAIR__qwen3.5-2b__sft-v1,frequency_low,instance_00004,Average Cluegiver Team F1,0.168
1175,codenames,DAIR__qwen3.5-2b__sft-v1,frequency_low,instance_00004,Average Guesser Number of Guesses,0.75
1176,codenames,DAIR__qwen3.5-2b__sft-v1,frequency_low,instance_00004,Average Guesser Number of Revealed Words,0.75
1177,codenames,DAIR__qwen3.5-2b__sft-v1,frequency_low,instance_00004,Average Guesser Number of Unrevealed Guesses,0
1178,codenames,DAIR__qwen3.5-2b__sft-v1,frequency_low,instance_00004,Average Guesser Target Precision,0.75
1179,codenames,DAIR__qwen3.5-2b__sft-v1,frequency_low,instance_00004,Average Guesser Target Recall,0.75
1180,codenames,DAIR__qwen3.5-2b__sft-v1,frequency_low,instance_00004,Average Guesser Target F1,0.75
1181,codenames,DAIR__qwen3.5-2b__sft-v1,frequency_low,instance_00004,Average Guesser Team Precision,0.75
1182,codenames,DAIR__qwen3.5-2b__sft-v1,frequency_low,instance_00004,Average Guesser Team Recall,0.095
1183,codenames,DAIR__qwen3.5-2b__sft-v1,frequency_low,instance_00004,Average Guesser Team F1,0.168
1184,codenames,DAIR__qwen3.5-2b__sft-v1,frequency_low,instance_00004,Aborted,1
1185,codenames,DAIR__qwen3.5-2b__sft-v1,frequency_low,instance_00004,Lose,0
1186,codenames,DAIR__qwen3.5-2b__sft-v1,frequency_low,instance_00004,Success,0
1187,codenames,DAIR__qwen3.5-2b__sft-v1,frequency_low,instance_00004,Game ended through assassin,0
1188,codenames,DAIR__qwen3.5-2b__sft-v1,frequency_low,instance_00004,Episode Recall,0.333
1189,codenames,DAIR__qwen3.5-2b__sft-v1,frequency_low,instance_00004,Episode Negative Recall,1.0
1190,codenames,DAIR__qwen3.5-2b__sft-v1,frequency_low,instance_00004,Number of turns,4
1191,codenames,DAIR__qwen3.5-2b__sft-v1,frequency_low,instance_00004,Efficiency,0.375
1192,codenames,DAIR__qwen3.5-2b__sft-v1,frequency_low,instance_00004,Request Count,7
1193,codenames,DAIR__qwen3.5-2b__sft-v1,frequency_low,instance_00004,Parsed Request Count,6
1194,codenames,DAIR__qwen3.5-2b__sft-v1,frequency_low,instance_00004,Violated Request Count,1
1195,codenames,DAIR__qwen3.5-2b__sft-v1,frequency_low,instance_00004,Request Success Ratio,0.857
1196,codenames,DAIR__qwen3.5-2b__sft-v1,frequency_low,instance_00004,Main Score,
1197,matchit_ascii,DAIR__qwen3.5-2b__sft-v1,similar_grid_2,instance_00007,Violated Request Count,0
1198,matchit_ascii,DAIR__qwen3.5-2b__sft-v1,similar_grid_2,instance_00007,Parsed Request Count,16
1199,matchit_ascii,DAIR__qwen3.5-2b__sft-v1,similar_grid_2,instance_00007,Request Count,16
1200,matchit_ascii,DAIR__qwen3.5-2b__sft-v1,similar_grid_2,instance_00007,Aborted,0
1201,matchit_ascii,DAIR__qwen3.5-2b__sft-v1,similar_grid_2,instance_00007,Success,1
1202,matchit_ascii,DAIR__qwen3.5-2b__sft-v1,similar_grid_2,instance_00007,Lose,0
1203,matchit_ascii,DAIR__qwen3.5-2b__sft-v1,similar_grid_2,instance_00007,Main Score,100
1204,matchit_ascii,DAIR__qwen3.5-2b__sft-v1,similar_grid_2,instance_00007,Player Score,100
1205,matchit_ascii,DAIR__qwen3.5-2b__sft-v1,same_grid,instance_00002,Violated Request Count,0
1206,matchit_ascii,DAIR__qwen3.5-2b__sft-v1,same_grid,instance_00002,Parsed Request Count,16
1207,matchit_ascii,DAIR__qwen3.5-2b__sft-v1,same_grid,instance_00002,Request Count,16
1208,matchit_ascii,DAIR__qwen3.5-2b__sft-v1,same_grid,instance_00002,Aborted,0
1209,matchit_ascii,DAIR__qwen3.5-2b__sft-v1,same_grid,instance_00002,Success,1
1210,matchit_ascii,DAIR__qwen3.5-2b__sft-v1,same_grid,instance_00002,Lose,0
1211,matchit_ascii,DAIR__qwen3.5-2b__sft-v1,same_grid,instance_00002,Main Score,100
1212,matchit_ascii,DAIR__qwen3.5-2b__sft-v1,same_grid,instance_00002,Player Score,100
1213,matchit_ascii,DAIR__qwen3.5-2b__sft-v1,similar_grid_1,instance_00002,Violated Request Count,0
1214,matchit_ascii,DAIR__qwen3.5-2b__sft-v1,similar_grid_1,instance_00002,Parsed Request Count,16
1215,matchit_ascii,DAIR__qwen3.5-2b__sft-v1,similar_grid_1,instance_00002,Request Count,16
1216,matchit_ascii,DAIR__qwen3.5-2b__sft-v1,similar_grid_1,instance_00002,Aborted,0
1217,matchit_ascii,DAIR__qwen3.5-2b__sft-v1,similar_grid_1,instance_00002,Success,1
1218,matchit_ascii,DAIR__qwen3.5-2b__sft-v1,similar_grid_1,instance_00002,Lose,0
1219,matchit_ascii,DAIR__qwen3.5-2b__sft-v1,similar_grid_1,instance_00002,Main Score,100
1220,matchit_ascii,DAIR__qwen3.5-2b__sft-v1,similar_grid_1,instance_00002,Player Score,100
1221,matchit_ascii,DAIR__qwen3.5-2b__sft-v1,different_grid,instance_00002,Violated Request Count,0
1222,matchit_ascii,DAIR__qwen3.5-2b__sft-v1,different_grid,instance_00002,Parsed Request Count,16
1223,matchit_ascii,DAIR__qwen3.5-2b__sft-v1,different_grid,instance_00002,Request Count,16
1224,matchit_ascii,DAIR__qwen3.5-2b__sft-v1,different_grid,instance_00002,Aborted,0
1225,matchit_ascii,DAIR__qwen3.5-2b__sft-v1,different_grid,instance_00002,Success,1
1226,matchit_ascii,DAIR__qwen3.5-2b__sft-v1,different_grid,instance_00002,Lose,0
1227,matchit_ascii,DAIR__qwen3.5-2b__sft-v1,different_grid,instance_00002,Main Score,100
1228,matchit_ascii,DAIR__qwen3.5-2b__sft-v1,different_grid,instance_00002,Player Score,100
1229,dond,DAIR__qwen3.5-2b__sft-v1,coop_en,instance_00019,Played,1.0
1230,dond,DAIR__qwen3.5-2b__sft-v1,coop_en,instance_00006,Played,1.0
1231,dond,DAIR__qwen3.5-2b__sft-v1,semi_en,instance_00015,Played,1.0
1232,dond,DAIR__qwen3.5-2b__sft-v1,semi_en,instance_00001,Played,1.0
1233,wordle,DAIR__qwen3.5-2b__sft-v1,medium_frequency_words_no_clue_no_critic,instance_00014,Played,0.0
1234,wordle,DAIR__qwen3.5-2b__sft-v1,medium_frequency_words_no_clue_no_critic,instance_00007,Played,0.0
1235,wordle,DAIR__qwen3.5-2b__sft-v1,high_frequency_words_no_clue_no_critic,instance_00007,Played,0.0
1236,guesswhat,DAIR__qwen3.5-2b__sft-v1,Abs_Level_3,instance_00008,Played,1.0
1237,guesswhat,DAIR__qwen3.5-2b__sft-v1,Abs_Level_2,instance_00007,Played,1.0
1238,guesswhat,DAIR__qwen3.5-2b__sft-v1,Abs_Level_1,instance_00002,Played,1.0
1239,guesswhat,DAIR__qwen3.5-2b__sft-v1,Level_1,instance_00002,Played,1.0
1240,guesswhat,DAIR__qwen3.5-2b__sft-v1,Level_2,instance_00009,Played,1.0
1241,guesswhat,DAIR__qwen3.5-2b__sft-v1,Level_3,instance_00008,Played,1.0
1242,privateshared,DAIR__qwen3.5-2b__sft-v1,things-places,instance_00003,Played,1.0
1243,privateshared,DAIR__qwen3.5-2b__sft-v1,restaurant,instance_00007,Played,1.0
1244,privateshared,DAIR__qwen3.5-2b__sft-v1,travel-booking,instance_00009,Played,1.0
1245,privateshared,DAIR__qwen3.5-2b__sft-v1,job-interview,instance_00008,Played,1.0
1246,privateshared,DAIR__qwen3.5-2b__sft-v1,letter-number,instance_00009,Played,1.0
1247,wordle_withcritic,DAIR__qwen3.5-2b__sft-v1,medium_frequency_words_clue_with_critic,instance_00004,Played,0.0
1248,wordle_withcritic,DAIR__qwen3.5-2b__sft-v1,medium_frequency_words_clue_with_critic,instance_00019,Played,0.0
1249,wordle_withcritic,DAIR__qwen3.5-2b__sft-v1,high_frequency_words_clue_with_critic,instance_00002,Played,0.0
1250,taboo,DAIR__qwen3.5-2b__sft-v1,high_en,instance_00016,Played,1.0
1251,taboo,DAIR__qwen3.5-2b__sft-v1,high_en,instance_00010,Played,1.0
1252,taboo,DAIR__qwen3.5-2b__sft-v1,low_en,instance_00018,Played,1.0
1253,taboo,DAIR__qwen3.5-2b__sft-v1,low_en,instance_00012,Played,1.0
1254,taboo,DAIR__qwen3.5-2b__sft-v1,medium_en,instance_00007,Played,1.0
1255,taboo,DAIR__qwen3.5-2b__sft-v1,medium_en,instance_00010,Played,1.0
1256,wordle_withclue,DAIR__qwen3.5-2b__sft-v1,high_frequency_words_clue_no_critic,instance_00009,Played,1.0
1257,wordle_withclue,DAIR__qwen3.5-2b__sft-v1,medium_frequency_words_clue_no_critic,instance_00011,Played,1.0
1258,wordle_withclue,DAIR__qwen3.5-2b__sft-v1,medium_frequency_words_clue_no_critic,instance_00018,Played,0.0
1259,textmapworld,DAIR__qwen3.5-2b__sft-v1,large_cycle,instance_00049,Played,1.0
1260,textmapworld,DAIR__qwen3.5-2b__sft-v1,small,instance_00006,Played,0.0
1261,textmapworld,DAIR__qwen3.5-2b__sft-v1,large,instance_00028,Played,1.0
1262,textmapworld,DAIR__qwen3.5-2b__sft-v1,medium_cycle,instance_00034,Played,1.0
1263,textmapworld,DAIR__qwen3.5-2b__sft-v1,medium,instance_00010,Played,0.0
1264,referencegame,DAIR__qwen3.5-2b__sft-v1,random_grids,instance_00005,Played,1.0
1265,referencegame,DAIR__qwen3.5-2b__sft-v1,line_grids_columns,instance_00013,Played,1.0
1266,referencegame,DAIR__qwen3.5-2b__sft-v1,number_grids,instance_00017,Played,1.0
1267,referencegame,DAIR__qwen3.5-2b__sft-v1,line_grids_rows,instance_00017,Played,1.0
1268,referencegame,DAIR__qwen3.5-2b__sft-v1,letter_grids,instance_00012,Played,1.0
1269,adventuregame,DAIR__qwen3.5-2b__sft-v1,new-words_home-delivery_medium_basic_medium,instance_00002,Played,0.0
1270,adventuregame,DAIR__qwen3.5-2b__sft-v1,potion_brewing_basic_undefined,instance_00004,Played,0.0
1271,adventuregame,DAIR__qwen3.5-2b__sft-v1,new-words_home-delivery_easy_basic_easy,instance_00002,Played,1.0
1272,adventuregame,DAIR__qwen3.5-2b__sft-v1,new-words_created_basic_hard,instance_00000,Played,1.0
1273,adventuregame,DAIR__qwen3.5-2b__sft-v1,home_deliver_three_basic_hard_invlimittwo,instance_00000,Played,1.0
1274,textmapworld_specificroom,DAIR__qwen3.5-2b__sft-v1,on,instance_00000,Played,1.0
1275,textmapworld_specificroom,DAIR__qwen3.5-2b__sft-v1,far,instance_00027,Played,1.0
1276,textmapworld_specificroom,DAIR__qwen3.5-2b__sft-v1,close,instance_00017,Played,1.0
1277,imagegame,DAIR__qwen3.5-2b__sft-v1,random_grids,instance_00014,Played,1.0
1278,imagegame,DAIR__qwen3.5-2b__sft-v1,random_grids,instance_00016,Played,1.0
1279,imagegame,DAIR__qwen3.5-2b__sft-v1,compact_grids,instance_00019,Played,1.0
1280,imagegame,DAIR__qwen3.5-2b__sft-v1,compact_grids,instance_00002,Played,1.0
1281,textmapworld_graphreasoning,DAIR__qwen3.5-2b__sft-v1,small,instance_00009,Played,1.0
1282,textmapworld_graphreasoning,DAIR__qwen3.5-2b__sft-v1,large,instance_00028,Played,1.0
1283,textmapworld_graphreasoning,DAIR__qwen3.5-2b__sft-v1,medium,instance_00010,Played,1.0
1284,codenames,DAIR__qwen3.5-2b__sft-v1,association_difficult,instance_00000,Played,0
1285,codenames,DAIR__qwen3.5-2b__sft-v1,risk_low,instance_00008,Played,1
1286,codenames,DAIR__qwen3.5-2b__sft-v1,ambiguous,instance_00001,Played,1
1287,codenames,DAIR__qwen3.5-2b__sft-v1,opponent_difficult,instance_00007,Played,0
1288,codenames,DAIR__qwen3.5-2b__sft-v1,risk_high,instance_00009,Played,1
1289,codenames,DAIR__qwen3.5-2b__sft-v1,abstract,instance_00007,Played,1
1290,codenames,DAIR__qwen3.5-2b__sft-v1,association_easy,instance_00009,Played,1
1291,codenames,DAIR__qwen3.5-2b__sft-v1,opponent_easy,instance_00009,Played,1
1292,codenames,DAIR__qwen3.5-2b__sft-v1,concrete,instance_00004,Played,0
1293,codenames,DAIR__qwen3.5-2b__sft-v1,unambiguous,instance_00002,Played,1
1294,codenames,DAIR__qwen3.5-2b__sft-v1,opponent_none,instance_00008,Played,1
1295,codenames,DAIR__qwen3.5-2b__sft-v1,frequency_high,instance_00002,Played,1
1296,codenames,DAIR__qwen3.5-2b__sft-v1,frequency_low,instance_00004,Played,0
1297,matchit_ascii,DAIR__qwen3.5-2b__sft-v1,similar_grid_2,instance_00007,Played,1
1298,matchit_ascii,DAIR__qwen3.5-2b__sft-v1,same_grid,instance_00002,Played,1
1299,matchit_ascii,DAIR__qwen3.5-2b__sft-v1,similar_grid_1,instance_00002,Played,1
1300,matchit_ascii,DAIR__qwen3.5-2b__sft-v1,different_grid,instance_00002,Played,1
