{
  "meta": {},
  "players": {},
  "turn scores": {
    "0": {
      "efficient_move": 1,
      "similarity": 9.485174635513328
    },
    "1": {
      "efficient_move": 1,
      "similarity": 53.78828427399902
    },
    "2": {
      "efficient_move": 1,
      "similarity": 36.48510476127127
    },
    "3": {
      "efficient_move": 0,
      "similarity": 23.840584404423538
    },
    "4": {
      "efficient_move": 0,
      "similarity": 23.840584404423538
    },
    "5": {
      "efficient_move": 0,
      "similarity": 23.840584404423538
    }
  },
  "episode scores": {
    "Success": 1,
    "Aborted": 0,
    "Lose": 0,
    "moves": 6,
    "valid_moves": 6,
    "invalid_moves": 0,
    "stopped": 1,
    "turns_limit": 0,
    "loops": 0,
    "number_visited": 4,
    "seen": 4,
    "efficiency": 50.0,
    "exploration": 100.0,
    "graph_similarity": 23.840584404423538,
    "Main Score": 66.66666666666667
  }
}