{
  "meta": {},
  "players": {},
  "turn scores": {
    "0": {
      "efficient_move": 0,
      "similarity": 1.3385701848569465
    },
    "1": {
      "efficient_move": 0,
      "similarity": 2.1973885261186377
    },
    "2": {
      "efficient_move": 0,
      "similarity": 9.485174635513328
    },
    "3": {
      "efficient_move": 1,
      "similarity": 9.485174635513328
    },
    "4": {
      "efficient_move": 1,
      "similarity": 9.485174635513328
    },
    "5": {
      "efficient_move": 1,
      "similarity": 23.840584404423538
    },
    "6": {
      "efficient_move": 1,
      "similarity": 23.840584404423538
    },
    "7": {
      "efficient_move": 0,
      "similarity": 23.840584404423538
    },
    "8": {
      "efficient_move": 0,
      "similarity": 23.840584404423538
    },
    "9": {
      "efficient_move": 0,
      "similarity": 23.840584404423538
    },
    "10": {
      "efficient_move": 0,
      "similarity": 23.840584404423538
    }
  },
  "episode scores": {
    "Success": 0,
    "Aborted": 0,
    "Lose": 1,
    "moves": 11,
    "valid_moves": 11,
    "invalid_moves": 0,
    "stopped": 1,
    "turns_limit": 0,
    "loops": 0,
    "number_visited": 4,
    "seen": 6,
    "efficiency": 36.36363636363637,
    "exploration": 66.66666666666666,
    "graph_similarity": 23.840584404423538,
    "Main Score": 47.05882352941176
  }
}