{
  "meta": {},
  "players": {},
  "turn scores": {
    "0": {
      "efficient_move": 1,
      "similarity": 0.18221023888012056
    },
    "1": {
      "efficient_move": 1,
      "similarity": 0.49452463132693136
    },
    "2": {
      "efficient_move": 0,
      "similarity": 1.3385701848569465
    },
    "3": {
      "efficient_move": 0,
      "similarity": 1.3385701848569465
    },
    "4": {
      "efficient_move": 1,
      "similarity": 1.3385701848569465
    },
    "5": {
      "efficient_move": 1,
      "similarity": 1.3385701848569465
    },
    "6": {
      "efficient_move": 1,
      "similarity": 1.3385701848569465
    },
    "7": {
      "efficient_move": 0,
      "similarity": 3.5972419924183097
    },
    "8": {
      "efficient_move": 0,
      "similarity": 3.5972419924183097
    },
    "9": {
      "efficient_move": 0,
      "similarity": 3.5972419924183097
    },
    "10": {
      "efficient_move": 1,
      "similarity": 3.5972419924183097
    },
    "11": {
      "efficient_move": 1,
      "similarity": 3.5972419924183097
    }
  },
  "episode scores": {
    "Success": 0,
    "Aborted": 0,
    "Lose": 1,
    "moves": 12,
    "valid_moves": 12,
    "invalid_moves": 0,
    "stopped": 1,
    "turns_limit": 0,
    "loops": 0,
    "number_visited": 4,
    "seen": 5,
    "efficiency": 58.333333333333336,
    "exploration": 50.0,
    "graph_similarity": 3.5972419924183097,
    "Main Score": 53.84615384615385
  }
}