{
  "meta": {},
  "players": {},
  "turn scores": {
    "0": {
      "efficient_move": 1,
      "similarity": 9.485174635513328
    },
    "1": {
      "efficient_move": 1,
      "similarity": 15.17163600424869
    },
    "2": {
      "efficient_move": 0,
      "similarity": 23.840584404423538
    },
    "3": {
      "efficient_move": 0,
      "similarity": 23.840584404423538
    },
    "4": {
      "efficient_move": 1,
      "similarity": 23.840584404423538
    },
    "5": {
      "efficient_move": 1,
      "similarity": 23.840584404423538
    },
    "6": {
      "efficient_move": 1,
      "similarity": 23.840584404423538
    },
    "7": {
      "efficient_move": 0,
      "similarity": 36.48510476127127
    },
    "8": {
      "efficient_move": 0,
      "similarity": 36.48510476127127
    },
    "9": {
      "efficient_move": 0,
      "similarity": 36.48510476127127
    },
    "10": {
      "efficient_move": 0,
      "similarity": 36.48510476127127
    },
    "11": {
      "efficient_move": 0,
      "similarity": 36.48510476127127
    },
    "12": {
      "efficient_move": 0,
      "similarity": 36.48510476127127
    },
    "13": {
      "efficient_move": 0,
      "similarity": 36.48510476127127
    },
    "14": {
      "efficient_move": 0,
      "similarity": 36.48510476127127
    },
    "15": {
      "efficient_move": 0,
      "similarity": 36.48510476127127
    },
    "16": {
      "efficient_move": 0,
      "similarity": 36.48510476127127
    },
    "17": {
      "efficient_move": 0,
      "similarity": 36.48510476127127
    },
    "18": {
      "efficient_move": 0,
      "similarity": 36.48510476127127
    }
  },
  "episode scores": {
    "Success": 1,
    "Aborted": 0,
    "Lose": 0,
    "moves": 19,
    "valid_moves": 19,
    "invalid_moves": 0,
    "stopped": 1,
    "turns_limit": 0,
    "loops": 0,
    "number_visited": 4,
    "seen": 4,
    "efficiency": 26.31578947368421,
    "exploration": 100.0,
    "graph_similarity": 36.48510476127127,
    "Main Score": 41.666666666666664
  }
}