{
  "meta": {},
  "players": {},
  "turn scores": {
    "0": {
      "efficient_move": 1,
      "similarity": 1.3385701848569465
    },
    "1": {
      "efficient_move": 0,
      "similarity": 2.1973885261186377
    },
    "2": {
      "efficient_move": 1,
      "similarity": 2.1973885261186377
    },
    "3": {
      "efficient_move": 1,
      "similarity": 2.1973885261186377
    },
    "4": {
      "efficient_move": 0,
      "similarity": 3.5972419924183097
    },
    "5": {
      "efficient_move": 0,
      "similarity": 5.862446150271272
    },
    "6": {
      "efficient_move": 0,
      "similarity": 5.862446150271272
    },
    "7": {
      "efficient_move": 1,
      "similarity": 5.862446150271272
    },
    "8": {
      "efficient_move": 1,
      "similarity": 5.862446150271272
    },
    "9": {
      "efficient_move": 1,
      "similarity": 9.485174635513328
    }
  },
  "episode scores": {
    "Success": 0,
    "Aborted": 0,
    "Lose": 1,
    "moves": 10,
    "valid_moves": 10,
    "invalid_moves": 0,
    "stopped": 1,
    "turns_limit": 0,
    "loops": 1,
    "number_visited": 5,
    "seen": 6,
    "efficiency": 60.0,
    "exploration": 83.33333333333334,
    "graph_similarity": 9.485174635513328,
    "Main Score": 69.76744186046513
  }
}