{
  "meta": {},
  "players": {},
  "turn scores": {
    "0": {
      "efficient_move": 1,
      "similarity": 1.3385701848569465
    },
    "1": {
      "efficient_move": 0,
      "similarity": 3.5972419924183097
    },
    "2": {
      "efficient_move": 1,
      "similarity": 3.5972419924183097
    },
    "3": {
      "efficient_move": 1,
      "similarity": 3.5972419924183097
    },
    "4": {
      "efficient_move": 1,
      "similarity": 9.485174635513328
    },
    "5": {
      "efficient_move": 1,
      "similarity": 9.485174635513328
    },
    "6": {
      "efficient_move": 0,
      "similarity": 15.17163600424869
    },
    "7": {
      "efficient_move": 0,
      "similarity": 15.17163600424869
    }
  },
  "episode scores": {
    "Success": 0,
    "Aborted": 0,
    "Lose": 1,
    "moves": 8,
    "valid_moves": 8,
    "invalid_moves": 0,
    "stopped": 1,
    "turns_limit": 0,
    "loops": 1,
    "number_visited": 4,
    "seen": 5,
    "efficiency": 62.5,
    "exploration": 66.66666666666666,
    "graph_similarity": 15.17163600424869,
    "Main Score": 64.51612903225806
  }
}