,game,model,experiment,episode,metric,value
0,dond,Bentel rockers__qwen3.5-4b__Bentel_iter_2,coop_en,instance_00019,Request Count,2.0
1,dond,Bentel rockers__qwen3.5-4b__Bentel_iter_2,coop_en,instance_00019,Parsed Request Count,2.0
2,dond,Bentel rockers__qwen3.5-4b__Bentel_iter_2,coop_en,instance_00019,Violated Request Count,0.0
3,dond,Bentel rockers__qwen3.5-4b__Bentel_iter_2,coop_en,instance_00019,Request Success Ratio,1.0
4,dond,Bentel rockers__qwen3.5-4b__Bentel_iter_2,coop_en,instance_00019,Aborted,0.0
5,dond,Bentel rockers__qwen3.5-4b__Bentel_iter_2,coop_en,instance_00019,Lose,1.0
6,dond,Bentel rockers__qwen3.5-4b__Bentel_iter_2,coop_en,instance_00019,Success,0.0
7,dond,Bentel rockers__qwen3.5-4b__Bentel_iter_2,coop_en,instance_00019,Main Score,0.0
8,dond,Bentel rockers__qwen3.5-4b__Bentel_iter_2,coop_en,instance_00019,Sum of Points,0.0
9,dond,Bentel rockers__qwen3.5-4b__Bentel_iter_2,coop_en,instance_00019,Pareto Optimal,0.0
10,dond,Bentel rockers__qwen3.5-4b__Bentel_iter_2,coop_en,instance_00006,Request Count,2.0
11,dond,Bentel rockers__qwen3.5-4b__Bentel_iter_2,coop_en,instance_00006,Parsed Request Count,1.0
12,dond,Bentel rockers__qwen3.5-4b__Bentel_iter_2,coop_en,instance_00006,Violated Request Count,1.0
13,dond,Bentel rockers__qwen3.5-4b__Bentel_iter_2,coop_en,instance_00006,Request Success Ratio,0.5
14,dond,Bentel rockers__qwen3.5-4b__Bentel_iter_2,coop_en,instance_00006,Aborted,1.0
15,dond,Bentel rockers__qwen3.5-4b__Bentel_iter_2,coop_en,instance_00006,Lose,0.0
16,dond,Bentel rockers__qwen3.5-4b__Bentel_iter_2,coop_en,instance_00006,Success,0.0
17,dond,Bentel rockers__qwen3.5-4b__Bentel_iter_2,coop_en,instance_00006,Main Score,
18,dond,Bentel rockers__qwen3.5-4b__Bentel_iter_2,semi_en,instance_00015,Request Count,2.0
19,dond,Bentel rockers__qwen3.5-4b__Bentel_iter_2,semi_en,instance_00015,Parsed Request Count,2.0
20,dond,Bentel rockers__qwen3.5-4b__Bentel_iter_2,semi_en,instance_00015,Violated Request Count,0.0
21,dond,Bentel rockers__qwen3.5-4b__Bentel_iter_2,semi_en,instance_00015,Request Success Ratio,1.0
22,dond,Bentel rockers__qwen3.5-4b__Bentel_iter_2,semi_en,instance_00015,Aborted,0.0
23,dond,Bentel rockers__qwen3.5-4b__Bentel_iter_2,semi_en,instance_00015,Lose,1.0
24,dond,Bentel rockers__qwen3.5-4b__Bentel_iter_2,semi_en,instance_00015,Success,0.0
25,dond,Bentel rockers__qwen3.5-4b__Bentel_iter_2,semi_en,instance_00015,Main Score,0.0
26,dond,Bentel rockers__qwen3.5-4b__Bentel_iter_2,semi_en,instance_00015,Sum of Points,0.0
27,dond,Bentel rockers__qwen3.5-4b__Bentel_iter_2,semi_en,instance_00015,Pareto Optimal,0.0
28,dond,Bentel rockers__qwen3.5-4b__Bentel_iter_2,semi_en,instance_00001,Request Count,2.0
29,dond,Bentel rockers__qwen3.5-4b__Bentel_iter_2,semi_en,instance_00001,Parsed Request Count,2.0
30,dond,Bentel rockers__qwen3.5-4b__Bentel_iter_2,semi_en,instance_00001,Violated Request Count,0.0
31,dond,Bentel rockers__qwen3.5-4b__Bentel_iter_2,semi_en,instance_00001,Request Success Ratio,1.0
32,dond,Bentel rockers__qwen3.5-4b__Bentel_iter_2,semi_en,instance_00001,Aborted,0.0
33,dond,Bentel rockers__qwen3.5-4b__Bentel_iter_2,semi_en,instance_00001,Lose,1.0
34,dond,Bentel rockers__qwen3.5-4b__Bentel_iter_2,semi_en,instance_00001,Success,0.0
35,dond,Bentel rockers__qwen3.5-4b__Bentel_iter_2,semi_en,instance_00001,Main Score,0.0
36,dond,Bentel rockers__qwen3.5-4b__Bentel_iter_2,semi_en,instance_00001,Sum of Points,0.0
37,dond,Bentel rockers__qwen3.5-4b__Bentel_iter_2,semi_en,instance_00001,Pareto Optimal,0.0
38,wordle,Bentel rockers__qwen3.5-4b__Bentel_iter_2,medium_frequency_words_no_clue_no_critic,instance_00014,Aborted,1.0
39,wordle,Bentel rockers__qwen3.5-4b__Bentel_iter_2,medium_frequency_words_no_clue_no_critic,instance_00014,Lose,0.0
40,wordle,Bentel rockers__qwen3.5-4b__Bentel_iter_2,medium_frequency_words_no_clue_no_critic,instance_00014,Success,0.0
41,wordle,Bentel rockers__qwen3.5-4b__Bentel_iter_2,medium_frequency_words_no_clue_no_critic,instance_00014,Request Count,2.0
42,wordle,Bentel rockers__qwen3.5-4b__Bentel_iter_2,medium_frequency_words_no_clue_no_critic,instance_00014,Parsed Request Count,1.0
43,wordle,Bentel rockers__qwen3.5-4b__Bentel_iter_2,medium_frequency_words_no_clue_no_critic,instance_00014,Violated Request Count,1.0
44,wordle,Bentel rockers__qwen3.5-4b__Bentel_iter_2,medium_frequency_words_no_clue_no_critic,instance_00014,Request Success Ratio,0.5
45,wordle,Bentel rockers__qwen3.5-4b__Bentel_iter_2,medium_frequency_words_no_clue_no_critic,instance_00014,Main Score,
46,wordle,Bentel rockers__qwen3.5-4b__Bentel_iter_2,medium_frequency_words_no_clue_no_critic,instance_00014,Guess Repetitions,
47,wordle,Bentel rockers__qwen3.5-4b__Bentel_iter_2,medium_frequency_words_no_clue_no_critic,instance_00007,Aborted,1.0
48,wordle,Bentel rockers__qwen3.5-4b__Bentel_iter_2,medium_frequency_words_no_clue_no_critic,instance_00007,Lose,0.0
49,wordle,Bentel rockers__qwen3.5-4b__Bentel_iter_2,medium_frequency_words_no_clue_no_critic,instance_00007,Success,0.0
50,wordle,Bentel rockers__qwen3.5-4b__Bentel_iter_2,medium_frequency_words_no_clue_no_critic,instance_00007,Request Count,2.0
51,wordle,Bentel rockers__qwen3.5-4b__Bentel_iter_2,medium_frequency_words_no_clue_no_critic,instance_00007,Parsed Request Count,1.0
52,wordle,Bentel rockers__qwen3.5-4b__Bentel_iter_2,medium_frequency_words_no_clue_no_critic,instance_00007,Violated Request Count,1.0
53,wordle,Bentel rockers__qwen3.5-4b__Bentel_iter_2,medium_frequency_words_no_clue_no_critic,instance_00007,Request Success Ratio,0.5
54,wordle,Bentel rockers__qwen3.5-4b__Bentel_iter_2,medium_frequency_words_no_clue_no_critic,instance_00007,Main Score,
55,wordle,Bentel rockers__qwen3.5-4b__Bentel_iter_2,medium_frequency_words_no_clue_no_critic,instance_00007,Guess Repetitions,
56,wordle,Bentel rockers__qwen3.5-4b__Bentel_iter_2,high_frequency_words_no_clue_no_critic,instance_00007,Aborted,0.0
57,wordle,Bentel rockers__qwen3.5-4b__Bentel_iter_2,high_frequency_words_no_clue_no_critic,instance_00007,Lose,1.0
58,wordle,Bentel rockers__qwen3.5-4b__Bentel_iter_2,high_frequency_words_no_clue_no_critic,instance_00007,Success,0.0
59,wordle,Bentel rockers__qwen3.5-4b__Bentel_iter_2,high_frequency_words_no_clue_no_critic,instance_00007,Request Count,7.0
60,wordle,Bentel rockers__qwen3.5-4b__Bentel_iter_2,high_frequency_words_no_clue_no_critic,instance_00007,Parsed Request Count,7.0
61,wordle,Bentel rockers__qwen3.5-4b__Bentel_iter_2,high_frequency_words_no_clue_no_critic,instance_00007,Violated Request Count,0.0
62,wordle,Bentel rockers__qwen3.5-4b__Bentel_iter_2,high_frequency_words_no_clue_no_critic,instance_00007,Request Success Ratio,1.0
63,wordle,Bentel rockers__qwen3.5-4b__Bentel_iter_2,high_frequency_words_no_clue_no_critic,instance_00007,Main Score,0.0
64,wordle,Bentel rockers__qwen3.5-4b__Bentel_iter_2,high_frequency_words_no_clue_no_critic,instance_00007,Guess Repetitions,2.0
65,guesswhat,Bentel rockers__qwen3.5-4b__Bentel_iter_2,Abs_Level_3,instance_00008,Violated Request Count,0.0
66,guesswhat,Bentel rockers__qwen3.5-4b__Bentel_iter_2,Abs_Level_3,instance_00008,Parsed Request Count,5.0
67,guesswhat,Bentel rockers__qwen3.5-4b__Bentel_iter_2,Abs_Level_3,instance_00008,Request Count,5.0
68,guesswhat,Bentel rockers__qwen3.5-4b__Bentel_iter_2,Abs_Level_3,instance_00008,Request Success Ratio,1.0
69,guesswhat,Bentel rockers__qwen3.5-4b__Bentel_iter_2,Abs_Level_3,instance_00008,Aborted,0.0
70,guesswhat,Bentel rockers__qwen3.5-4b__Bentel_iter_2,Abs_Level_3,instance_00008,Success,0.0
71,guesswhat,Bentel rockers__qwen3.5-4b__Bentel_iter_2,Abs_Level_3,instance_00008,Lose,1.0
72,guesswhat,Bentel rockers__qwen3.5-4b__Bentel_iter_2,Abs_Level_3,instance_00008,Main Score,0.0
73,guesswhat,Bentel rockers__qwen3.5-4b__Bentel_iter_2,Abs_Level_3,instance_00008,Invalid format guesser response,0.0
74,guesswhat,Bentel rockers__qwen3.5-4b__Bentel_iter_2,Abs_Level_3,instance_00008,Invalid format answerer response,0.0
75,guesswhat,Bentel rockers__qwen3.5-4b__Bentel_iter_2,Abs_Level_3,instance_00008,Invalid content guesser response,0.0
76,guesswhat,Bentel rockers__qwen3.5-4b__Bentel_iter_2,Abs_Level_3,instance_00008,Invalid content answerer response,0.0
77,guesswhat,Bentel rockers__qwen3.5-4b__Bentel_iter_2,Abs_Level_2,instance_00007,Violated Request Count,0.0
78,guesswhat,Bentel rockers__qwen3.5-4b__Bentel_iter_2,Abs_Level_2,instance_00007,Parsed Request Count,4.0
79,guesswhat,Bentel rockers__qwen3.5-4b__Bentel_iter_2,Abs_Level_2,instance_00007,Request Count,4.0
80,guesswhat,Bentel rockers__qwen3.5-4b__Bentel_iter_2,Abs_Level_2,instance_00007,Request Success Ratio,1.0
81,guesswhat,Bentel rockers__qwen3.5-4b__Bentel_iter_2,Abs_Level_2,instance_00007,Aborted,0.0
82,guesswhat,Bentel rockers__qwen3.5-4b__Bentel_iter_2,Abs_Level_2,instance_00007,Success,0.0
83,guesswhat,Bentel rockers__qwen3.5-4b__Bentel_iter_2,Abs_Level_2,instance_00007,Lose,1.0
84,guesswhat,Bentel rockers__qwen3.5-4b__Bentel_iter_2,Abs_Level_2,instance_00007,Main Score,0.0
85,guesswhat,Bentel rockers__qwen3.5-4b__Bentel_iter_2,Abs_Level_2,instance_00007,Invalid format guesser response,0.0
86,guesswhat,Bentel rockers__qwen3.5-4b__Bentel_iter_2,Abs_Level_2,instance_00007,Invalid format answerer response,0.0
87,guesswhat,Bentel rockers__qwen3.5-4b__Bentel_iter_2,Abs_Level_2,instance_00007,Invalid content guesser response,0.0
88,guesswhat,Bentel rockers__qwen3.5-4b__Bentel_iter_2,Abs_Level_2,instance_00007,Invalid content answerer response,0.0
89,guesswhat,Bentel rockers__qwen3.5-4b__Bentel_iter_2,Abs_Level_1,instance_00002,Violated Request Count,0.0
90,guesswhat,Bentel rockers__qwen3.5-4b__Bentel_iter_2,Abs_Level_1,instance_00002,Parsed Request Count,3.0
91,guesswhat,Bentel rockers__qwen3.5-4b__Bentel_iter_2,Abs_Level_1,instance_00002,Request Count,3.0
92,guesswhat,Bentel rockers__qwen3.5-4b__Bentel_iter_2,Abs_Level_1,instance_00002,Request Success Ratio,1.0
93,guesswhat,Bentel rockers__qwen3.5-4b__Bentel_iter_2,Abs_Level_1,instance_00002,Aborted,0.0
94,guesswhat,Bentel rockers__qwen3.5-4b__Bentel_iter_2,Abs_Level_1,instance_00002,Success,0.0
95,guesswhat,Bentel rockers__qwen3.5-4b__Bentel_iter_2,Abs_Level_1,instance_00002,Lose,1.0
96,guesswhat,Bentel rockers__qwen3.5-4b__Bentel_iter_2,Abs_Level_1,instance_00002,Main Score,0.0
97,guesswhat,Bentel rockers__qwen3.5-4b__Bentel_iter_2,Abs_Level_1,instance_00002,Invalid format guesser response,0.0
98,guesswhat,Bentel rockers__qwen3.5-4b__Bentel_iter_2,Abs_Level_1,instance_00002,Invalid format answerer response,0.0
99,guesswhat,Bentel rockers__qwen3.5-4b__Bentel_iter_2,Abs_Level_1,instance_00002,Invalid content guesser response,0.0
100,guesswhat,Bentel rockers__qwen3.5-4b__Bentel_iter_2,Abs_Level_1,instance_00002,Invalid content answerer response,0.0
101,guesswhat,Bentel rockers__qwen3.5-4b__Bentel_iter_2,Level_1,instance_00002,Violated Request Count,0.0
102,guesswhat,Bentel rockers__qwen3.5-4b__Bentel_iter_2,Level_1,instance_00002,Parsed Request Count,3.0
103,guesswhat,Bentel rockers__qwen3.5-4b__Bentel_iter_2,Level_1,instance_00002,Request Count,3.0
104,guesswhat,Bentel rockers__qwen3.5-4b__Bentel_iter_2,Level_1,instance_00002,Request Success Ratio,1.0
105,guesswhat,Bentel rockers__qwen3.5-4b__Bentel_iter_2,Level_1,instance_00002,Aborted,0.0
106,guesswhat,Bentel rockers__qwen3.5-4b__Bentel_iter_2,Level_1,instance_00002,Success,0.0
107,guesswhat,Bentel rockers__qwen3.5-4b__Bentel_iter_2,Level_1,instance_00002,Lose,1.0
108,guesswhat,Bentel rockers__qwen3.5-4b__Bentel_iter_2,Level_1,instance_00002,Main Score,0.0
109,guesswhat,Bentel rockers__qwen3.5-4b__Bentel_iter_2,Level_1,instance_00002,Invalid format guesser response,0.0
110,guesswhat,Bentel rockers__qwen3.5-4b__Bentel_iter_2,Level_1,instance_00002,Invalid format answerer response,0.0
111,guesswhat,Bentel rockers__qwen3.5-4b__Bentel_iter_2,Level_1,instance_00002,Invalid content guesser response,0.0
112,guesswhat,Bentel rockers__qwen3.5-4b__Bentel_iter_2,Level_1,instance_00002,Invalid content answerer response,0.0
113,guesswhat,Bentel rockers__qwen3.5-4b__Bentel_iter_2,Level_2,instance_00009,Violated Request Count,0.0
114,guesswhat,Bentel rockers__qwen3.5-4b__Bentel_iter_2,Level_2,instance_00009,Parsed Request Count,4.0
115,guesswhat,Bentel rockers__qwen3.5-4b__Bentel_iter_2,Level_2,instance_00009,Request Count,4.0
116,guesswhat,Bentel rockers__qwen3.5-4b__Bentel_iter_2,Level_2,instance_00009,Request Success Ratio,1.0
117,guesswhat,Bentel rockers__qwen3.5-4b__Bentel_iter_2,Level_2,instance_00009,Aborted,0.0
118,guesswhat,Bentel rockers__qwen3.5-4b__Bentel_iter_2,Level_2,instance_00009,Success,0.0
119,guesswhat,Bentel rockers__qwen3.5-4b__Bentel_iter_2,Level_2,instance_00009,Lose,1.0
120,guesswhat,Bentel rockers__qwen3.5-4b__Bentel_iter_2,Level_2,instance_00009,Main Score,0.0
121,guesswhat,Bentel rockers__qwen3.5-4b__Bentel_iter_2,Level_2,instance_00009,Invalid format guesser response,0.0
122,guesswhat,Bentel rockers__qwen3.5-4b__Bentel_iter_2,Level_2,instance_00009,Invalid format answerer response,0.0
123,guesswhat,Bentel rockers__qwen3.5-4b__Bentel_iter_2,Level_2,instance_00009,Invalid content guesser response,0.0
124,guesswhat,Bentel rockers__qwen3.5-4b__Bentel_iter_2,Level_2,instance_00009,Invalid content answerer response,0.0
125,guesswhat,Bentel rockers__qwen3.5-4b__Bentel_iter_2,Level_3,instance_00008,Violated Request Count,0.0
126,guesswhat,Bentel rockers__qwen3.5-4b__Bentel_iter_2,Level_3,instance_00008,Parsed Request Count,6.0
127,guesswhat,Bentel rockers__qwen3.5-4b__Bentel_iter_2,Level_3,instance_00008,Request Count,6.0
128,guesswhat,Bentel rockers__qwen3.5-4b__Bentel_iter_2,Level_3,instance_00008,Request Success Ratio,1.0
129,guesswhat,Bentel rockers__qwen3.5-4b__Bentel_iter_2,Level_3,instance_00008,Aborted,0.0
130,guesswhat,Bentel rockers__qwen3.5-4b__Bentel_iter_2,Level_3,instance_00008,Success,0.0
131,guesswhat,Bentel rockers__qwen3.5-4b__Bentel_iter_2,Level_3,instance_00008,Lose,1.0
132,guesswhat,Bentel rockers__qwen3.5-4b__Bentel_iter_2,Level_3,instance_00008,Main Score,0.0
133,guesswhat,Bentel rockers__qwen3.5-4b__Bentel_iter_2,Level_3,instance_00008,Invalid format guesser response,0.0
134,guesswhat,Bentel rockers__qwen3.5-4b__Bentel_iter_2,Level_3,instance_00008,Invalid format answerer response,0.0
135,guesswhat,Bentel rockers__qwen3.5-4b__Bentel_iter_2,Level_3,instance_00008,Invalid content guesser response,0.0
136,guesswhat,Bentel rockers__qwen3.5-4b__Bentel_iter_2,Level_3,instance_00008,Invalid content answerer response,0.0
137,privateshared,Bentel rockers__qwen3.5-4b__Bentel_iter_2,things-places,instance_00003,Middle-Accuracy,0.5333333333333333
138,privateshared,Bentel rockers__qwen3.5-4b__Bentel_iter_2,things-places,instance_00003,Accuracy,0.5
139,privateshared,Bentel rockers__qwen3.5-4b__Bentel_iter_2,things-places,instance_00003,Kappa,0.0
140,privateshared,Bentel rockers__qwen3.5-4b__Bentel_iter_2,things-places,instance_00003,Truncated Kappa,0.0
141,privateshared,Bentel rockers__qwen3.5-4b__Bentel_iter_2,things-places,instance_00003,Slot-Filling-Accuracy,1.0
142,privateshared,Bentel rockers__qwen3.5-4b__Bentel_iter_2,things-places,instance_00003,Main Score,0.0
143,privateshared,Bentel rockers__qwen3.5-4b__Bentel_iter_2,things-places,instance_00003,Aborted,0.0
144,privateshared,Bentel rockers__qwen3.5-4b__Bentel_iter_2,things-places,instance_00003,Lose,1.0
145,privateshared,Bentel rockers__qwen3.5-4b__Bentel_iter_2,things-places,instance_00003,Success,0.0
146,privateshared,Bentel rockers__qwen3.5-4b__Bentel_iter_2,things-places,instance_00003,Request Count,255.0
147,privateshared,Bentel rockers__qwen3.5-4b__Bentel_iter_2,things-places,instance_00003,Parsed Request Count,255.0
148,privateshared,Bentel rockers__qwen3.5-4b__Bentel_iter_2,things-places,instance_00003,Violated Request Count,0.0
149,privateshared,Bentel rockers__qwen3.5-4b__Bentel_iter_2,things-places,instance_00003,Request Success Ratio,1.0
150,privateshared,Bentel rockers__qwen3.5-4b__Bentel_iter_2,restaurant,instance_00007,Middle-Accuracy,0.8
151,privateshared,Bentel rockers__qwen3.5-4b__Bentel_iter_2,restaurant,instance_00007,Accuracy,0.7333333333333333
152,privateshared,Bentel rockers__qwen3.5-4b__Bentel_iter_2,restaurant,instance_00007,Kappa,0.4666666666666667
153,privateshared,Bentel rockers__qwen3.5-4b__Bentel_iter_2,restaurant,instance_00007,Truncated Kappa,0.4666666666666667
154,privateshared,Bentel rockers__qwen3.5-4b__Bentel_iter_2,restaurant,instance_00007,Slot-Filling-Accuracy,1.0
155,privateshared,Bentel rockers__qwen3.5-4b__Bentel_iter_2,restaurant,instance_00007,Main Score,63.63636363636363
156,privateshared,Bentel rockers__qwen3.5-4b__Bentel_iter_2,restaurant,instance_00007,Aborted,0.0
157,privateshared,Bentel rockers__qwen3.5-4b__Bentel_iter_2,restaurant,instance_00007,Lose,1.0
158,privateshared,Bentel rockers__qwen3.5-4b__Bentel_iter_2,restaurant,instance_00007,Success,0.0
159,privateshared,Bentel rockers__qwen3.5-4b__Bentel_iter_2,restaurant,instance_00007,Request Count,35.0
160,privateshared,Bentel rockers__qwen3.5-4b__Bentel_iter_2,restaurant,instance_00007,Parsed Request Count,35.0
161,privateshared,Bentel rockers__qwen3.5-4b__Bentel_iter_2,restaurant,instance_00007,Violated Request Count,0.0
162,privateshared,Bentel rockers__qwen3.5-4b__Bentel_iter_2,restaurant,instance_00007,Request Success Ratio,1.0
163,privateshared,Bentel rockers__qwen3.5-4b__Bentel_iter_2,travel-booking,instance_00009,Middle-Accuracy,0.6
164,privateshared,Bentel rockers__qwen3.5-4b__Bentel_iter_2,travel-booking,instance_00009,Accuracy,0.5666666666666667
165,privateshared,Bentel rockers__qwen3.5-4b__Bentel_iter_2,travel-booking,instance_00009,Kappa,0.1333333333333333
166,privateshared,Bentel rockers__qwen3.5-4b__Bentel_iter_2,travel-booking,instance_00009,Truncated Kappa,0.1333333333333333
167,privateshared,Bentel rockers__qwen3.5-4b__Bentel_iter_2,travel-booking,instance_00009,Slot-Filling-Accuracy,1.0
168,privateshared,Bentel rockers__qwen3.5-4b__Bentel_iter_2,travel-booking,instance_00009,Main Score,23.529411764705877
169,privateshared,Bentel rockers__qwen3.5-4b__Bentel_iter_2,travel-booking,instance_00009,Aborted,0.0
170,privateshared,Bentel rockers__qwen3.5-4b__Bentel_iter_2,travel-booking,instance_00009,Lose,1.0
171,privateshared,Bentel rockers__qwen3.5-4b__Bentel_iter_2,travel-booking,instance_00009,Success,0.0
172,privateshared,Bentel rockers__qwen3.5-4b__Bentel_iter_2,travel-booking,instance_00009,Request Count,35.0
173,privateshared,Bentel rockers__qwen3.5-4b__Bentel_iter_2,travel-booking,instance_00009,Parsed Request Count,35.0
174,privateshared,Bentel rockers__qwen3.5-4b__Bentel_iter_2,travel-booking,instance_00009,Violated Request Count,0.0
175,privateshared,Bentel rockers__qwen3.5-4b__Bentel_iter_2,travel-booking,instance_00009,Request Success Ratio,1.0
176,privateshared,Bentel rockers__qwen3.5-4b__Bentel_iter_2,job-interview,instance_00008,Middle-Accuracy,0.6
177,privateshared,Bentel rockers__qwen3.5-4b__Bentel_iter_2,job-interview,instance_00008,Accuracy,0.5
178,privateshared,Bentel rockers__qwen3.5-4b__Bentel_iter_2,job-interview,instance_00008,Kappa,0.0
179,privateshared,Bentel rockers__qwen3.5-4b__Bentel_iter_2,job-interview,instance_00008,Truncated Kappa,0.0
180,privateshared,Bentel rockers__qwen3.5-4b__Bentel_iter_2,job-interview,instance_00008,Slot-Filling-Accuracy,0.8
181,privateshared,Bentel rockers__qwen3.5-4b__Bentel_iter_2,job-interview,instance_00008,Main Score,0.0
182,privateshared,Bentel rockers__qwen3.5-4b__Bentel_iter_2,job-interview,instance_00008,Aborted,0.0
183,privateshared,Bentel rockers__qwen3.5-4b__Bentel_iter_2,job-interview,instance_00008,Lose,1.0
184,privateshared,Bentel rockers__qwen3.5-4b__Bentel_iter_2,job-interview,instance_00008,Success,0.0
185,privateshared,Bentel rockers__qwen3.5-4b__Bentel_iter_2,job-interview,instance_00008,Request Count,35.0
186,privateshared,Bentel rockers__qwen3.5-4b__Bentel_iter_2,job-interview,instance_00008,Parsed Request Count,35.0
187,privateshared,Bentel rockers__qwen3.5-4b__Bentel_iter_2,job-interview,instance_00008,Violated Request Count,0.0
188,privateshared,Bentel rockers__qwen3.5-4b__Bentel_iter_2,job-interview,instance_00008,Request Success Ratio,1.0
189,privateshared,Bentel rockers__qwen3.5-4b__Bentel_iter_2,letter-number,instance_00009,Middle-Accuracy,0.6
190,privateshared,Bentel rockers__qwen3.5-4b__Bentel_iter_2,letter-number,instance_00009,Accuracy,0.5
191,privateshared,Bentel rockers__qwen3.5-4b__Bentel_iter_2,letter-number,instance_00009,Kappa,0.0
192,privateshared,Bentel rockers__qwen3.5-4b__Bentel_iter_2,letter-number,instance_00009,Truncated Kappa,0.0
193,privateshared,Bentel rockers__qwen3.5-4b__Bentel_iter_2,letter-number,instance_00009,Slot-Filling-Accuracy,1.0
194,privateshared,Bentel rockers__qwen3.5-4b__Bentel_iter_2,letter-number,instance_00009,Main Score,0.0
195,privateshared,Bentel rockers__qwen3.5-4b__Bentel_iter_2,letter-number,instance_00009,Aborted,0.0
196,privateshared,Bentel rockers__qwen3.5-4b__Bentel_iter_2,letter-number,instance_00009,Lose,1.0
197,privateshared,Bentel rockers__qwen3.5-4b__Bentel_iter_2,letter-number,instance_00009,Success,0.0
198,privateshared,Bentel rockers__qwen3.5-4b__Bentel_iter_2,letter-number,instance_00009,Request Count,120.0
199,privateshared,Bentel rockers__qwen3.5-4b__Bentel_iter_2,letter-number,instance_00009,Parsed Request Count,120.0
200,privateshared,Bentel rockers__qwen3.5-4b__Bentel_iter_2,letter-number,instance_00009,Violated Request Count,0.0
201,privateshared,Bentel rockers__qwen3.5-4b__Bentel_iter_2,letter-number,instance_00009,Request Success Ratio,1.0
202,wordle_withcritic,Bentel rockers__qwen3.5-4b__Bentel_iter_2,medium_frequency_words_clue_with_critic,instance_00004,Aborted,1.0
203,wordle_withcritic,Bentel rockers__qwen3.5-4b__Bentel_iter_2,medium_frequency_words_clue_with_critic,instance_00004,Lose,0.0
204,wordle_withcritic,Bentel rockers__qwen3.5-4b__Bentel_iter_2,medium_frequency_words_clue_with_critic,instance_00004,Success,0.0
205,wordle_withcritic,Bentel rockers__qwen3.5-4b__Bentel_iter_2,medium_frequency_words_clue_with_critic,instance_00004,Request Count,1.0
206,wordle_withcritic,Bentel rockers__qwen3.5-4b__Bentel_iter_2,medium_frequency_words_clue_with_critic,instance_00004,Parsed Request Count,0.0
207,wordle_withcritic,Bentel rockers__qwen3.5-4b__Bentel_iter_2,medium_frequency_words_clue_with_critic,instance_00004,Violated Request Count,1.0
208,wordle_withcritic,Bentel rockers__qwen3.5-4b__Bentel_iter_2,medium_frequency_words_clue_with_critic,instance_00004,Request Success Ratio,0.0
209,wordle_withcritic,Bentel rockers__qwen3.5-4b__Bentel_iter_2,medium_frequency_words_clue_with_critic,instance_00004,Main Score,
210,wordle_withcritic,Bentel rockers__qwen3.5-4b__Bentel_iter_2,medium_frequency_words_clue_with_critic,instance_00004,Guess Repetitions,
211,wordle_withcritic,Bentel rockers__qwen3.5-4b__Bentel_iter_2,medium_frequency_words_clue_with_critic,instance_00004,Repetition-Guesser-On-Critic-Agreement,
212,wordle_withcritic,Bentel rockers__qwen3.5-4b__Bentel_iter_2,medium_frequency_words_clue_with_critic,instance_00004,Non-Repetition-Guesser-On-Critic-Agreement,
213,wordle_withcritic,Bentel rockers__qwen3.5-4b__Bentel_iter_2,medium_frequency_words_clue_with_critic,instance_00004,Repetition-Guesser-On-Critic-Disagreement,
214,wordle_withcritic,Bentel rockers__qwen3.5-4b__Bentel_iter_2,medium_frequency_words_clue_with_critic,instance_00004,Non-Repetition-Guesser-On-Critic-Disagreement,
215,wordle_withcritic,Bentel rockers__qwen3.5-4b__Bentel_iter_2,medium_frequency_words_clue_with_critic,instance_00019,Aborted,1.0
216,wordle_withcritic,Bentel rockers__qwen3.5-4b__Bentel_iter_2,medium_frequency_words_clue_with_critic,instance_00019,Lose,0.0
217,wordle_withcritic,Bentel rockers__qwen3.5-4b__Bentel_iter_2,medium_frequency_words_clue_with_critic,instance_00019,Success,0.0
218,wordle_withcritic,Bentel rockers__qwen3.5-4b__Bentel_iter_2,medium_frequency_words_clue_with_critic,instance_00019,Request Count,1.0
219,wordle_withcritic,Bentel rockers__qwen3.5-4b__Bentel_iter_2,medium_frequency_words_clue_with_critic,instance_00019,Parsed Request Count,0.0
220,wordle_withcritic,Bentel rockers__qwen3.5-4b__Bentel_iter_2,medium_frequency_words_clue_with_critic,instance_00019,Violated Request Count,1.0
221,wordle_withcritic,Bentel rockers__qwen3.5-4b__Bentel_iter_2,medium_frequency_words_clue_with_critic,instance_00019,Request Success Ratio,0.0
222,wordle_withcritic,Bentel rockers__qwen3.5-4b__Bentel_iter_2,medium_frequency_words_clue_with_critic,instance_00019,Main Score,
223,wordle_withcritic,Bentel rockers__qwen3.5-4b__Bentel_iter_2,medium_frequency_words_clue_with_critic,instance_00019,Guess Repetitions,
224,wordle_withcritic,Bentel rockers__qwen3.5-4b__Bentel_iter_2,medium_frequency_words_clue_with_critic,instance_00019,Repetition-Guesser-On-Critic-Agreement,
225,wordle_withcritic,Bentel rockers__qwen3.5-4b__Bentel_iter_2,medium_frequency_words_clue_with_critic,instance_00019,Non-Repetition-Guesser-On-Critic-Agreement,
226,wordle_withcritic,Bentel rockers__qwen3.5-4b__Bentel_iter_2,medium_frequency_words_clue_with_critic,instance_00019,Repetition-Guesser-On-Critic-Disagreement,
227,wordle_withcritic,Bentel rockers__qwen3.5-4b__Bentel_iter_2,medium_frequency_words_clue_with_critic,instance_00019,Non-Repetition-Guesser-On-Critic-Disagreement,
228,wordle_withcritic,Bentel rockers__qwen3.5-4b__Bentel_iter_2,high_frequency_words_clue_with_critic,instance_00002,Aborted,1.0
229,wordle_withcritic,Bentel rockers__qwen3.5-4b__Bentel_iter_2,high_frequency_words_clue_with_critic,instance_00002,Lose,0.0
230,wordle_withcritic,Bentel rockers__qwen3.5-4b__Bentel_iter_2,high_frequency_words_clue_with_critic,instance_00002,Success,0.0
231,wordle_withcritic,Bentel rockers__qwen3.5-4b__Bentel_iter_2,high_frequency_words_clue_with_critic,instance_00002,Request Count,2.0
232,wordle_withcritic,Bentel rockers__qwen3.5-4b__Bentel_iter_2,high_frequency_words_clue_with_critic,instance_00002,Parsed Request Count,1.0
233,wordle_withcritic,Bentel rockers__qwen3.5-4b__Bentel_iter_2,high_frequency_words_clue_with_critic,instance_00002,Violated Request Count,1.0
234,wordle_withcritic,Bentel rockers__qwen3.5-4b__Bentel_iter_2,high_frequency_words_clue_with_critic,instance_00002,Request Success Ratio,0.5
235,wordle_withcritic,Bentel rockers__qwen3.5-4b__Bentel_iter_2,high_frequency_words_clue_with_critic,instance_00002,Main Score,
236,wordle_withcritic,Bentel rockers__qwen3.5-4b__Bentel_iter_2,high_frequency_words_clue_with_critic,instance_00002,Guess Repetitions,
237,wordle_withcritic,Bentel rockers__qwen3.5-4b__Bentel_iter_2,high_frequency_words_clue_with_critic,instance_00002,Repetition-Guesser-On-Critic-Agreement,
238,wordle_withcritic,Bentel rockers__qwen3.5-4b__Bentel_iter_2,high_frequency_words_clue_with_critic,instance_00002,Non-Repetition-Guesser-On-Critic-Agreement,
239,wordle_withcritic,Bentel rockers__qwen3.5-4b__Bentel_iter_2,high_frequency_words_clue_with_critic,instance_00002,Repetition-Guesser-On-Critic-Disagreement,
240,wordle_withcritic,Bentel rockers__qwen3.5-4b__Bentel_iter_2,high_frequency_words_clue_with_critic,instance_00002,Non-Repetition-Guesser-On-Critic-Disagreement,
241,taboo,Bentel rockers__qwen3.5-4b__Bentel_iter_2,high_en,instance_00016,Violated Request Count,0.0
242,taboo,Bentel rockers__qwen3.5-4b__Bentel_iter_2,high_en,instance_00016,Parsed Request Count,1.0
243,taboo,Bentel rockers__qwen3.5-4b__Bentel_iter_2,high_en,instance_00016,Request Count,1.0
244,taboo,Bentel rockers__qwen3.5-4b__Bentel_iter_2,high_en,instance_00016,Request Success Ratio,1.0
245,taboo,Bentel rockers__qwen3.5-4b__Bentel_iter_2,high_en,instance_00016,Aborted,0.0
246,taboo,Bentel rockers__qwen3.5-4b__Bentel_iter_2,high_en,instance_00016,Success,1.0
247,taboo,Bentel rockers__qwen3.5-4b__Bentel_iter_2,high_en,instance_00016,Lose,0.0
248,taboo,Bentel rockers__qwen3.5-4b__Bentel_iter_2,high_en,instance_00016,Main Score,100.0
249,taboo,Bentel rockers__qwen3.5-4b__Bentel_iter_2,high_en,instance_00016,Repetition-Guesser,0.0
250,taboo,Bentel rockers__qwen3.5-4b__Bentel_iter_2,high_en,instance_00016,Repetition-Describer,0.0
251,taboo,Bentel rockers__qwen3.5-4b__Bentel_iter_2,high_en,instance_00010,Violated Request Count,0.0
252,taboo,Bentel rockers__qwen3.5-4b__Bentel_iter_2,high_en,instance_00010,Parsed Request Count,1.0
253,taboo,Bentel rockers__qwen3.5-4b__Bentel_iter_2,high_en,instance_00010,Request Count,1.0
254,taboo,Bentel rockers__qwen3.5-4b__Bentel_iter_2,high_en,instance_00010,Request Success Ratio,1.0
255,taboo,Bentel rockers__qwen3.5-4b__Bentel_iter_2,high_en,instance_00010,Aborted,0.0
256,taboo,Bentel rockers__qwen3.5-4b__Bentel_iter_2,high_en,instance_00010,Success,1.0
257,taboo,Bentel rockers__qwen3.5-4b__Bentel_iter_2,high_en,instance_00010,Lose,0.0
258,taboo,Bentel rockers__qwen3.5-4b__Bentel_iter_2,high_en,instance_00010,Main Score,100.0
259,taboo,Bentel rockers__qwen3.5-4b__Bentel_iter_2,high_en,instance_00010,Repetition-Guesser,0.0
260,taboo,Bentel rockers__qwen3.5-4b__Bentel_iter_2,high_en,instance_00010,Repetition-Describer,0.0
261,taboo,Bentel rockers__qwen3.5-4b__Bentel_iter_2,low_en,instance_00018,Violated Request Count,0.0
262,taboo,Bentel rockers__qwen3.5-4b__Bentel_iter_2,low_en,instance_00018,Parsed Request Count,2.0
263,taboo,Bentel rockers__qwen3.5-4b__Bentel_iter_2,low_en,instance_00018,Request Count,2.0
264,taboo,Bentel rockers__qwen3.5-4b__Bentel_iter_2,low_en,instance_00018,Request Success Ratio,1.0
265,taboo,Bentel rockers__qwen3.5-4b__Bentel_iter_2,low_en,instance_00018,Aborted,0.0
266,taboo,Bentel rockers__qwen3.5-4b__Bentel_iter_2,low_en,instance_00018,Success,0.0
267,taboo,Bentel rockers__qwen3.5-4b__Bentel_iter_2,low_en,instance_00018,Lose,1.0
268,taboo,Bentel rockers__qwen3.5-4b__Bentel_iter_2,low_en,instance_00018,Main Score,0.0
269,taboo,Bentel rockers__qwen3.5-4b__Bentel_iter_2,low_en,instance_00018,Repetition-Guesser,0.0
270,taboo,Bentel rockers__qwen3.5-4b__Bentel_iter_2,low_en,instance_00018,Repetition-Describer,0.0
271,taboo,Bentel rockers__qwen3.5-4b__Bentel_iter_2,low_en,instance_00012,Violated Request Count,0.0
272,taboo,Bentel rockers__qwen3.5-4b__Bentel_iter_2,low_en,instance_00012,Parsed Request Count,3.0
273,taboo,Bentel rockers__qwen3.5-4b__Bentel_iter_2,low_en,instance_00012,Request Count,3.0
274,taboo,Bentel rockers__qwen3.5-4b__Bentel_iter_2,low_en,instance_00012,Request Success Ratio,1.0
275,taboo,Bentel rockers__qwen3.5-4b__Bentel_iter_2,low_en,instance_00012,Aborted,0.0
276,taboo,Bentel rockers__qwen3.5-4b__Bentel_iter_2,low_en,instance_00012,Success,0.0
277,taboo,Bentel rockers__qwen3.5-4b__Bentel_iter_2,low_en,instance_00012,Lose,1.0
278,taboo,Bentel rockers__qwen3.5-4b__Bentel_iter_2,low_en,instance_00012,Main Score,0.0
279,taboo,Bentel rockers__qwen3.5-4b__Bentel_iter_2,low_en,instance_00012,Repetition-Guesser,0.0
280,taboo,Bentel rockers__qwen3.5-4b__Bentel_iter_2,low_en,instance_00012,Repetition-Describer,0.0
281,taboo,Bentel rockers__qwen3.5-4b__Bentel_iter_2,medium_en,instance_00007,Violated Request Count,0.0
282,taboo,Bentel rockers__qwen3.5-4b__Bentel_iter_2,medium_en,instance_00007,Parsed Request Count,1.0
283,taboo,Bentel rockers__qwen3.5-4b__Bentel_iter_2,medium_en,instance_00007,Request Count,1.0
284,taboo,Bentel rockers__qwen3.5-4b__Bentel_iter_2,medium_en,instance_00007,Request Success Ratio,1.0
285,taboo,Bentel rockers__qwen3.5-4b__Bentel_iter_2,medium_en,instance_00007,Aborted,0.0
286,taboo,Bentel rockers__qwen3.5-4b__Bentel_iter_2,medium_en,instance_00007,Success,1.0
287,taboo,Bentel rockers__qwen3.5-4b__Bentel_iter_2,medium_en,instance_00007,Lose,0.0
288,taboo,Bentel rockers__qwen3.5-4b__Bentel_iter_2,medium_en,instance_00007,Main Score,100.0
289,taboo,Bentel rockers__qwen3.5-4b__Bentel_iter_2,medium_en,instance_00007,Repetition-Guesser,0.0
290,taboo,Bentel rockers__qwen3.5-4b__Bentel_iter_2,medium_en,instance_00007,Repetition-Describer,0.0
291,taboo,Bentel rockers__qwen3.5-4b__Bentel_iter_2,medium_en,instance_00010,Violated Request Count,0.0
292,taboo,Bentel rockers__qwen3.5-4b__Bentel_iter_2,medium_en,instance_00010,Parsed Request Count,1.0
293,taboo,Bentel rockers__qwen3.5-4b__Bentel_iter_2,medium_en,instance_00010,Request Count,1.0
294,taboo,Bentel rockers__qwen3.5-4b__Bentel_iter_2,medium_en,instance_00010,Request Success Ratio,1.0
295,taboo,Bentel rockers__qwen3.5-4b__Bentel_iter_2,medium_en,instance_00010,Aborted,0.0
296,taboo,Bentel rockers__qwen3.5-4b__Bentel_iter_2,medium_en,instance_00010,Success,0.0
297,taboo,Bentel rockers__qwen3.5-4b__Bentel_iter_2,medium_en,instance_00010,Lose,1.0
298,taboo,Bentel rockers__qwen3.5-4b__Bentel_iter_2,medium_en,instance_00010,Main Score,0.0
299,taboo,Bentel rockers__qwen3.5-4b__Bentel_iter_2,medium_en,instance_00010,Repetition-Guesser,0.0
300,taboo,Bentel rockers__qwen3.5-4b__Bentel_iter_2,medium_en,instance_00010,Repetition-Describer,0.0
301,wordle_withclue,Bentel rockers__qwen3.5-4b__Bentel_iter_2,high_frequency_words_clue_no_critic,instance_00009,Aborted,0.0
302,wordle_withclue,Bentel rockers__qwen3.5-4b__Bentel_iter_2,high_frequency_words_clue_no_critic,instance_00009,Lose,1.0
303,wordle_withclue,Bentel rockers__qwen3.5-4b__Bentel_iter_2,high_frequency_words_clue_no_critic,instance_00009,Success,0.0
304,wordle_withclue,Bentel rockers__qwen3.5-4b__Bentel_iter_2,high_frequency_words_clue_no_critic,instance_00009,Request Count,6.0
305,wordle_withclue,Bentel rockers__qwen3.5-4b__Bentel_iter_2,high_frequency_words_clue_no_critic,instance_00009,Parsed Request Count,6.0
306,wordle_withclue,Bentel rockers__qwen3.5-4b__Bentel_iter_2,high_frequency_words_clue_no_critic,instance_00009,Violated Request Count,0.0
307,wordle_withclue,Bentel rockers__qwen3.5-4b__Bentel_iter_2,high_frequency_words_clue_no_critic,instance_00009,Request Success Ratio,1.0
308,wordle_withclue,Bentel rockers__qwen3.5-4b__Bentel_iter_2,high_frequency_words_clue_no_critic,instance_00009,Main Score,0.0
309,wordle_withclue,Bentel rockers__qwen3.5-4b__Bentel_iter_2,high_frequency_words_clue_no_critic,instance_00009,Guess Repetitions,3.0
310,wordle_withclue,Bentel rockers__qwen3.5-4b__Bentel_iter_2,medium_frequency_words_clue_no_critic,instance_00011,Aborted,0.0
311,wordle_withclue,Bentel rockers__qwen3.5-4b__Bentel_iter_2,medium_frequency_words_clue_no_critic,instance_00011,Lose,1.0
312,wordle_withclue,Bentel rockers__qwen3.5-4b__Bentel_iter_2,medium_frequency_words_clue_no_critic,instance_00011,Success,0.0
313,wordle_withclue,Bentel rockers__qwen3.5-4b__Bentel_iter_2,medium_frequency_words_clue_no_critic,instance_00011,Request Count,6.0
314,wordle_withclue,Bentel rockers__qwen3.5-4b__Bentel_iter_2,medium_frequency_words_clue_no_critic,instance_00011,Parsed Request Count,6.0
315,wordle_withclue,Bentel rockers__qwen3.5-4b__Bentel_iter_2,medium_frequency_words_clue_no_critic,instance_00011,Violated Request Count,0.0
316,wordle_withclue,Bentel rockers__qwen3.5-4b__Bentel_iter_2,medium_frequency_words_clue_no_critic,instance_00011,Request Success Ratio,1.0
317,wordle_withclue,Bentel rockers__qwen3.5-4b__Bentel_iter_2,medium_frequency_words_clue_no_critic,instance_00011,Main Score,0.0
318,wordle_withclue,Bentel rockers__qwen3.5-4b__Bentel_iter_2,medium_frequency_words_clue_no_critic,instance_00011,Guess Repetitions,5.0
319,wordle_withclue,Bentel rockers__qwen3.5-4b__Bentel_iter_2,medium_frequency_words_clue_no_critic,instance_00018,Aborted,0.0
320,wordle_withclue,Bentel rockers__qwen3.5-4b__Bentel_iter_2,medium_frequency_words_clue_no_critic,instance_00018,Lose,1.0
321,wordle_withclue,Bentel rockers__qwen3.5-4b__Bentel_iter_2,medium_frequency_words_clue_no_critic,instance_00018,Success,0.0
322,wordle_withclue,Bentel rockers__qwen3.5-4b__Bentel_iter_2,medium_frequency_words_clue_no_critic,instance_00018,Request Count,6.0
323,wordle_withclue,Bentel rockers__qwen3.5-4b__Bentel_iter_2,medium_frequency_words_clue_no_critic,instance_00018,Parsed Request Count,6.0
324,wordle_withclue,Bentel rockers__qwen3.5-4b__Bentel_iter_2,medium_frequency_words_clue_no_critic,instance_00018,Violated Request Count,0.0
325,wordle_withclue,Bentel rockers__qwen3.5-4b__Bentel_iter_2,medium_frequency_words_clue_no_critic,instance_00018,Request Success Ratio,1.0
326,wordle_withclue,Bentel rockers__qwen3.5-4b__Bentel_iter_2,medium_frequency_words_clue_no_critic,instance_00018,Main Score,0.0
327,wordle_withclue,Bentel rockers__qwen3.5-4b__Bentel_iter_2,medium_frequency_words_clue_no_critic,instance_00018,Guess Repetitions,4.0
328,textmapworld,Bentel rockers__qwen3.5-4b__Bentel_iter_2,large_cycle,instance_00049,Success,0.0
329,textmapworld,Bentel rockers__qwen3.5-4b__Bentel_iter_2,large_cycle,instance_00049,Aborted,0.0
330,textmapworld,Bentel rockers__qwen3.5-4b__Bentel_iter_2,large_cycle,instance_00049,Lose,1.0
331,textmapworld,Bentel rockers__qwen3.5-4b__Bentel_iter_2,large_cycle,instance_00049,moves,6.0
332,textmapworld,Bentel rockers__qwen3.5-4b__Bentel_iter_2,large_cycle,instance_00049,valid_moves,6.0
333,textmapworld,Bentel rockers__qwen3.5-4b__Bentel_iter_2,large_cycle,instance_00049,invalid_moves,0.0
334,textmapworld,Bentel rockers__qwen3.5-4b__Bentel_iter_2,large_cycle,instance_00049,stopped,1.0
335,textmapworld,Bentel rockers__qwen3.5-4b__Bentel_iter_2,large_cycle,instance_00049,turns_limit,0.0
336,textmapworld,Bentel rockers__qwen3.5-4b__Bentel_iter_2,large_cycle,instance_00049,loops,0.0
337,textmapworld,Bentel rockers__qwen3.5-4b__Bentel_iter_2,large_cycle,instance_00049,number_visited,6.0
338,textmapworld,Bentel rockers__qwen3.5-4b__Bentel_iter_2,large_cycle,instance_00049,seen,8.0
339,textmapworld,Bentel rockers__qwen3.5-4b__Bentel_iter_2,large_cycle,instance_00049,efficiency,33.33333333333333
340,textmapworld,Bentel rockers__qwen3.5-4b__Bentel_iter_2,large_cycle,instance_00049,exploration,75.0
341,textmapworld,Bentel rockers__qwen3.5-4b__Bentel_iter_2,large_cycle,instance_00049,Main Score,46.153846153846146
342,textmapworld,Bentel rockers__qwen3.5-4b__Bentel_iter_2,small,instance_00006,Success,0.0
343,textmapworld,Bentel rockers__qwen3.5-4b__Bentel_iter_2,small,instance_00006,Aborted,0.0
344,textmapworld,Bentel rockers__qwen3.5-4b__Bentel_iter_2,small,instance_00006,Lose,1.0
345,textmapworld,Bentel rockers__qwen3.5-4b__Bentel_iter_2,small,instance_00006,moves,2.0
346,textmapworld,Bentel rockers__qwen3.5-4b__Bentel_iter_2,small,instance_00006,valid_moves,2.0
347,textmapworld,Bentel rockers__qwen3.5-4b__Bentel_iter_2,small,instance_00006,invalid_moves,0.0
348,textmapworld,Bentel rockers__qwen3.5-4b__Bentel_iter_2,small,instance_00006,stopped,1.0
349,textmapworld,Bentel rockers__qwen3.5-4b__Bentel_iter_2,small,instance_00006,turns_limit,0.0
350,textmapworld,Bentel rockers__qwen3.5-4b__Bentel_iter_2,small,instance_00006,loops,0.0
351,textmapworld,Bentel rockers__qwen3.5-4b__Bentel_iter_2,small,instance_00006,number_visited,2.0
352,textmapworld,Bentel rockers__qwen3.5-4b__Bentel_iter_2,small,instance_00006,seen,4.0
353,textmapworld,Bentel rockers__qwen3.5-4b__Bentel_iter_2,small,instance_00006,efficiency,0.0
354,textmapworld,Bentel rockers__qwen3.5-4b__Bentel_iter_2,small,instance_00006,exploration,50.0
355,textmapworld,Bentel rockers__qwen3.5-4b__Bentel_iter_2,small,instance_00006,Main Score,0.0
356,textmapworld,Bentel rockers__qwen3.5-4b__Bentel_iter_2,large,instance_00028,Success,0.0
357,textmapworld,Bentel rockers__qwen3.5-4b__Bentel_iter_2,large,instance_00028,Aborted,0.0
358,textmapworld,Bentel rockers__qwen3.5-4b__Bentel_iter_2,large,instance_00028,Lose,1.0
359,textmapworld,Bentel rockers__qwen3.5-4b__Bentel_iter_2,large,instance_00028,moves,5.0
360,textmapworld,Bentel rockers__qwen3.5-4b__Bentel_iter_2,large,instance_00028,valid_moves,5.0
361,textmapworld,Bentel rockers__qwen3.5-4b__Bentel_iter_2,large,instance_00028,invalid_moves,0.0
362,textmapworld,Bentel rockers__qwen3.5-4b__Bentel_iter_2,large,instance_00028,stopped,1.0
363,textmapworld,Bentel rockers__qwen3.5-4b__Bentel_iter_2,large,instance_00028,turns_limit,0.0
364,textmapworld,Bentel rockers__qwen3.5-4b__Bentel_iter_2,large,instance_00028,loops,0.0
365,textmapworld,Bentel rockers__qwen3.5-4b__Bentel_iter_2,large,instance_00028,number_visited,5.0
366,textmapworld,Bentel rockers__qwen3.5-4b__Bentel_iter_2,large,instance_00028,seen,7.0
367,textmapworld,Bentel rockers__qwen3.5-4b__Bentel_iter_2,large,instance_00028,efficiency,40.0
368,textmapworld,Bentel rockers__qwen3.5-4b__Bentel_iter_2,large,instance_00028,exploration,62.5
369,textmapworld,Bentel rockers__qwen3.5-4b__Bentel_iter_2,large,instance_00028,Main Score,48.78048780487805
370,textmapworld,Bentel rockers__qwen3.5-4b__Bentel_iter_2,medium_cycle,instance_00034,Success,0.0
371,textmapworld,Bentel rockers__qwen3.5-4b__Bentel_iter_2,medium_cycle,instance_00034,Aborted,0.0
372,textmapworld,Bentel rockers__qwen3.5-4b__Bentel_iter_2,medium_cycle,instance_00034,Lose,1.0
373,textmapworld,Bentel rockers__qwen3.5-4b__Bentel_iter_2,medium_cycle,instance_00034,moves,8.0
374,textmapworld,Bentel rockers__qwen3.5-4b__Bentel_iter_2,medium_cycle,instance_00034,valid_moves,8.0
375,textmapworld,Bentel rockers__qwen3.5-4b__Bentel_iter_2,medium_cycle,instance_00034,invalid_moves,0.0
376,textmapworld,Bentel rockers__qwen3.5-4b__Bentel_iter_2,medium_cycle,instance_00034,stopped,1.0
377,textmapworld,Bentel rockers__qwen3.5-4b__Bentel_iter_2,medium_cycle,instance_00034,turns_limit,0.0
378,textmapworld,Bentel rockers__qwen3.5-4b__Bentel_iter_2,medium_cycle,instance_00034,loops,0.0
379,textmapworld,Bentel rockers__qwen3.5-4b__Bentel_iter_2,medium_cycle,instance_00034,number_visited,5.0
380,textmapworld,Bentel rockers__qwen3.5-4b__Bentel_iter_2,medium_cycle,instance_00034,seen,6.0
381,textmapworld,Bentel rockers__qwen3.5-4b__Bentel_iter_2,medium_cycle,instance_00034,efficiency,62.5
382,textmapworld,Bentel rockers__qwen3.5-4b__Bentel_iter_2,medium_cycle,instance_00034,exploration,83.33333333333334
383,textmapworld,Bentel rockers__qwen3.5-4b__Bentel_iter_2,medium_cycle,instance_00034,Main Score,71.42857142857143
384,textmapworld,Bentel rockers__qwen3.5-4b__Bentel_iter_2,medium,instance_00010,Success,0.0
385,textmapworld,Bentel rockers__qwen3.5-4b__Bentel_iter_2,medium,instance_00010,Aborted,0.0
386,textmapworld,Bentel rockers__qwen3.5-4b__Bentel_iter_2,medium,instance_00010,Lose,1.0
387,textmapworld,Bentel rockers__qwen3.5-4b__Bentel_iter_2,medium,instance_00010,moves,2.0
388,textmapworld,Bentel rockers__qwen3.5-4b__Bentel_iter_2,medium,instance_00010,valid_moves,2.0
389,textmapworld,Bentel rockers__qwen3.5-4b__Bentel_iter_2,medium,instance_00010,invalid_moves,0.0
390,textmapworld,Bentel rockers__qwen3.5-4b__Bentel_iter_2,medium,instance_00010,stopped,1.0
391,textmapworld,Bentel rockers__qwen3.5-4b__Bentel_iter_2,medium,instance_00010,turns_limit,0.0
392,textmapworld,Bentel rockers__qwen3.5-4b__Bentel_iter_2,medium,instance_00010,loops,0.0
393,textmapworld,Bentel rockers__qwen3.5-4b__Bentel_iter_2,medium,instance_00010,number_visited,2.0
394,textmapworld,Bentel rockers__qwen3.5-4b__Bentel_iter_2,medium,instance_00010,seen,3.0
395,textmapworld,Bentel rockers__qwen3.5-4b__Bentel_iter_2,medium,instance_00010,efficiency,100.0
396,textmapworld,Bentel rockers__qwen3.5-4b__Bentel_iter_2,medium,instance_00010,exploration,33.33333333333333
397,textmapworld,Bentel rockers__qwen3.5-4b__Bentel_iter_2,medium,instance_00010,Main Score,50.0
398,referencegame,Bentel rockers__qwen3.5-4b__Bentel_iter_2,random_grids,instance_00005,Generated Expression Length,114.0
399,referencegame,Bentel rockers__qwen3.5-4b__Bentel_iter_2,random_grids,instance_00005,Generated Expression Number of Tokens,24.0
400,referencegame,Bentel rockers__qwen3.5-4b__Bentel_iter_2,random_grids,instance_00005,Aborted at Player 1,0.0
401,referencegame,Bentel rockers__qwen3.5-4b__Bentel_iter_2,random_grids,instance_00005,Aborted at Player 2,0.0
402,referencegame,Bentel rockers__qwen3.5-4b__Bentel_iter_2,random_grids,instance_00005,Request Count,2.0
403,referencegame,Bentel rockers__qwen3.5-4b__Bentel_iter_2,random_grids,instance_00005,Parsed Request Count,2.0
404,referencegame,Bentel rockers__qwen3.5-4b__Bentel_iter_2,random_grids,instance_00005,Violated Request Count,0.0
405,referencegame,Bentel rockers__qwen3.5-4b__Bentel_iter_2,random_grids,instance_00005,Aborted,0.0
406,referencegame,Bentel rockers__qwen3.5-4b__Bentel_iter_2,random_grids,instance_00005,Success,0.0
407,referencegame,Bentel rockers__qwen3.5-4b__Bentel_iter_2,random_grids,instance_00005,Lose,1.0
408,referencegame,Bentel rockers__qwen3.5-4b__Bentel_iter_2,random_grids,instance_00005,Main Score,0.0
409,referencegame,Bentel rockers__qwen3.5-4b__Bentel_iter_2,random_grids,instance_00005,Request Success Ratio,1.0
410,referencegame,Bentel rockers__qwen3.5-4b__Bentel_iter_2,line_grids_columns,instance_00013,Generated Expression Length,78.0
411,referencegame,Bentel rockers__qwen3.5-4b__Bentel_iter_2,line_grids_columns,instance_00013,Generated Expression Number of Tokens,14.0
412,referencegame,Bentel rockers__qwen3.5-4b__Bentel_iter_2,line_grids_columns,instance_00013,Aborted at Player 1,0.0
413,referencegame,Bentel rockers__qwen3.5-4b__Bentel_iter_2,line_grids_columns,instance_00013,Aborted at Player 2,0.0
414,referencegame,Bentel rockers__qwen3.5-4b__Bentel_iter_2,line_grids_columns,instance_00013,Request Count,2.0
415,referencegame,Bentel rockers__qwen3.5-4b__Bentel_iter_2,line_grids_columns,instance_00013,Parsed Request Count,2.0
416,referencegame,Bentel rockers__qwen3.5-4b__Bentel_iter_2,line_grids_columns,instance_00013,Violated Request Count,0.0
417,referencegame,Bentel rockers__qwen3.5-4b__Bentel_iter_2,line_grids_columns,instance_00013,Aborted,0.0
418,referencegame,Bentel rockers__qwen3.5-4b__Bentel_iter_2,line_grids_columns,instance_00013,Success,1.0
419,referencegame,Bentel rockers__qwen3.5-4b__Bentel_iter_2,line_grids_columns,instance_00013,Lose,0.0
420,referencegame,Bentel rockers__qwen3.5-4b__Bentel_iter_2,line_grids_columns,instance_00013,Main Score,100.0
421,referencegame,Bentel rockers__qwen3.5-4b__Bentel_iter_2,line_grids_columns,instance_00013,Request Success Ratio,1.0
422,referencegame,Bentel rockers__qwen3.5-4b__Bentel_iter_2,number_grids,instance_00017,Generated Expression Length,97.0
423,referencegame,Bentel rockers__qwen3.5-4b__Bentel_iter_2,number_grids,instance_00017,Generated Expression Number of Tokens,20.0
424,referencegame,Bentel rockers__qwen3.5-4b__Bentel_iter_2,number_grids,instance_00017,Aborted at Player 1,0.0
425,referencegame,Bentel rockers__qwen3.5-4b__Bentel_iter_2,number_grids,instance_00017,Aborted at Player 2,0.0
426,referencegame,Bentel rockers__qwen3.5-4b__Bentel_iter_2,number_grids,instance_00017,Request Count,2.0
427,referencegame,Bentel rockers__qwen3.5-4b__Bentel_iter_2,number_grids,instance_00017,Parsed Request Count,2.0
428,referencegame,Bentel rockers__qwen3.5-4b__Bentel_iter_2,number_grids,instance_00017,Violated Request Count,0.0
429,referencegame,Bentel rockers__qwen3.5-4b__Bentel_iter_2,number_grids,instance_00017,Aborted,0.0
430,referencegame,Bentel rockers__qwen3.5-4b__Bentel_iter_2,number_grids,instance_00017,Success,0.0
431,referencegame,Bentel rockers__qwen3.5-4b__Bentel_iter_2,number_grids,instance_00017,Lose,1.0
432,referencegame,Bentel rockers__qwen3.5-4b__Bentel_iter_2,number_grids,instance_00017,Main Score,0.0
433,referencegame,Bentel rockers__qwen3.5-4b__Bentel_iter_2,number_grids,instance_00017,Request Success Ratio,1.0
434,referencegame,Bentel rockers__qwen3.5-4b__Bentel_iter_2,line_grids_rows,instance_00017,Generated Expression Length,81.0
435,referencegame,Bentel rockers__qwen3.5-4b__Bentel_iter_2,line_grids_rows,instance_00017,Generated Expression Number of Tokens,15.0
436,referencegame,Bentel rockers__qwen3.5-4b__Bentel_iter_2,line_grids_rows,instance_00017,Aborted at Player 1,0.0
437,referencegame,Bentel rockers__qwen3.5-4b__Bentel_iter_2,line_grids_rows,instance_00017,Aborted at Player 2,0.0
438,referencegame,Bentel rockers__qwen3.5-4b__Bentel_iter_2,line_grids_rows,instance_00017,Request Count,2.0
439,referencegame,Bentel rockers__qwen3.5-4b__Bentel_iter_2,line_grids_rows,instance_00017,Parsed Request Count,2.0
440,referencegame,Bentel rockers__qwen3.5-4b__Bentel_iter_2,line_grids_rows,instance_00017,Violated Request Count,0.0
441,referencegame,Bentel rockers__qwen3.5-4b__Bentel_iter_2,line_grids_rows,instance_00017,Aborted,0.0
442,referencegame,Bentel rockers__qwen3.5-4b__Bentel_iter_2,line_grids_rows,instance_00017,Success,1.0
443,referencegame,Bentel rockers__qwen3.5-4b__Bentel_iter_2,line_grids_rows,instance_00017,Lose,0.0
444,referencegame,Bentel rockers__qwen3.5-4b__Bentel_iter_2,line_grids_rows,instance_00017,Main Score,100.0
445,referencegame,Bentel rockers__qwen3.5-4b__Bentel_iter_2,line_grids_rows,instance_00017,Request Success Ratio,1.0
446,referencegame,Bentel rockers__qwen3.5-4b__Bentel_iter_2,letter_grids,instance_00012,Generated Expression Length,119.0
447,referencegame,Bentel rockers__qwen3.5-4b__Bentel_iter_2,letter_grids,instance_00012,Generated Expression Number of Tokens,24.0
448,referencegame,Bentel rockers__qwen3.5-4b__Bentel_iter_2,letter_grids,instance_00012,Aborted at Player 1,0.0
449,referencegame,Bentel rockers__qwen3.5-4b__Bentel_iter_2,letter_grids,instance_00012,Aborted at Player 2,0.0
450,referencegame,Bentel rockers__qwen3.5-4b__Bentel_iter_2,letter_grids,instance_00012,Request Count,2.0
451,referencegame,Bentel rockers__qwen3.5-4b__Bentel_iter_2,letter_grids,instance_00012,Parsed Request Count,2.0
452,referencegame,Bentel rockers__qwen3.5-4b__Bentel_iter_2,letter_grids,instance_00012,Violated Request Count,0.0
453,referencegame,Bentel rockers__qwen3.5-4b__Bentel_iter_2,letter_grids,instance_00012,Aborted,0.0
454,referencegame,Bentel rockers__qwen3.5-4b__Bentel_iter_2,letter_grids,instance_00012,Success,1.0
455,referencegame,Bentel rockers__qwen3.5-4b__Bentel_iter_2,letter_grids,instance_00012,Lose,0.0
456,referencegame,Bentel rockers__qwen3.5-4b__Bentel_iter_2,letter_grids,instance_00012,Main Score,100.0
457,referencegame,Bentel rockers__qwen3.5-4b__Bentel_iter_2,letter_grids,instance_00012,Request Success Ratio,1.0
458,adventuregame,Bentel rockers__qwen3.5-4b__Bentel_iter_2,new-words_home-delivery_medium_basic_medium,instance_00002,Violated Request Count,0.0
459,adventuregame,Bentel rockers__qwen3.5-4b__Bentel_iter_2,new-words_home-delivery_medium_basic_medium,instance_00002,Parsed Request Count,50.0
460,adventuregame,Bentel rockers__qwen3.5-4b__Bentel_iter_2,new-words_home-delivery_medium_basic_medium,instance_00002,Request Count,50.0
461,adventuregame,Bentel rockers__qwen3.5-4b__Bentel_iter_2,new-words_home-delivery_medium_basic_medium,instance_00002,Request Success Ratio,1.0
462,adventuregame,Bentel rockers__qwen3.5-4b__Bentel_iter_2,new-words_home-delivery_medium_basic_medium,instance_00002,hallucination_count,0.0
463,adventuregame,Bentel rockers__qwen3.5-4b__Bentel_iter_2,new-words_home-delivery_medium_basic_medium,instance_00002,action_parsing_fail,50.0
464,adventuregame,Bentel rockers__qwen3.5-4b__Bentel_iter_2,new-words_home-delivery_medium_basic_medium,instance_00002,action_resolution_fail,0.0
465,adventuregame,Bentel rockers__qwen3.5-4b__Bentel_iter_2,new-words_home-delivery_medium_basic_medium,instance_00002,lark_exception,0.0
466,adventuregame,Bentel rockers__qwen3.5-4b__Bentel_iter_2,new-words_home-delivery_medium_basic_medium,instance_00002,malformed_command,50.0
467,adventuregame,Bentel rockers__qwen3.5-4b__Bentel_iter_2,new-words_home-delivery_medium_basic_medium,instance_00002,undefined_action_verb,0.0
468,adventuregame,Bentel rockers__qwen3.5-4b__Bentel_iter_2,new-words_home-delivery_medium_basic_medium,instance_00002,undefined_action,0.0
469,adventuregame,Bentel rockers__qwen3.5-4b__Bentel_iter_2,new-words_home-delivery_medium_basic_medium,instance_00002,undefined_repr_str,0.0
470,adventuregame,Bentel rockers__qwen3.5-4b__Bentel_iter_2,new-words_home-delivery_medium_basic_medium,instance_00002,manipulating_room,0.0
471,adventuregame,Bentel rockers__qwen3.5-4b__Bentel_iter_2,new-words_home-delivery_medium_basic_medium,instance_00002,undefined_argument_type,0.0
472,adventuregame,Bentel rockers__qwen3.5-4b__Bentel_iter_2,new-words_home-delivery_medium_basic_medium,instance_00002,taking_from_inventory,0.0
473,adventuregame,Bentel rockers__qwen3.5-4b__Bentel_iter_2,new-words_home-delivery_medium_basic_medium,instance_00002,other_room_argument,0.0
474,adventuregame,Bentel rockers__qwen3.5-4b__Bentel_iter_2,new-words_home-delivery_medium_basic_medium,instance_00002,domain_trait_type_mismatch,0.0
475,adventuregame,Bentel rockers__qwen3.5-4b__Bentel_iter_2,new-words_home-delivery_medium_basic_medium,instance_00002,domain_type_discrepancy,0.0
476,adventuregame,Bentel rockers__qwen3.5-4b__Bentel_iter_2,new-words_home-delivery_medium_basic_medium,instance_00002,world_state_discrepancy,0.0
477,adventuregame,Bentel rockers__qwen3.5-4b__Bentel_iter_2,new-words_home-delivery_medium_basic_medium,instance_00002,entity_not_accessible,0.0
478,adventuregame,Bentel rockers__qwen3.5-4b__Bentel_iter_2,new-words_home-delivery_medium_basic_medium,instance_00002,entity_state_mismatch,0.0
479,adventuregame,Bentel rockers__qwen3.5-4b__Bentel_iter_2,new-words_home-delivery_medium_basic_medium,instance_00002,entity_trait_mismatch,0.0
480,adventuregame,Bentel rockers__qwen3.5-4b__Bentel_iter_2,new-words_home-delivery_medium_basic_medium,instance_00002,entity_already_inventory,0.0
481,adventuregame,Bentel rockers__qwen3.5-4b__Bentel_iter_2,new-words_home-delivery_medium_basic_medium,instance_00002,going_to_current_room,0.0
482,adventuregame,Bentel rockers__qwen3.5-4b__Bentel_iter_2,new-words_home-delivery_medium_basic_medium,instance_00002,no_exit_to,0.0
483,adventuregame,Bentel rockers__qwen3.5-4b__Bentel_iter_2,new-words_home-delivery_medium_basic_medium,instance_00002,inventory_limit_exceeded,0.0
484,adventuregame,Bentel rockers__qwen3.5-4b__Bentel_iter_2,new-words_home-delivery_medium_basic_medium,instance_00002,successful_actions,0.0
485,adventuregame,Bentel rockers__qwen3.5-4b__Bentel_iter_2,new-words_home-delivery_medium_basic_medium,instance_00002,turn_limit_loss,1.0
486,adventuregame,Bentel rockers__qwen3.5-4b__Bentel_iter_2,new-words_home-delivery_medium_basic_medium,instance_00002,turns_over_par,
487,adventuregame,Bentel rockers__qwen3.5-4b__Bentel_iter_2,new-words_home-delivery_medium_basic_medium,instance_00002,turn_ratio,
488,adventuregame,Bentel rockers__qwen3.5-4b__Bentel_iter_2,new-words_home-delivery_medium_basic_medium,instance_00002,finish_speed,
489,adventuregame,Bentel rockers__qwen3.5-4b__Bentel_iter_2,new-words_home-delivery_medium_basic_medium,instance_00002,achieved_goal_ratio,0.0
490,adventuregame,Bentel rockers__qwen3.5-4b__Bentel_iter_2,new-words_home-delivery_medium_basic_medium,instance_00002,Aborted,1.0
491,adventuregame,Bentel rockers__qwen3.5-4b__Bentel_iter_2,new-words_home-delivery_medium_basic_medium,instance_00002,Success,0.0
492,adventuregame,Bentel rockers__qwen3.5-4b__Bentel_iter_2,new-words_home-delivery_medium_basic_medium,instance_00002,Lose,0.0
493,adventuregame,Bentel rockers__qwen3.5-4b__Bentel_iter_2,new-words_home-delivery_medium_basic_medium,instance_00002,Main Score,
494,adventuregame,Bentel rockers__qwen3.5-4b__Bentel_iter_2,new-words_home-delivery_medium_basic_medium,instance_00002,plan_followed_ratio,0.0
495,adventuregame,Bentel rockers__qwen3.5-4b__Bentel_iter_2,new-words_home-delivery_medium_basic_medium,instance_00002,plan_average_viability_ratio,0.0
496,adventuregame,Bentel rockers__qwen3.5-4b__Bentel_iter_2,new-words_home-delivery_medium_basic_medium,instance_00002,bad_plan_follow_ratio,0.0
497,adventuregame,Bentel rockers__qwen3.5-4b__Bentel_iter_2,new-words_home-delivery_medium_basic_medium,instance_00002,bad_plan_dismiss_ratio,1.0
498,adventuregame,Bentel rockers__qwen3.5-4b__Bentel_iter_2,potion_brewing_basic_undefined,instance_00004,Violated Request Count,0.0
499,adventuregame,Bentel rockers__qwen3.5-4b__Bentel_iter_2,potion_brewing_basic_undefined,instance_00004,Parsed Request Count,100.0
500,adventuregame,Bentel rockers__qwen3.5-4b__Bentel_iter_2,potion_brewing_basic_undefined,instance_00004,Request Count,100.0
501,adventuregame,Bentel rockers__qwen3.5-4b__Bentel_iter_2,potion_brewing_basic_undefined,instance_00004,Request Success Ratio,1.0
502,adventuregame,Bentel rockers__qwen3.5-4b__Bentel_iter_2,potion_brewing_basic_undefined,instance_00004,hallucination_count,0.0
503,adventuregame,Bentel rockers__qwen3.5-4b__Bentel_iter_2,potion_brewing_basic_undefined,instance_00004,action_parsing_fail,57.0
504,adventuregame,Bentel rockers__qwen3.5-4b__Bentel_iter_2,potion_brewing_basic_undefined,instance_00004,action_resolution_fail,41.0
505,adventuregame,Bentel rockers__qwen3.5-4b__Bentel_iter_2,potion_brewing_basic_undefined,instance_00004,lark_exception,0.0
506,adventuregame,Bentel rockers__qwen3.5-4b__Bentel_iter_2,potion_brewing_basic_undefined,instance_00004,malformed_command,0.0
507,adventuregame,Bentel rockers__qwen3.5-4b__Bentel_iter_2,potion_brewing_basic_undefined,instance_00004,undefined_action_verb,0.0
508,adventuregame,Bentel rockers__qwen3.5-4b__Bentel_iter_2,potion_brewing_basic_undefined,instance_00004,undefined_action,0.0
509,adventuregame,Bentel rockers__qwen3.5-4b__Bentel_iter_2,potion_brewing_basic_undefined,instance_00004,undefined_repr_str,56.0
510,adventuregame,Bentel rockers__qwen3.5-4b__Bentel_iter_2,potion_brewing_basic_undefined,instance_00004,manipulating_room,0.0
511,adventuregame,Bentel rockers__qwen3.5-4b__Bentel_iter_2,potion_brewing_basic_undefined,instance_00004,undefined_argument_type,0.0
512,adventuregame,Bentel rockers__qwen3.5-4b__Bentel_iter_2,potion_brewing_basic_undefined,instance_00004,taking_from_inventory,0.0
513,adventuregame,Bentel rockers__qwen3.5-4b__Bentel_iter_2,potion_brewing_basic_undefined,instance_00004,other_room_argument,1.0
514,adventuregame,Bentel rockers__qwen3.5-4b__Bentel_iter_2,potion_brewing_basic_undefined,instance_00004,domain_trait_type_mismatch,0.0
515,adventuregame,Bentel rockers__qwen3.5-4b__Bentel_iter_2,potion_brewing_basic_undefined,instance_00004,domain_type_discrepancy,0.0
516,adventuregame,Bentel rockers__qwen3.5-4b__Bentel_iter_2,potion_brewing_basic_undefined,instance_00004,world_state_discrepancy,0.0
517,adventuregame,Bentel rockers__qwen3.5-4b__Bentel_iter_2,potion_brewing_basic_undefined,instance_00004,entity_not_accessible,35.0
518,adventuregame,Bentel rockers__qwen3.5-4b__Bentel_iter_2,potion_brewing_basic_undefined,instance_00004,entity_state_mismatch,0.0
519,adventuregame,Bentel rockers__qwen3.5-4b__Bentel_iter_2,potion_brewing_basic_undefined,instance_00004,entity_trait_mismatch,0.0
520,adventuregame,Bentel rockers__qwen3.5-4b__Bentel_iter_2,potion_brewing_basic_undefined,instance_00004,entity_already_inventory,0.0
521,adventuregame,Bentel rockers__qwen3.5-4b__Bentel_iter_2,potion_brewing_basic_undefined,instance_00004,going_to_current_room,0.0
522,adventuregame,Bentel rockers__qwen3.5-4b__Bentel_iter_2,potion_brewing_basic_undefined,instance_00004,no_exit_to,0.0
523,adventuregame,Bentel rockers__qwen3.5-4b__Bentel_iter_2,potion_brewing_basic_undefined,instance_00004,inventory_limit_exceeded,0.0
524,adventuregame,Bentel rockers__qwen3.5-4b__Bentel_iter_2,potion_brewing_basic_undefined,instance_00004,successful_actions,2.0
525,adventuregame,Bentel rockers__qwen3.5-4b__Bentel_iter_2,potion_brewing_basic_undefined,instance_00004,turn_limit_loss,1.0
526,adventuregame,Bentel rockers__qwen3.5-4b__Bentel_iter_2,potion_brewing_basic_undefined,instance_00004,turns_over_par,
527,adventuregame,Bentel rockers__qwen3.5-4b__Bentel_iter_2,potion_brewing_basic_undefined,instance_00004,turn_ratio,
528,adventuregame,Bentel rockers__qwen3.5-4b__Bentel_iter_2,potion_brewing_basic_undefined,instance_00004,finish_speed,
529,adventuregame,Bentel rockers__qwen3.5-4b__Bentel_iter_2,potion_brewing_basic_undefined,instance_00004,achieved_goal_ratio,0.0
530,adventuregame,Bentel rockers__qwen3.5-4b__Bentel_iter_2,potion_brewing_basic_undefined,instance_00004,Aborted,1.0
531,adventuregame,Bentel rockers__qwen3.5-4b__Bentel_iter_2,potion_brewing_basic_undefined,instance_00004,Success,0.0
532,adventuregame,Bentel rockers__qwen3.5-4b__Bentel_iter_2,potion_brewing_basic_undefined,instance_00004,Lose,0.0
533,adventuregame,Bentel rockers__qwen3.5-4b__Bentel_iter_2,potion_brewing_basic_undefined,instance_00004,Main Score,
534,adventuregame,Bentel rockers__qwen3.5-4b__Bentel_iter_2,potion_brewing_basic_undefined,instance_00004,plan_followed_ratio,0.0
535,adventuregame,Bentel rockers__qwen3.5-4b__Bentel_iter_2,potion_brewing_basic_undefined,instance_00004,plan_average_viability_ratio,0.0
536,adventuregame,Bentel rockers__qwen3.5-4b__Bentel_iter_2,potion_brewing_basic_undefined,instance_00004,bad_plan_follow_ratio,0.0
537,adventuregame,Bentel rockers__qwen3.5-4b__Bentel_iter_2,potion_brewing_basic_undefined,instance_00004,bad_plan_dismiss_ratio,1.0
538,adventuregame,Bentel rockers__qwen3.5-4b__Bentel_iter_2,new-words_home-delivery_easy_basic_easy,instance_00002,Violated Request Count,0.0
539,adventuregame,Bentel rockers__qwen3.5-4b__Bentel_iter_2,new-words_home-delivery_easy_basic_easy,instance_00002,Parsed Request Count,2.0
540,adventuregame,Bentel rockers__qwen3.5-4b__Bentel_iter_2,new-words_home-delivery_easy_basic_easy,instance_00002,Request Count,2.0
541,adventuregame,Bentel rockers__qwen3.5-4b__Bentel_iter_2,new-words_home-delivery_easy_basic_easy,instance_00002,Request Success Ratio,1.0
542,adventuregame,Bentel rockers__qwen3.5-4b__Bentel_iter_2,new-words_home-delivery_easy_basic_easy,instance_00002,hallucination_count,1.0
543,adventuregame,Bentel rockers__qwen3.5-4b__Bentel_iter_2,new-words_home-delivery_easy_basic_easy,instance_00002,action_parsing_fail,0.0
544,adventuregame,Bentel rockers__qwen3.5-4b__Bentel_iter_2,new-words_home-delivery_easy_basic_easy,instance_00002,action_resolution_fail,0.0
545,adventuregame,Bentel rockers__qwen3.5-4b__Bentel_iter_2,new-words_home-delivery_easy_basic_easy,instance_00002,lark_exception,0.0
546,adventuregame,Bentel rockers__qwen3.5-4b__Bentel_iter_2,new-words_home-delivery_easy_basic_easy,instance_00002,malformed_command,0.0
547,adventuregame,Bentel rockers__qwen3.5-4b__Bentel_iter_2,new-words_home-delivery_easy_basic_easy,instance_00002,undefined_action_verb,0.0
548,adventuregame,Bentel rockers__qwen3.5-4b__Bentel_iter_2,new-words_home-delivery_easy_basic_easy,instance_00002,undefined_action,0.0
549,adventuregame,Bentel rockers__qwen3.5-4b__Bentel_iter_2,new-words_home-delivery_easy_basic_easy,instance_00002,undefined_repr_str,0.0
550,adventuregame,Bentel rockers__qwen3.5-4b__Bentel_iter_2,new-words_home-delivery_easy_basic_easy,instance_00002,manipulating_room,0.0
551,adventuregame,Bentel rockers__qwen3.5-4b__Bentel_iter_2,new-words_home-delivery_easy_basic_easy,instance_00002,undefined_argument_type,0.0
552,adventuregame,Bentel rockers__qwen3.5-4b__Bentel_iter_2,new-words_home-delivery_easy_basic_easy,instance_00002,taking_from_inventory,0.0
553,adventuregame,Bentel rockers__qwen3.5-4b__Bentel_iter_2,new-words_home-delivery_easy_basic_easy,instance_00002,other_room_argument,0.0
554,adventuregame,Bentel rockers__qwen3.5-4b__Bentel_iter_2,new-words_home-delivery_easy_basic_easy,instance_00002,domain_trait_type_mismatch,0.0
555,adventuregame,Bentel rockers__qwen3.5-4b__Bentel_iter_2,new-words_home-delivery_easy_basic_easy,instance_00002,domain_type_discrepancy,0.0
556,adventuregame,Bentel rockers__qwen3.5-4b__Bentel_iter_2,new-words_home-delivery_easy_basic_easy,instance_00002,world_state_discrepancy,0.0
557,adventuregame,Bentel rockers__qwen3.5-4b__Bentel_iter_2,new-words_home-delivery_easy_basic_easy,instance_00002,entity_not_accessible,0.0
558,adventuregame,Bentel rockers__qwen3.5-4b__Bentel_iter_2,new-words_home-delivery_easy_basic_easy,instance_00002,entity_state_mismatch,0.0
559,adventuregame,Bentel rockers__qwen3.5-4b__Bentel_iter_2,new-words_home-delivery_easy_basic_easy,instance_00002,entity_trait_mismatch,0.0
560,adventuregame,Bentel rockers__qwen3.5-4b__Bentel_iter_2,new-words_home-delivery_easy_basic_easy,instance_00002,entity_already_inventory,0.0
561,adventuregame,Bentel rockers__qwen3.5-4b__Bentel_iter_2,new-words_home-delivery_easy_basic_easy,instance_00002,going_to_current_room,0.0
562,adventuregame,Bentel rockers__qwen3.5-4b__Bentel_iter_2,new-words_home-delivery_easy_basic_easy,instance_00002,no_exit_to,0.0
563,adventuregame,Bentel rockers__qwen3.5-4b__Bentel_iter_2,new-words_home-delivery_easy_basic_easy,instance_00002,inventory_limit_exceeded,0.0
564,adventuregame,Bentel rockers__qwen3.5-4b__Bentel_iter_2,new-words_home-delivery_easy_basic_easy,instance_00002,successful_actions,2.0
565,adventuregame,Bentel rockers__qwen3.5-4b__Bentel_iter_2,new-words_home-delivery_easy_basic_easy,instance_00002,turn_limit_loss,0.0
566,adventuregame,Bentel rockers__qwen3.5-4b__Bentel_iter_2,new-words_home-delivery_easy_basic_easy,instance_00002,turns_over_par,
567,adventuregame,Bentel rockers__qwen3.5-4b__Bentel_iter_2,new-words_home-delivery_easy_basic_easy,instance_00002,turn_ratio,
568,adventuregame,Bentel rockers__qwen3.5-4b__Bentel_iter_2,new-words_home-delivery_easy_basic_easy,instance_00002,finish_speed,
569,adventuregame,Bentel rockers__qwen3.5-4b__Bentel_iter_2,new-words_home-delivery_easy_basic_easy,instance_00002,achieved_goal_ratio,0.0
570,adventuregame,Bentel rockers__qwen3.5-4b__Bentel_iter_2,new-words_home-delivery_easy_basic_easy,instance_00002,Aborted,0.0
571,adventuregame,Bentel rockers__qwen3.5-4b__Bentel_iter_2,new-words_home-delivery_easy_basic_easy,instance_00002,Success,0.0
572,adventuregame,Bentel rockers__qwen3.5-4b__Bentel_iter_2,new-words_home-delivery_easy_basic_easy,instance_00002,Lose,1.0
573,adventuregame,Bentel rockers__qwen3.5-4b__Bentel_iter_2,new-words_home-delivery_easy_basic_easy,instance_00002,Main Score,0.0
574,adventuregame,Bentel rockers__qwen3.5-4b__Bentel_iter_2,new-words_home-delivery_easy_basic_easy,instance_00002,plan_followed_ratio,0.0
575,adventuregame,Bentel rockers__qwen3.5-4b__Bentel_iter_2,new-words_home-delivery_easy_basic_easy,instance_00002,plan_average_viability_ratio,0.0
576,adventuregame,Bentel rockers__qwen3.5-4b__Bentel_iter_2,new-words_home-delivery_easy_basic_easy,instance_00002,bad_plan_follow_ratio,0.0
577,adventuregame,Bentel rockers__qwen3.5-4b__Bentel_iter_2,new-words_home-delivery_easy_basic_easy,instance_00002,bad_plan_dismiss_ratio,1.0
578,adventuregame,Bentel rockers__qwen3.5-4b__Bentel_iter_2,new-words_created_basic_hard,instance_00000,Violated Request Count,0.0
579,adventuregame,Bentel rockers__qwen3.5-4b__Bentel_iter_2,new-words_created_basic_hard,instance_00000,Parsed Request Count,50.0
580,adventuregame,Bentel rockers__qwen3.5-4b__Bentel_iter_2,new-words_created_basic_hard,instance_00000,Request Count,50.0
581,adventuregame,Bentel rockers__qwen3.5-4b__Bentel_iter_2,new-words_created_basic_hard,instance_00000,Request Success Ratio,1.0
582,adventuregame,Bentel rockers__qwen3.5-4b__Bentel_iter_2,new-words_created_basic_hard,instance_00000,hallucination_count,0.0
583,adventuregame,Bentel rockers__qwen3.5-4b__Bentel_iter_2,new-words_created_basic_hard,instance_00000,action_parsing_fail,3.0
584,adventuregame,Bentel rockers__qwen3.5-4b__Bentel_iter_2,new-words_created_basic_hard,instance_00000,action_resolution_fail,33.0
585,adventuregame,Bentel rockers__qwen3.5-4b__Bentel_iter_2,new-words_created_basic_hard,instance_00000,lark_exception,0.0
586,adventuregame,Bentel rockers__qwen3.5-4b__Bentel_iter_2,new-words_created_basic_hard,instance_00000,malformed_command,0.0
587,adventuregame,Bentel rockers__qwen3.5-4b__Bentel_iter_2,new-words_created_basic_hard,instance_00000,undefined_action_verb,1.0
588,adventuregame,Bentel rockers__qwen3.5-4b__Bentel_iter_2,new-words_created_basic_hard,instance_00000,undefined_action,0.0
589,adventuregame,Bentel rockers__qwen3.5-4b__Bentel_iter_2,new-words_created_basic_hard,instance_00000,undefined_repr_str,2.0
590,adventuregame,Bentel rockers__qwen3.5-4b__Bentel_iter_2,new-words_created_basic_hard,instance_00000,manipulating_room,0.0
591,adventuregame,Bentel rockers__qwen3.5-4b__Bentel_iter_2,new-words_created_basic_hard,instance_00000,undefined_argument_type,0.0
592,adventuregame,Bentel rockers__qwen3.5-4b__Bentel_iter_2,new-words_created_basic_hard,instance_00000,taking_from_inventory,0.0
593,adventuregame,Bentel rockers__qwen3.5-4b__Bentel_iter_2,new-words_created_basic_hard,instance_00000,other_room_argument,0.0
594,adventuregame,Bentel rockers__qwen3.5-4b__Bentel_iter_2,new-words_created_basic_hard,instance_00000,domain_trait_type_mismatch,0.0
595,adventuregame,Bentel rockers__qwen3.5-4b__Bentel_iter_2,new-words_created_basic_hard,instance_00000,domain_type_discrepancy,0.0
596,adventuregame,Bentel rockers__qwen3.5-4b__Bentel_iter_2,new-words_created_basic_hard,instance_00000,world_state_discrepancy,0.0
597,adventuregame,Bentel rockers__qwen3.5-4b__Bentel_iter_2,new-words_created_basic_hard,instance_00000,entity_not_accessible,0.0
598,adventuregame,Bentel rockers__qwen3.5-4b__Bentel_iter_2,new-words_created_basic_hard,instance_00000,entity_state_mismatch,0.0
599,adventuregame,Bentel rockers__qwen3.5-4b__Bentel_iter_2,new-words_created_basic_hard,instance_00000,entity_trait_mismatch,0.0
600,adventuregame,Bentel rockers__qwen3.5-4b__Bentel_iter_2,new-words_created_basic_hard,instance_00000,entity_already_inventory,0.0
601,adventuregame,Bentel rockers__qwen3.5-4b__Bentel_iter_2,new-words_created_basic_hard,instance_00000,going_to_current_room,0.0
602,adventuregame,Bentel rockers__qwen3.5-4b__Bentel_iter_2,new-words_created_basic_hard,instance_00000,no_exit_to,33.0
603,adventuregame,Bentel rockers__qwen3.5-4b__Bentel_iter_2,new-words_created_basic_hard,instance_00000,inventory_limit_exceeded,0.0
604,adventuregame,Bentel rockers__qwen3.5-4b__Bentel_iter_2,new-words_created_basic_hard,instance_00000,successful_actions,14.0
605,adventuregame,Bentel rockers__qwen3.5-4b__Bentel_iter_2,new-words_created_basic_hard,instance_00000,turn_limit_loss,1.0
606,adventuregame,Bentel rockers__qwen3.5-4b__Bentel_iter_2,new-words_created_basic_hard,instance_00000,turns_over_par,
607,adventuregame,Bentel rockers__qwen3.5-4b__Bentel_iter_2,new-words_created_basic_hard,instance_00000,turn_ratio,
608,adventuregame,Bentel rockers__qwen3.5-4b__Bentel_iter_2,new-words_created_basic_hard,instance_00000,finish_speed,
609,adventuregame,Bentel rockers__qwen3.5-4b__Bentel_iter_2,new-words_created_basic_hard,instance_00000,achieved_goal_ratio,0.0
610,adventuregame,Bentel rockers__qwen3.5-4b__Bentel_iter_2,new-words_created_basic_hard,instance_00000,Aborted,1.0
611,adventuregame,Bentel rockers__qwen3.5-4b__Bentel_iter_2,new-words_created_basic_hard,instance_00000,Success,0.0
612,adventuregame,Bentel rockers__qwen3.5-4b__Bentel_iter_2,new-words_created_basic_hard,instance_00000,Lose,0.0
613,adventuregame,Bentel rockers__qwen3.5-4b__Bentel_iter_2,new-words_created_basic_hard,instance_00000,Main Score,
614,adventuregame,Bentel rockers__qwen3.5-4b__Bentel_iter_2,new-words_created_basic_hard,instance_00000,plan_followed_ratio,0.0
615,adventuregame,Bentel rockers__qwen3.5-4b__Bentel_iter_2,new-words_created_basic_hard,instance_00000,plan_average_viability_ratio,0.0
616,adventuregame,Bentel rockers__qwen3.5-4b__Bentel_iter_2,new-words_created_basic_hard,instance_00000,bad_plan_follow_ratio,0.0
617,adventuregame,Bentel rockers__qwen3.5-4b__Bentel_iter_2,new-words_created_basic_hard,instance_00000,bad_plan_dismiss_ratio,1.0
618,adventuregame,Bentel rockers__qwen3.5-4b__Bentel_iter_2,home_deliver_three_basic_hard_invlimittwo,instance_00000,Violated Request Count,0.0
619,adventuregame,Bentel rockers__qwen3.5-4b__Bentel_iter_2,home_deliver_three_basic_hard_invlimittwo,instance_00000,Parsed Request Count,7.0
620,adventuregame,Bentel rockers__qwen3.5-4b__Bentel_iter_2,home_deliver_three_basic_hard_invlimittwo,instance_00000,Request Count,7.0
621,adventuregame,Bentel rockers__qwen3.5-4b__Bentel_iter_2,home_deliver_three_basic_hard_invlimittwo,instance_00000,Request Success Ratio,1.0
622,adventuregame,Bentel rockers__qwen3.5-4b__Bentel_iter_2,home_deliver_three_basic_hard_invlimittwo,instance_00000,hallucination_count,1.0
623,adventuregame,Bentel rockers__qwen3.5-4b__Bentel_iter_2,home_deliver_three_basic_hard_invlimittwo,instance_00000,action_parsing_fail,1.0
624,adventuregame,Bentel rockers__qwen3.5-4b__Bentel_iter_2,home_deliver_three_basic_hard_invlimittwo,instance_00000,action_resolution_fail,0.0
625,adventuregame,Bentel rockers__qwen3.5-4b__Bentel_iter_2,home_deliver_three_basic_hard_invlimittwo,instance_00000,lark_exception,0.0
626,adventuregame,Bentel rockers__qwen3.5-4b__Bentel_iter_2,home_deliver_three_basic_hard_invlimittwo,instance_00000,malformed_command,0.0
627,adventuregame,Bentel rockers__qwen3.5-4b__Bentel_iter_2,home_deliver_three_basic_hard_invlimittwo,instance_00000,undefined_action_verb,0.0
628,adventuregame,Bentel rockers__qwen3.5-4b__Bentel_iter_2,home_deliver_three_basic_hard_invlimittwo,instance_00000,undefined_action,0.0
629,adventuregame,Bentel rockers__qwen3.5-4b__Bentel_iter_2,home_deliver_three_basic_hard_invlimittwo,instance_00000,undefined_repr_str,1.0
630,adventuregame,Bentel rockers__qwen3.5-4b__Bentel_iter_2,home_deliver_three_basic_hard_invlimittwo,instance_00000,manipulating_room,0.0
631,adventuregame,Bentel rockers__qwen3.5-4b__Bentel_iter_2,home_deliver_three_basic_hard_invlimittwo,instance_00000,undefined_argument_type,0.0
632,adventuregame,Bentel rockers__qwen3.5-4b__Bentel_iter_2,home_deliver_three_basic_hard_invlimittwo,instance_00000,taking_from_inventory,0.0
633,adventuregame,Bentel rockers__qwen3.5-4b__Bentel_iter_2,home_deliver_three_basic_hard_invlimittwo,instance_00000,other_room_argument,0.0
634,adventuregame,Bentel rockers__qwen3.5-4b__Bentel_iter_2,home_deliver_three_basic_hard_invlimittwo,instance_00000,domain_trait_type_mismatch,0.0
635,adventuregame,Bentel rockers__qwen3.5-4b__Bentel_iter_2,home_deliver_three_basic_hard_invlimittwo,instance_00000,domain_type_discrepancy,0.0
636,adventuregame,Bentel rockers__qwen3.5-4b__Bentel_iter_2,home_deliver_three_basic_hard_invlimittwo,instance_00000,world_state_discrepancy,0.0
637,adventuregame,Bentel rockers__qwen3.5-4b__Bentel_iter_2,home_deliver_three_basic_hard_invlimittwo,instance_00000,entity_not_accessible,0.0
638,adventuregame,Bentel rockers__qwen3.5-4b__Bentel_iter_2,home_deliver_three_basic_hard_invlimittwo,instance_00000,entity_state_mismatch,0.0
639,adventuregame,Bentel rockers__qwen3.5-4b__Bentel_iter_2,home_deliver_three_basic_hard_invlimittwo,instance_00000,entity_trait_mismatch,0.0
640,adventuregame,Bentel rockers__qwen3.5-4b__Bentel_iter_2,home_deliver_three_basic_hard_invlimittwo,instance_00000,entity_already_inventory,0.0
641,adventuregame,Bentel rockers__qwen3.5-4b__Bentel_iter_2,home_deliver_three_basic_hard_invlimittwo,instance_00000,going_to_current_room,0.0
642,adventuregame,Bentel rockers__qwen3.5-4b__Bentel_iter_2,home_deliver_three_basic_hard_invlimittwo,instance_00000,no_exit_to,0.0
643,adventuregame,Bentel rockers__qwen3.5-4b__Bentel_iter_2,home_deliver_three_basic_hard_invlimittwo,instance_00000,inventory_limit_exceeded,0.0
644,adventuregame,Bentel rockers__qwen3.5-4b__Bentel_iter_2,home_deliver_three_basic_hard_invlimittwo,instance_00000,successful_actions,6.0
645,adventuregame,Bentel rockers__qwen3.5-4b__Bentel_iter_2,home_deliver_three_basic_hard_invlimittwo,instance_00000,turn_limit_loss,0.0
646,adventuregame,Bentel rockers__qwen3.5-4b__Bentel_iter_2,home_deliver_three_basic_hard_invlimittwo,instance_00000,turns_over_par,
647,adventuregame,Bentel rockers__qwen3.5-4b__Bentel_iter_2,home_deliver_three_basic_hard_invlimittwo,instance_00000,turn_ratio,
648,adventuregame,Bentel rockers__qwen3.5-4b__Bentel_iter_2,home_deliver_three_basic_hard_invlimittwo,instance_00000,finish_speed,
649,adventuregame,Bentel rockers__qwen3.5-4b__Bentel_iter_2,home_deliver_three_basic_hard_invlimittwo,instance_00000,achieved_goal_ratio,0.0
650,adventuregame,Bentel rockers__qwen3.5-4b__Bentel_iter_2,home_deliver_three_basic_hard_invlimittwo,instance_00000,Aborted,0.0
651,adventuregame,Bentel rockers__qwen3.5-4b__Bentel_iter_2,home_deliver_three_basic_hard_invlimittwo,instance_00000,Success,0.0
652,adventuregame,Bentel rockers__qwen3.5-4b__Bentel_iter_2,home_deliver_three_basic_hard_invlimittwo,instance_00000,Lose,1.0
653,adventuregame,Bentel rockers__qwen3.5-4b__Bentel_iter_2,home_deliver_three_basic_hard_invlimittwo,instance_00000,Main Score,0.0
654,adventuregame,Bentel rockers__qwen3.5-4b__Bentel_iter_2,home_deliver_three_basic_hard_invlimittwo,instance_00000,plan_followed_ratio,0.0
655,adventuregame,Bentel rockers__qwen3.5-4b__Bentel_iter_2,home_deliver_three_basic_hard_invlimittwo,instance_00000,plan_average_viability_ratio,0.0
656,adventuregame,Bentel rockers__qwen3.5-4b__Bentel_iter_2,home_deliver_three_basic_hard_invlimittwo,instance_00000,bad_plan_follow_ratio,0.0
657,adventuregame,Bentel rockers__qwen3.5-4b__Bentel_iter_2,home_deliver_three_basic_hard_invlimittwo,instance_00000,bad_plan_dismiss_ratio,1.0
658,textmapworld_specificroom,Bentel rockers__qwen3.5-4b__Bentel_iter_2,on,instance_00000,Success,1.0
659,textmapworld_specificroom,Bentel rockers__qwen3.5-4b__Bentel_iter_2,on,instance_00000,Aborted,0.0
660,textmapworld_specificroom,Bentel rockers__qwen3.5-4b__Bentel_iter_2,on,instance_00000,Lose,0.0
661,textmapworld_specificroom,Bentel rockers__qwen3.5-4b__Bentel_iter_2,on,instance_00000,moves,4.0
662,textmapworld_specificroom,Bentel rockers__qwen3.5-4b__Bentel_iter_2,on,instance_00000,valid_moves,4.0
663,textmapworld_specificroom,Bentel rockers__qwen3.5-4b__Bentel_iter_2,on,instance_00000,invalid_moves,0.0
664,textmapworld_specificroom,Bentel rockers__qwen3.5-4b__Bentel_iter_2,on,instance_00000,stopped,1.0
665,textmapworld_specificroom,Bentel rockers__qwen3.5-4b__Bentel_iter_2,on,instance_00000,turns_limit,0.0
666,textmapworld_specificroom,Bentel rockers__qwen3.5-4b__Bentel_iter_2,on,instance_00000,loops,0.0
667,textmapworld_specificroom,Bentel rockers__qwen3.5-4b__Bentel_iter_2,on,instance_00000,number_visited,3.0
668,textmapworld_specificroom,Bentel rockers__qwen3.5-4b__Bentel_iter_2,on,instance_00000,seen,5.0
669,textmapworld_specificroom,Bentel rockers__qwen3.5-4b__Bentel_iter_2,on,instance_00000,efficiency,50.0
670,textmapworld_specificroom,Bentel rockers__qwen3.5-4b__Bentel_iter_2,on,instance_00000,exploration,37.5
671,textmapworld_specificroom,Bentel rockers__qwen3.5-4b__Bentel_iter_2,on,instance_00000,old_benchscore,42.857142857142854
672,textmapworld_specificroom,Bentel rockers__qwen3.5-4b__Bentel_iter_2,on,instance_00000,Main Score,100.0
673,textmapworld_specificroom,Bentel rockers__qwen3.5-4b__Bentel_iter_2,far,instance_00027,Aborted,1.0
674,textmapworld_specificroom,Bentel rockers__qwen3.5-4b__Bentel_iter_2,far,instance_00027,Success,0.0
675,textmapworld_specificroom,Bentel rockers__qwen3.5-4b__Bentel_iter_2,far,instance_00027,Lose,0.0
676,textmapworld_specificroom,Bentel rockers__qwen3.5-4b__Bentel_iter_2,far,instance_00027,moves,
677,textmapworld_specificroom,Bentel rockers__qwen3.5-4b__Bentel_iter_2,far,instance_00027,valid_moves,
678,textmapworld_specificroom,Bentel rockers__qwen3.5-4b__Bentel_iter_2,far,instance_00027,invalid_moves,
679,textmapworld_specificroom,Bentel rockers__qwen3.5-4b__Bentel_iter_2,far,instance_00027,stopped,
680,textmapworld_specificroom,Bentel rockers__qwen3.5-4b__Bentel_iter_2,far,instance_00027,turns_limit,
681,textmapworld_specificroom,Bentel rockers__qwen3.5-4b__Bentel_iter_2,far,instance_00027,loops,
682,textmapworld_specificroom,Bentel rockers__qwen3.5-4b__Bentel_iter_2,far,instance_00027,number_visited,
683,textmapworld_specificroom,Bentel rockers__qwen3.5-4b__Bentel_iter_2,far,instance_00027,seen,
684,textmapworld_specificroom,Bentel rockers__qwen3.5-4b__Bentel_iter_2,far,instance_00027,efficiency,
685,textmapworld_specificroom,Bentel rockers__qwen3.5-4b__Bentel_iter_2,far,instance_00027,exploration,
686,textmapworld_specificroom,Bentel rockers__qwen3.5-4b__Bentel_iter_2,far,instance_00027,old_benchscore,
687,textmapworld_specificroom,Bentel rockers__qwen3.5-4b__Bentel_iter_2,far,instance_00027,Main Score,
688,textmapworld_specificroom,Bentel rockers__qwen3.5-4b__Bentel_iter_2,close,instance_00017,Aborted,1.0
689,textmapworld_specificroom,Bentel rockers__qwen3.5-4b__Bentel_iter_2,close,instance_00017,Success,0.0
690,textmapworld_specificroom,Bentel rockers__qwen3.5-4b__Bentel_iter_2,close,instance_00017,Lose,0.0
691,textmapworld_specificroom,Bentel rockers__qwen3.5-4b__Bentel_iter_2,close,instance_00017,moves,
692,textmapworld_specificroom,Bentel rockers__qwen3.5-4b__Bentel_iter_2,close,instance_00017,valid_moves,
693,textmapworld_specificroom,Bentel rockers__qwen3.5-4b__Bentel_iter_2,close,instance_00017,invalid_moves,
694,textmapworld_specificroom,Bentel rockers__qwen3.5-4b__Bentel_iter_2,close,instance_00017,stopped,
695,textmapworld_specificroom,Bentel rockers__qwen3.5-4b__Bentel_iter_2,close,instance_00017,turns_limit,
696,textmapworld_specificroom,Bentel rockers__qwen3.5-4b__Bentel_iter_2,close,instance_00017,loops,
697,textmapworld_specificroom,Bentel rockers__qwen3.5-4b__Bentel_iter_2,close,instance_00017,number_visited,
698,textmapworld_specificroom,Bentel rockers__qwen3.5-4b__Bentel_iter_2,close,instance_00017,seen,
699,textmapworld_specificroom,Bentel rockers__qwen3.5-4b__Bentel_iter_2,close,instance_00017,efficiency,
700,textmapworld_specificroom,Bentel rockers__qwen3.5-4b__Bentel_iter_2,close,instance_00017,exploration,
701,textmapworld_specificroom,Bentel rockers__qwen3.5-4b__Bentel_iter_2,close,instance_00017,old_benchscore,
702,textmapworld_specificroom,Bentel rockers__qwen3.5-4b__Bentel_iter_2,close,instance_00017,Main Score,
703,imagegame,Bentel rockers__qwen3.5-4b__Bentel_iter_2,random_grids,instance_00014,Precision,100.0
704,imagegame,Bentel rockers__qwen3.5-4b__Bentel_iter_2,random_grids,instance_00014,Recall,100.0
705,imagegame,Bentel rockers__qwen3.5-4b__Bentel_iter_2,random_grids,instance_00014,F1,100.0
706,imagegame,Bentel rockers__qwen3.5-4b__Bentel_iter_2,random_grids,instance_00014,Main Score,100.0
707,imagegame,Bentel rockers__qwen3.5-4b__Bentel_iter_2,random_grids,instance_00014,Average Changed Cell Count,1.0
708,imagegame,Bentel rockers__qwen3.5-4b__Bentel_iter_2,random_grids,instance_00014,Average Generated Instruction Length,49.8
709,imagegame,Bentel rockers__qwen3.5-4b__Bentel_iter_2,random_grids,instance_00014,Average Generated Expression Number of Tokens,10.0
710,imagegame,Bentel rockers__qwen3.5-4b__Bentel_iter_2,random_grids,instance_00014,Success,1.0
711,imagegame,Bentel rockers__qwen3.5-4b__Bentel_iter_2,random_grids,instance_00014,Lose,0.0
712,imagegame,Bentel rockers__qwen3.5-4b__Bentel_iter_2,random_grids,instance_00014,Aborted,0.0
713,imagegame,Bentel rockers__qwen3.5-4b__Bentel_iter_2,random_grids,instance_00014,Request Count,32.0
714,imagegame,Bentel rockers__qwen3.5-4b__Bentel_iter_2,random_grids,instance_00014,Violated Request Count,0.0
715,imagegame,Bentel rockers__qwen3.5-4b__Bentel_iter_2,random_grids,instance_00014,Parsed Request Count,32.0
716,imagegame,Bentel rockers__qwen3.5-4b__Bentel_iter_2,random_grids,instance_00014,Request Success Ratio,1.0
717,imagegame,Bentel rockers__qwen3.5-4b__Bentel_iter_2,random_grids,instance_00016,Precision,100.0
718,imagegame,Bentel rockers__qwen3.5-4b__Bentel_iter_2,random_grids,instance_00016,Recall,100.0
719,imagegame,Bentel rockers__qwen3.5-4b__Bentel_iter_2,random_grids,instance_00016,F1,100.0
720,imagegame,Bentel rockers__qwen3.5-4b__Bentel_iter_2,random_grids,instance_00016,Main Score,100.0
721,imagegame,Bentel rockers__qwen3.5-4b__Bentel_iter_2,random_grids,instance_00016,Average Changed Cell Count,2.0
722,imagegame,Bentel rockers__qwen3.5-4b__Bentel_iter_2,random_grids,instance_00016,Average Generated Instruction Length,57.5
723,imagegame,Bentel rockers__qwen3.5-4b__Bentel_iter_2,random_grids,instance_00016,Average Generated Expression Number of Tokens,11.5
724,imagegame,Bentel rockers__qwen3.5-4b__Bentel_iter_2,random_grids,instance_00016,Success,1.0
725,imagegame,Bentel rockers__qwen3.5-4b__Bentel_iter_2,random_grids,instance_00016,Lose,0.0
726,imagegame,Bentel rockers__qwen3.5-4b__Bentel_iter_2,random_grids,instance_00016,Aborted,0.0
727,imagegame,Bentel rockers__qwen3.5-4b__Bentel_iter_2,random_grids,instance_00016,Request Count,26.0
728,imagegame,Bentel rockers__qwen3.5-4b__Bentel_iter_2,random_grids,instance_00016,Violated Request Count,0.0
729,imagegame,Bentel rockers__qwen3.5-4b__Bentel_iter_2,random_grids,instance_00016,Parsed Request Count,26.0
730,imagegame,Bentel rockers__qwen3.5-4b__Bentel_iter_2,random_grids,instance_00016,Request Success Ratio,1.0
731,imagegame,Bentel rockers__qwen3.5-4b__Bentel_iter_2,compact_grids,instance_00019,Precision,100.0
732,imagegame,Bentel rockers__qwen3.5-4b__Bentel_iter_2,compact_grids,instance_00019,Recall,93.0
733,imagegame,Bentel rockers__qwen3.5-4b__Bentel_iter_2,compact_grids,instance_00019,F1,97.0
734,imagegame,Bentel rockers__qwen3.5-4b__Bentel_iter_2,compact_grids,instance_00019,Main Score,97.0
735,imagegame,Bentel rockers__qwen3.5-4b__Bentel_iter_2,compact_grids,instance_00019,Average Changed Cell Count,1.4
736,imagegame,Bentel rockers__qwen3.5-4b__Bentel_iter_2,compact_grids,instance_00019,Average Generated Instruction Length,47.3
737,imagegame,Bentel rockers__qwen3.5-4b__Bentel_iter_2,compact_grids,instance_00019,Average Generated Expression Number of Tokens,9.7
738,imagegame,Bentel rockers__qwen3.5-4b__Bentel_iter_2,compact_grids,instance_00019,Success,0.0
739,imagegame,Bentel rockers__qwen3.5-4b__Bentel_iter_2,compact_grids,instance_00019,Lose,1.0
740,imagegame,Bentel rockers__qwen3.5-4b__Bentel_iter_2,compact_grids,instance_00019,Aborted,0.0
741,imagegame,Bentel rockers__qwen3.5-4b__Bentel_iter_2,compact_grids,instance_00019,Request Count,62.0
742,imagegame,Bentel rockers__qwen3.5-4b__Bentel_iter_2,compact_grids,instance_00019,Violated Request Count,0.0
743,imagegame,Bentel rockers__qwen3.5-4b__Bentel_iter_2,compact_grids,instance_00019,Parsed Request Count,62.0
744,imagegame,Bentel rockers__qwen3.5-4b__Bentel_iter_2,compact_grids,instance_00019,Request Success Ratio,1.0
745,imagegame,Bentel rockers__qwen3.5-4b__Bentel_iter_2,compact_grids,instance_00002,Precision,100.0
746,imagegame,Bentel rockers__qwen3.5-4b__Bentel_iter_2,compact_grids,instance_00002,Recall,100.0
747,imagegame,Bentel rockers__qwen3.5-4b__Bentel_iter_2,compact_grids,instance_00002,F1,100.0
748,imagegame,Bentel rockers__qwen3.5-4b__Bentel_iter_2,compact_grids,instance_00002,Main Score,100.0
749,imagegame,Bentel rockers__qwen3.5-4b__Bentel_iter_2,compact_grids,instance_00002,Average Changed Cell Count,1.0
750,imagegame,Bentel rockers__qwen3.5-4b__Bentel_iter_2,compact_grids,instance_00002,Average Generated Instruction Length,47.6154
751,imagegame,Bentel rockers__qwen3.5-4b__Bentel_iter_2,compact_grids,instance_00002,Average Generated Expression Number of Tokens,10.0
752,imagegame,Bentel rockers__qwen3.5-4b__Bentel_iter_2,compact_grids,instance_00002,Success,1.0
753,imagegame,Bentel rockers__qwen3.5-4b__Bentel_iter_2,compact_grids,instance_00002,Lose,0.0
754,imagegame,Bentel rockers__qwen3.5-4b__Bentel_iter_2,compact_grids,instance_00002,Aborted,0.0
755,imagegame,Bentel rockers__qwen3.5-4b__Bentel_iter_2,compact_grids,instance_00002,Request Count,80.0
756,imagegame,Bentel rockers__qwen3.5-4b__Bentel_iter_2,compact_grids,instance_00002,Violated Request Count,0.0
757,imagegame,Bentel rockers__qwen3.5-4b__Bentel_iter_2,compact_grids,instance_00002,Parsed Request Count,80.0
758,imagegame,Bentel rockers__qwen3.5-4b__Bentel_iter_2,compact_grids,instance_00002,Request Success Ratio,1.0
759,textmapworld_graphreasoning,Bentel rockers__qwen3.5-4b__Bentel_iter_2,small,instance_00009,Aborted,1.0
760,textmapworld_graphreasoning,Bentel rockers__qwen3.5-4b__Bentel_iter_2,small,instance_00009,Success,0.0
761,textmapworld_graphreasoning,Bentel rockers__qwen3.5-4b__Bentel_iter_2,small,instance_00009,Lose,0.0
762,textmapworld_graphreasoning,Bentel rockers__qwen3.5-4b__Bentel_iter_2,small,instance_00009,moves,
763,textmapworld_graphreasoning,Bentel rockers__qwen3.5-4b__Bentel_iter_2,small,instance_00009,valid_moves,
764,textmapworld_graphreasoning,Bentel rockers__qwen3.5-4b__Bentel_iter_2,small,instance_00009,invalid_moves,
765,textmapworld_graphreasoning,Bentel rockers__qwen3.5-4b__Bentel_iter_2,small,instance_00009,stopped,
766,textmapworld_graphreasoning,Bentel rockers__qwen3.5-4b__Bentel_iter_2,small,instance_00009,turns_limit,
767,textmapworld_graphreasoning,Bentel rockers__qwen3.5-4b__Bentel_iter_2,small,instance_00009,loops,
768,textmapworld_graphreasoning,Bentel rockers__qwen3.5-4b__Bentel_iter_2,small,instance_00009,number_visited,
769,textmapworld_graphreasoning,Bentel rockers__qwen3.5-4b__Bentel_iter_2,small,instance_00009,seen,
770,textmapworld_graphreasoning,Bentel rockers__qwen3.5-4b__Bentel_iter_2,small,instance_00009,efficiency,
771,textmapworld_graphreasoning,Bentel rockers__qwen3.5-4b__Bentel_iter_2,small,instance_00009,exploration,
772,textmapworld_graphreasoning,Bentel rockers__qwen3.5-4b__Bentel_iter_2,small,instance_00009,graph_similarity,
773,textmapworld_graphreasoning,Bentel rockers__qwen3.5-4b__Bentel_iter_2,small,instance_00009,Main Score,
774,textmapworld_graphreasoning,Bentel rockers__qwen3.5-4b__Bentel_iter_2,large,instance_00028,Aborted,1.0
775,textmapworld_graphreasoning,Bentel rockers__qwen3.5-4b__Bentel_iter_2,large,instance_00028,Success,0.0
776,textmapworld_graphreasoning,Bentel rockers__qwen3.5-4b__Bentel_iter_2,large,instance_00028,Lose,0.0
777,textmapworld_graphreasoning,Bentel rockers__qwen3.5-4b__Bentel_iter_2,large,instance_00028,moves,
778,textmapworld_graphreasoning,Bentel rockers__qwen3.5-4b__Bentel_iter_2,large,instance_00028,valid_moves,
779,textmapworld_graphreasoning,Bentel rockers__qwen3.5-4b__Bentel_iter_2,large,instance_00028,invalid_moves,
780,textmapworld_graphreasoning,Bentel rockers__qwen3.5-4b__Bentel_iter_2,large,instance_00028,stopped,
781,textmapworld_graphreasoning,Bentel rockers__qwen3.5-4b__Bentel_iter_2,large,instance_00028,turns_limit,
782,textmapworld_graphreasoning,Bentel rockers__qwen3.5-4b__Bentel_iter_2,large,instance_00028,loops,
783,textmapworld_graphreasoning,Bentel rockers__qwen3.5-4b__Bentel_iter_2,large,instance_00028,number_visited,
784,textmapworld_graphreasoning,Bentel rockers__qwen3.5-4b__Bentel_iter_2,large,instance_00028,seen,
785,textmapworld_graphreasoning,Bentel rockers__qwen3.5-4b__Bentel_iter_2,large,instance_00028,efficiency,
786,textmapworld_graphreasoning,Bentel rockers__qwen3.5-4b__Bentel_iter_2,large,instance_00028,exploration,
787,textmapworld_graphreasoning,Bentel rockers__qwen3.5-4b__Bentel_iter_2,large,instance_00028,graph_similarity,
788,textmapworld_graphreasoning,Bentel rockers__qwen3.5-4b__Bentel_iter_2,large,instance_00028,Main Score,
789,textmapworld_graphreasoning,Bentel rockers__qwen3.5-4b__Bentel_iter_2,medium,instance_00010,Aborted,1.0
790,textmapworld_graphreasoning,Bentel rockers__qwen3.5-4b__Bentel_iter_2,medium,instance_00010,Success,0.0
791,textmapworld_graphreasoning,Bentel rockers__qwen3.5-4b__Bentel_iter_2,medium,instance_00010,Lose,0.0
792,textmapworld_graphreasoning,Bentel rockers__qwen3.5-4b__Bentel_iter_2,medium,instance_00010,moves,
793,textmapworld_graphreasoning,Bentel rockers__qwen3.5-4b__Bentel_iter_2,medium,instance_00010,valid_moves,
794,textmapworld_graphreasoning,Bentel rockers__qwen3.5-4b__Bentel_iter_2,medium,instance_00010,invalid_moves,
795,textmapworld_graphreasoning,Bentel rockers__qwen3.5-4b__Bentel_iter_2,medium,instance_00010,stopped,
796,textmapworld_graphreasoning,Bentel rockers__qwen3.5-4b__Bentel_iter_2,medium,instance_00010,turns_limit,
797,textmapworld_graphreasoning,Bentel rockers__qwen3.5-4b__Bentel_iter_2,medium,instance_00010,loops,
798,textmapworld_graphreasoning,Bentel rockers__qwen3.5-4b__Bentel_iter_2,medium,instance_00010,number_visited,
799,textmapworld_graphreasoning,Bentel rockers__qwen3.5-4b__Bentel_iter_2,medium,instance_00010,seen,
800,textmapworld_graphreasoning,Bentel rockers__qwen3.5-4b__Bentel_iter_2,medium,instance_00010,efficiency,
801,textmapworld_graphreasoning,Bentel rockers__qwen3.5-4b__Bentel_iter_2,medium,instance_00010,exploration,
802,textmapworld_graphreasoning,Bentel rockers__qwen3.5-4b__Bentel_iter_2,medium,instance_00010,graph_similarity,
803,textmapworld_graphreasoning,Bentel rockers__qwen3.5-4b__Bentel_iter_2,medium,instance_00010,Main Score,
804,codenames,Bentel rockers__qwen3.5-4b__Bentel_iter_2,association_difficult,instance_00000,experiment variable,Word Assignments
805,codenames,Bentel rockers__qwen3.5-4b__Bentel_iter_2,association_difficult,instance_00000,experiment name,association_difficult
806,codenames,Bentel rockers__qwen3.5-4b__Bentel_iter_2,association_difficult,instance_00000,Cluegiver strip words,1
807,codenames,Bentel rockers__qwen3.5-4b__Bentel_iter_2,association_difficult,instance_00000,Guesser strip words,0
808,codenames,Bentel rockers__qwen3.5-4b__Bentel_iter_2,association_difficult,instance_00000,Average Cluegiver Number of Targets,0
809,codenames,Bentel rockers__qwen3.5-4b__Bentel_iter_2,association_difficult,instance_00000,Average Cluegiver Team Precision,0
810,codenames,Bentel rockers__qwen3.5-4b__Bentel_iter_2,association_difficult,instance_00000,Average Cluegiver Team Recall,0.0
811,codenames,Bentel rockers__qwen3.5-4b__Bentel_iter_2,association_difficult,instance_00000,Average Cluegiver Team F1,0
812,codenames,Bentel rockers__qwen3.5-4b__Bentel_iter_2,association_difficult,instance_00000,Average Guesser Number of Guesses,0
813,codenames,Bentel rockers__qwen3.5-4b__Bentel_iter_2,association_difficult,instance_00000,Average Guesser Number of Revealed Words,0
814,codenames,Bentel rockers__qwen3.5-4b__Bentel_iter_2,association_difficult,instance_00000,Average Guesser Number of Unrevealed Guesses,0
815,codenames,Bentel rockers__qwen3.5-4b__Bentel_iter_2,association_difficult,instance_00000,Average Guesser Target Precision,0
816,codenames,Bentel rockers__qwen3.5-4b__Bentel_iter_2,association_difficult,instance_00000,Average Guesser Target Recall,0
817,codenames,Bentel rockers__qwen3.5-4b__Bentel_iter_2,association_difficult,instance_00000,Average Guesser Target F1,0
818,codenames,Bentel rockers__qwen3.5-4b__Bentel_iter_2,association_difficult,instance_00000,Average Guesser Team Precision,0
819,codenames,Bentel rockers__qwen3.5-4b__Bentel_iter_2,association_difficult,instance_00000,Average Guesser Team Recall,0.0
820,codenames,Bentel rockers__qwen3.5-4b__Bentel_iter_2,association_difficult,instance_00000,Average Guesser Team F1,0
821,codenames,Bentel rockers__qwen3.5-4b__Bentel_iter_2,association_difficult,instance_00000,Aborted,1
822,codenames,Bentel rockers__qwen3.5-4b__Bentel_iter_2,association_difficult,instance_00000,Lose,0
823,codenames,Bentel rockers__qwen3.5-4b__Bentel_iter_2,association_difficult,instance_00000,Success,0
824,codenames,Bentel rockers__qwen3.5-4b__Bentel_iter_2,association_difficult,instance_00000,Game ended through assassin,0
825,codenames,Bentel rockers__qwen3.5-4b__Bentel_iter_2,association_difficult,instance_00000,Episode Recall,0.0
826,codenames,Bentel rockers__qwen3.5-4b__Bentel_iter_2,association_difficult,instance_00000,Episode Negative Recall,1.0
827,codenames,Bentel rockers__qwen3.5-4b__Bentel_iter_2,association_difficult,instance_00000,Number of turns,1
828,codenames,Bentel rockers__qwen3.5-4b__Bentel_iter_2,association_difficult,instance_00000,Efficiency,0.0
829,codenames,Bentel rockers__qwen3.5-4b__Bentel_iter_2,association_difficult,instance_00000,Request Count,1
830,codenames,Bentel rockers__qwen3.5-4b__Bentel_iter_2,association_difficult,instance_00000,Parsed Request Count,0
831,codenames,Bentel rockers__qwen3.5-4b__Bentel_iter_2,association_difficult,instance_00000,Violated Request Count,1
832,codenames,Bentel rockers__qwen3.5-4b__Bentel_iter_2,association_difficult,instance_00000,Request Success Ratio,0.0
833,codenames,Bentel rockers__qwen3.5-4b__Bentel_iter_2,association_difficult,instance_00000,Main Score,
834,codenames,Bentel rockers__qwen3.5-4b__Bentel_iter_2,risk_low,instance_00008,experiment variable,Risk
835,codenames,Bentel rockers__qwen3.5-4b__Bentel_iter_2,risk_low,instance_00008,experiment name,risk_low
836,codenames,Bentel rockers__qwen3.5-4b__Bentel_iter_2,risk_low,instance_00008,Cluegiver strip words,2
837,codenames,Bentel rockers__qwen3.5-4b__Bentel_iter_2,risk_low,instance_00008,Guesser strip words,0
838,codenames,Bentel rockers__qwen3.5-4b__Bentel_iter_2,risk_low,instance_00008,Average Cluegiver Number of Targets,0
839,codenames,Bentel rockers__qwen3.5-4b__Bentel_iter_2,risk_low,instance_00008,Average Cluegiver Team Precision,0
840,codenames,Bentel rockers__qwen3.5-4b__Bentel_iter_2,risk_low,instance_00008,Average Cluegiver Team Recall,0.0
841,codenames,Bentel rockers__qwen3.5-4b__Bentel_iter_2,risk_low,instance_00008,Average Cluegiver Team F1,0
842,codenames,Bentel rockers__qwen3.5-4b__Bentel_iter_2,risk_low,instance_00008,Average Guesser Number of Guesses,0
843,codenames,Bentel rockers__qwen3.5-4b__Bentel_iter_2,risk_low,instance_00008,Average Guesser Number of Revealed Words,0
844,codenames,Bentel rockers__qwen3.5-4b__Bentel_iter_2,risk_low,instance_00008,Average Guesser Number of Unrevealed Guesses,0
845,codenames,Bentel rockers__qwen3.5-4b__Bentel_iter_2,risk_low,instance_00008,Average Guesser Target Precision,0
846,codenames,Bentel rockers__qwen3.5-4b__Bentel_iter_2,risk_low,instance_00008,Average Guesser Target Recall,0
847,codenames,Bentel rockers__qwen3.5-4b__Bentel_iter_2,risk_low,instance_00008,Average Guesser Target F1,0
848,codenames,Bentel rockers__qwen3.5-4b__Bentel_iter_2,risk_low,instance_00008,Average Guesser Team Precision,0
849,codenames,Bentel rockers__qwen3.5-4b__Bentel_iter_2,risk_low,instance_00008,Average Guesser Team Recall,0.0
850,codenames,Bentel rockers__qwen3.5-4b__Bentel_iter_2,risk_low,instance_00008,Average Guesser Team F1,0
851,codenames,Bentel rockers__qwen3.5-4b__Bentel_iter_2,risk_low,instance_00008,Aborted,1
852,codenames,Bentel rockers__qwen3.5-4b__Bentel_iter_2,risk_low,instance_00008,Lose,0
853,codenames,Bentel rockers__qwen3.5-4b__Bentel_iter_2,risk_low,instance_00008,Success,0
854,codenames,Bentel rockers__qwen3.5-4b__Bentel_iter_2,risk_low,instance_00008,Game ended through assassin,0
855,codenames,Bentel rockers__qwen3.5-4b__Bentel_iter_2,risk_low,instance_00008,Episode Recall,0.0
856,codenames,Bentel rockers__qwen3.5-4b__Bentel_iter_2,risk_low,instance_00008,Episode Negative Recall,1.0
857,codenames,Bentel rockers__qwen3.5-4b__Bentel_iter_2,risk_low,instance_00008,Number of turns,1
858,codenames,Bentel rockers__qwen3.5-4b__Bentel_iter_2,risk_low,instance_00008,Efficiency,0.0
859,codenames,Bentel rockers__qwen3.5-4b__Bentel_iter_2,risk_low,instance_00008,Request Count,1
860,codenames,Bentel rockers__qwen3.5-4b__Bentel_iter_2,risk_low,instance_00008,Parsed Request Count,0
861,codenames,Bentel rockers__qwen3.5-4b__Bentel_iter_2,risk_low,instance_00008,Violated Request Count,1
862,codenames,Bentel rockers__qwen3.5-4b__Bentel_iter_2,risk_low,instance_00008,Request Success Ratio,0.0
863,codenames,Bentel rockers__qwen3.5-4b__Bentel_iter_2,risk_low,instance_00008,Main Score,
864,codenames,Bentel rockers__qwen3.5-4b__Bentel_iter_2,ambiguous,instance_00001,experiment variable,Word Ambiguity
865,codenames,Bentel rockers__qwen3.5-4b__Bentel_iter_2,ambiguous,instance_00001,experiment name,ambiguous
866,codenames,Bentel rockers__qwen3.5-4b__Bentel_iter_2,ambiguous,instance_00001,Cluegiver strip words,1
867,codenames,Bentel rockers__qwen3.5-4b__Bentel_iter_2,ambiguous,instance_00001,Guesser strip words,0
868,codenames,Bentel rockers__qwen3.5-4b__Bentel_iter_2,ambiguous,instance_00001,Average Cluegiver Number of Targets,0
869,codenames,Bentel rockers__qwen3.5-4b__Bentel_iter_2,ambiguous,instance_00001,Average Cluegiver Team Precision,0
870,codenames,Bentel rockers__qwen3.5-4b__Bentel_iter_2,ambiguous,instance_00001,Average Cluegiver Team Recall,0.0
871,codenames,Bentel rockers__qwen3.5-4b__Bentel_iter_2,ambiguous,instance_00001,Average Cluegiver Team F1,0
872,codenames,Bentel rockers__qwen3.5-4b__Bentel_iter_2,ambiguous,instance_00001,Average Guesser Number of Guesses,0
873,codenames,Bentel rockers__qwen3.5-4b__Bentel_iter_2,ambiguous,instance_00001,Average Guesser Number of Revealed Words,0
874,codenames,Bentel rockers__qwen3.5-4b__Bentel_iter_2,ambiguous,instance_00001,Average Guesser Number of Unrevealed Guesses,0
875,codenames,Bentel rockers__qwen3.5-4b__Bentel_iter_2,ambiguous,instance_00001,Average Guesser Target Precision,0
876,codenames,Bentel rockers__qwen3.5-4b__Bentel_iter_2,ambiguous,instance_00001,Average Guesser Target Recall,0
877,codenames,Bentel rockers__qwen3.5-4b__Bentel_iter_2,ambiguous,instance_00001,Average Guesser Target F1,0
878,codenames,Bentel rockers__qwen3.5-4b__Bentel_iter_2,ambiguous,instance_00001,Average Guesser Team Precision,0
879,codenames,Bentel rockers__qwen3.5-4b__Bentel_iter_2,ambiguous,instance_00001,Average Guesser Team Recall,0.0
880,codenames,Bentel rockers__qwen3.5-4b__Bentel_iter_2,ambiguous,instance_00001,Average Guesser Team F1,0
881,codenames,Bentel rockers__qwen3.5-4b__Bentel_iter_2,ambiguous,instance_00001,Aborted,1
882,codenames,Bentel rockers__qwen3.5-4b__Bentel_iter_2,ambiguous,instance_00001,Lose,0
883,codenames,Bentel rockers__qwen3.5-4b__Bentel_iter_2,ambiguous,instance_00001,Success,0
884,codenames,Bentel rockers__qwen3.5-4b__Bentel_iter_2,ambiguous,instance_00001,Game ended through assassin,0
885,codenames,Bentel rockers__qwen3.5-4b__Bentel_iter_2,ambiguous,instance_00001,Episode Recall,0.0
886,codenames,Bentel rockers__qwen3.5-4b__Bentel_iter_2,ambiguous,instance_00001,Episode Negative Recall,1.0
887,codenames,Bentel rockers__qwen3.5-4b__Bentel_iter_2,ambiguous,instance_00001,Number of turns,1
888,codenames,Bentel rockers__qwen3.5-4b__Bentel_iter_2,ambiguous,instance_00001,Efficiency,0.0
889,codenames,Bentel rockers__qwen3.5-4b__Bentel_iter_2,ambiguous,instance_00001,Request Count,1
890,codenames,Bentel rockers__qwen3.5-4b__Bentel_iter_2,ambiguous,instance_00001,Parsed Request Count,0
891,codenames,Bentel rockers__qwen3.5-4b__Bentel_iter_2,ambiguous,instance_00001,Violated Request Count,1
892,codenames,Bentel rockers__qwen3.5-4b__Bentel_iter_2,ambiguous,instance_00001,Request Success Ratio,0.0
893,codenames,Bentel rockers__qwen3.5-4b__Bentel_iter_2,ambiguous,instance_00001,Main Score,
894,codenames,Bentel rockers__qwen3.5-4b__Bentel_iter_2,opponent_difficult,instance_00007,experiment variable,Opponent Difficulty
895,codenames,Bentel rockers__qwen3.5-4b__Bentel_iter_2,opponent_difficult,instance_00007,experiment name,opponent_difficult
896,codenames,Bentel rockers__qwen3.5-4b__Bentel_iter_2,opponent_difficult,instance_00007,Cluegiver strip words,2
897,codenames,Bentel rockers__qwen3.5-4b__Bentel_iter_2,opponent_difficult,instance_00007,Guesser strip words,0
898,codenames,Bentel rockers__qwen3.5-4b__Bentel_iter_2,opponent_difficult,instance_00007,Average Cluegiver Number of Targets,0
899,codenames,Bentel rockers__qwen3.5-4b__Bentel_iter_2,opponent_difficult,instance_00007,Average Cluegiver Team Precision,0
900,codenames,Bentel rockers__qwen3.5-4b__Bentel_iter_2,opponent_difficult,instance_00007,Average Cluegiver Team Recall,0.0
901,codenames,Bentel rockers__qwen3.5-4b__Bentel_iter_2,opponent_difficult,instance_00007,Average Cluegiver Team F1,0
902,codenames,Bentel rockers__qwen3.5-4b__Bentel_iter_2,opponent_difficult,instance_00007,Average Guesser Number of Guesses,0
903,codenames,Bentel rockers__qwen3.5-4b__Bentel_iter_2,opponent_difficult,instance_00007,Average Guesser Number of Revealed Words,0
904,codenames,Bentel rockers__qwen3.5-4b__Bentel_iter_2,opponent_difficult,instance_00007,Average Guesser Number of Unrevealed Guesses,0
905,codenames,Bentel rockers__qwen3.5-4b__Bentel_iter_2,opponent_difficult,instance_00007,Average Guesser Target Precision,0
906,codenames,Bentel rockers__qwen3.5-4b__Bentel_iter_2,opponent_difficult,instance_00007,Average Guesser Target Recall,0
907,codenames,Bentel rockers__qwen3.5-4b__Bentel_iter_2,opponent_difficult,instance_00007,Average Guesser Target F1,0
908,codenames,Bentel rockers__qwen3.5-4b__Bentel_iter_2,opponent_difficult,instance_00007,Average Guesser Team Precision,0
909,codenames,Bentel rockers__qwen3.5-4b__Bentel_iter_2,opponent_difficult,instance_00007,Average Guesser Team Recall,0.0
910,codenames,Bentel rockers__qwen3.5-4b__Bentel_iter_2,opponent_difficult,instance_00007,Average Guesser Team F1,0
911,codenames,Bentel rockers__qwen3.5-4b__Bentel_iter_2,opponent_difficult,instance_00007,Aborted,1
912,codenames,Bentel rockers__qwen3.5-4b__Bentel_iter_2,opponent_difficult,instance_00007,Lose,0
913,codenames,Bentel rockers__qwen3.5-4b__Bentel_iter_2,opponent_difficult,instance_00007,Success,0
914,codenames,Bentel rockers__qwen3.5-4b__Bentel_iter_2,opponent_difficult,instance_00007,Game ended through assassin,0
915,codenames,Bentel rockers__qwen3.5-4b__Bentel_iter_2,opponent_difficult,instance_00007,Episode Recall,0.0
916,codenames,Bentel rockers__qwen3.5-4b__Bentel_iter_2,opponent_difficult,instance_00007,Episode Negative Recall,1.0
917,codenames,Bentel rockers__qwen3.5-4b__Bentel_iter_2,opponent_difficult,instance_00007,Number of turns,1
918,codenames,Bentel rockers__qwen3.5-4b__Bentel_iter_2,opponent_difficult,instance_00007,Efficiency,0.0
919,codenames,Bentel rockers__qwen3.5-4b__Bentel_iter_2,opponent_difficult,instance_00007,Request Count,1
920,codenames,Bentel rockers__qwen3.5-4b__Bentel_iter_2,opponent_difficult,instance_00007,Parsed Request Count,0
921,codenames,Bentel rockers__qwen3.5-4b__Bentel_iter_2,opponent_difficult,instance_00007,Violated Request Count,1
922,codenames,Bentel rockers__qwen3.5-4b__Bentel_iter_2,opponent_difficult,instance_00007,Request Success Ratio,0.0
923,codenames,Bentel rockers__qwen3.5-4b__Bentel_iter_2,opponent_difficult,instance_00007,Main Score,
924,codenames,Bentel rockers__qwen3.5-4b__Bentel_iter_2,risk_high,instance_00009,experiment variable,Risk
925,codenames,Bentel rockers__qwen3.5-4b__Bentel_iter_2,risk_high,instance_00009,experiment name,risk_high
926,codenames,Bentel rockers__qwen3.5-4b__Bentel_iter_2,risk_high,instance_00009,Cluegiver strip words,1
927,codenames,Bentel rockers__qwen3.5-4b__Bentel_iter_2,risk_high,instance_00009,Guesser strip words,0
928,codenames,Bentel rockers__qwen3.5-4b__Bentel_iter_2,risk_high,instance_00009,Average Cluegiver Number of Targets,0
929,codenames,Bentel rockers__qwen3.5-4b__Bentel_iter_2,risk_high,instance_00009,Average Cluegiver Team Precision,0
930,codenames,Bentel rockers__qwen3.5-4b__Bentel_iter_2,risk_high,instance_00009,Average Cluegiver Team Recall,0.0
931,codenames,Bentel rockers__qwen3.5-4b__Bentel_iter_2,risk_high,instance_00009,Average Cluegiver Team F1,0
932,codenames,Bentel rockers__qwen3.5-4b__Bentel_iter_2,risk_high,instance_00009,Average Guesser Number of Guesses,0
933,codenames,Bentel rockers__qwen3.5-4b__Bentel_iter_2,risk_high,instance_00009,Average Guesser Number of Revealed Words,0
934,codenames,Bentel rockers__qwen3.5-4b__Bentel_iter_2,risk_high,instance_00009,Average Guesser Number of Unrevealed Guesses,0
935,codenames,Bentel rockers__qwen3.5-4b__Bentel_iter_2,risk_high,instance_00009,Average Guesser Target Precision,0
936,codenames,Bentel rockers__qwen3.5-4b__Bentel_iter_2,risk_high,instance_00009,Average Guesser Target Recall,0
937,codenames,Bentel rockers__qwen3.5-4b__Bentel_iter_2,risk_high,instance_00009,Average Guesser Target F1,0
938,codenames,Bentel rockers__qwen3.5-4b__Bentel_iter_2,risk_high,instance_00009,Average Guesser Team Precision,0
939,codenames,Bentel rockers__qwen3.5-4b__Bentel_iter_2,risk_high,instance_00009,Average Guesser Team Recall,0.0
940,codenames,Bentel rockers__qwen3.5-4b__Bentel_iter_2,risk_high,instance_00009,Average Guesser Team F1,0
941,codenames,Bentel rockers__qwen3.5-4b__Bentel_iter_2,risk_high,instance_00009,Aborted,1
942,codenames,Bentel rockers__qwen3.5-4b__Bentel_iter_2,risk_high,instance_00009,Lose,0
943,codenames,Bentel rockers__qwen3.5-4b__Bentel_iter_2,risk_high,instance_00009,Success,0
944,codenames,Bentel rockers__qwen3.5-4b__Bentel_iter_2,risk_high,instance_00009,Game ended through assassin,0
945,codenames,Bentel rockers__qwen3.5-4b__Bentel_iter_2,risk_high,instance_00009,Episode Recall,0.0
946,codenames,Bentel rockers__qwen3.5-4b__Bentel_iter_2,risk_high,instance_00009,Episode Negative Recall,1.0
947,codenames,Bentel rockers__qwen3.5-4b__Bentel_iter_2,risk_high,instance_00009,Number of turns,1
948,codenames,Bentel rockers__qwen3.5-4b__Bentel_iter_2,risk_high,instance_00009,Efficiency,0.0
949,codenames,Bentel rockers__qwen3.5-4b__Bentel_iter_2,risk_high,instance_00009,Request Count,1
950,codenames,Bentel rockers__qwen3.5-4b__Bentel_iter_2,risk_high,instance_00009,Parsed Request Count,0
951,codenames,Bentel rockers__qwen3.5-4b__Bentel_iter_2,risk_high,instance_00009,Violated Request Count,1
952,codenames,Bentel rockers__qwen3.5-4b__Bentel_iter_2,risk_high,instance_00009,Request Success Ratio,0.0
953,codenames,Bentel rockers__qwen3.5-4b__Bentel_iter_2,risk_high,instance_00009,Main Score,
954,codenames,Bentel rockers__qwen3.5-4b__Bentel_iter_2,abstract,instance_00007,experiment variable,Word Concreteness
955,codenames,Bentel rockers__qwen3.5-4b__Bentel_iter_2,abstract,instance_00007,experiment name,abstract
956,codenames,Bentel rockers__qwen3.5-4b__Bentel_iter_2,abstract,instance_00007,Cluegiver strip words,1
957,codenames,Bentel rockers__qwen3.5-4b__Bentel_iter_2,abstract,instance_00007,Guesser strip words,0
958,codenames,Bentel rockers__qwen3.5-4b__Bentel_iter_2,abstract,instance_00007,Average Cluegiver Number of Targets,0
959,codenames,Bentel rockers__qwen3.5-4b__Bentel_iter_2,abstract,instance_00007,Average Cluegiver Team Precision,0
960,codenames,Bentel rockers__qwen3.5-4b__Bentel_iter_2,abstract,instance_00007,Average Cluegiver Team Recall,0.0
961,codenames,Bentel rockers__qwen3.5-4b__Bentel_iter_2,abstract,instance_00007,Average Cluegiver Team F1,0
962,codenames,Bentel rockers__qwen3.5-4b__Bentel_iter_2,abstract,instance_00007,Average Guesser Number of Guesses,0
963,codenames,Bentel rockers__qwen3.5-4b__Bentel_iter_2,abstract,instance_00007,Average Guesser Number of Revealed Words,0
964,codenames,Bentel rockers__qwen3.5-4b__Bentel_iter_2,abstract,instance_00007,Average Guesser Number of Unrevealed Guesses,0
965,codenames,Bentel rockers__qwen3.5-4b__Bentel_iter_2,abstract,instance_00007,Average Guesser Target Precision,0
966,codenames,Bentel rockers__qwen3.5-4b__Bentel_iter_2,abstract,instance_00007,Average Guesser Target Recall,0
967,codenames,Bentel rockers__qwen3.5-4b__Bentel_iter_2,abstract,instance_00007,Average Guesser Target F1,0
968,codenames,Bentel rockers__qwen3.5-4b__Bentel_iter_2,abstract,instance_00007,Average Guesser Team Precision,0
969,codenames,Bentel rockers__qwen3.5-4b__Bentel_iter_2,abstract,instance_00007,Average Guesser Team Recall,0.0
970,codenames,Bentel rockers__qwen3.5-4b__Bentel_iter_2,abstract,instance_00007,Average Guesser Team F1,0
971,codenames,Bentel rockers__qwen3.5-4b__Bentel_iter_2,abstract,instance_00007,Aborted,1
972,codenames,Bentel rockers__qwen3.5-4b__Bentel_iter_2,abstract,instance_00007,Lose,0
973,codenames,Bentel rockers__qwen3.5-4b__Bentel_iter_2,abstract,instance_00007,Success,0
974,codenames,Bentel rockers__qwen3.5-4b__Bentel_iter_2,abstract,instance_00007,Game ended through assassin,0
975,codenames,Bentel rockers__qwen3.5-4b__Bentel_iter_2,abstract,instance_00007,Episode Recall,0.0
976,codenames,Bentel rockers__qwen3.5-4b__Bentel_iter_2,abstract,instance_00007,Episode Negative Recall,1.0
977,codenames,Bentel rockers__qwen3.5-4b__Bentel_iter_2,abstract,instance_00007,Number of turns,1
978,codenames,Bentel rockers__qwen3.5-4b__Bentel_iter_2,abstract,instance_00007,Efficiency,0.0
979,codenames,Bentel rockers__qwen3.5-4b__Bentel_iter_2,abstract,instance_00007,Request Count,1
980,codenames,Bentel rockers__qwen3.5-4b__Bentel_iter_2,abstract,instance_00007,Parsed Request Count,0
981,codenames,Bentel rockers__qwen3.5-4b__Bentel_iter_2,abstract,instance_00007,Violated Request Count,1
982,codenames,Bentel rockers__qwen3.5-4b__Bentel_iter_2,abstract,instance_00007,Request Success Ratio,0.0
983,codenames,Bentel rockers__qwen3.5-4b__Bentel_iter_2,abstract,instance_00007,Main Score,
984,codenames,Bentel rockers__qwen3.5-4b__Bentel_iter_2,association_easy,instance_00009,experiment variable,Word Assignments
985,codenames,Bentel rockers__qwen3.5-4b__Bentel_iter_2,association_easy,instance_00009,experiment name,association_easy
986,codenames,Bentel rockers__qwen3.5-4b__Bentel_iter_2,association_easy,instance_00009,Cluegiver strip words,1
987,codenames,Bentel rockers__qwen3.5-4b__Bentel_iter_2,association_easy,instance_00009,Guesser strip words,0
988,codenames,Bentel rockers__qwen3.5-4b__Bentel_iter_2,association_easy,instance_00009,Average Cluegiver Number of Targets,0
989,codenames,Bentel rockers__qwen3.5-4b__Bentel_iter_2,association_easy,instance_00009,Average Cluegiver Team Precision,0
990,codenames,Bentel rockers__qwen3.5-4b__Bentel_iter_2,association_easy,instance_00009,Average Cluegiver Team Recall,0.0
991,codenames,Bentel rockers__qwen3.5-4b__Bentel_iter_2,association_easy,instance_00009,Average Cluegiver Team F1,0
992,codenames,Bentel rockers__qwen3.5-4b__Bentel_iter_2,association_easy,instance_00009,Average Guesser Number of Guesses,0
993,codenames,Bentel rockers__qwen3.5-4b__Bentel_iter_2,association_easy,instance_00009,Average Guesser Number of Revealed Words,0
994,codenames,Bentel rockers__qwen3.5-4b__Bentel_iter_2,association_easy,instance_00009,Average Guesser Number of Unrevealed Guesses,0
995,codenames,Bentel rockers__qwen3.5-4b__Bentel_iter_2,association_easy,instance_00009,Average Guesser Target Precision,0
996,codenames,Bentel rockers__qwen3.5-4b__Bentel_iter_2,association_easy,instance_00009,Average Guesser Target Recall,0
997,codenames,Bentel rockers__qwen3.5-4b__Bentel_iter_2,association_easy,instance_00009,Average Guesser Target F1,0
998,codenames,Bentel rockers__qwen3.5-4b__Bentel_iter_2,association_easy,instance_00009,Average Guesser Team Precision,0
999,codenames,Bentel rockers__qwen3.5-4b__Bentel_iter_2,association_easy,instance_00009,Average Guesser Team Recall,0.0
1000,codenames,Bentel rockers__qwen3.5-4b__Bentel_iter_2,association_easy,instance_00009,Average Guesser Team F1,0
1001,codenames,Bentel rockers__qwen3.5-4b__Bentel_iter_2,association_easy,instance_00009,Aborted,1
1002,codenames,Bentel rockers__qwen3.5-4b__Bentel_iter_2,association_easy,instance_00009,Lose,0
1003,codenames,Bentel rockers__qwen3.5-4b__Bentel_iter_2,association_easy,instance_00009,Success,0
1004,codenames,Bentel rockers__qwen3.5-4b__Bentel_iter_2,association_easy,instance_00009,Game ended through assassin,0
1005,codenames,Bentel rockers__qwen3.5-4b__Bentel_iter_2,association_easy,instance_00009,Episode Recall,0.0
1006,codenames,Bentel rockers__qwen3.5-4b__Bentel_iter_2,association_easy,instance_00009,Episode Negative Recall,1.0
1007,codenames,Bentel rockers__qwen3.5-4b__Bentel_iter_2,association_easy,instance_00009,Number of turns,1
1008,codenames,Bentel rockers__qwen3.5-4b__Bentel_iter_2,association_easy,instance_00009,Efficiency,0.0
1009,codenames,Bentel rockers__qwen3.5-4b__Bentel_iter_2,association_easy,instance_00009,Request Count,1
1010,codenames,Bentel rockers__qwen3.5-4b__Bentel_iter_2,association_easy,instance_00009,Parsed Request Count,0
1011,codenames,Bentel rockers__qwen3.5-4b__Bentel_iter_2,association_easy,instance_00009,Violated Request Count,1
1012,codenames,Bentel rockers__qwen3.5-4b__Bentel_iter_2,association_easy,instance_00009,Request Success Ratio,0.0
1013,codenames,Bentel rockers__qwen3.5-4b__Bentel_iter_2,association_easy,instance_00009,Main Score,
1014,codenames,Bentel rockers__qwen3.5-4b__Bentel_iter_2,opponent_easy,instance_00009,experiment variable,Opponent Difficulty
1015,codenames,Bentel rockers__qwen3.5-4b__Bentel_iter_2,opponent_easy,instance_00009,experiment name,opponent_easy
1016,codenames,Bentel rockers__qwen3.5-4b__Bentel_iter_2,opponent_easy,instance_00009,Cluegiver strip words,1
1017,codenames,Bentel rockers__qwen3.5-4b__Bentel_iter_2,opponent_easy,instance_00009,Guesser strip words,0
1018,codenames,Bentel rockers__qwen3.5-4b__Bentel_iter_2,opponent_easy,instance_00009,Average Cluegiver Number of Targets,0
1019,codenames,Bentel rockers__qwen3.5-4b__Bentel_iter_2,opponent_easy,instance_00009,Average Cluegiver Team Precision,0
1020,codenames,Bentel rockers__qwen3.5-4b__Bentel_iter_2,opponent_easy,instance_00009,Average Cluegiver Team Recall,0.0
1021,codenames,Bentel rockers__qwen3.5-4b__Bentel_iter_2,opponent_easy,instance_00009,Average Cluegiver Team F1,0
1022,codenames,Bentel rockers__qwen3.5-4b__Bentel_iter_2,opponent_easy,instance_00009,Average Guesser Number of Guesses,0
1023,codenames,Bentel rockers__qwen3.5-4b__Bentel_iter_2,opponent_easy,instance_00009,Average Guesser Number of Revealed Words,0
1024,codenames,Bentel rockers__qwen3.5-4b__Bentel_iter_2,opponent_easy,instance_00009,Average Guesser Number of Unrevealed Guesses,0
1025,codenames,Bentel rockers__qwen3.5-4b__Bentel_iter_2,opponent_easy,instance_00009,Average Guesser Target Precision,0
1026,codenames,Bentel rockers__qwen3.5-4b__Bentel_iter_2,opponent_easy,instance_00009,Average Guesser Target Recall,0
1027,codenames,Bentel rockers__qwen3.5-4b__Bentel_iter_2,opponent_easy,instance_00009,Average Guesser Target F1,0
1028,codenames,Bentel rockers__qwen3.5-4b__Bentel_iter_2,opponent_easy,instance_00009,Average Guesser Team Precision,0
1029,codenames,Bentel rockers__qwen3.5-4b__Bentel_iter_2,opponent_easy,instance_00009,Average Guesser Team Recall,0.0
1030,codenames,Bentel rockers__qwen3.5-4b__Bentel_iter_2,opponent_easy,instance_00009,Average Guesser Team F1,0
1031,codenames,Bentel rockers__qwen3.5-4b__Bentel_iter_2,opponent_easy,instance_00009,Aborted,1
1032,codenames,Bentel rockers__qwen3.5-4b__Bentel_iter_2,opponent_easy,instance_00009,Lose,0
1033,codenames,Bentel rockers__qwen3.5-4b__Bentel_iter_2,opponent_easy,instance_00009,Success,0
1034,codenames,Bentel rockers__qwen3.5-4b__Bentel_iter_2,opponent_easy,instance_00009,Game ended through assassin,0
1035,codenames,Bentel rockers__qwen3.5-4b__Bentel_iter_2,opponent_easy,instance_00009,Episode Recall,0.0
1036,codenames,Bentel rockers__qwen3.5-4b__Bentel_iter_2,opponent_easy,instance_00009,Episode Negative Recall,1.0
1037,codenames,Bentel rockers__qwen3.5-4b__Bentel_iter_2,opponent_easy,instance_00009,Number of turns,1
1038,codenames,Bentel rockers__qwen3.5-4b__Bentel_iter_2,opponent_easy,instance_00009,Efficiency,0.0
1039,codenames,Bentel rockers__qwen3.5-4b__Bentel_iter_2,opponent_easy,instance_00009,Request Count,1
1040,codenames,Bentel rockers__qwen3.5-4b__Bentel_iter_2,opponent_easy,instance_00009,Parsed Request Count,0
1041,codenames,Bentel rockers__qwen3.5-4b__Bentel_iter_2,opponent_easy,instance_00009,Violated Request Count,1
1042,codenames,Bentel rockers__qwen3.5-4b__Bentel_iter_2,opponent_easy,instance_00009,Request Success Ratio,0.0
1043,codenames,Bentel rockers__qwen3.5-4b__Bentel_iter_2,opponent_easy,instance_00009,Main Score,
1044,codenames,Bentel rockers__qwen3.5-4b__Bentel_iter_2,concrete,instance_00004,experiment variable,Word Concreteness
1045,codenames,Bentel rockers__qwen3.5-4b__Bentel_iter_2,concrete,instance_00004,experiment name,concrete
1046,codenames,Bentel rockers__qwen3.5-4b__Bentel_iter_2,concrete,instance_00004,Cluegiver strip words,2
1047,codenames,Bentel rockers__qwen3.5-4b__Bentel_iter_2,concrete,instance_00004,Guesser strip words,0
1048,codenames,Bentel rockers__qwen3.5-4b__Bentel_iter_2,concrete,instance_00004,Average Cluegiver Number of Targets,0
1049,codenames,Bentel rockers__qwen3.5-4b__Bentel_iter_2,concrete,instance_00004,Average Cluegiver Team Precision,0
1050,codenames,Bentel rockers__qwen3.5-4b__Bentel_iter_2,concrete,instance_00004,Average Cluegiver Team Recall,0.0
1051,codenames,Bentel rockers__qwen3.5-4b__Bentel_iter_2,concrete,instance_00004,Average Cluegiver Team F1,0
1052,codenames,Bentel rockers__qwen3.5-4b__Bentel_iter_2,concrete,instance_00004,Average Guesser Number of Guesses,0
1053,codenames,Bentel rockers__qwen3.5-4b__Bentel_iter_2,concrete,instance_00004,Average Guesser Number of Revealed Words,0
1054,codenames,Bentel rockers__qwen3.5-4b__Bentel_iter_2,concrete,instance_00004,Average Guesser Number of Unrevealed Guesses,0
1055,codenames,Bentel rockers__qwen3.5-4b__Bentel_iter_2,concrete,instance_00004,Average Guesser Target Precision,0
1056,codenames,Bentel rockers__qwen3.5-4b__Bentel_iter_2,concrete,instance_00004,Average Guesser Target Recall,0
1057,codenames,Bentel rockers__qwen3.5-4b__Bentel_iter_2,concrete,instance_00004,Average Guesser Target F1,0
1058,codenames,Bentel rockers__qwen3.5-4b__Bentel_iter_2,concrete,instance_00004,Average Guesser Team Precision,0
1059,codenames,Bentel rockers__qwen3.5-4b__Bentel_iter_2,concrete,instance_00004,Average Guesser Team Recall,0.0
1060,codenames,Bentel rockers__qwen3.5-4b__Bentel_iter_2,concrete,instance_00004,Average Guesser Team F1,0
1061,codenames,Bentel rockers__qwen3.5-4b__Bentel_iter_2,concrete,instance_00004,Aborted,1
1062,codenames,Bentel rockers__qwen3.5-4b__Bentel_iter_2,concrete,instance_00004,Lose,0
1063,codenames,Bentel rockers__qwen3.5-4b__Bentel_iter_2,concrete,instance_00004,Success,0
1064,codenames,Bentel rockers__qwen3.5-4b__Bentel_iter_2,concrete,instance_00004,Game ended through assassin,0
1065,codenames,Bentel rockers__qwen3.5-4b__Bentel_iter_2,concrete,instance_00004,Episode Recall,0.0
1066,codenames,Bentel rockers__qwen3.5-4b__Bentel_iter_2,concrete,instance_00004,Episode Negative Recall,1.0
1067,codenames,Bentel rockers__qwen3.5-4b__Bentel_iter_2,concrete,instance_00004,Number of turns,1
1068,codenames,Bentel rockers__qwen3.5-4b__Bentel_iter_2,concrete,instance_00004,Efficiency,0.0
1069,codenames,Bentel rockers__qwen3.5-4b__Bentel_iter_2,concrete,instance_00004,Request Count,1
1070,codenames,Bentel rockers__qwen3.5-4b__Bentel_iter_2,concrete,instance_00004,Parsed Request Count,0
1071,codenames,Bentel rockers__qwen3.5-4b__Bentel_iter_2,concrete,instance_00004,Violated Request Count,1
1072,codenames,Bentel rockers__qwen3.5-4b__Bentel_iter_2,concrete,instance_00004,Request Success Ratio,0.0
1073,codenames,Bentel rockers__qwen3.5-4b__Bentel_iter_2,concrete,instance_00004,Main Score,
1074,codenames,Bentel rockers__qwen3.5-4b__Bentel_iter_2,unambiguous,instance_00002,experiment variable,Word Ambiguity
1075,codenames,Bentel rockers__qwen3.5-4b__Bentel_iter_2,unambiguous,instance_00002,experiment name,unambiguous
1076,codenames,Bentel rockers__qwen3.5-4b__Bentel_iter_2,unambiguous,instance_00002,Cluegiver strip words,1
1077,codenames,Bentel rockers__qwen3.5-4b__Bentel_iter_2,unambiguous,instance_00002,Guesser strip words,0
1078,codenames,Bentel rockers__qwen3.5-4b__Bentel_iter_2,unambiguous,instance_00002,Average Cluegiver Number of Targets,0
1079,codenames,Bentel rockers__qwen3.5-4b__Bentel_iter_2,unambiguous,instance_00002,Average Cluegiver Team Precision,0
1080,codenames,Bentel rockers__qwen3.5-4b__Bentel_iter_2,unambiguous,instance_00002,Average Cluegiver Team Recall,0.0
1081,codenames,Bentel rockers__qwen3.5-4b__Bentel_iter_2,unambiguous,instance_00002,Average Cluegiver Team F1,0
1082,codenames,Bentel rockers__qwen3.5-4b__Bentel_iter_2,unambiguous,instance_00002,Average Guesser Number of Guesses,0
1083,codenames,Bentel rockers__qwen3.5-4b__Bentel_iter_2,unambiguous,instance_00002,Average Guesser Number of Revealed Words,0
1084,codenames,Bentel rockers__qwen3.5-4b__Bentel_iter_2,unambiguous,instance_00002,Average Guesser Number of Unrevealed Guesses,0
1085,codenames,Bentel rockers__qwen3.5-4b__Bentel_iter_2,unambiguous,instance_00002,Average Guesser Target Precision,0
1086,codenames,Bentel rockers__qwen3.5-4b__Bentel_iter_2,unambiguous,instance_00002,Average Guesser Target Recall,0
1087,codenames,Bentel rockers__qwen3.5-4b__Bentel_iter_2,unambiguous,instance_00002,Average Guesser Target F1,0
1088,codenames,Bentel rockers__qwen3.5-4b__Bentel_iter_2,unambiguous,instance_00002,Average Guesser Team Precision,0
1089,codenames,Bentel rockers__qwen3.5-4b__Bentel_iter_2,unambiguous,instance_00002,Average Guesser Team Recall,0.0
1090,codenames,Bentel rockers__qwen3.5-4b__Bentel_iter_2,unambiguous,instance_00002,Average Guesser Team F1,0
1091,codenames,Bentel rockers__qwen3.5-4b__Bentel_iter_2,unambiguous,instance_00002,Aborted,1
1092,codenames,Bentel rockers__qwen3.5-4b__Bentel_iter_2,unambiguous,instance_00002,Lose,0
1093,codenames,Bentel rockers__qwen3.5-4b__Bentel_iter_2,unambiguous,instance_00002,Success,0
1094,codenames,Bentel rockers__qwen3.5-4b__Bentel_iter_2,unambiguous,instance_00002,Game ended through assassin,0
1095,codenames,Bentel rockers__qwen3.5-4b__Bentel_iter_2,unambiguous,instance_00002,Episode Recall,0.0
1096,codenames,Bentel rockers__qwen3.5-4b__Bentel_iter_2,unambiguous,instance_00002,Episode Negative Recall,1.0
1097,codenames,Bentel rockers__qwen3.5-4b__Bentel_iter_2,unambiguous,instance_00002,Number of turns,1
1098,codenames,Bentel rockers__qwen3.5-4b__Bentel_iter_2,unambiguous,instance_00002,Efficiency,0.0
1099,codenames,Bentel rockers__qwen3.5-4b__Bentel_iter_2,unambiguous,instance_00002,Request Count,1
1100,codenames,Bentel rockers__qwen3.5-4b__Bentel_iter_2,unambiguous,instance_00002,Parsed Request Count,0
1101,codenames,Bentel rockers__qwen3.5-4b__Bentel_iter_2,unambiguous,instance_00002,Violated Request Count,1
1102,codenames,Bentel rockers__qwen3.5-4b__Bentel_iter_2,unambiguous,instance_00002,Request Success Ratio,0.0
1103,codenames,Bentel rockers__qwen3.5-4b__Bentel_iter_2,unambiguous,instance_00002,Main Score,
1104,codenames,Bentel rockers__qwen3.5-4b__Bentel_iter_2,opponent_none,instance_00008,experiment variable,Opponent Difficulty
1105,codenames,Bentel rockers__qwen3.5-4b__Bentel_iter_2,opponent_none,instance_00008,experiment name,opponent_none
1106,codenames,Bentel rockers__qwen3.5-4b__Bentel_iter_2,opponent_none,instance_00008,Cluegiver strip words,1
1107,codenames,Bentel rockers__qwen3.5-4b__Bentel_iter_2,opponent_none,instance_00008,Guesser strip words,0
1108,codenames,Bentel rockers__qwen3.5-4b__Bentel_iter_2,opponent_none,instance_00008,Average Cluegiver Number of Targets,0
1109,codenames,Bentel rockers__qwen3.5-4b__Bentel_iter_2,opponent_none,instance_00008,Average Cluegiver Team Precision,0
1110,codenames,Bentel rockers__qwen3.5-4b__Bentel_iter_2,opponent_none,instance_00008,Average Cluegiver Team Recall,0.0
1111,codenames,Bentel rockers__qwen3.5-4b__Bentel_iter_2,opponent_none,instance_00008,Average Cluegiver Team F1,0
1112,codenames,Bentel rockers__qwen3.5-4b__Bentel_iter_2,opponent_none,instance_00008,Average Guesser Number of Guesses,0
1113,codenames,Bentel rockers__qwen3.5-4b__Bentel_iter_2,opponent_none,instance_00008,Average Guesser Number of Revealed Words,0
1114,codenames,Bentel rockers__qwen3.5-4b__Bentel_iter_2,opponent_none,instance_00008,Average Guesser Number of Unrevealed Guesses,0
1115,codenames,Bentel rockers__qwen3.5-4b__Bentel_iter_2,opponent_none,instance_00008,Average Guesser Target Precision,0
1116,codenames,Bentel rockers__qwen3.5-4b__Bentel_iter_2,opponent_none,instance_00008,Average Guesser Target Recall,0
1117,codenames,Bentel rockers__qwen3.5-4b__Bentel_iter_2,opponent_none,instance_00008,Average Guesser Target F1,0
1118,codenames,Bentel rockers__qwen3.5-4b__Bentel_iter_2,opponent_none,instance_00008,Average Guesser Team Precision,0
1119,codenames,Bentel rockers__qwen3.5-4b__Bentel_iter_2,opponent_none,instance_00008,Average Guesser Team Recall,0.0
1120,codenames,Bentel rockers__qwen3.5-4b__Bentel_iter_2,opponent_none,instance_00008,Average Guesser Team F1,0
1121,codenames,Bentel rockers__qwen3.5-4b__Bentel_iter_2,opponent_none,instance_00008,Aborted,1
1122,codenames,Bentel rockers__qwen3.5-4b__Bentel_iter_2,opponent_none,instance_00008,Lose,0
1123,codenames,Bentel rockers__qwen3.5-4b__Bentel_iter_2,opponent_none,instance_00008,Success,0
1124,codenames,Bentel rockers__qwen3.5-4b__Bentel_iter_2,opponent_none,instance_00008,Game ended through assassin,0
1125,codenames,Bentel rockers__qwen3.5-4b__Bentel_iter_2,opponent_none,instance_00008,Episode Recall,0.0
1126,codenames,Bentel rockers__qwen3.5-4b__Bentel_iter_2,opponent_none,instance_00008,Episode Negative Recall,1.0
1127,codenames,Bentel rockers__qwen3.5-4b__Bentel_iter_2,opponent_none,instance_00008,Number of turns,1
1128,codenames,Bentel rockers__qwen3.5-4b__Bentel_iter_2,opponent_none,instance_00008,Efficiency,0.0
1129,codenames,Bentel rockers__qwen3.5-4b__Bentel_iter_2,opponent_none,instance_00008,Request Count,1
1130,codenames,Bentel rockers__qwen3.5-4b__Bentel_iter_2,opponent_none,instance_00008,Parsed Request Count,0
1131,codenames,Bentel rockers__qwen3.5-4b__Bentel_iter_2,opponent_none,instance_00008,Violated Request Count,1
1132,codenames,Bentel rockers__qwen3.5-4b__Bentel_iter_2,opponent_none,instance_00008,Request Success Ratio,0.0
1133,codenames,Bentel rockers__qwen3.5-4b__Bentel_iter_2,opponent_none,instance_00008,Main Score,
1134,codenames,Bentel rockers__qwen3.5-4b__Bentel_iter_2,frequency_high,instance_00002,experiment variable,Word Frequency
1135,codenames,Bentel rockers__qwen3.5-4b__Bentel_iter_2,frequency_high,instance_00002,experiment name,frequency_high
1136,codenames,Bentel rockers__qwen3.5-4b__Bentel_iter_2,frequency_high,instance_00002,Cluegiver strip words,1
1137,codenames,Bentel rockers__qwen3.5-4b__Bentel_iter_2,frequency_high,instance_00002,Guesser strip words,0
1138,codenames,Bentel rockers__qwen3.5-4b__Bentel_iter_2,frequency_high,instance_00002,Average Cluegiver Number of Targets,0
1139,codenames,Bentel rockers__qwen3.5-4b__Bentel_iter_2,frequency_high,instance_00002,Average Cluegiver Team Precision,0
1140,codenames,Bentel rockers__qwen3.5-4b__Bentel_iter_2,frequency_high,instance_00002,Average Cluegiver Team Recall,0.0
1141,codenames,Bentel rockers__qwen3.5-4b__Bentel_iter_2,frequency_high,instance_00002,Average Cluegiver Team F1,0
1142,codenames,Bentel rockers__qwen3.5-4b__Bentel_iter_2,frequency_high,instance_00002,Average Guesser Number of Guesses,0
1143,codenames,Bentel rockers__qwen3.5-4b__Bentel_iter_2,frequency_high,instance_00002,Average Guesser Number of Revealed Words,0
1144,codenames,Bentel rockers__qwen3.5-4b__Bentel_iter_2,frequency_high,instance_00002,Average Guesser Number of Unrevealed Guesses,0
1145,codenames,Bentel rockers__qwen3.5-4b__Bentel_iter_2,frequency_high,instance_00002,Average Guesser Target Precision,0
1146,codenames,Bentel rockers__qwen3.5-4b__Bentel_iter_2,frequency_high,instance_00002,Average Guesser Target Recall,0
1147,codenames,Bentel rockers__qwen3.5-4b__Bentel_iter_2,frequency_high,instance_00002,Average Guesser Target F1,0
1148,codenames,Bentel rockers__qwen3.5-4b__Bentel_iter_2,frequency_high,instance_00002,Average Guesser Team Precision,0
1149,codenames,Bentel rockers__qwen3.5-4b__Bentel_iter_2,frequency_high,instance_00002,Average Guesser Team Recall,0.0
1150,codenames,Bentel rockers__qwen3.5-4b__Bentel_iter_2,frequency_high,instance_00002,Average Guesser Team F1,0
1151,codenames,Bentel rockers__qwen3.5-4b__Bentel_iter_2,frequency_high,instance_00002,Aborted,1
1152,codenames,Bentel rockers__qwen3.5-4b__Bentel_iter_2,frequency_high,instance_00002,Lose,0
1153,codenames,Bentel rockers__qwen3.5-4b__Bentel_iter_2,frequency_high,instance_00002,Success,0
1154,codenames,Bentel rockers__qwen3.5-4b__Bentel_iter_2,frequency_high,instance_00002,Game ended through assassin,0
1155,codenames,Bentel rockers__qwen3.5-4b__Bentel_iter_2,frequency_high,instance_00002,Episode Recall,0.0
1156,codenames,Bentel rockers__qwen3.5-4b__Bentel_iter_2,frequency_high,instance_00002,Episode Negative Recall,1.0
1157,codenames,Bentel rockers__qwen3.5-4b__Bentel_iter_2,frequency_high,instance_00002,Number of turns,1
1158,codenames,Bentel rockers__qwen3.5-4b__Bentel_iter_2,frequency_high,instance_00002,Efficiency,0.0
1159,codenames,Bentel rockers__qwen3.5-4b__Bentel_iter_2,frequency_high,instance_00002,Request Count,1
1160,codenames,Bentel rockers__qwen3.5-4b__Bentel_iter_2,frequency_high,instance_00002,Parsed Request Count,0
1161,codenames,Bentel rockers__qwen3.5-4b__Bentel_iter_2,frequency_high,instance_00002,Violated Request Count,1
1162,codenames,Bentel rockers__qwen3.5-4b__Bentel_iter_2,frequency_high,instance_00002,Request Success Ratio,0.0
1163,codenames,Bentel rockers__qwen3.5-4b__Bentel_iter_2,frequency_high,instance_00002,Main Score,
1164,codenames,Bentel rockers__qwen3.5-4b__Bentel_iter_2,frequency_low,instance_00004,experiment variable,Word Frequency
1165,codenames,Bentel rockers__qwen3.5-4b__Bentel_iter_2,frequency_low,instance_00004,experiment name,frequency_low
1166,codenames,Bentel rockers__qwen3.5-4b__Bentel_iter_2,frequency_low,instance_00004,Cluegiver strip words,1
1167,codenames,Bentel rockers__qwen3.5-4b__Bentel_iter_2,frequency_low,instance_00004,Guesser strip words,0
1168,codenames,Bentel rockers__qwen3.5-4b__Bentel_iter_2,frequency_low,instance_00004,Average Cluegiver Number of Targets,0
1169,codenames,Bentel rockers__qwen3.5-4b__Bentel_iter_2,frequency_low,instance_00004,Average Cluegiver Team Precision,0
1170,codenames,Bentel rockers__qwen3.5-4b__Bentel_iter_2,frequency_low,instance_00004,Average Cluegiver Team Recall,0.0
1171,codenames,Bentel rockers__qwen3.5-4b__Bentel_iter_2,frequency_low,instance_00004,Average Cluegiver Team F1,0
1172,codenames,Bentel rockers__qwen3.5-4b__Bentel_iter_2,frequency_low,instance_00004,Average Guesser Number of Guesses,0
1173,codenames,Bentel rockers__qwen3.5-4b__Bentel_iter_2,frequency_low,instance_00004,Average Guesser Number of Revealed Words,0
1174,codenames,Bentel rockers__qwen3.5-4b__Bentel_iter_2,frequency_low,instance_00004,Average Guesser Number of Unrevealed Guesses,0
1175,codenames,Bentel rockers__qwen3.5-4b__Bentel_iter_2,frequency_low,instance_00004,Average Guesser Target Precision,0
1176,codenames,Bentel rockers__qwen3.5-4b__Bentel_iter_2,frequency_low,instance_00004,Average Guesser Target Recall,0
1177,codenames,Bentel rockers__qwen3.5-4b__Bentel_iter_2,frequency_low,instance_00004,Average Guesser Target F1,0
1178,codenames,Bentel rockers__qwen3.5-4b__Bentel_iter_2,frequency_low,instance_00004,Average Guesser Team Precision,0
1179,codenames,Bentel rockers__qwen3.5-4b__Bentel_iter_2,frequency_low,instance_00004,Average Guesser Team Recall,0.0
1180,codenames,Bentel rockers__qwen3.5-4b__Bentel_iter_2,frequency_low,instance_00004,Average Guesser Team F1,0
1181,codenames,Bentel rockers__qwen3.5-4b__Bentel_iter_2,frequency_low,instance_00004,Aborted,1
1182,codenames,Bentel rockers__qwen3.5-4b__Bentel_iter_2,frequency_low,instance_00004,Lose,0
1183,codenames,Bentel rockers__qwen3.5-4b__Bentel_iter_2,frequency_low,instance_00004,Success,0
1184,codenames,Bentel rockers__qwen3.5-4b__Bentel_iter_2,frequency_low,instance_00004,Game ended through assassin,0
1185,codenames,Bentel rockers__qwen3.5-4b__Bentel_iter_2,frequency_low,instance_00004,Episode Recall,0.0
1186,codenames,Bentel rockers__qwen3.5-4b__Bentel_iter_2,frequency_low,instance_00004,Episode Negative Recall,1.0
1187,codenames,Bentel rockers__qwen3.5-4b__Bentel_iter_2,frequency_low,instance_00004,Number of turns,1
1188,codenames,Bentel rockers__qwen3.5-4b__Bentel_iter_2,frequency_low,instance_00004,Efficiency,0.0
1189,codenames,Bentel rockers__qwen3.5-4b__Bentel_iter_2,frequency_low,instance_00004,Request Count,1
1190,codenames,Bentel rockers__qwen3.5-4b__Bentel_iter_2,frequency_low,instance_00004,Parsed Request Count,0
1191,codenames,Bentel rockers__qwen3.5-4b__Bentel_iter_2,frequency_low,instance_00004,Violated Request Count,1
1192,codenames,Bentel rockers__qwen3.5-4b__Bentel_iter_2,frequency_low,instance_00004,Request Success Ratio,0.0
1193,codenames,Bentel rockers__qwen3.5-4b__Bentel_iter_2,frequency_low,instance_00004,Main Score,
1194,matchit_ascii,Bentel rockers__qwen3.5-4b__Bentel_iter_2,similar_grid_2,instance_00007,Violated Request Count,0
1195,matchit_ascii,Bentel rockers__qwen3.5-4b__Bentel_iter_2,similar_grid_2,instance_00007,Parsed Request Count,16
1196,matchit_ascii,Bentel rockers__qwen3.5-4b__Bentel_iter_2,similar_grid_2,instance_00007,Request Count,16
1197,matchit_ascii,Bentel rockers__qwen3.5-4b__Bentel_iter_2,similar_grid_2,instance_00007,Aborted,0
1198,matchit_ascii,Bentel rockers__qwen3.5-4b__Bentel_iter_2,similar_grid_2,instance_00007,Success,1
1199,matchit_ascii,Bentel rockers__qwen3.5-4b__Bentel_iter_2,similar_grid_2,instance_00007,Lose,0
1200,matchit_ascii,Bentel rockers__qwen3.5-4b__Bentel_iter_2,similar_grid_2,instance_00007,Main Score,100
1201,matchit_ascii,Bentel rockers__qwen3.5-4b__Bentel_iter_2,similar_grid_2,instance_00007,Player Score,100
1202,matchit_ascii,Bentel rockers__qwen3.5-4b__Bentel_iter_2,same_grid,instance_00002,Violated Request Count,0
1203,matchit_ascii,Bentel rockers__qwen3.5-4b__Bentel_iter_2,same_grid,instance_00002,Parsed Request Count,16
1204,matchit_ascii,Bentel rockers__qwen3.5-4b__Bentel_iter_2,same_grid,instance_00002,Request Count,16
1205,matchit_ascii,Bentel rockers__qwen3.5-4b__Bentel_iter_2,same_grid,instance_00002,Aborted,0
1206,matchit_ascii,Bentel rockers__qwen3.5-4b__Bentel_iter_2,same_grid,instance_00002,Success,1
1207,matchit_ascii,Bentel rockers__qwen3.5-4b__Bentel_iter_2,same_grid,instance_00002,Lose,0
1208,matchit_ascii,Bentel rockers__qwen3.5-4b__Bentel_iter_2,same_grid,instance_00002,Main Score,100
1209,matchit_ascii,Bentel rockers__qwen3.5-4b__Bentel_iter_2,same_grid,instance_00002,Player Score,100
1210,matchit_ascii,Bentel rockers__qwen3.5-4b__Bentel_iter_2,similar_grid_1,instance_00002,Violated Request Count,0
1211,matchit_ascii,Bentel rockers__qwen3.5-4b__Bentel_iter_2,similar_grid_1,instance_00002,Parsed Request Count,16
1212,matchit_ascii,Bentel rockers__qwen3.5-4b__Bentel_iter_2,similar_grid_1,instance_00002,Request Count,16
1213,matchit_ascii,Bentel rockers__qwen3.5-4b__Bentel_iter_2,similar_grid_1,instance_00002,Aborted,0
1214,matchit_ascii,Bentel rockers__qwen3.5-4b__Bentel_iter_2,similar_grid_1,instance_00002,Success,1
1215,matchit_ascii,Bentel rockers__qwen3.5-4b__Bentel_iter_2,similar_grid_1,instance_00002,Lose,0
1216,matchit_ascii,Bentel rockers__qwen3.5-4b__Bentel_iter_2,similar_grid_1,instance_00002,Main Score,100
1217,matchit_ascii,Bentel rockers__qwen3.5-4b__Bentel_iter_2,similar_grid_1,instance_00002,Player Score,100
1218,matchit_ascii,Bentel rockers__qwen3.5-4b__Bentel_iter_2,different_grid,instance_00002,Violated Request Count,0
1219,matchit_ascii,Bentel rockers__qwen3.5-4b__Bentel_iter_2,different_grid,instance_00002,Parsed Request Count,16
1220,matchit_ascii,Bentel rockers__qwen3.5-4b__Bentel_iter_2,different_grid,instance_00002,Request Count,16
1221,matchit_ascii,Bentel rockers__qwen3.5-4b__Bentel_iter_2,different_grid,instance_00002,Aborted,0
1222,matchit_ascii,Bentel rockers__qwen3.5-4b__Bentel_iter_2,different_grid,instance_00002,Success,0
1223,matchit_ascii,Bentel rockers__qwen3.5-4b__Bentel_iter_2,different_grid,instance_00002,Lose,1
1224,matchit_ascii,Bentel rockers__qwen3.5-4b__Bentel_iter_2,different_grid,instance_00002,Main Score,0
1225,matchit_ascii,Bentel rockers__qwen3.5-4b__Bentel_iter_2,different_grid,instance_00002,Player Score,0
1226,dond,Bentel rockers__qwen3.5-4b__Bentel_iter_2,coop_en,instance_00019,Played,1.0
1227,dond,Bentel rockers__qwen3.5-4b__Bentel_iter_2,coop_en,instance_00006,Played,0.0
1228,dond,Bentel rockers__qwen3.5-4b__Bentel_iter_2,semi_en,instance_00015,Played,1.0
1229,dond,Bentel rockers__qwen3.5-4b__Bentel_iter_2,semi_en,instance_00001,Played,1.0
1230,wordle,Bentel rockers__qwen3.5-4b__Bentel_iter_2,medium_frequency_words_no_clue_no_critic,instance_00014,Played,0.0
1231,wordle,Bentel rockers__qwen3.5-4b__Bentel_iter_2,medium_frequency_words_no_clue_no_critic,instance_00007,Played,0.0
1232,wordle,Bentel rockers__qwen3.5-4b__Bentel_iter_2,high_frequency_words_no_clue_no_critic,instance_00007,Played,1.0
1233,guesswhat,Bentel rockers__qwen3.5-4b__Bentel_iter_2,Abs_Level_3,instance_00008,Played,1.0
1234,guesswhat,Bentel rockers__qwen3.5-4b__Bentel_iter_2,Abs_Level_2,instance_00007,Played,1.0
1235,guesswhat,Bentel rockers__qwen3.5-4b__Bentel_iter_2,Abs_Level_1,instance_00002,Played,1.0
1236,guesswhat,Bentel rockers__qwen3.5-4b__Bentel_iter_2,Level_1,instance_00002,Played,1.0
1237,guesswhat,Bentel rockers__qwen3.5-4b__Bentel_iter_2,Level_2,instance_00009,Played,1.0
1238,guesswhat,Bentel rockers__qwen3.5-4b__Bentel_iter_2,Level_3,instance_00008,Played,1.0
1239,privateshared,Bentel rockers__qwen3.5-4b__Bentel_iter_2,things-places,instance_00003,Played,1.0
1240,privateshared,Bentel rockers__qwen3.5-4b__Bentel_iter_2,restaurant,instance_00007,Played,1.0
1241,privateshared,Bentel rockers__qwen3.5-4b__Bentel_iter_2,travel-booking,instance_00009,Played,1.0
1242,privateshared,Bentel rockers__qwen3.5-4b__Bentel_iter_2,job-interview,instance_00008,Played,1.0
1243,privateshared,Bentel rockers__qwen3.5-4b__Bentel_iter_2,letter-number,instance_00009,Played,1.0
1244,wordle_withcritic,Bentel rockers__qwen3.5-4b__Bentel_iter_2,medium_frequency_words_clue_with_critic,instance_00004,Played,0.0
1245,wordle_withcritic,Bentel rockers__qwen3.5-4b__Bentel_iter_2,medium_frequency_words_clue_with_critic,instance_00019,Played,0.0
1246,wordle_withcritic,Bentel rockers__qwen3.5-4b__Bentel_iter_2,high_frequency_words_clue_with_critic,instance_00002,Played,0.0
1247,taboo,Bentel rockers__qwen3.5-4b__Bentel_iter_2,high_en,instance_00016,Played,1.0
1248,taboo,Bentel rockers__qwen3.5-4b__Bentel_iter_2,high_en,instance_00010,Played,1.0
1249,taboo,Bentel rockers__qwen3.5-4b__Bentel_iter_2,low_en,instance_00018,Played,1.0
1250,taboo,Bentel rockers__qwen3.5-4b__Bentel_iter_2,low_en,instance_00012,Played,1.0
1251,taboo,Bentel rockers__qwen3.5-4b__Bentel_iter_2,medium_en,instance_00007,Played,1.0
1252,taboo,Bentel rockers__qwen3.5-4b__Bentel_iter_2,medium_en,instance_00010,Played,1.0
1253,wordle_withclue,Bentel rockers__qwen3.5-4b__Bentel_iter_2,high_frequency_words_clue_no_critic,instance_00009,Played,1.0
1254,wordle_withclue,Bentel rockers__qwen3.5-4b__Bentel_iter_2,medium_frequency_words_clue_no_critic,instance_00011,Played,1.0
1255,wordle_withclue,Bentel rockers__qwen3.5-4b__Bentel_iter_2,medium_frequency_words_clue_no_critic,instance_00018,Played,1.0
1256,textmapworld,Bentel rockers__qwen3.5-4b__Bentel_iter_2,large_cycle,instance_00049,Played,1.0
1257,textmapworld,Bentel rockers__qwen3.5-4b__Bentel_iter_2,small,instance_00006,Played,1.0
1258,textmapworld,Bentel rockers__qwen3.5-4b__Bentel_iter_2,large,instance_00028,Played,1.0
1259,textmapworld,Bentel rockers__qwen3.5-4b__Bentel_iter_2,medium_cycle,instance_00034,Played,1.0
1260,textmapworld,Bentel rockers__qwen3.5-4b__Bentel_iter_2,medium,instance_00010,Played,1.0
1261,referencegame,Bentel rockers__qwen3.5-4b__Bentel_iter_2,random_grids,instance_00005,Played,1.0
1262,referencegame,Bentel rockers__qwen3.5-4b__Bentel_iter_2,line_grids_columns,instance_00013,Played,1.0
1263,referencegame,Bentel rockers__qwen3.5-4b__Bentel_iter_2,number_grids,instance_00017,Played,1.0
1264,referencegame,Bentel rockers__qwen3.5-4b__Bentel_iter_2,line_grids_rows,instance_00017,Played,1.0
1265,referencegame,Bentel rockers__qwen3.5-4b__Bentel_iter_2,letter_grids,instance_00012,Played,1.0
1266,adventuregame,Bentel rockers__qwen3.5-4b__Bentel_iter_2,new-words_home-delivery_medium_basic_medium,instance_00002,Played,0.0
1267,adventuregame,Bentel rockers__qwen3.5-4b__Bentel_iter_2,potion_brewing_basic_undefined,instance_00004,Played,0.0
1268,adventuregame,Bentel rockers__qwen3.5-4b__Bentel_iter_2,new-words_home-delivery_easy_basic_easy,instance_00002,Played,1.0
1269,adventuregame,Bentel rockers__qwen3.5-4b__Bentel_iter_2,new-words_created_basic_hard,instance_00000,Played,0.0
1270,adventuregame,Bentel rockers__qwen3.5-4b__Bentel_iter_2,home_deliver_three_basic_hard_invlimittwo,instance_00000,Played,1.0
1271,textmapworld_specificroom,Bentel rockers__qwen3.5-4b__Bentel_iter_2,on,instance_00000,Played,1.0
1272,textmapworld_specificroom,Bentel rockers__qwen3.5-4b__Bentel_iter_2,far,instance_00027,Played,0.0
1273,textmapworld_specificroom,Bentel rockers__qwen3.5-4b__Bentel_iter_2,close,instance_00017,Played,0.0
1274,imagegame,Bentel rockers__qwen3.5-4b__Bentel_iter_2,random_grids,instance_00014,Played,1.0
1275,imagegame,Bentel rockers__qwen3.5-4b__Bentel_iter_2,random_grids,instance_00016,Played,1.0
1276,imagegame,Bentel rockers__qwen3.5-4b__Bentel_iter_2,compact_grids,instance_00019,Played,1.0
1277,imagegame,Bentel rockers__qwen3.5-4b__Bentel_iter_2,compact_grids,instance_00002,Played,1.0
1278,textmapworld_graphreasoning,Bentel rockers__qwen3.5-4b__Bentel_iter_2,small,instance_00009,Played,0.0
1279,textmapworld_graphreasoning,Bentel rockers__qwen3.5-4b__Bentel_iter_2,large,instance_00028,Played,0.0
1280,textmapworld_graphreasoning,Bentel rockers__qwen3.5-4b__Bentel_iter_2,medium,instance_00010,Played,0.0
1281,codenames,Bentel rockers__qwen3.5-4b__Bentel_iter_2,association_difficult,instance_00000,Played,0
1282,codenames,Bentel rockers__qwen3.5-4b__Bentel_iter_2,risk_low,instance_00008,Played,0
1283,codenames,Bentel rockers__qwen3.5-4b__Bentel_iter_2,ambiguous,instance_00001,Played,0
1284,codenames,Bentel rockers__qwen3.5-4b__Bentel_iter_2,opponent_difficult,instance_00007,Played,0
1285,codenames,Bentel rockers__qwen3.5-4b__Bentel_iter_2,risk_high,instance_00009,Played,0
1286,codenames,Bentel rockers__qwen3.5-4b__Bentel_iter_2,abstract,instance_00007,Played,0
1287,codenames,Bentel rockers__qwen3.5-4b__Bentel_iter_2,association_easy,instance_00009,Played,0
1288,codenames,Bentel rockers__qwen3.5-4b__Bentel_iter_2,opponent_easy,instance_00009,Played,0
1289,codenames,Bentel rockers__qwen3.5-4b__Bentel_iter_2,concrete,instance_00004,Played,0
1290,codenames,Bentel rockers__qwen3.5-4b__Bentel_iter_2,unambiguous,instance_00002,Played,0
1291,codenames,Bentel rockers__qwen3.5-4b__Bentel_iter_2,opponent_none,instance_00008,Played,0
1292,codenames,Bentel rockers__qwen3.5-4b__Bentel_iter_2,frequency_high,instance_00002,Played,0
1293,codenames,Bentel rockers__qwen3.5-4b__Bentel_iter_2,frequency_low,instance_00004,Played,0
1294,matchit_ascii,Bentel rockers__qwen3.5-4b__Bentel_iter_2,similar_grid_2,instance_00007,Played,1
1295,matchit_ascii,Bentel rockers__qwen3.5-4b__Bentel_iter_2,same_grid,instance_00002,Played,1
1296,matchit_ascii,Bentel rockers__qwen3.5-4b__Bentel_iter_2,similar_grid_1,instance_00002,Played,1
1297,matchit_ascii,Bentel rockers__qwen3.5-4b__Bentel_iter_2,different_grid,instance_00002,Played,1
