{
  "meta": {},
  "players": {},
  "turn scores": {
    "0": {
      "efficient_move": 0,
      "similarity": 1.3385701848569465
    },
    "1": {
      "efficient_move": 1,
      "similarity": 3.5972419924183097
    },
    "2": {
      "efficient_move": 1,
      "similarity": 9.485174635513328
    },
    "3": {
      "efficient_move": 1,
      "similarity": 9.485174635513328
    },
    "4": {
      "efficient_move": 1,
      "similarity": 9.485174635513328
    },
    "5": {
      "efficient_move": 1,
      "similarity": 23.840584404423538
    },
    "6": {
      "efficient_move": 1,
      "similarity": 23.840584404423538
    },
    "7": {
      "efficient_move": 1,
      "similarity": 15.17163600424869
    },
    "8": {
      "efficient_move": 1,
      "similarity": 36.48510476127127
    },
    "9": {
      "efficient_move": 0,
      "similarity": 75.50813375962908
    },
    "10": {
      "efficient_move": 0,
      "similarity": 75.50813375962908
    },
    "11": {
      "efficient_move": 0,
      "similarity": 75.50813375962908
    },
    "12": {
      "efficient_move": 0,
      "similarity": 75.50813375962908
    },
    "13": {
      "efficient_move": 0,
      "similarity": 75.50813375962908
    },
    "14": {
      "efficient_move": 0,
      "similarity": 75.50813375962908
    },
    "15": {
      "efficient_move": 0,
      "similarity": 75.50813375962908
    },
    "16": {
      "efficient_move": 0,
      "similarity": 75.50813375962908
    },
    "17": {
      "efficient_move": 0,
      "similarity": 75.50813375962908
    },
    "18": {
      "efficient_move": 0,
      "similarity": 75.50813375962908
    }
  },
  "episode scores": {
    "Aborted": 1,
    "Success": 0,
    "Lose": 0,
    "moves": NaN,
    "valid_moves": NaN,
    "invalid_moves": NaN,
    "stopped": NaN,
    "turns_limit": NaN,
    "loops": NaN,
    "number_visited": NaN,
    "seen": NaN,
    "efficiency": NaN,
    "exploration": NaN,
    "graph_similarity": NaN,
    "Main Score": NaN
  }
}