,game,model,experiment,episode,metric,value
0,dond,llama-3.1-8b-instruct,coop_en,instance_00019,Request Count,9.0
1,dond,llama-3.1-8b-instruct,coop_en,instance_00019,Parsed Request Count,8.0
2,dond,llama-3.1-8b-instruct,coop_en,instance_00019,Violated Request Count,1.0
3,dond,llama-3.1-8b-instruct,coop_en,instance_00019,Request Success Ratio,0.8888888888888888
4,dond,llama-3.1-8b-instruct,coop_en,instance_00019,Aborted,1.0
5,dond,llama-3.1-8b-instruct,coop_en,instance_00019,Lose,0.0
6,dond,llama-3.1-8b-instruct,coop_en,instance_00019,Success,0.0
7,dond,llama-3.1-8b-instruct,coop_en,instance_00019,Main Score,
8,dond,llama-3.1-8b-instruct,coop_en,instance_00006,Request Count,8.0
9,dond,llama-3.1-8b-instruct,coop_en,instance_00006,Parsed Request Count,8.0
10,dond,llama-3.1-8b-instruct,coop_en,instance_00006,Violated Request Count,0.0
11,dond,llama-3.1-8b-instruct,coop_en,instance_00006,Request Success Ratio,1.0
12,dond,llama-3.1-8b-instruct,coop_en,instance_00006,Aborted,0.0
13,dond,llama-3.1-8b-instruct,coop_en,instance_00006,Lose,1.0
14,dond,llama-3.1-8b-instruct,coop_en,instance_00006,Success,0.0
15,dond,llama-3.1-8b-instruct,coop_en,instance_00006,Main Score,0.0
16,dond,llama-3.1-8b-instruct,coop_en,instance_00006,Sum of Points,0.0
17,dond,llama-3.1-8b-instruct,coop_en,instance_00006,Pareto Optimal,0.0
18,dond,llama-3.1-8b-instruct,semi_en,instance_00015,Request Count,12.0
19,dond,llama-3.1-8b-instruct,semi_en,instance_00015,Parsed Request Count,12.0
20,dond,llama-3.1-8b-instruct,semi_en,instance_00015,Violated Request Count,0.0
21,dond,llama-3.1-8b-instruct,semi_en,instance_00015,Request Success Ratio,1.0
22,dond,llama-3.1-8b-instruct,semi_en,instance_00015,Aborted,0.0
23,dond,llama-3.1-8b-instruct,semi_en,instance_00015,Lose,1.0
24,dond,llama-3.1-8b-instruct,semi_en,instance_00015,Success,0.0
25,dond,llama-3.1-8b-instruct,semi_en,instance_00015,Main Score,0.0
26,dond,llama-3.1-8b-instruct,semi_en,instance_00015,Sum of Points,0.0
27,dond,llama-3.1-8b-instruct,semi_en,instance_00015,Pareto Optimal,0.0
28,dond,llama-3.1-8b-instruct,semi_en,instance_00001,Request Count,8.0
29,dond,llama-3.1-8b-instruct,semi_en,instance_00001,Parsed Request Count,8.0
30,dond,llama-3.1-8b-instruct,semi_en,instance_00001,Violated Request Count,0.0
31,dond,llama-3.1-8b-instruct,semi_en,instance_00001,Request Success Ratio,1.0
32,dond,llama-3.1-8b-instruct,semi_en,instance_00001,Aborted,0.0
33,dond,llama-3.1-8b-instruct,semi_en,instance_00001,Lose,1.0
34,dond,llama-3.1-8b-instruct,semi_en,instance_00001,Success,0.0
35,dond,llama-3.1-8b-instruct,semi_en,instance_00001,Main Score,0.0
36,dond,llama-3.1-8b-instruct,semi_en,instance_00001,Sum of Points,0.0
37,dond,llama-3.1-8b-instruct,semi_en,instance_00001,Pareto Optimal,0.0
38,wordle,llama-3.1-8b-instruct,medium_frequency_words_no_clue_no_critic,instance_00014,Aborted,0.0
39,wordle,llama-3.1-8b-instruct,medium_frequency_words_no_clue_no_critic,instance_00014,Lose,1.0
40,wordle,llama-3.1-8b-instruct,medium_frequency_words_no_clue_no_critic,instance_00014,Success,0.0
41,wordle,llama-3.1-8b-instruct,medium_frequency_words_no_clue_no_critic,instance_00014,Request Count,6.0
42,wordle,llama-3.1-8b-instruct,medium_frequency_words_no_clue_no_critic,instance_00014,Parsed Request Count,6.0
43,wordle,llama-3.1-8b-instruct,medium_frequency_words_no_clue_no_critic,instance_00014,Violated Request Count,0.0
44,wordle,llama-3.1-8b-instruct,medium_frequency_words_no_clue_no_critic,instance_00014,Request Success Ratio,1.0
45,wordle,llama-3.1-8b-instruct,medium_frequency_words_no_clue_no_critic,instance_00014,Main Score,0.0
46,wordle,llama-3.1-8b-instruct,medium_frequency_words_no_clue_no_critic,instance_00014,Guess Repetitions,4.0
47,wordle,llama-3.1-8b-instruct,medium_frequency_words_no_clue_no_critic,instance_00007,Aborted,0.0
48,wordle,llama-3.1-8b-instruct,medium_frequency_words_no_clue_no_critic,instance_00007,Lose,0.0
49,wordle,llama-3.1-8b-instruct,medium_frequency_words_no_clue_no_critic,instance_00007,Success,1.0
50,wordle,llama-3.1-8b-instruct,medium_frequency_words_no_clue_no_critic,instance_00007,Request Count,2.0
51,wordle,llama-3.1-8b-instruct,medium_frequency_words_no_clue_no_critic,instance_00007,Parsed Request Count,2.0
52,wordle,llama-3.1-8b-instruct,medium_frequency_words_no_clue_no_critic,instance_00007,Violated Request Count,0.0
53,wordle,llama-3.1-8b-instruct,medium_frequency_words_no_clue_no_critic,instance_00007,Request Success Ratio,1.0
54,wordle,llama-3.1-8b-instruct,medium_frequency_words_no_clue_no_critic,instance_00007,Main Score,100.0
55,wordle,llama-3.1-8b-instruct,medium_frequency_words_no_clue_no_critic,instance_00007,Guess Repetitions,0.0
56,wordle,llama-3.1-8b-instruct,high_frequency_words_no_clue_no_critic,instance_00007,Aborted,1.0
57,wordle,llama-3.1-8b-instruct,high_frequency_words_no_clue_no_critic,instance_00007,Lose,0.0
58,wordle,llama-3.1-8b-instruct,high_frequency_words_no_clue_no_critic,instance_00007,Success,0.0
59,wordle,llama-3.1-8b-instruct,high_frequency_words_no_clue_no_critic,instance_00007,Request Count,6.0
60,wordle,llama-3.1-8b-instruct,high_frequency_words_no_clue_no_critic,instance_00007,Parsed Request Count,5.0
61,wordle,llama-3.1-8b-instruct,high_frequency_words_no_clue_no_critic,instance_00007,Violated Request Count,1.0
62,wordle,llama-3.1-8b-instruct,high_frequency_words_no_clue_no_critic,instance_00007,Request Success Ratio,0.8333333333333334
63,wordle,llama-3.1-8b-instruct,high_frequency_words_no_clue_no_critic,instance_00007,Main Score,
64,wordle,llama-3.1-8b-instruct,high_frequency_words_no_clue_no_critic,instance_00007,Guess Repetitions,
65,guesswhat,llama-3.1-8b-instruct,Abs_Level_3,instance_00008,Violated Request Count,0.0
66,guesswhat,llama-3.1-8b-instruct,Abs_Level_3,instance_00008,Parsed Request Count,7.0
67,guesswhat,llama-3.1-8b-instruct,Abs_Level_3,instance_00008,Request Count,7.0
68,guesswhat,llama-3.1-8b-instruct,Abs_Level_3,instance_00008,Request Success Ratio,1.0
69,guesswhat,llama-3.1-8b-instruct,Abs_Level_3,instance_00008,Aborted,0.0
70,guesswhat,llama-3.1-8b-instruct,Abs_Level_3,instance_00008,Success,0.0
71,guesswhat,llama-3.1-8b-instruct,Abs_Level_3,instance_00008,Lose,1.0
72,guesswhat,llama-3.1-8b-instruct,Abs_Level_3,instance_00008,Main Score,0.0
73,guesswhat,llama-3.1-8b-instruct,Abs_Level_3,instance_00008,Invalid format guesser response,0.0
74,guesswhat,llama-3.1-8b-instruct,Abs_Level_3,instance_00008,Invalid format answerer response,0.0
75,guesswhat,llama-3.1-8b-instruct,Abs_Level_3,instance_00008,Invalid content guesser response,0.0
76,guesswhat,llama-3.1-8b-instruct,Abs_Level_3,instance_00008,Invalid content answerer response,0.0
77,guesswhat,llama-3.1-8b-instruct,Abs_Level_2,instance_00007,Violated Request Count,1.0
78,guesswhat,llama-3.1-8b-instruct,Abs_Level_2,instance_00007,Parsed Request Count,0.0
79,guesswhat,llama-3.1-8b-instruct,Abs_Level_2,instance_00007,Request Count,1.0
80,guesswhat,llama-3.1-8b-instruct,Abs_Level_2,instance_00007,Request Success Ratio,0.0
81,guesswhat,llama-3.1-8b-instruct,Abs_Level_2,instance_00007,Aborted,1.0
82,guesswhat,llama-3.1-8b-instruct,Abs_Level_2,instance_00007,Main Score,
83,guesswhat,llama-3.1-8b-instruct,Abs_Level_2,instance_00007,Invalid format guesser response,0.0
84,guesswhat,llama-3.1-8b-instruct,Abs_Level_2,instance_00007,Invalid format answerer response,0.0
85,guesswhat,llama-3.1-8b-instruct,Abs_Level_2,instance_00007,Invalid content guesser response,1.0
86,guesswhat,llama-3.1-8b-instruct,Abs_Level_2,instance_00007,Invalid content answerer response,0.0
87,guesswhat,llama-3.1-8b-instruct,Abs_Level_1,instance_00002,Violated Request Count,0.0
88,guesswhat,llama-3.1-8b-instruct,Abs_Level_1,instance_00002,Parsed Request Count,8.0
89,guesswhat,llama-3.1-8b-instruct,Abs_Level_1,instance_00002,Request Count,8.0
90,guesswhat,llama-3.1-8b-instruct,Abs_Level_1,instance_00002,Request Success Ratio,1.0
91,guesswhat,llama-3.1-8b-instruct,Abs_Level_1,instance_00002,Aborted,0.0
92,guesswhat,llama-3.1-8b-instruct,Abs_Level_1,instance_00002,Success,1.0
93,guesswhat,llama-3.1-8b-instruct,Abs_Level_1,instance_00002,Lose,0.0
94,guesswhat,llama-3.1-8b-instruct,Abs_Level_1,instance_00002,Speed,0.0
95,guesswhat,llama-3.1-8b-instruct,Abs_Level_1,instance_00002,Main Score,0.0
96,guesswhat,llama-3.1-8b-instruct,Abs_Level_1,instance_00002,Invalid format guesser response,0.0
97,guesswhat,llama-3.1-8b-instruct,Abs_Level_1,instance_00002,Invalid format answerer response,0.0
98,guesswhat,llama-3.1-8b-instruct,Abs_Level_1,instance_00002,Invalid content guesser response,0.0
99,guesswhat,llama-3.1-8b-instruct,Abs_Level_1,instance_00002,Invalid content answerer response,0.0
100,guesswhat,llama-3.1-8b-instruct,Level_1,instance_00002,Violated Request Count,0.0
101,guesswhat,llama-3.1-8b-instruct,Level_1,instance_00002,Parsed Request Count,7.0
102,guesswhat,llama-3.1-8b-instruct,Level_1,instance_00002,Request Count,7.0
103,guesswhat,llama-3.1-8b-instruct,Level_1,instance_00002,Request Success Ratio,1.0
104,guesswhat,llama-3.1-8b-instruct,Level_1,instance_00002,Aborted,0.0
105,guesswhat,llama-3.1-8b-instruct,Level_1,instance_00002,Success,1.0
106,guesswhat,llama-3.1-8b-instruct,Level_1,instance_00002,Lose,0.0
107,guesswhat,llama-3.1-8b-instruct,Level_1,instance_00002,Speed,33.333333333333336
108,guesswhat,llama-3.1-8b-instruct,Level_1,instance_00002,Main Score,33.333333333333336
109,guesswhat,llama-3.1-8b-instruct,Level_1,instance_00002,Invalid format guesser response,0.0
110,guesswhat,llama-3.1-8b-instruct,Level_1,instance_00002,Invalid format answerer response,0.0
111,guesswhat,llama-3.1-8b-instruct,Level_1,instance_00002,Invalid content guesser response,0.0
112,guesswhat,llama-3.1-8b-instruct,Level_1,instance_00002,Invalid content answerer response,0.0
113,guesswhat,llama-3.1-8b-instruct,Level_2,instance_00009,Violated Request Count,0.0
114,guesswhat,llama-3.1-8b-instruct,Level_2,instance_00009,Parsed Request Count,8.0
115,guesswhat,llama-3.1-8b-instruct,Level_2,instance_00009,Request Count,8.0
116,guesswhat,llama-3.1-8b-instruct,Level_2,instance_00009,Request Success Ratio,1.0
117,guesswhat,llama-3.1-8b-instruct,Level_2,instance_00009,Aborted,0.0
118,guesswhat,llama-3.1-8b-instruct,Level_2,instance_00009,Success,1.0
119,guesswhat,llama-3.1-8b-instruct,Level_2,instance_00009,Lose,0.0
120,guesswhat,llama-3.1-8b-instruct,Level_2,instance_00009,Speed,0.0
121,guesswhat,llama-3.1-8b-instruct,Level_2,instance_00009,Main Score,0.0
122,guesswhat,llama-3.1-8b-instruct,Level_2,instance_00009,Invalid format guesser response,0.0
123,guesswhat,llama-3.1-8b-instruct,Level_2,instance_00009,Invalid format answerer response,0.0
124,guesswhat,llama-3.1-8b-instruct,Level_2,instance_00009,Invalid content guesser response,0.0
125,guesswhat,llama-3.1-8b-instruct,Level_2,instance_00009,Invalid content answerer response,0.0
126,guesswhat,llama-3.1-8b-instruct,Level_3,instance_00008,Violated Request Count,0.0
127,guesswhat,llama-3.1-8b-instruct,Level_3,instance_00008,Parsed Request Count,8.0
128,guesswhat,llama-3.1-8b-instruct,Level_3,instance_00008,Request Count,8.0
129,guesswhat,llama-3.1-8b-instruct,Level_3,instance_00008,Request Success Ratio,1.0
130,guesswhat,llama-3.1-8b-instruct,Level_3,instance_00008,Aborted,0.0
131,guesswhat,llama-3.1-8b-instruct,Level_3,instance_00008,Success,0.0
132,guesswhat,llama-3.1-8b-instruct,Level_3,instance_00008,Lose,1.0
133,guesswhat,llama-3.1-8b-instruct,Level_3,instance_00008,Main Score,0.0
134,guesswhat,llama-3.1-8b-instruct,Level_3,instance_00008,Invalid format guesser response,0.0
135,guesswhat,llama-3.1-8b-instruct,Level_3,instance_00008,Invalid format answerer response,0.0
136,guesswhat,llama-3.1-8b-instruct,Level_3,instance_00008,Invalid content guesser response,0.0
137,guesswhat,llama-3.1-8b-instruct,Level_3,instance_00008,Invalid content answerer response,0.0
138,privateshared,llama-3.1-8b-instruct,things-places,instance_00003,Middle-Accuracy,0.6
139,privateshared,llama-3.1-8b-instruct,things-places,instance_00003,Accuracy,0.5916666666666667
140,privateshared,llama-3.1-8b-instruct,things-places,instance_00003,Kappa,0.18333333333333335
141,privateshared,llama-3.1-8b-instruct,things-places,instance_00003,Truncated Kappa,0.18333333333333335
142,privateshared,llama-3.1-8b-instruct,things-places,instance_00003,Slot-Filling-Accuracy,1.0
143,privateshared,llama-3.1-8b-instruct,things-places,instance_00003,Main Score,30.98591549295775
144,privateshared,llama-3.1-8b-instruct,things-places,instance_00003,Aborted,0.0
145,privateshared,llama-3.1-8b-instruct,things-places,instance_00003,Lose,1.0
146,privateshared,llama-3.1-8b-instruct,things-places,instance_00003,Success,0.0
147,privateshared,llama-3.1-8b-instruct,things-places,instance_00003,Request Count,255.0
148,privateshared,llama-3.1-8b-instruct,things-places,instance_00003,Parsed Request Count,255.0
149,privateshared,llama-3.1-8b-instruct,things-places,instance_00003,Violated Request Count,0.0
150,privateshared,llama-3.1-8b-instruct,things-places,instance_00003,Request Success Ratio,1.0
151,privateshared,llama-3.1-8b-instruct,restaurant,instance_00007,Accuracy,
152,privateshared,llama-3.1-8b-instruct,restaurant,instance_00007,Kappa,
153,privateshared,llama-3.1-8b-instruct,restaurant,instance_00007,Truncated Kappa,
154,privateshared,llama-3.1-8b-instruct,restaurant,instance_00007,Slot-Filling-Accuracy,
155,privateshared,llama-3.1-8b-instruct,restaurant,instance_00007,Main Score,
156,privateshared,llama-3.1-8b-instruct,restaurant,instance_00007,Aborted,1.0
157,privateshared,llama-3.1-8b-instruct,restaurant,instance_00007,Lose,0.0
158,privateshared,llama-3.1-8b-instruct,restaurant,instance_00007,Success,0.0
159,privateshared,llama-3.1-8b-instruct,restaurant,instance_00007,Request Count,5.0
160,privateshared,llama-3.1-8b-instruct,restaurant,instance_00007,Parsed Request Count,0.0
161,privateshared,llama-3.1-8b-instruct,restaurant,instance_00007,Violated Request Count,5.0
162,privateshared,llama-3.1-8b-instruct,restaurant,instance_00007,Request Success Ratio,0.0
163,privateshared,llama-3.1-8b-instruct,travel-booking,instance_00009,Middle-Accuracy,0.8
164,privateshared,llama-3.1-8b-instruct,travel-booking,instance_00009,Accuracy,0.6666666666666666
165,privateshared,llama-3.1-8b-instruct,travel-booking,instance_00009,Kappa,0.33333333333333337
166,privateshared,llama-3.1-8b-instruct,travel-booking,instance_00009,Truncated Kappa,0.33333333333333337
167,privateshared,llama-3.1-8b-instruct,travel-booking,instance_00009,Slot-Filling-Accuracy,1.0
168,privateshared,llama-3.1-8b-instruct,travel-booking,instance_00009,Main Score,50.0
169,privateshared,llama-3.1-8b-instruct,travel-booking,instance_00009,Aborted,0.0
170,privateshared,llama-3.1-8b-instruct,travel-booking,instance_00009,Lose,1.0
171,privateshared,llama-3.1-8b-instruct,travel-booking,instance_00009,Success,0.0
172,privateshared,llama-3.1-8b-instruct,travel-booking,instance_00009,Request Count,41.0
173,privateshared,llama-3.1-8b-instruct,travel-booking,instance_00009,Parsed Request Count,35.0
174,privateshared,llama-3.1-8b-instruct,travel-booking,instance_00009,Violated Request Count,6.0
175,privateshared,llama-3.1-8b-instruct,travel-booking,instance_00009,Request Success Ratio,0.8536585365853658
176,privateshared,llama-3.1-8b-instruct,job-interview,instance_00008,Accuracy,
177,privateshared,llama-3.1-8b-instruct,job-interview,instance_00008,Kappa,
178,privateshared,llama-3.1-8b-instruct,job-interview,instance_00008,Truncated Kappa,
179,privateshared,llama-3.1-8b-instruct,job-interview,instance_00008,Slot-Filling-Accuracy,
180,privateshared,llama-3.1-8b-instruct,job-interview,instance_00008,Main Score,
181,privateshared,llama-3.1-8b-instruct,job-interview,instance_00008,Aborted,1.0
182,privateshared,llama-3.1-8b-instruct,job-interview,instance_00008,Lose,0.0
183,privateshared,llama-3.1-8b-instruct,job-interview,instance_00008,Success,0.0
184,privateshared,llama-3.1-8b-instruct,job-interview,instance_00008,Request Count,5.0
185,privateshared,llama-3.1-8b-instruct,job-interview,instance_00008,Parsed Request Count,0.0
186,privateshared,llama-3.1-8b-instruct,job-interview,instance_00008,Violated Request Count,5.0
187,privateshared,llama-3.1-8b-instruct,job-interview,instance_00008,Request Success Ratio,0.0
188,privateshared,llama-3.1-8b-instruct,letter-number,instance_00009,Middle-Accuracy,0.7
189,privateshared,llama-3.1-8b-instruct,letter-number,instance_00009,Accuracy,0.6636363636363637
190,privateshared,llama-3.1-8b-instruct,letter-number,instance_00009,Kappa,0.32727272727272727
191,privateshared,llama-3.1-8b-instruct,letter-number,instance_00009,Truncated Kappa,0.32727272727272727
192,privateshared,llama-3.1-8b-instruct,letter-number,instance_00009,Slot-Filling-Accuracy,1.0
193,privateshared,llama-3.1-8b-instruct,letter-number,instance_00009,Main Score,49.31506849315069
194,privateshared,llama-3.1-8b-instruct,letter-number,instance_00009,Aborted,0.0
195,privateshared,llama-3.1-8b-instruct,letter-number,instance_00009,Lose,1.0
196,privateshared,llama-3.1-8b-instruct,letter-number,instance_00009,Success,0.0
197,privateshared,llama-3.1-8b-instruct,letter-number,instance_00009,Request Count,120.0
198,privateshared,llama-3.1-8b-instruct,letter-number,instance_00009,Parsed Request Count,120.0
199,privateshared,llama-3.1-8b-instruct,letter-number,instance_00009,Violated Request Count,0.0
200,privateshared,llama-3.1-8b-instruct,letter-number,instance_00009,Request Success Ratio,1.0
201,wordle_withcritic,llama-3.1-8b-instruct,medium_frequency_words_clue_with_critic,instance_00004,Aborted,1.0
202,wordle_withcritic,llama-3.1-8b-instruct,medium_frequency_words_clue_with_critic,instance_00004,Lose,0.0
203,wordle_withcritic,llama-3.1-8b-instruct,medium_frequency_words_clue_with_critic,instance_00004,Success,0.0
204,wordle_withcritic,llama-3.1-8b-instruct,medium_frequency_words_clue_with_critic,instance_00004,Request Count,1.0
205,wordle_withcritic,llama-3.1-8b-instruct,medium_frequency_words_clue_with_critic,instance_00004,Parsed Request Count,0.0
206,wordle_withcritic,llama-3.1-8b-instruct,medium_frequency_words_clue_with_critic,instance_00004,Violated Request Count,1.0
207,wordle_withcritic,llama-3.1-8b-instruct,medium_frequency_words_clue_with_critic,instance_00004,Request Success Ratio,0.0
208,wordle_withcritic,llama-3.1-8b-instruct,medium_frequency_words_clue_with_critic,instance_00004,Main Score,
209,wordle_withcritic,llama-3.1-8b-instruct,medium_frequency_words_clue_with_critic,instance_00004,Guess Repetitions,
210,wordle_withcritic,llama-3.1-8b-instruct,medium_frequency_words_clue_with_critic,instance_00004,Repetition-Guesser-On-Critic-Agreement,
211,wordle_withcritic,llama-3.1-8b-instruct,medium_frequency_words_clue_with_critic,instance_00004,Non-Repetition-Guesser-On-Critic-Agreement,
212,wordle_withcritic,llama-3.1-8b-instruct,medium_frequency_words_clue_with_critic,instance_00004,Repetition-Guesser-On-Critic-Disagreement,
213,wordle_withcritic,llama-3.1-8b-instruct,medium_frequency_words_clue_with_critic,instance_00004,Non-Repetition-Guesser-On-Critic-Disagreement,
214,wordle_withcritic,llama-3.1-8b-instruct,medium_frequency_words_clue_with_critic,instance_00019,Aborted,1.0
215,wordle_withcritic,llama-3.1-8b-instruct,medium_frequency_words_clue_with_critic,instance_00019,Lose,0.0
216,wordle_withcritic,llama-3.1-8b-instruct,medium_frequency_words_clue_with_critic,instance_00019,Success,0.0
217,wordle_withcritic,llama-3.1-8b-instruct,medium_frequency_words_clue_with_critic,instance_00019,Request Count,1.0
218,wordle_withcritic,llama-3.1-8b-instruct,medium_frequency_words_clue_with_critic,instance_00019,Parsed Request Count,0.0
219,wordle_withcritic,llama-3.1-8b-instruct,medium_frequency_words_clue_with_critic,instance_00019,Violated Request Count,1.0
220,wordle_withcritic,llama-3.1-8b-instruct,medium_frequency_words_clue_with_critic,instance_00019,Request Success Ratio,0.0
221,wordle_withcritic,llama-3.1-8b-instruct,medium_frequency_words_clue_with_critic,instance_00019,Main Score,
222,wordle_withcritic,llama-3.1-8b-instruct,medium_frequency_words_clue_with_critic,instance_00019,Guess Repetitions,
223,wordle_withcritic,llama-3.1-8b-instruct,medium_frequency_words_clue_with_critic,instance_00019,Repetition-Guesser-On-Critic-Agreement,
224,wordle_withcritic,llama-3.1-8b-instruct,medium_frequency_words_clue_with_critic,instance_00019,Non-Repetition-Guesser-On-Critic-Agreement,
225,wordle_withcritic,llama-3.1-8b-instruct,medium_frequency_words_clue_with_critic,instance_00019,Repetition-Guesser-On-Critic-Disagreement,
226,wordle_withcritic,llama-3.1-8b-instruct,medium_frequency_words_clue_with_critic,instance_00019,Non-Repetition-Guesser-On-Critic-Disagreement,
227,wordle_withcritic,llama-3.1-8b-instruct,high_frequency_words_clue_with_critic,instance_00002,Aborted,1.0
228,wordle_withcritic,llama-3.1-8b-instruct,high_frequency_words_clue_with_critic,instance_00002,Lose,0.0
229,wordle_withcritic,llama-3.1-8b-instruct,high_frequency_words_clue_with_critic,instance_00002,Success,0.0
230,wordle_withcritic,llama-3.1-8b-instruct,high_frequency_words_clue_with_critic,instance_00002,Request Count,3.0
231,wordle_withcritic,llama-3.1-8b-instruct,high_frequency_words_clue_with_critic,instance_00002,Parsed Request Count,2.0
232,wordle_withcritic,llama-3.1-8b-instruct,high_frequency_words_clue_with_critic,instance_00002,Violated Request Count,1.0
233,wordle_withcritic,llama-3.1-8b-instruct,high_frequency_words_clue_with_critic,instance_00002,Request Success Ratio,0.6666666666666666
234,wordle_withcritic,llama-3.1-8b-instruct,high_frequency_words_clue_with_critic,instance_00002,Main Score,
235,wordle_withcritic,llama-3.1-8b-instruct,high_frequency_words_clue_with_critic,instance_00002,Guess Repetitions,
236,wordle_withcritic,llama-3.1-8b-instruct,high_frequency_words_clue_with_critic,instance_00002,Repetition-Guesser-On-Critic-Agreement,
237,wordle_withcritic,llama-3.1-8b-instruct,high_frequency_words_clue_with_critic,instance_00002,Non-Repetition-Guesser-On-Critic-Agreement,
238,wordle_withcritic,llama-3.1-8b-instruct,high_frequency_words_clue_with_critic,instance_00002,Repetition-Guesser-On-Critic-Disagreement,
239,wordle_withcritic,llama-3.1-8b-instruct,high_frequency_words_clue_with_critic,instance_00002,Non-Repetition-Guesser-On-Critic-Disagreement,
240,taboo,llama-3.1-8b-instruct,high_en,instance_00016,Violated Request Count,0.0
241,taboo,llama-3.1-8b-instruct,high_en,instance_00016,Parsed Request Count,1.0
242,taboo,llama-3.1-8b-instruct,high_en,instance_00016,Request Count,1.0
243,taboo,llama-3.1-8b-instruct,high_en,instance_00016,Request Success Ratio,1.0
244,taboo,llama-3.1-8b-instruct,high_en,instance_00016,Aborted,0.0
245,taboo,llama-3.1-8b-instruct,high_en,instance_00016,Success,1.0
246,taboo,llama-3.1-8b-instruct,high_en,instance_00016,Lose,0.0
247,taboo,llama-3.1-8b-instruct,high_en,instance_00016,Main Score,100.0
248,taboo,llama-3.1-8b-instruct,high_en,instance_00016,Repetition-Guesser,0.0
249,taboo,llama-3.1-8b-instruct,high_en,instance_00016,Repetition-Describer,0.0
250,taboo,llama-3.1-8b-instruct,high_en,instance_00010,Violated Request Count,0.0
251,taboo,llama-3.1-8b-instruct,high_en,instance_00010,Parsed Request Count,3.0
252,taboo,llama-3.1-8b-instruct,high_en,instance_00010,Request Count,3.0
253,taboo,llama-3.1-8b-instruct,high_en,instance_00010,Request Success Ratio,1.0
254,taboo,llama-3.1-8b-instruct,high_en,instance_00010,Aborted,0.0
255,taboo,llama-3.1-8b-instruct,high_en,instance_00010,Success,0.0
256,taboo,llama-3.1-8b-instruct,high_en,instance_00010,Lose,1.0
257,taboo,llama-3.1-8b-instruct,high_en,instance_00010,Main Score,0.0
258,taboo,llama-3.1-8b-instruct,high_en,instance_00010,Repetition-Guesser,0.0
259,taboo,llama-3.1-8b-instruct,high_en,instance_00010,Repetition-Describer,0.0
260,taboo,llama-3.1-8b-instruct,low_en,instance_00018,Violated Request Count,0.0
261,taboo,llama-3.1-8b-instruct,low_en,instance_00018,Parsed Request Count,3.0
262,taboo,llama-3.1-8b-instruct,low_en,instance_00018,Request Count,3.0
263,taboo,llama-3.1-8b-instruct,low_en,instance_00018,Request Success Ratio,1.0
264,taboo,llama-3.1-8b-instruct,low_en,instance_00018,Aborted,0.0
265,taboo,llama-3.1-8b-instruct,low_en,instance_00018,Success,0.0
266,taboo,llama-3.1-8b-instruct,low_en,instance_00018,Lose,1.0
267,taboo,llama-3.1-8b-instruct,low_en,instance_00018,Main Score,0.0
268,taboo,llama-3.1-8b-instruct,low_en,instance_00018,Repetition-Guesser,0.0
269,taboo,llama-3.1-8b-instruct,low_en,instance_00018,Repetition-Describer,0.0
270,taboo,llama-3.1-8b-instruct,low_en,instance_00012,Violated Request Count,0.0
271,taboo,llama-3.1-8b-instruct,low_en,instance_00012,Parsed Request Count,1.0
272,taboo,llama-3.1-8b-instruct,low_en,instance_00012,Request Count,1.0
273,taboo,llama-3.1-8b-instruct,low_en,instance_00012,Request Success Ratio,1.0
274,taboo,llama-3.1-8b-instruct,low_en,instance_00012,Aborted,0.0
275,taboo,llama-3.1-8b-instruct,low_en,instance_00012,Success,1.0
276,taboo,llama-3.1-8b-instruct,low_en,instance_00012,Lose,0.0
277,taboo,llama-3.1-8b-instruct,low_en,instance_00012,Main Score,100.0
278,taboo,llama-3.1-8b-instruct,low_en,instance_00012,Repetition-Guesser,0.0
279,taboo,llama-3.1-8b-instruct,low_en,instance_00012,Repetition-Describer,0.0
280,taboo,llama-3.1-8b-instruct,medium_en,instance_00007,Violated Request Count,0.0
281,taboo,llama-3.1-8b-instruct,medium_en,instance_00007,Parsed Request Count,1.0
282,taboo,llama-3.1-8b-instruct,medium_en,instance_00007,Request Count,1.0
283,taboo,llama-3.1-8b-instruct,medium_en,instance_00007,Request Success Ratio,1.0
284,taboo,llama-3.1-8b-instruct,medium_en,instance_00007,Aborted,0.0
285,taboo,llama-3.1-8b-instruct,medium_en,instance_00007,Success,1.0
286,taboo,llama-3.1-8b-instruct,medium_en,instance_00007,Lose,0.0
287,taboo,llama-3.1-8b-instruct,medium_en,instance_00007,Main Score,100.0
288,taboo,llama-3.1-8b-instruct,medium_en,instance_00007,Repetition-Guesser,0.0
289,taboo,llama-3.1-8b-instruct,medium_en,instance_00007,Repetition-Describer,0.0
290,taboo,llama-3.1-8b-instruct,medium_en,instance_00010,Violated Request Count,0.0
291,taboo,llama-3.1-8b-instruct,medium_en,instance_00010,Parsed Request Count,1.0
292,taboo,llama-3.1-8b-instruct,medium_en,instance_00010,Request Count,1.0
293,taboo,llama-3.1-8b-instruct,medium_en,instance_00010,Request Success Ratio,1.0
294,taboo,llama-3.1-8b-instruct,medium_en,instance_00010,Aborted,0.0
295,taboo,llama-3.1-8b-instruct,medium_en,instance_00010,Success,1.0
296,taboo,llama-3.1-8b-instruct,medium_en,instance_00010,Lose,0.0
297,taboo,llama-3.1-8b-instruct,medium_en,instance_00010,Main Score,100.0
298,taboo,llama-3.1-8b-instruct,medium_en,instance_00010,Repetition-Guesser,0.0
299,taboo,llama-3.1-8b-instruct,medium_en,instance_00010,Repetition-Describer,0.0
300,wordle_withclue,llama-3.1-8b-instruct,high_frequency_words_clue_no_critic,instance_00009,Aborted,1.0
301,wordle_withclue,llama-3.1-8b-instruct,high_frequency_words_clue_no_critic,instance_00009,Lose,0.0
302,wordle_withclue,llama-3.1-8b-instruct,high_frequency_words_clue_no_critic,instance_00009,Success,0.0
303,wordle_withclue,llama-3.1-8b-instruct,high_frequency_words_clue_no_critic,instance_00009,Request Count,1.0
304,wordle_withclue,llama-3.1-8b-instruct,high_frequency_words_clue_no_critic,instance_00009,Parsed Request Count,0.0
305,wordle_withclue,llama-3.1-8b-instruct,high_frequency_words_clue_no_critic,instance_00009,Violated Request Count,1.0
306,wordle_withclue,llama-3.1-8b-instruct,high_frequency_words_clue_no_critic,instance_00009,Request Success Ratio,0.0
307,wordle_withclue,llama-3.1-8b-instruct,high_frequency_words_clue_no_critic,instance_00009,Main Score,
308,wordle_withclue,llama-3.1-8b-instruct,high_frequency_words_clue_no_critic,instance_00009,Guess Repetitions,
309,wordle_withclue,llama-3.1-8b-instruct,medium_frequency_words_clue_no_critic,instance_00011,Aborted,1.0
310,wordle_withclue,llama-3.1-8b-instruct,medium_frequency_words_clue_no_critic,instance_00011,Lose,0.0
311,wordle_withclue,llama-3.1-8b-instruct,medium_frequency_words_clue_no_critic,instance_00011,Success,0.0
312,wordle_withclue,llama-3.1-8b-instruct,medium_frequency_words_clue_no_critic,instance_00011,Request Count,3.0
313,wordle_withclue,llama-3.1-8b-instruct,medium_frequency_words_clue_no_critic,instance_00011,Parsed Request Count,2.0
314,wordle_withclue,llama-3.1-8b-instruct,medium_frequency_words_clue_no_critic,instance_00011,Violated Request Count,1.0
315,wordle_withclue,llama-3.1-8b-instruct,medium_frequency_words_clue_no_critic,instance_00011,Request Success Ratio,0.6666666666666666
316,wordle_withclue,llama-3.1-8b-instruct,medium_frequency_words_clue_no_critic,instance_00011,Main Score,
317,wordle_withclue,llama-3.1-8b-instruct,medium_frequency_words_clue_no_critic,instance_00011,Guess Repetitions,
318,wordle_withclue,llama-3.1-8b-instruct,medium_frequency_words_clue_no_critic,instance_00018,Aborted,1.0
319,wordle_withclue,llama-3.1-8b-instruct,medium_frequency_words_clue_no_critic,instance_00018,Lose,0.0
320,wordle_withclue,llama-3.1-8b-instruct,medium_frequency_words_clue_no_critic,instance_00018,Success,0.0
321,wordle_withclue,llama-3.1-8b-instruct,medium_frequency_words_clue_no_critic,instance_00018,Request Count,3.0
322,wordle_withclue,llama-3.1-8b-instruct,medium_frequency_words_clue_no_critic,instance_00018,Parsed Request Count,2.0
323,wordle_withclue,llama-3.1-8b-instruct,medium_frequency_words_clue_no_critic,instance_00018,Violated Request Count,1.0
324,wordle_withclue,llama-3.1-8b-instruct,medium_frequency_words_clue_no_critic,instance_00018,Request Success Ratio,0.6666666666666666
325,wordle_withclue,llama-3.1-8b-instruct,medium_frequency_words_clue_no_critic,instance_00018,Main Score,
326,wordle_withclue,llama-3.1-8b-instruct,medium_frequency_words_clue_no_critic,instance_00018,Guess Repetitions,
327,textmapworld,llama-3.1-8b-instruct,large_cycle,instance_00049,Aborted,1.0
328,textmapworld,llama-3.1-8b-instruct,large_cycle,instance_00049,Success,0.0
329,textmapworld,llama-3.1-8b-instruct,large_cycle,instance_00049,Lose,0.0
330,textmapworld,llama-3.1-8b-instruct,large_cycle,instance_00049,moves,
331,textmapworld,llama-3.1-8b-instruct,large_cycle,instance_00049,valid_moves,
332,textmapworld,llama-3.1-8b-instruct,large_cycle,instance_00049,invalid_moves,
333,textmapworld,llama-3.1-8b-instruct,large_cycle,instance_00049,stopped,
334,textmapworld,llama-3.1-8b-instruct,large_cycle,instance_00049,turns_limit,
335,textmapworld,llama-3.1-8b-instruct,large_cycle,instance_00049,loops,
336,textmapworld,llama-3.1-8b-instruct,large_cycle,instance_00049,number_visited,
337,textmapworld,llama-3.1-8b-instruct,large_cycle,instance_00049,seen,
338,textmapworld,llama-3.1-8b-instruct,large_cycle,instance_00049,efficiency,
339,textmapworld,llama-3.1-8b-instruct,large_cycle,instance_00049,exploration,
340,textmapworld,llama-3.1-8b-instruct,large_cycle,instance_00049,Main Score,
341,textmapworld,llama-3.1-8b-instruct,small,instance_00006,Aborted,1.0
342,textmapworld,llama-3.1-8b-instruct,small,instance_00006,Success,0.0
343,textmapworld,llama-3.1-8b-instruct,small,instance_00006,Lose,0.0
344,textmapworld,llama-3.1-8b-instruct,small,instance_00006,moves,
345,textmapworld,llama-3.1-8b-instruct,small,instance_00006,valid_moves,
346,textmapworld,llama-3.1-8b-instruct,small,instance_00006,invalid_moves,
347,textmapworld,llama-3.1-8b-instruct,small,instance_00006,stopped,
348,textmapworld,llama-3.1-8b-instruct,small,instance_00006,turns_limit,
349,textmapworld,llama-3.1-8b-instruct,small,instance_00006,loops,
350,textmapworld,llama-3.1-8b-instruct,small,instance_00006,number_visited,
351,textmapworld,llama-3.1-8b-instruct,small,instance_00006,seen,
352,textmapworld,llama-3.1-8b-instruct,small,instance_00006,efficiency,
353,textmapworld,llama-3.1-8b-instruct,small,instance_00006,exploration,
354,textmapworld,llama-3.1-8b-instruct,small,instance_00006,Main Score,
355,textmapworld,llama-3.1-8b-instruct,large,instance_00028,Aborted,1.0
356,textmapworld,llama-3.1-8b-instruct,large,instance_00028,Success,0.0
357,textmapworld,llama-3.1-8b-instruct,large,instance_00028,Lose,0.0
358,textmapworld,llama-3.1-8b-instruct,large,instance_00028,moves,
359,textmapworld,llama-3.1-8b-instruct,large,instance_00028,valid_moves,
360,textmapworld,llama-3.1-8b-instruct,large,instance_00028,invalid_moves,
361,textmapworld,llama-3.1-8b-instruct,large,instance_00028,stopped,
362,textmapworld,llama-3.1-8b-instruct,large,instance_00028,turns_limit,
363,textmapworld,llama-3.1-8b-instruct,large,instance_00028,loops,
364,textmapworld,llama-3.1-8b-instruct,large,instance_00028,number_visited,
365,textmapworld,llama-3.1-8b-instruct,large,instance_00028,seen,
366,textmapworld,llama-3.1-8b-instruct,large,instance_00028,efficiency,
367,textmapworld,llama-3.1-8b-instruct,large,instance_00028,exploration,
368,textmapworld,llama-3.1-8b-instruct,large,instance_00028,Main Score,
369,textmapworld,llama-3.1-8b-instruct,medium_cycle,instance_00034,Success,0.0
370,textmapworld,llama-3.1-8b-instruct,medium_cycle,instance_00034,Aborted,0.0
371,textmapworld,llama-3.1-8b-instruct,medium_cycle,instance_00034,Lose,1.0
372,textmapworld,llama-3.1-8b-instruct,medium_cycle,instance_00034,moves,14.0
373,textmapworld,llama-3.1-8b-instruct,medium_cycle,instance_00034,valid_moves,14.0
374,textmapworld,llama-3.1-8b-instruct,medium_cycle,instance_00034,invalid_moves,0.0
375,textmapworld,llama-3.1-8b-instruct,medium_cycle,instance_00034,stopped,1.0
376,textmapworld,llama-3.1-8b-instruct,medium_cycle,instance_00034,turns_limit,0.0
377,textmapworld,llama-3.1-8b-instruct,medium_cycle,instance_00034,loops,12.0
378,textmapworld,llama-3.1-8b-instruct,medium_cycle,instance_00034,number_visited,2.0
379,textmapworld,llama-3.1-8b-instruct,medium_cycle,instance_00034,seen,3.0
380,textmapworld,llama-3.1-8b-instruct,medium_cycle,instance_00034,efficiency,50.0
381,textmapworld,llama-3.1-8b-instruct,medium_cycle,instance_00034,exploration,33.33333333333333
382,textmapworld,llama-3.1-8b-instruct,medium_cycle,instance_00034,Main Score,40.0
383,textmapworld,llama-3.1-8b-instruct,medium,instance_00010,Success,0.0
384,textmapworld,llama-3.1-8b-instruct,medium,instance_00010,Aborted,0.0
385,textmapworld,llama-3.1-8b-instruct,medium,instance_00010,Lose,1.0
386,textmapworld,llama-3.1-8b-instruct,medium,instance_00010,moves,14.0
387,textmapworld,llama-3.1-8b-instruct,medium,instance_00010,valid_moves,14.0
388,textmapworld,llama-3.1-8b-instruct,medium,instance_00010,invalid_moves,0.0
389,textmapworld,llama-3.1-8b-instruct,medium,instance_00010,stopped,1.0
390,textmapworld,llama-3.1-8b-instruct,medium,instance_00010,turns_limit,0.0
391,textmapworld,llama-3.1-8b-instruct,medium,instance_00010,loops,12.0
392,textmapworld,llama-3.1-8b-instruct,medium,instance_00010,number_visited,2.0
393,textmapworld,llama-3.1-8b-instruct,medium,instance_00010,seen,3.0
394,textmapworld,llama-3.1-8b-instruct,medium,instance_00010,efficiency,57.14285714285714
395,textmapworld,llama-3.1-8b-instruct,medium,instance_00010,exploration,33.33333333333333
396,textmapworld,llama-3.1-8b-instruct,medium,instance_00010,Main Score,42.10526315789473
397,referencegame,llama-3.1-8b-instruct,random_grids,instance_00005,Generated Expression Length,90.0
398,referencegame,llama-3.1-8b-instruct,random_grids,instance_00005,Generated Expression Number of Tokens,17.0
399,referencegame,llama-3.1-8b-instruct,random_grids,instance_00005,Aborted at Player 1,0.0
400,referencegame,llama-3.1-8b-instruct,random_grids,instance_00005,Aborted at Player 2,0.0
401,referencegame,llama-3.1-8b-instruct,random_grids,instance_00005,Request Count,2.0
402,referencegame,llama-3.1-8b-instruct,random_grids,instance_00005,Parsed Request Count,2.0
403,referencegame,llama-3.1-8b-instruct,random_grids,instance_00005,Violated Request Count,0.0
404,referencegame,llama-3.1-8b-instruct,random_grids,instance_00005,Aborted,0.0
405,referencegame,llama-3.1-8b-instruct,random_grids,instance_00005,Success,0.0
406,referencegame,llama-3.1-8b-instruct,random_grids,instance_00005,Lose,1.0
407,referencegame,llama-3.1-8b-instruct,random_grids,instance_00005,Main Score,0.0
408,referencegame,llama-3.1-8b-instruct,random_grids,instance_00005,Request Success Ratio,1.0
409,referencegame,llama-3.1-8b-instruct,line_grids_columns,instance_00013,Generated Expression Length,110.0
410,referencegame,llama-3.1-8b-instruct,line_grids_columns,instance_00013,Generated Expression Number of Tokens,22.0
411,referencegame,llama-3.1-8b-instruct,line_grids_columns,instance_00013,Aborted at Player 1,0.0
412,referencegame,llama-3.1-8b-instruct,line_grids_columns,instance_00013,Aborted at Player 2,0.0
413,referencegame,llama-3.1-8b-instruct,line_grids_columns,instance_00013,Request Count,2.0
414,referencegame,llama-3.1-8b-instruct,line_grids_columns,instance_00013,Parsed Request Count,2.0
415,referencegame,llama-3.1-8b-instruct,line_grids_columns,instance_00013,Violated Request Count,0.0
416,referencegame,llama-3.1-8b-instruct,line_grids_columns,instance_00013,Aborted,0.0
417,referencegame,llama-3.1-8b-instruct,line_grids_columns,instance_00013,Success,0.0
418,referencegame,llama-3.1-8b-instruct,line_grids_columns,instance_00013,Lose,1.0
419,referencegame,llama-3.1-8b-instruct,line_grids_columns,instance_00013,Main Score,0.0
420,referencegame,llama-3.1-8b-instruct,line_grids_columns,instance_00013,Request Success Ratio,1.0
421,referencegame,llama-3.1-8b-instruct,number_grids,instance_00017,Generated Expression Length,112.0
422,referencegame,llama-3.1-8b-instruct,number_grids,instance_00017,Generated Expression Number of Tokens,24.0
423,referencegame,llama-3.1-8b-instruct,number_grids,instance_00017,Aborted at Player 1,0.0
424,referencegame,llama-3.1-8b-instruct,number_grids,instance_00017,Aborted at Player 2,0.0
425,referencegame,llama-3.1-8b-instruct,number_grids,instance_00017,Request Count,2.0
426,referencegame,llama-3.1-8b-instruct,number_grids,instance_00017,Parsed Request Count,2.0
427,referencegame,llama-3.1-8b-instruct,number_grids,instance_00017,Violated Request Count,0.0
428,referencegame,llama-3.1-8b-instruct,number_grids,instance_00017,Aborted,0.0
429,referencegame,llama-3.1-8b-instruct,number_grids,instance_00017,Success,0.0
430,referencegame,llama-3.1-8b-instruct,number_grids,instance_00017,Lose,1.0
431,referencegame,llama-3.1-8b-instruct,number_grids,instance_00017,Main Score,0.0
432,referencegame,llama-3.1-8b-instruct,number_grids,instance_00017,Request Success Ratio,1.0
433,referencegame,llama-3.1-8b-instruct,line_grids_rows,instance_00017,Generated Expression Length,105.0
434,referencegame,llama-3.1-8b-instruct,line_grids_rows,instance_00017,Generated Expression Number of Tokens,21.0
435,referencegame,llama-3.1-8b-instruct,line_grids_rows,instance_00017,Aborted at Player 1,0.0
436,referencegame,llama-3.1-8b-instruct,line_grids_rows,instance_00017,Aborted at Player 2,0.0
437,referencegame,llama-3.1-8b-instruct,line_grids_rows,instance_00017,Request Count,2.0
438,referencegame,llama-3.1-8b-instruct,line_grids_rows,instance_00017,Parsed Request Count,2.0
439,referencegame,llama-3.1-8b-instruct,line_grids_rows,instance_00017,Violated Request Count,0.0
440,referencegame,llama-3.1-8b-instruct,line_grids_rows,instance_00017,Aborted,0.0
441,referencegame,llama-3.1-8b-instruct,line_grids_rows,instance_00017,Success,0.0
442,referencegame,llama-3.1-8b-instruct,line_grids_rows,instance_00017,Lose,1.0
443,referencegame,llama-3.1-8b-instruct,line_grids_rows,instance_00017,Main Score,0.0
444,referencegame,llama-3.1-8b-instruct,line_grids_rows,instance_00017,Request Success Ratio,1.0
445,referencegame,llama-3.1-8b-instruct,letter_grids,instance_00012,Generated Expression Length,56.0
446,referencegame,llama-3.1-8b-instruct,letter_grids,instance_00012,Generated Expression Number of Tokens,11.0
447,referencegame,llama-3.1-8b-instruct,letter_grids,instance_00012,Aborted at Player 1,0.0
448,referencegame,llama-3.1-8b-instruct,letter_grids,instance_00012,Aborted at Player 2,0.0
449,referencegame,llama-3.1-8b-instruct,letter_grids,instance_00012,Request Count,2.0
450,referencegame,llama-3.1-8b-instruct,letter_grids,instance_00012,Parsed Request Count,2.0
451,referencegame,llama-3.1-8b-instruct,letter_grids,instance_00012,Violated Request Count,0.0
452,referencegame,llama-3.1-8b-instruct,letter_grids,instance_00012,Aborted,0.0
453,referencegame,llama-3.1-8b-instruct,letter_grids,instance_00012,Success,0.0
454,referencegame,llama-3.1-8b-instruct,letter_grids,instance_00012,Lose,1.0
455,referencegame,llama-3.1-8b-instruct,letter_grids,instance_00012,Main Score,0.0
456,referencegame,llama-3.1-8b-instruct,letter_grids,instance_00012,Request Success Ratio,1.0
457,adventuregame,llama-3.1-8b-instruct,new-words_home-delivery_medium_basic_medium,instance_00002,Violated Request Count,0.0
458,adventuregame,llama-3.1-8b-instruct,new-words_home-delivery_medium_basic_medium,instance_00002,Parsed Request Count,50.0
459,adventuregame,llama-3.1-8b-instruct,new-words_home-delivery_medium_basic_medium,instance_00002,Request Count,50.0
460,adventuregame,llama-3.1-8b-instruct,new-words_home-delivery_medium_basic_medium,instance_00002,Request Success Ratio,1.0
461,adventuregame,llama-3.1-8b-instruct,new-words_home-delivery_medium_basic_medium,instance_00002,hallucination_count,0.0
462,adventuregame,llama-3.1-8b-instruct,new-words_home-delivery_medium_basic_medium,instance_00002,action_parsing_fail,50.0
463,adventuregame,llama-3.1-8b-instruct,new-words_home-delivery_medium_basic_medium,instance_00002,action_resolution_fail,0.0
464,adventuregame,llama-3.1-8b-instruct,new-words_home-delivery_medium_basic_medium,instance_00002,lark_exception,0.0
465,adventuregame,llama-3.1-8b-instruct,new-words_home-delivery_medium_basic_medium,instance_00002,malformed_command,49.0
466,adventuregame,llama-3.1-8b-instruct,new-words_home-delivery_medium_basic_medium,instance_00002,undefined_action_verb,1.0
467,adventuregame,llama-3.1-8b-instruct,new-words_home-delivery_medium_basic_medium,instance_00002,undefined_action,0.0
468,adventuregame,llama-3.1-8b-instruct,new-words_home-delivery_medium_basic_medium,instance_00002,undefined_repr_str,0.0
469,adventuregame,llama-3.1-8b-instruct,new-words_home-delivery_medium_basic_medium,instance_00002,manipulating_room,0.0
470,adventuregame,llama-3.1-8b-instruct,new-words_home-delivery_medium_basic_medium,instance_00002,undefined_argument_type,0.0
471,adventuregame,llama-3.1-8b-instruct,new-words_home-delivery_medium_basic_medium,instance_00002,taking_from_inventory,0.0
472,adventuregame,llama-3.1-8b-instruct,new-words_home-delivery_medium_basic_medium,instance_00002,other_room_argument,0.0
473,adventuregame,llama-3.1-8b-instruct,new-words_home-delivery_medium_basic_medium,instance_00002,domain_trait_type_mismatch,0.0
474,adventuregame,llama-3.1-8b-instruct,new-words_home-delivery_medium_basic_medium,instance_00002,domain_type_discrepancy,0.0
475,adventuregame,llama-3.1-8b-instruct,new-words_home-delivery_medium_basic_medium,instance_00002,world_state_discrepancy,0.0
476,adventuregame,llama-3.1-8b-instruct,new-words_home-delivery_medium_basic_medium,instance_00002,entity_not_accessible,0.0
477,adventuregame,llama-3.1-8b-instruct,new-words_home-delivery_medium_basic_medium,instance_00002,entity_state_mismatch,0.0
478,adventuregame,llama-3.1-8b-instruct,new-words_home-delivery_medium_basic_medium,instance_00002,entity_trait_mismatch,0.0
479,adventuregame,llama-3.1-8b-instruct,new-words_home-delivery_medium_basic_medium,instance_00002,entity_already_inventory,0.0
480,adventuregame,llama-3.1-8b-instruct,new-words_home-delivery_medium_basic_medium,instance_00002,going_to_current_room,0.0
481,adventuregame,llama-3.1-8b-instruct,new-words_home-delivery_medium_basic_medium,instance_00002,no_exit_to,0.0
482,adventuregame,llama-3.1-8b-instruct,new-words_home-delivery_medium_basic_medium,instance_00002,inventory_limit_exceeded,0.0
483,adventuregame,llama-3.1-8b-instruct,new-words_home-delivery_medium_basic_medium,instance_00002,successful_actions,0.0
484,adventuregame,llama-3.1-8b-instruct,new-words_home-delivery_medium_basic_medium,instance_00002,turn_limit_loss,1.0
485,adventuregame,llama-3.1-8b-instruct,new-words_home-delivery_medium_basic_medium,instance_00002,turns_over_par,
486,adventuregame,llama-3.1-8b-instruct,new-words_home-delivery_medium_basic_medium,instance_00002,turn_ratio,
487,adventuregame,llama-3.1-8b-instruct,new-words_home-delivery_medium_basic_medium,instance_00002,finish_speed,
488,adventuregame,llama-3.1-8b-instruct,new-words_home-delivery_medium_basic_medium,instance_00002,achieved_goal_ratio,0.0
489,adventuregame,llama-3.1-8b-instruct,new-words_home-delivery_medium_basic_medium,instance_00002,Aborted,1.0
490,adventuregame,llama-3.1-8b-instruct,new-words_home-delivery_medium_basic_medium,instance_00002,Success,0.0
491,adventuregame,llama-3.1-8b-instruct,new-words_home-delivery_medium_basic_medium,instance_00002,Lose,0.0
492,adventuregame,llama-3.1-8b-instruct,new-words_home-delivery_medium_basic_medium,instance_00002,Main Score,
493,adventuregame,llama-3.1-8b-instruct,new-words_home-delivery_medium_basic_medium,instance_00002,plan_followed_ratio,0.0
494,adventuregame,llama-3.1-8b-instruct,new-words_home-delivery_medium_basic_medium,instance_00002,plan_average_viability_ratio,0.0
495,adventuregame,llama-3.1-8b-instruct,new-words_home-delivery_medium_basic_medium,instance_00002,bad_plan_follow_ratio,0.0
496,adventuregame,llama-3.1-8b-instruct,new-words_home-delivery_medium_basic_medium,instance_00002,bad_plan_dismiss_ratio,1.0
497,adventuregame,llama-3.1-8b-instruct,potion_brewing_basic_undefined,instance_00004,Violated Request Count,0.0
498,adventuregame,llama-3.1-8b-instruct,potion_brewing_basic_undefined,instance_00004,Parsed Request Count,100.0
499,adventuregame,llama-3.1-8b-instruct,potion_brewing_basic_undefined,instance_00004,Request Count,100.0
500,adventuregame,llama-3.1-8b-instruct,potion_brewing_basic_undefined,instance_00004,Request Success Ratio,1.0
501,adventuregame,llama-3.1-8b-instruct,potion_brewing_basic_undefined,instance_00004,hallucination_count,0.0
502,adventuregame,llama-3.1-8b-instruct,potion_brewing_basic_undefined,instance_00004,action_parsing_fail,71.0
503,adventuregame,llama-3.1-8b-instruct,potion_brewing_basic_undefined,instance_00004,action_resolution_fail,12.0
504,adventuregame,llama-3.1-8b-instruct,potion_brewing_basic_undefined,instance_00004,lark_exception,0.0
505,adventuregame,llama-3.1-8b-instruct,potion_brewing_basic_undefined,instance_00004,malformed_command,8.0
506,adventuregame,llama-3.1-8b-instruct,potion_brewing_basic_undefined,instance_00004,undefined_action_verb,1.0
507,adventuregame,llama-3.1-8b-instruct,potion_brewing_basic_undefined,instance_00004,undefined_action,0.0
508,adventuregame,llama-3.1-8b-instruct,potion_brewing_basic_undefined,instance_00004,undefined_repr_str,62.0
509,adventuregame,llama-3.1-8b-instruct,potion_brewing_basic_undefined,instance_00004,manipulating_room,0.0
510,adventuregame,llama-3.1-8b-instruct,potion_brewing_basic_undefined,instance_00004,undefined_argument_type,0.0
511,adventuregame,llama-3.1-8b-instruct,potion_brewing_basic_undefined,instance_00004,taking_from_inventory,0.0
512,adventuregame,llama-3.1-8b-instruct,potion_brewing_basic_undefined,instance_00004,other_room_argument,0.0
513,adventuregame,llama-3.1-8b-instruct,potion_brewing_basic_undefined,instance_00004,domain_trait_type_mismatch,0.0
514,adventuregame,llama-3.1-8b-instruct,potion_brewing_basic_undefined,instance_00004,domain_type_discrepancy,0.0
515,adventuregame,llama-3.1-8b-instruct,potion_brewing_basic_undefined,instance_00004,world_state_discrepancy,0.0
516,adventuregame,llama-3.1-8b-instruct,potion_brewing_basic_undefined,instance_00004,entity_not_accessible,1.0
517,adventuregame,llama-3.1-8b-instruct,potion_brewing_basic_undefined,instance_00004,entity_state_mismatch,0.0
518,adventuregame,llama-3.1-8b-instruct,potion_brewing_basic_undefined,instance_00004,entity_trait_mismatch,0.0
519,adventuregame,llama-3.1-8b-instruct,potion_brewing_basic_undefined,instance_00004,entity_already_inventory,2.0
520,adventuregame,llama-3.1-8b-instruct,potion_brewing_basic_undefined,instance_00004,going_to_current_room,0.0
521,adventuregame,llama-3.1-8b-instruct,potion_brewing_basic_undefined,instance_00004,no_exit_to,1.0
522,adventuregame,llama-3.1-8b-instruct,potion_brewing_basic_undefined,instance_00004,inventory_limit_exceeded,8.0
523,adventuregame,llama-3.1-8b-instruct,potion_brewing_basic_undefined,instance_00004,successful_actions,17.0
524,adventuregame,llama-3.1-8b-instruct,potion_brewing_basic_undefined,instance_00004,turn_limit_loss,1.0
525,adventuregame,llama-3.1-8b-instruct,potion_brewing_basic_undefined,instance_00004,turns_over_par,
526,adventuregame,llama-3.1-8b-instruct,potion_brewing_basic_undefined,instance_00004,turn_ratio,
527,adventuregame,llama-3.1-8b-instruct,potion_brewing_basic_undefined,instance_00004,finish_speed,
528,adventuregame,llama-3.1-8b-instruct,potion_brewing_basic_undefined,instance_00004,achieved_goal_ratio,0.0
529,adventuregame,llama-3.1-8b-instruct,potion_brewing_basic_undefined,instance_00004,Aborted,1.0
530,adventuregame,llama-3.1-8b-instruct,potion_brewing_basic_undefined,instance_00004,Success,0.0
531,adventuregame,llama-3.1-8b-instruct,potion_brewing_basic_undefined,instance_00004,Lose,0.0
532,adventuregame,llama-3.1-8b-instruct,potion_brewing_basic_undefined,instance_00004,Main Score,
533,adventuregame,llama-3.1-8b-instruct,potion_brewing_basic_undefined,instance_00004,plan_followed_ratio,0.0
534,adventuregame,llama-3.1-8b-instruct,potion_brewing_basic_undefined,instance_00004,plan_average_viability_ratio,0.0
535,adventuregame,llama-3.1-8b-instruct,potion_brewing_basic_undefined,instance_00004,bad_plan_follow_ratio,0.0
536,adventuregame,llama-3.1-8b-instruct,potion_brewing_basic_undefined,instance_00004,bad_plan_dismiss_ratio,1.0
537,adventuregame,llama-3.1-8b-instruct,new-words_home-delivery_easy_basic_easy,instance_00002,Violated Request Count,0.0
538,adventuregame,llama-3.1-8b-instruct,new-words_home-delivery_easy_basic_easy,instance_00002,Parsed Request Count,23.0
539,adventuregame,llama-3.1-8b-instruct,new-words_home-delivery_easy_basic_easy,instance_00002,Request Count,23.0
540,adventuregame,llama-3.1-8b-instruct,new-words_home-delivery_easy_basic_easy,instance_00002,Request Success Ratio,1.0
541,adventuregame,llama-3.1-8b-instruct,new-words_home-delivery_easy_basic_easy,instance_00002,hallucination_count,1.0
542,adventuregame,llama-3.1-8b-instruct,new-words_home-delivery_easy_basic_easy,instance_00002,action_parsing_fail,0.0
543,adventuregame,llama-3.1-8b-instruct,new-words_home-delivery_easy_basic_easy,instance_00002,action_resolution_fail,8.0
544,adventuregame,llama-3.1-8b-instruct,new-words_home-delivery_easy_basic_easy,instance_00002,lark_exception,0.0
545,adventuregame,llama-3.1-8b-instruct,new-words_home-delivery_easy_basic_easy,instance_00002,malformed_command,0.0
546,adventuregame,llama-3.1-8b-instruct,new-words_home-delivery_easy_basic_easy,instance_00002,undefined_action_verb,0.0
547,adventuregame,llama-3.1-8b-instruct,new-words_home-delivery_easy_basic_easy,instance_00002,undefined_action,0.0
548,adventuregame,llama-3.1-8b-instruct,new-words_home-delivery_easy_basic_easy,instance_00002,undefined_repr_str,0.0
549,adventuregame,llama-3.1-8b-instruct,new-words_home-delivery_easy_basic_easy,instance_00002,manipulating_room,0.0
550,adventuregame,llama-3.1-8b-instruct,new-words_home-delivery_easy_basic_easy,instance_00002,undefined_argument_type,0.0
551,adventuregame,llama-3.1-8b-instruct,new-words_home-delivery_easy_basic_easy,instance_00002,taking_from_inventory,0.0
552,adventuregame,llama-3.1-8b-instruct,new-words_home-delivery_easy_basic_easy,instance_00002,other_room_argument,0.0
553,adventuregame,llama-3.1-8b-instruct,new-words_home-delivery_easy_basic_easy,instance_00002,domain_trait_type_mismatch,0.0
554,adventuregame,llama-3.1-8b-instruct,new-words_home-delivery_easy_basic_easy,instance_00002,domain_type_discrepancy,0.0
555,adventuregame,llama-3.1-8b-instruct,new-words_home-delivery_easy_basic_easy,instance_00002,world_state_discrepancy,0.0
556,adventuregame,llama-3.1-8b-instruct,new-words_home-delivery_easy_basic_easy,instance_00002,entity_not_accessible,7.0
557,adventuregame,llama-3.1-8b-instruct,new-words_home-delivery_easy_basic_easy,instance_00002,entity_state_mismatch,1.0
558,adventuregame,llama-3.1-8b-instruct,new-words_home-delivery_easy_basic_easy,instance_00002,entity_trait_mismatch,0.0
559,adventuregame,llama-3.1-8b-instruct,new-words_home-delivery_easy_basic_easy,instance_00002,entity_already_inventory,0.0
560,adventuregame,llama-3.1-8b-instruct,new-words_home-delivery_easy_basic_easy,instance_00002,going_to_current_room,0.0
561,adventuregame,llama-3.1-8b-instruct,new-words_home-delivery_easy_basic_easy,instance_00002,no_exit_to,0.0
562,adventuregame,llama-3.1-8b-instruct,new-words_home-delivery_easy_basic_easy,instance_00002,inventory_limit_exceeded,0.0
563,adventuregame,llama-3.1-8b-instruct,new-words_home-delivery_easy_basic_easy,instance_00002,successful_actions,15.0
564,adventuregame,llama-3.1-8b-instruct,new-words_home-delivery_easy_basic_easy,instance_00002,turn_limit_loss,0.0
565,adventuregame,llama-3.1-8b-instruct,new-words_home-delivery_easy_basic_easy,instance_00002,turns_over_par,
566,adventuregame,llama-3.1-8b-instruct,new-words_home-delivery_easy_basic_easy,instance_00002,turn_ratio,
567,adventuregame,llama-3.1-8b-instruct,new-words_home-delivery_easy_basic_easy,instance_00002,finish_speed,
568,adventuregame,llama-3.1-8b-instruct,new-words_home-delivery_easy_basic_easy,instance_00002,achieved_goal_ratio,0.0
569,adventuregame,llama-3.1-8b-instruct,new-words_home-delivery_easy_basic_easy,instance_00002,Aborted,0.0
570,adventuregame,llama-3.1-8b-instruct,new-words_home-delivery_easy_basic_easy,instance_00002,Success,0.0
571,adventuregame,llama-3.1-8b-instruct,new-words_home-delivery_easy_basic_easy,instance_00002,Lose,1.0
572,adventuregame,llama-3.1-8b-instruct,new-words_home-delivery_easy_basic_easy,instance_00002,Main Score,0.0
573,adventuregame,llama-3.1-8b-instruct,new-words_home-delivery_easy_basic_easy,instance_00002,plan_followed_ratio,0.0
574,adventuregame,llama-3.1-8b-instruct,new-words_home-delivery_easy_basic_easy,instance_00002,plan_average_viability_ratio,0.0
575,adventuregame,llama-3.1-8b-instruct,new-words_home-delivery_easy_basic_easy,instance_00002,bad_plan_follow_ratio,0.0
576,adventuregame,llama-3.1-8b-instruct,new-words_home-delivery_easy_basic_easy,instance_00002,bad_plan_dismiss_ratio,1.0
577,adventuregame,llama-3.1-8b-instruct,new-words_created_basic_hard,instance_00000,Violated Request Count,0.0
578,adventuregame,llama-3.1-8b-instruct,new-words_created_basic_hard,instance_00000,Parsed Request Count,50.0
579,adventuregame,llama-3.1-8b-instruct,new-words_created_basic_hard,instance_00000,Request Count,50.0
580,adventuregame,llama-3.1-8b-instruct,new-words_created_basic_hard,instance_00000,Request Success Ratio,1.0
581,adventuregame,llama-3.1-8b-instruct,new-words_created_basic_hard,instance_00000,hallucination_count,0.0
582,adventuregame,llama-3.1-8b-instruct,new-words_created_basic_hard,instance_00000,action_parsing_fail,0.0
583,adventuregame,llama-3.1-8b-instruct,new-words_created_basic_hard,instance_00000,action_resolution_fail,45.0
584,adventuregame,llama-3.1-8b-instruct,new-words_created_basic_hard,instance_00000,lark_exception,0.0
585,adventuregame,llama-3.1-8b-instruct,new-words_created_basic_hard,instance_00000,malformed_command,0.0
586,adventuregame,llama-3.1-8b-instruct,new-words_created_basic_hard,instance_00000,undefined_action_verb,0.0
587,adventuregame,llama-3.1-8b-instruct,new-words_created_basic_hard,instance_00000,undefined_action,0.0
588,adventuregame,llama-3.1-8b-instruct,new-words_created_basic_hard,instance_00000,undefined_repr_str,0.0
589,adventuregame,llama-3.1-8b-instruct,new-words_created_basic_hard,instance_00000,manipulating_room,0.0
590,adventuregame,llama-3.1-8b-instruct,new-words_created_basic_hard,instance_00000,undefined_argument_type,0.0
591,adventuregame,llama-3.1-8b-instruct,new-words_created_basic_hard,instance_00000,taking_from_inventory,0.0
592,adventuregame,llama-3.1-8b-instruct,new-words_created_basic_hard,instance_00000,other_room_argument,0.0
593,adventuregame,llama-3.1-8b-instruct,new-words_created_basic_hard,instance_00000,domain_trait_type_mismatch,10.0
594,adventuregame,llama-3.1-8b-instruct,new-words_created_basic_hard,instance_00000,domain_type_discrepancy,0.0
595,adventuregame,llama-3.1-8b-instruct,new-words_created_basic_hard,instance_00000,world_state_discrepancy,0.0
596,adventuregame,llama-3.1-8b-instruct,new-words_created_basic_hard,instance_00000,entity_not_accessible,0.0
597,adventuregame,llama-3.1-8b-instruct,new-words_created_basic_hard,instance_00000,entity_state_mismatch,35.0
598,adventuregame,llama-3.1-8b-instruct,new-words_created_basic_hard,instance_00000,entity_trait_mismatch,0.0
599,adventuregame,llama-3.1-8b-instruct,new-words_created_basic_hard,instance_00000,entity_already_inventory,0.0
600,adventuregame,llama-3.1-8b-instruct,new-words_created_basic_hard,instance_00000,going_to_current_room,0.0
601,adventuregame,llama-3.1-8b-instruct,new-words_created_basic_hard,instance_00000,no_exit_to,0.0
602,adventuregame,llama-3.1-8b-instruct,new-words_created_basic_hard,instance_00000,inventory_limit_exceeded,0.0
603,adventuregame,llama-3.1-8b-instruct,new-words_created_basic_hard,instance_00000,successful_actions,5.0
604,adventuregame,llama-3.1-8b-instruct,new-words_created_basic_hard,instance_00000,turn_limit_loss,1.0
605,adventuregame,llama-3.1-8b-instruct,new-words_created_basic_hard,instance_00000,turns_over_par,
606,adventuregame,llama-3.1-8b-instruct,new-words_created_basic_hard,instance_00000,turn_ratio,
607,adventuregame,llama-3.1-8b-instruct,new-words_created_basic_hard,instance_00000,finish_speed,
608,adventuregame,llama-3.1-8b-instruct,new-words_created_basic_hard,instance_00000,achieved_goal_ratio,0.3333333333333333
609,adventuregame,llama-3.1-8b-instruct,new-words_created_basic_hard,instance_00000,Aborted,1.0
610,adventuregame,llama-3.1-8b-instruct,new-words_created_basic_hard,instance_00000,Success,0.0
611,adventuregame,llama-3.1-8b-instruct,new-words_created_basic_hard,instance_00000,Lose,0.0
612,adventuregame,llama-3.1-8b-instruct,new-words_created_basic_hard,instance_00000,Main Score,
613,adventuregame,llama-3.1-8b-instruct,new-words_created_basic_hard,instance_00000,plan_followed_ratio,0.0
614,adventuregame,llama-3.1-8b-instruct,new-words_created_basic_hard,instance_00000,plan_average_viability_ratio,0.0
615,adventuregame,llama-3.1-8b-instruct,new-words_created_basic_hard,instance_00000,bad_plan_follow_ratio,0.0
616,adventuregame,llama-3.1-8b-instruct,new-words_created_basic_hard,instance_00000,bad_plan_dismiss_ratio,1.0
617,adventuregame,llama-3.1-8b-instruct,home_deliver_three_basic_hard_invlimittwo,instance_00000,Violated Request Count,0.0
618,adventuregame,llama-3.1-8b-instruct,home_deliver_three_basic_hard_invlimittwo,instance_00000,Parsed Request Count,50.0
619,adventuregame,llama-3.1-8b-instruct,home_deliver_three_basic_hard_invlimittwo,instance_00000,Request Count,50.0
620,adventuregame,llama-3.1-8b-instruct,home_deliver_three_basic_hard_invlimittwo,instance_00000,Request Success Ratio,1.0
621,adventuregame,llama-3.1-8b-instruct,home_deliver_three_basic_hard_invlimittwo,instance_00000,hallucination_count,0.0
622,adventuregame,llama-3.1-8b-instruct,home_deliver_three_basic_hard_invlimittwo,instance_00000,action_parsing_fail,1.0
623,adventuregame,llama-3.1-8b-instruct,home_deliver_three_basic_hard_invlimittwo,instance_00000,action_resolution_fail,16.0
624,adventuregame,llama-3.1-8b-instruct,home_deliver_three_basic_hard_invlimittwo,instance_00000,lark_exception,0.0
625,adventuregame,llama-3.1-8b-instruct,home_deliver_three_basic_hard_invlimittwo,instance_00000,malformed_command,0.0
626,adventuregame,llama-3.1-8b-instruct,home_deliver_three_basic_hard_invlimittwo,instance_00000,undefined_action_verb,0.0
627,adventuregame,llama-3.1-8b-instruct,home_deliver_three_basic_hard_invlimittwo,instance_00000,undefined_action,0.0
628,adventuregame,llama-3.1-8b-instruct,home_deliver_three_basic_hard_invlimittwo,instance_00000,undefined_repr_str,1.0
629,adventuregame,llama-3.1-8b-instruct,home_deliver_three_basic_hard_invlimittwo,instance_00000,manipulating_room,0.0
630,adventuregame,llama-3.1-8b-instruct,home_deliver_three_basic_hard_invlimittwo,instance_00000,undefined_argument_type,0.0
631,adventuregame,llama-3.1-8b-instruct,home_deliver_three_basic_hard_invlimittwo,instance_00000,taking_from_inventory,0.0
632,adventuregame,llama-3.1-8b-instruct,home_deliver_three_basic_hard_invlimittwo,instance_00000,other_room_argument,0.0
633,adventuregame,llama-3.1-8b-instruct,home_deliver_three_basic_hard_invlimittwo,instance_00000,domain_trait_type_mismatch,0.0
634,adventuregame,llama-3.1-8b-instruct,home_deliver_three_basic_hard_invlimittwo,instance_00000,domain_type_discrepancy,0.0
635,adventuregame,llama-3.1-8b-instruct,home_deliver_three_basic_hard_invlimittwo,instance_00000,world_state_discrepancy,0.0
636,adventuregame,llama-3.1-8b-instruct,home_deliver_three_basic_hard_invlimittwo,instance_00000,entity_not_accessible,11.0
637,adventuregame,llama-3.1-8b-instruct,home_deliver_three_basic_hard_invlimittwo,instance_00000,entity_state_mismatch,0.0
638,adventuregame,llama-3.1-8b-instruct,home_deliver_three_basic_hard_invlimittwo,instance_00000,entity_trait_mismatch,0.0
639,adventuregame,llama-3.1-8b-instruct,home_deliver_three_basic_hard_invlimittwo,instance_00000,entity_already_inventory,0.0
640,adventuregame,llama-3.1-8b-instruct,home_deliver_three_basic_hard_invlimittwo,instance_00000,going_to_current_room,0.0
641,adventuregame,llama-3.1-8b-instruct,home_deliver_three_basic_hard_invlimittwo,instance_00000,no_exit_to,4.0
642,adventuregame,llama-3.1-8b-instruct,home_deliver_three_basic_hard_invlimittwo,instance_00000,inventory_limit_exceeded,1.0
643,adventuregame,llama-3.1-8b-instruct,home_deliver_three_basic_hard_invlimittwo,instance_00000,successful_actions,33.0
644,adventuregame,llama-3.1-8b-instruct,home_deliver_three_basic_hard_invlimittwo,instance_00000,turn_limit_loss,1.0
645,adventuregame,llama-3.1-8b-instruct,home_deliver_three_basic_hard_invlimittwo,instance_00000,turns_over_par,
646,adventuregame,llama-3.1-8b-instruct,home_deliver_three_basic_hard_invlimittwo,instance_00000,turn_ratio,
647,adventuregame,llama-3.1-8b-instruct,home_deliver_three_basic_hard_invlimittwo,instance_00000,finish_speed,
648,adventuregame,llama-3.1-8b-instruct,home_deliver_three_basic_hard_invlimittwo,instance_00000,achieved_goal_ratio,0.6666666666666666
649,adventuregame,llama-3.1-8b-instruct,home_deliver_three_basic_hard_invlimittwo,instance_00000,Aborted,1.0
650,adventuregame,llama-3.1-8b-instruct,home_deliver_three_basic_hard_invlimittwo,instance_00000,Success,0.0
651,adventuregame,llama-3.1-8b-instruct,home_deliver_three_basic_hard_invlimittwo,instance_00000,Lose,0.0
652,adventuregame,llama-3.1-8b-instruct,home_deliver_three_basic_hard_invlimittwo,instance_00000,Main Score,
653,adventuregame,llama-3.1-8b-instruct,home_deliver_three_basic_hard_invlimittwo,instance_00000,plan_followed_ratio,0.0
654,adventuregame,llama-3.1-8b-instruct,home_deliver_three_basic_hard_invlimittwo,instance_00000,plan_average_viability_ratio,0.0
655,adventuregame,llama-3.1-8b-instruct,home_deliver_three_basic_hard_invlimittwo,instance_00000,bad_plan_follow_ratio,0.0
656,adventuregame,llama-3.1-8b-instruct,home_deliver_three_basic_hard_invlimittwo,instance_00000,bad_plan_dismiss_ratio,1.0
657,textmapworld_specificroom,llama-3.1-8b-instruct,on,instance_00000,Success,1.0
658,textmapworld_specificroom,llama-3.1-8b-instruct,on,instance_00000,Aborted,0.0
659,textmapworld_specificroom,llama-3.1-8b-instruct,on,instance_00000,Lose,0.0
660,textmapworld_specificroom,llama-3.1-8b-instruct,on,instance_00000,moves,2.0
661,textmapworld_specificroom,llama-3.1-8b-instruct,on,instance_00000,valid_moves,2.0
662,textmapworld_specificroom,llama-3.1-8b-instruct,on,instance_00000,invalid_moves,0.0
663,textmapworld_specificroom,llama-3.1-8b-instruct,on,instance_00000,stopped,1.0
664,textmapworld_specificroom,llama-3.1-8b-instruct,on,instance_00000,turns_limit,0.0
665,textmapworld_specificroom,llama-3.1-8b-instruct,on,instance_00000,loops,0.0
666,textmapworld_specificroom,llama-3.1-8b-instruct,on,instance_00000,number_visited,2.0
667,textmapworld_specificroom,llama-3.1-8b-instruct,on,instance_00000,seen,4.0
668,textmapworld_specificroom,llama-3.1-8b-instruct,on,instance_00000,efficiency,50.0
669,textmapworld_specificroom,llama-3.1-8b-instruct,on,instance_00000,exploration,25.0
670,textmapworld_specificroom,llama-3.1-8b-instruct,on,instance_00000,old_benchscore,33.333333333333336
671,textmapworld_specificroom,llama-3.1-8b-instruct,on,instance_00000,Main Score,100.0
672,textmapworld_specificroom,llama-3.1-8b-instruct,far,instance_00027,Success,1.0
673,textmapworld_specificroom,llama-3.1-8b-instruct,far,instance_00027,Aborted,0.0
674,textmapworld_specificroom,llama-3.1-8b-instruct,far,instance_00027,Lose,0.0
675,textmapworld_specificroom,llama-3.1-8b-instruct,far,instance_00027,moves,5.0
676,textmapworld_specificroom,llama-3.1-8b-instruct,far,instance_00027,valid_moves,5.0
677,textmapworld_specificroom,llama-3.1-8b-instruct,far,instance_00027,invalid_moves,0.0
678,textmapworld_specificroom,llama-3.1-8b-instruct,far,instance_00027,stopped,1.0
679,textmapworld_specificroom,llama-3.1-8b-instruct,far,instance_00027,turns_limit,0.0
680,textmapworld_specificroom,llama-3.1-8b-instruct,far,instance_00027,loops,0.0
681,textmapworld_specificroom,llama-3.1-8b-instruct,far,instance_00027,number_visited,5.0
682,textmapworld_specificroom,llama-3.1-8b-instruct,far,instance_00027,seen,7.0
683,textmapworld_specificroom,llama-3.1-8b-instruct,far,instance_00027,efficiency,60.0
684,textmapworld_specificroom,llama-3.1-8b-instruct,far,instance_00027,exploration,62.5
685,textmapworld_specificroom,llama-3.1-8b-instruct,far,instance_00027,old_benchscore,61.224489795918366
686,textmapworld_specificroom,llama-3.1-8b-instruct,far,instance_00027,Main Score,100.0
687,textmapworld_specificroom,llama-3.1-8b-instruct,close,instance_00017,Success,1.0
688,textmapworld_specificroom,llama-3.1-8b-instruct,close,instance_00017,Aborted,0.0
689,textmapworld_specificroom,llama-3.1-8b-instruct,close,instance_00017,Lose,0.0
690,textmapworld_specificroom,llama-3.1-8b-instruct,close,instance_00017,moves,4.0
691,textmapworld_specificroom,llama-3.1-8b-instruct,close,instance_00017,valid_moves,4.0
692,textmapworld_specificroom,llama-3.1-8b-instruct,close,instance_00017,invalid_moves,0.0
693,textmapworld_specificroom,llama-3.1-8b-instruct,close,instance_00017,stopped,1.0
694,textmapworld_specificroom,llama-3.1-8b-instruct,close,instance_00017,turns_limit,0.0
695,textmapworld_specificroom,llama-3.1-8b-instruct,close,instance_00017,loops,0.0
696,textmapworld_specificroom,llama-3.1-8b-instruct,close,instance_00017,number_visited,4.0
697,textmapworld_specificroom,llama-3.1-8b-instruct,close,instance_00017,seen,6.0
698,textmapworld_specificroom,llama-3.1-8b-instruct,close,instance_00017,efficiency,50.0
699,textmapworld_specificroom,llama-3.1-8b-instruct,close,instance_00017,exploration,50.0
700,textmapworld_specificroom,llama-3.1-8b-instruct,close,instance_00017,old_benchscore,50.0
701,textmapworld_specificroom,llama-3.1-8b-instruct,close,instance_00017,Main Score,100.0
702,imagegame,llama-3.1-8b-instruct,random_grids,instance_00014,Precision,
703,imagegame,llama-3.1-8b-instruct,random_grids,instance_00014,Recall,
704,imagegame,llama-3.1-8b-instruct,random_grids,instance_00014,F1,
705,imagegame,llama-3.1-8b-instruct,random_grids,instance_00014,Main Score,
706,imagegame,llama-3.1-8b-instruct,random_grids,instance_00014,Average Changed Cell Count,
707,imagegame,llama-3.1-8b-instruct,random_grids,instance_00014,Average Generated Instruction Length,
708,imagegame,llama-3.1-8b-instruct,random_grids,instance_00014,Average Generated Expression Number of Tokens,
709,imagegame,llama-3.1-8b-instruct,random_grids,instance_00014,Success,0.0
710,imagegame,llama-3.1-8b-instruct,random_grids,instance_00014,Lose,0.0
711,imagegame,llama-3.1-8b-instruct,random_grids,instance_00014,Aborted,1.0
712,imagegame,llama-3.1-8b-instruct,random_grids,instance_00014,Request Count,6.0
713,imagegame,llama-3.1-8b-instruct,random_grids,instance_00014,Violated Request Count,1.0
714,imagegame,llama-3.1-8b-instruct,random_grids,instance_00014,Parsed Request Count,5.0
715,imagegame,llama-3.1-8b-instruct,random_grids,instance_00014,Request Success Ratio,0.8333
716,imagegame,llama-3.1-8b-instruct,random_grids,instance_00016,Precision,35.0
717,imagegame,llama-3.1-8b-instruct,random_grids,instance_00016,Recall,75.0
718,imagegame,llama-3.1-8b-instruct,random_grids,instance_00016,F1,48.0
719,imagegame,llama-3.1-8b-instruct,random_grids,instance_00016,Main Score,48.0
720,imagegame,llama-3.1-8b-instruct,random_grids,instance_00016,Average Changed Cell Count,0.9444
721,imagegame,llama-3.1-8b-instruct,random_grids,instance_00016,Average Generated Instruction Length,42.7222
722,imagegame,llama-3.1-8b-instruct,random_grids,instance_00016,Average Generated Expression Number of Tokens,9.0
723,imagegame,llama-3.1-8b-instruct,random_grids,instance_00016,Success,0.0
724,imagegame,llama-3.1-8b-instruct,random_grids,instance_00016,Lose,1.0
725,imagegame,llama-3.1-8b-instruct,random_grids,instance_00016,Aborted,0.0
726,imagegame,llama-3.1-8b-instruct,random_grids,instance_00016,Request Count,110.0
727,imagegame,llama-3.1-8b-instruct,random_grids,instance_00016,Violated Request Count,0.0
728,imagegame,llama-3.1-8b-instruct,random_grids,instance_00016,Parsed Request Count,110.0
729,imagegame,llama-3.1-8b-instruct,random_grids,instance_00016,Request Success Ratio,1.0
730,imagegame,llama-3.1-8b-instruct,compact_grids,instance_00019,Precision,
731,imagegame,llama-3.1-8b-instruct,compact_grids,instance_00019,Recall,
732,imagegame,llama-3.1-8b-instruct,compact_grids,instance_00019,F1,
733,imagegame,llama-3.1-8b-instruct,compact_grids,instance_00019,Main Score,
734,imagegame,llama-3.1-8b-instruct,compact_grids,instance_00019,Average Changed Cell Count,
735,imagegame,llama-3.1-8b-instruct,compact_grids,instance_00019,Average Generated Instruction Length,
736,imagegame,llama-3.1-8b-instruct,compact_grids,instance_00019,Average Generated Expression Number of Tokens,
737,imagegame,llama-3.1-8b-instruct,compact_grids,instance_00019,Success,0.0
738,imagegame,llama-3.1-8b-instruct,compact_grids,instance_00019,Lose,0.0
739,imagegame,llama-3.1-8b-instruct,compact_grids,instance_00019,Aborted,1.0
740,imagegame,llama-3.1-8b-instruct,compact_grids,instance_00019,Request Count,6.0
741,imagegame,llama-3.1-8b-instruct,compact_grids,instance_00019,Violated Request Count,1.0
742,imagegame,llama-3.1-8b-instruct,compact_grids,instance_00019,Parsed Request Count,5.0
743,imagegame,llama-3.1-8b-instruct,compact_grids,instance_00019,Request Success Ratio,0.8333
744,imagegame,llama-3.1-8b-instruct,compact_grids,instance_00002,Precision,
745,imagegame,llama-3.1-8b-instruct,compact_grids,instance_00002,Recall,
746,imagegame,llama-3.1-8b-instruct,compact_grids,instance_00002,F1,
747,imagegame,llama-3.1-8b-instruct,compact_grids,instance_00002,Main Score,
748,imagegame,llama-3.1-8b-instruct,compact_grids,instance_00002,Average Changed Cell Count,
749,imagegame,llama-3.1-8b-instruct,compact_grids,instance_00002,Average Generated Instruction Length,
750,imagegame,llama-3.1-8b-instruct,compact_grids,instance_00002,Average Generated Expression Number of Tokens,
751,imagegame,llama-3.1-8b-instruct,compact_grids,instance_00002,Success,0.0
752,imagegame,llama-3.1-8b-instruct,compact_grids,instance_00002,Lose,0.0
753,imagegame,llama-3.1-8b-instruct,compact_grids,instance_00002,Aborted,1.0
754,imagegame,llama-3.1-8b-instruct,compact_grids,instance_00002,Request Count,6.0
755,imagegame,llama-3.1-8b-instruct,compact_grids,instance_00002,Violated Request Count,1.0
756,imagegame,llama-3.1-8b-instruct,compact_grids,instance_00002,Parsed Request Count,5.0
757,imagegame,llama-3.1-8b-instruct,compact_grids,instance_00002,Request Success Ratio,0.8333
758,textmapworld_graphreasoning,llama-3.1-8b-instruct,small,instance_00009,Aborted,1.0
759,textmapworld_graphreasoning,llama-3.1-8b-instruct,small,instance_00009,Success,0.0
760,textmapworld_graphreasoning,llama-3.1-8b-instruct,small,instance_00009,Lose,0.0
761,textmapworld_graphreasoning,llama-3.1-8b-instruct,small,instance_00009,moves,
762,textmapworld_graphreasoning,llama-3.1-8b-instruct,small,instance_00009,valid_moves,
763,textmapworld_graphreasoning,llama-3.1-8b-instruct,small,instance_00009,invalid_moves,
764,textmapworld_graphreasoning,llama-3.1-8b-instruct,small,instance_00009,stopped,
765,textmapworld_graphreasoning,llama-3.1-8b-instruct,small,instance_00009,turns_limit,
766,textmapworld_graphreasoning,llama-3.1-8b-instruct,small,instance_00009,loops,
767,textmapworld_graphreasoning,llama-3.1-8b-instruct,small,instance_00009,number_visited,
768,textmapworld_graphreasoning,llama-3.1-8b-instruct,small,instance_00009,seen,
769,textmapworld_graphreasoning,llama-3.1-8b-instruct,small,instance_00009,efficiency,
770,textmapworld_graphreasoning,llama-3.1-8b-instruct,small,instance_00009,exploration,
771,textmapworld_graphreasoning,llama-3.1-8b-instruct,small,instance_00009,graph_similarity,
772,textmapworld_graphreasoning,llama-3.1-8b-instruct,small,instance_00009,Main Score,
773,textmapworld_graphreasoning,llama-3.1-8b-instruct,large,instance_00028,Aborted,1.0
774,textmapworld_graphreasoning,llama-3.1-8b-instruct,large,instance_00028,Success,0.0
775,textmapworld_graphreasoning,llama-3.1-8b-instruct,large,instance_00028,Lose,0.0
776,textmapworld_graphreasoning,llama-3.1-8b-instruct,large,instance_00028,moves,
777,textmapworld_graphreasoning,llama-3.1-8b-instruct,large,instance_00028,valid_moves,
778,textmapworld_graphreasoning,llama-3.1-8b-instruct,large,instance_00028,invalid_moves,
779,textmapworld_graphreasoning,llama-3.1-8b-instruct,large,instance_00028,stopped,
780,textmapworld_graphreasoning,llama-3.1-8b-instruct,large,instance_00028,turns_limit,
781,textmapworld_graphreasoning,llama-3.1-8b-instruct,large,instance_00028,loops,
782,textmapworld_graphreasoning,llama-3.1-8b-instruct,large,instance_00028,number_visited,
783,textmapworld_graphreasoning,llama-3.1-8b-instruct,large,instance_00028,seen,
784,textmapworld_graphreasoning,llama-3.1-8b-instruct,large,instance_00028,efficiency,
785,textmapworld_graphreasoning,llama-3.1-8b-instruct,large,instance_00028,exploration,
786,textmapworld_graphreasoning,llama-3.1-8b-instruct,large,instance_00028,graph_similarity,
787,textmapworld_graphreasoning,llama-3.1-8b-instruct,large,instance_00028,Main Score,
788,textmapworld_graphreasoning,llama-3.1-8b-instruct,medium,instance_00010,Aborted,1.0
789,textmapworld_graphreasoning,llama-3.1-8b-instruct,medium,instance_00010,Success,0.0
790,textmapworld_graphreasoning,llama-3.1-8b-instruct,medium,instance_00010,Lose,0.0
791,textmapworld_graphreasoning,llama-3.1-8b-instruct,medium,instance_00010,moves,
792,textmapworld_graphreasoning,llama-3.1-8b-instruct,medium,instance_00010,valid_moves,
793,textmapworld_graphreasoning,llama-3.1-8b-instruct,medium,instance_00010,invalid_moves,
794,textmapworld_graphreasoning,llama-3.1-8b-instruct,medium,instance_00010,stopped,
795,textmapworld_graphreasoning,llama-3.1-8b-instruct,medium,instance_00010,turns_limit,
796,textmapworld_graphreasoning,llama-3.1-8b-instruct,medium,instance_00010,loops,
797,textmapworld_graphreasoning,llama-3.1-8b-instruct,medium,instance_00010,number_visited,
798,textmapworld_graphreasoning,llama-3.1-8b-instruct,medium,instance_00010,seen,
799,textmapworld_graphreasoning,llama-3.1-8b-instruct,medium,instance_00010,efficiency,
800,textmapworld_graphreasoning,llama-3.1-8b-instruct,medium,instance_00010,exploration,
801,textmapworld_graphreasoning,llama-3.1-8b-instruct,medium,instance_00010,graph_similarity,
802,textmapworld_graphreasoning,llama-3.1-8b-instruct,medium,instance_00010,Main Score,
803,codenames,llama-3.1-8b-instruct,association_difficult,instance_00000,experiment variable,Word Assignments
804,codenames,llama-3.1-8b-instruct,association_difficult,instance_00000,experiment name,association_difficult
805,codenames,llama-3.1-8b-instruct,association_difficult,instance_00000,Cluegiver strip words,0
806,codenames,llama-3.1-8b-instruct,association_difficult,instance_00000,Guesser strip words,0
807,codenames,llama-3.1-8b-instruct,association_difficult,instance_00000,Average Cluegiver Number of Targets,1.667
808,codenames,llama-3.1-8b-instruct,association_difficult,instance_00000,Average Cluegiver Team Precision,1.0
809,codenames,llama-3.1-8b-instruct,association_difficult,instance_00000,Average Cluegiver Team Recall,0.236
810,codenames,llama-3.1-8b-instruct,association_difficult,instance_00000,Average Cluegiver Team F1,0.38
811,codenames,llama-3.1-8b-instruct,association_difficult,instance_00000,Average Guesser Number of Guesses,1.333
812,codenames,llama-3.1-8b-instruct,association_difficult,instance_00000,Average Guesser Number of Revealed Words,1.333
813,codenames,llama-3.1-8b-instruct,association_difficult,instance_00000,Average Guesser Number of Unrevealed Guesses,0
814,codenames,llama-3.1-8b-instruct,association_difficult,instance_00000,Average Guesser Target Precision,0.667
815,codenames,llama-3.1-8b-instruct,association_difficult,instance_00000,Average Guesser Target Recall,0.667
816,codenames,llama-3.1-8b-instruct,association_difficult,instance_00000,Average Guesser Target F1,0.667
817,codenames,llama-3.1-8b-instruct,association_difficult,instance_00000,Average Guesser Team Precision,0.667
818,codenames,llama-3.1-8b-instruct,association_difficult,instance_00000,Average Guesser Team Recall,0.169
819,codenames,llama-3.1-8b-instruct,association_difficult,instance_00000,Average Guesser Team F1,0.269
820,codenames,llama-3.1-8b-instruct,association_difficult,instance_00000,Aborted,1
821,codenames,llama-3.1-8b-instruct,association_difficult,instance_00000,Lose,0
822,codenames,llama-3.1-8b-instruct,association_difficult,instance_00000,Success,0
823,codenames,llama-3.1-8b-instruct,association_difficult,instance_00000,Game ended through assassin,0
824,codenames,llama-3.1-8b-instruct,association_difficult,instance_00000,Episode Recall,0.444
825,codenames,llama-3.1-8b-instruct,association_difficult,instance_00000,Episode Negative Recall,1.0
826,codenames,llama-3.1-8b-instruct,association_difficult,instance_00000,Number of turns,4
827,codenames,llama-3.1-8b-instruct,association_difficult,instance_00000,Efficiency,0.5
828,codenames,llama-3.1-8b-instruct,association_difficult,instance_00000,Request Count,6
829,codenames,llama-3.1-8b-instruct,association_difficult,instance_00000,Parsed Request Count,5
830,codenames,llama-3.1-8b-instruct,association_difficult,instance_00000,Violated Request Count,1
831,codenames,llama-3.1-8b-instruct,association_difficult,instance_00000,Request Success Ratio,0.833
832,codenames,llama-3.1-8b-instruct,association_difficult,instance_00000,Main Score,
833,codenames,llama-3.1-8b-instruct,risk_low,instance_00008,experiment variable,Risk
834,codenames,llama-3.1-8b-instruct,risk_low,instance_00008,experiment name,risk_low
835,codenames,llama-3.1-8b-instruct,risk_low,instance_00008,Cluegiver strip words,0
836,codenames,llama-3.1-8b-instruct,risk_low,instance_00008,Guesser strip words,0
837,codenames,llama-3.1-8b-instruct,risk_low,instance_00008,Average Cluegiver Number of Targets,2.857
838,codenames,llama-3.1-8b-instruct,risk_low,instance_00008,Average Cluegiver Team Precision,1.0
839,codenames,llama-3.1-8b-instruct,risk_low,instance_00008,Average Cluegiver Team Recall,0.411
840,codenames,llama-3.1-8b-instruct,risk_low,instance_00008,Average Cluegiver Team F1,0.577
841,codenames,llama-3.1-8b-instruct,risk_low,instance_00008,Average Guesser Number of Guesses,2.429
842,codenames,llama-3.1-8b-instruct,risk_low,instance_00008,Average Guesser Number of Revealed Words,1.429
843,codenames,llama-3.1-8b-instruct,risk_low,instance_00008,Average Guesser Number of Unrevealed Guesses,1
844,codenames,llama-3.1-8b-instruct,risk_low,instance_00008,Average Guesser Target Precision,0.286
845,codenames,llama-3.1-8b-instruct,risk_low,instance_00008,Average Guesser Target Recall,0.214
846,codenames,llama-3.1-8b-instruct,risk_low,instance_00008,Average Guesser Target F1,0.243
847,codenames,llama-3.1-8b-instruct,risk_low,instance_00008,Average Guesser Team Precision,0.286
848,codenames,llama-3.1-8b-instruct,risk_low,instance_00008,Average Guesser Team Recall,0.078
849,codenames,llama-3.1-8b-instruct,risk_low,instance_00008,Average Guesser Team F1,0.122
850,codenames,llama-3.1-8b-instruct,risk_low,instance_00008,Aborted,0
851,codenames,llama-3.1-8b-instruct,risk_low,instance_00008,Lose,1
852,codenames,llama-3.1-8b-instruct,risk_low,instance_00008,Success,0
853,codenames,llama-3.1-8b-instruct,risk_low,instance_00008,Game ended through assassin,0
854,codenames,llama-3.1-8b-instruct,risk_low,instance_00008,Episode Recall,0.444
855,codenames,llama-3.1-8b-instruct,risk_low,instance_00008,Episode Negative Recall,0.625
856,codenames,llama-3.1-8b-instruct,risk_low,instance_00008,Number of turns,7
857,codenames,llama-3.1-8b-instruct,risk_low,instance_00008,Efficiency,1
858,codenames,llama-3.1-8b-instruct,risk_low,instance_00008,Request Count,13
859,codenames,llama-3.1-8b-instruct,risk_low,instance_00008,Parsed Request Count,13
860,codenames,llama-3.1-8b-instruct,risk_low,instance_00008,Violated Request Count,0
861,codenames,llama-3.1-8b-instruct,risk_low,instance_00008,Request Success Ratio,1.0
862,codenames,llama-3.1-8b-instruct,risk_low,instance_00008,Main Score,0
863,codenames,llama-3.1-8b-instruct,ambiguous,instance_00001,experiment variable,Word Ambiguity
864,codenames,llama-3.1-8b-instruct,ambiguous,instance_00001,experiment name,ambiguous
865,codenames,llama-3.1-8b-instruct,ambiguous,instance_00001,Cluegiver strip words,0
866,codenames,llama-3.1-8b-instruct,ambiguous,instance_00001,Guesser strip words,0
867,codenames,llama-3.1-8b-instruct,ambiguous,instance_00001,Average Cluegiver Number of Targets,0
868,codenames,llama-3.1-8b-instruct,ambiguous,instance_00001,Average Cluegiver Team Precision,0
869,codenames,llama-3.1-8b-instruct,ambiguous,instance_00001,Average Cluegiver Team Recall,0.0
870,codenames,llama-3.1-8b-instruct,ambiguous,instance_00001,Average Cluegiver Team F1,0
871,codenames,llama-3.1-8b-instruct,ambiguous,instance_00001,Average Guesser Number of Guesses,0
872,codenames,llama-3.1-8b-instruct,ambiguous,instance_00001,Average Guesser Number of Revealed Words,0
873,codenames,llama-3.1-8b-instruct,ambiguous,instance_00001,Average Guesser Number of Unrevealed Guesses,0
874,codenames,llama-3.1-8b-instruct,ambiguous,instance_00001,Average Guesser Target Precision,0
875,codenames,llama-3.1-8b-instruct,ambiguous,instance_00001,Average Guesser Target Recall,0
876,codenames,llama-3.1-8b-instruct,ambiguous,instance_00001,Average Guesser Target F1,0
877,codenames,llama-3.1-8b-instruct,ambiguous,instance_00001,Average Guesser Team Precision,0
878,codenames,llama-3.1-8b-instruct,ambiguous,instance_00001,Average Guesser Team Recall,0.0
879,codenames,llama-3.1-8b-instruct,ambiguous,instance_00001,Average Guesser Team F1,0
880,codenames,llama-3.1-8b-instruct,ambiguous,instance_00001,Aborted,1
881,codenames,llama-3.1-8b-instruct,ambiguous,instance_00001,Lose,0
882,codenames,llama-3.1-8b-instruct,ambiguous,instance_00001,Success,0
883,codenames,llama-3.1-8b-instruct,ambiguous,instance_00001,Game ended through assassin,0
884,codenames,llama-3.1-8b-instruct,ambiguous,instance_00001,Episode Recall,0.0
885,codenames,llama-3.1-8b-instruct,ambiguous,instance_00001,Episode Negative Recall,1.0
886,codenames,llama-3.1-8b-instruct,ambiguous,instance_00001,Number of turns,1
887,codenames,llama-3.1-8b-instruct,ambiguous,instance_00001,Efficiency,0.0
888,codenames,llama-3.1-8b-instruct,ambiguous,instance_00001,Request Count,1
889,codenames,llama-3.1-8b-instruct,ambiguous,instance_00001,Parsed Request Count,0
890,codenames,llama-3.1-8b-instruct,ambiguous,instance_00001,Violated Request Count,1
891,codenames,llama-3.1-8b-instruct,ambiguous,instance_00001,Request Success Ratio,0.0
892,codenames,llama-3.1-8b-instruct,ambiguous,instance_00001,Main Score,
893,codenames,llama-3.1-8b-instruct,opponent_difficult,instance_00007,experiment variable,Opponent Difficulty
894,codenames,llama-3.1-8b-instruct,opponent_difficult,instance_00007,experiment name,opponent_difficult
895,codenames,llama-3.1-8b-instruct,opponent_difficult,instance_00007,Cluegiver strip words,0
896,codenames,llama-3.1-8b-instruct,opponent_difficult,instance_00007,Guesser strip words,0
897,codenames,llama-3.1-8b-instruct,opponent_difficult,instance_00007,Average Cluegiver Number of Targets,2.4
898,codenames,llama-3.1-8b-instruct,opponent_difficult,instance_00007,Average Cluegiver Team Precision,1.0
899,codenames,llama-3.1-8b-instruct,opponent_difficult,instance_00007,Average Cluegiver Team Recall,0.365
900,codenames,llama-3.1-8b-instruct,opponent_difficult,instance_00007,Average Cluegiver Team F1,0.531
901,codenames,llama-3.1-8b-instruct,opponent_difficult,instance_00007,Average Guesser Number of Guesses,2
902,codenames,llama-3.1-8b-instruct,opponent_difficult,instance_00007,Average Guesser Number of Revealed Words,1.6
903,codenames,llama-3.1-8b-instruct,opponent_difficult,instance_00007,Average Guesser Number of Unrevealed Guesses,0.4
904,codenames,llama-3.1-8b-instruct,opponent_difficult,instance_00007,Average Guesser Target Precision,0.4
905,codenames,llama-3.1-8b-instruct,opponent_difficult,instance_00007,Average Guesser Target Recall,0.333
906,codenames,llama-3.1-8b-instruct,opponent_difficult,instance_00007,Average Guesser Target F1,0.36
907,codenames,llama-3.1-8b-instruct,opponent_difficult,instance_00007,Average Guesser Team Precision,0.5
908,codenames,llama-3.1-8b-instruct,opponent_difficult,instance_00007,Average Guesser Team Recall,0.142
909,codenames,llama-3.1-8b-instruct,opponent_difficult,instance_00007,Average Guesser Team F1,0.221
910,codenames,llama-3.1-8b-instruct,opponent_difficult,instance_00007,Aborted,0
911,codenames,llama-3.1-8b-instruct,opponent_difficult,instance_00007,Lose,1
912,codenames,llama-3.1-8b-instruct,opponent_difficult,instance_00007,Success,0
913,codenames,llama-3.1-8b-instruct,opponent_difficult,instance_00007,Game ended through assassin,0
914,codenames,llama-3.1-8b-instruct,opponent_difficult,instance_00007,Episode Recall,0.556
915,codenames,llama-3.1-8b-instruct,opponent_difficult,instance_00007,Episode Negative Recall,0.812
916,codenames,llama-3.1-8b-instruct,opponent_difficult,instance_00007,Number of turns,5
917,codenames,llama-3.1-8b-instruct,opponent_difficult,instance_00007,Efficiency,1.0
918,codenames,llama-3.1-8b-instruct,opponent_difficult,instance_00007,Request Count,9
919,codenames,llama-3.1-8b-instruct,opponent_difficult,instance_00007,Parsed Request Count,9
920,codenames,llama-3.1-8b-instruct,opponent_difficult,instance_00007,Violated Request Count,0
921,codenames,llama-3.1-8b-instruct,opponent_difficult,instance_00007,Request Success Ratio,1.0
922,codenames,llama-3.1-8b-instruct,opponent_difficult,instance_00007,Main Score,0
923,codenames,llama-3.1-8b-instruct,risk_high,instance_00009,experiment variable,Risk
924,codenames,llama-3.1-8b-instruct,risk_high,instance_00009,experiment name,risk_high
925,codenames,llama-3.1-8b-instruct,risk_high,instance_00009,Cluegiver strip words,0
926,codenames,llama-3.1-8b-instruct,risk_high,instance_00009,Guesser strip words,0
927,codenames,llama-3.1-8b-instruct,risk_high,instance_00009,Average Cluegiver Number of Targets,2.4
928,codenames,llama-3.1-8b-instruct,risk_high,instance_00009,Average Cluegiver Team Precision,0.9
929,codenames,llama-3.1-8b-instruct,risk_high,instance_00009,Average Cluegiver Team Recall,0.372
930,codenames,llama-3.1-8b-instruct,risk_high,instance_00009,Average Cluegiver Team F1,0.523
931,codenames,llama-3.1-8b-instruct,risk_high,instance_00009,Average Guesser Number of Guesses,2
932,codenames,llama-3.1-8b-instruct,risk_high,instance_00009,Average Guesser Number of Revealed Words,1.6
933,codenames,llama-3.1-8b-instruct,risk_high,instance_00009,Average Guesser Number of Unrevealed Guesses,0.4
934,codenames,llama-3.1-8b-instruct,risk_high,instance_00009,Average Guesser Target Precision,0.333
935,codenames,llama-3.1-8b-instruct,risk_high,instance_00009,Average Guesser Target Recall,0.3
936,codenames,llama-3.1-8b-instruct,risk_high,instance_00009,Average Guesser Target F1,0.313
937,codenames,llama-3.1-8b-instruct,risk_high,instance_00009,Average Guesser Team Precision,0.4
938,codenames,llama-3.1-8b-instruct,risk_high,instance_00009,Average Guesser Team Recall,0.137
939,codenames,llama-3.1-8b-instruct,risk_high,instance_00009,Average Guesser Team F1,0.203
940,codenames,llama-3.1-8b-instruct,risk_high,instance_00009,Aborted,1
941,codenames,llama-3.1-8b-instruct,risk_high,instance_00009,Lose,0
942,codenames,llama-3.1-8b-instruct,risk_high,instance_00009,Success,0
943,codenames,llama-3.1-8b-instruct,risk_high,instance_00009,Game ended through assassin,0
944,codenames,llama-3.1-8b-instruct,risk_high,instance_00009,Episode Recall,0.556
945,codenames,llama-3.1-8b-instruct,risk_high,instance_00009,Episode Negative Recall,0.812
946,codenames,llama-3.1-8b-instruct,risk_high,instance_00009,Number of turns,6
947,codenames,llama-3.1-8b-instruct,risk_high,instance_00009,Efficiency,0.833
948,codenames,llama-3.1-8b-instruct,risk_high,instance_00009,Request Count,10
949,codenames,llama-3.1-8b-instruct,risk_high,instance_00009,Parsed Request Count,9
950,codenames,llama-3.1-8b-instruct,risk_high,instance_00009,Violated Request Count,1
951,codenames,llama-3.1-8b-instruct,risk_high,instance_00009,Request Success Ratio,0.9
952,codenames,llama-3.1-8b-instruct,risk_high,instance_00009,Main Score,
953,codenames,llama-3.1-8b-instruct,abstract,instance_00007,experiment variable,Word Concreteness
954,codenames,llama-3.1-8b-instruct,abstract,instance_00007,experiment name,abstract
955,codenames,llama-3.1-8b-instruct,abstract,instance_00007,Cluegiver strip words,0
956,codenames,llama-3.1-8b-instruct,abstract,instance_00007,Guesser strip words,0
957,codenames,llama-3.1-8b-instruct,abstract,instance_00007,Average Cluegiver Number of Targets,2.2
958,codenames,llama-3.1-8b-instruct,abstract,instance_00007,Average Cluegiver Team Precision,1.0
959,codenames,llama-3.1-8b-instruct,abstract,instance_00007,Average Cluegiver Team Recall,0.633
960,codenames,llama-3.1-8b-instruct,abstract,instance_00007,Average Cluegiver Team F1,0.733
961,codenames,llama-3.1-8b-instruct,abstract,instance_00007,Average Guesser Number of Guesses,2.2
962,codenames,llama-3.1-8b-instruct,abstract,instance_00007,Average Guesser Number of Revealed Words,2
963,codenames,llama-3.1-8b-instruct,abstract,instance_00007,Average Guesser Number of Unrevealed Guesses,0.2
964,codenames,llama-3.1-8b-instruct,abstract,instance_00007,Average Guesser Target Precision,0.7
965,codenames,llama-3.1-8b-instruct,abstract,instance_00007,Average Guesser Target Recall,0.7
966,codenames,llama-3.1-8b-instruct,abstract,instance_00007,Average Guesser Target F1,0.7
967,codenames,llama-3.1-8b-instruct,abstract,instance_00007,Average Guesser Team Precision,0.7
968,codenames,llama-3.1-8b-instruct,abstract,instance_00007,Average Guesser Team Recall,0.333
969,codenames,llama-3.1-8b-instruct,abstract,instance_00007,Average Guesser Team F1,0.433
970,codenames,llama-3.1-8b-instruct,abstract,instance_00007,Aborted,0
971,codenames,llama-3.1-8b-instruct,abstract,instance_00007,Lose,1
972,codenames,llama-3.1-8b-instruct,abstract,instance_00007,Success,0
973,codenames,llama-3.1-8b-instruct,abstract,instance_00007,Game ended through assassin,1
974,codenames,llama-3.1-8b-instruct,abstract,instance_00007,Episode Recall,0.889
975,codenames,llama-3.1-8b-instruct,abstract,instance_00007,Episode Negative Recall,0.875
976,codenames,llama-3.1-8b-instruct,abstract,instance_00007,Number of turns,6
977,codenames,llama-3.1-8b-instruct,abstract,instance_00007,Efficiency,0.917
978,codenames,llama-3.1-8b-instruct,abstract,instance_00007,Request Count,10
979,codenames,llama-3.1-8b-instruct,abstract,instance_00007,Parsed Request Count,10
980,codenames,llama-3.1-8b-instruct,abstract,instance_00007,Violated Request Count,0
981,codenames,llama-3.1-8b-instruct,abstract,instance_00007,Request Success Ratio,1.0
982,codenames,llama-3.1-8b-instruct,abstract,instance_00007,Main Score,0
983,codenames,llama-3.1-8b-instruct,association_easy,instance_00009,experiment variable,Word Assignments
984,codenames,llama-3.1-8b-instruct,association_easy,instance_00009,experiment name,association_easy
985,codenames,llama-3.1-8b-instruct,association_easy,instance_00009,Cluegiver strip words,0
986,codenames,llama-3.1-8b-instruct,association_easy,instance_00009,Guesser strip words,0
987,codenames,llama-3.1-8b-instruct,association_easy,instance_00009,Average Cluegiver Number of Targets,3.5
988,codenames,llama-3.1-8b-instruct,association_easy,instance_00009,Average Cluegiver Team Precision,1.0
989,codenames,llama-3.1-8b-instruct,association_easy,instance_00009,Average Cluegiver Team Recall,0.41
990,codenames,llama-3.1-8b-instruct,association_easy,instance_00009,Average Cluegiver Team F1,0.576
991,codenames,llama-3.1-8b-instruct,association_easy,instance_00009,Average Guesser Number of Guesses,3.5
992,codenames,llama-3.1-8b-instruct,association_easy,instance_00009,Average Guesser Number of Revealed Words,1.833
993,codenames,llama-3.1-8b-instruct,association_easy,instance_00009,Average Guesser Number of Unrevealed Guesses,1.667
994,codenames,llama-3.1-8b-instruct,association_easy,instance_00009,Average Guesser Target Precision,0.236
995,codenames,llama-3.1-8b-instruct,association_easy,instance_00009,Average Guesser Target Recall,0.236
996,codenames,llama-3.1-8b-instruct,association_easy,instance_00009,Average Guesser Target F1,0.236
997,codenames,llama-3.1-8b-instruct,association_easy,instance_00009,Average Guesser Team Precision,0.236
998,codenames,llama-3.1-8b-instruct,association_easy,instance_00009,Average Guesser Team Recall,0.108
999,codenames,llama-3.1-8b-instruct,association_easy,instance_00009,Average Guesser Team F1,0.146
1000,codenames,llama-3.1-8b-instruct,association_easy,instance_00009,Aborted,0
1001,codenames,llama-3.1-8b-instruct,association_easy,instance_00009,Lose,1
1002,codenames,llama-3.1-8b-instruct,association_easy,instance_00009,Success,0
1003,codenames,llama-3.1-8b-instruct,association_easy,instance_00009,Game ended through assassin,1
1004,codenames,llama-3.1-8b-instruct,association_easy,instance_00009,Episode Recall,0.556
1005,codenames,llama-3.1-8b-instruct,association_easy,instance_00009,Episode Negative Recall,0.625
1006,codenames,llama-3.1-8b-instruct,association_easy,instance_00009,Number of turns,7
1007,codenames,llama-3.1-8b-instruct,association_easy,instance_00009,Efficiency,1
1008,codenames,llama-3.1-8b-instruct,association_easy,instance_00009,Request Count,12
1009,codenames,llama-3.1-8b-instruct,association_easy,instance_00009,Parsed Request Count,12
1010,codenames,llama-3.1-8b-instruct,association_easy,instance_00009,Violated Request Count,0
1011,codenames,llama-3.1-8b-instruct,association_easy,instance_00009,Request Success Ratio,1.0
1012,codenames,llama-3.1-8b-instruct,association_easy,instance_00009,Main Score,0
1013,codenames,llama-3.1-8b-instruct,opponent_easy,instance_00009,experiment variable,Opponent Difficulty
1014,codenames,llama-3.1-8b-instruct,opponent_easy,instance_00009,experiment name,opponent_easy
1015,codenames,llama-3.1-8b-instruct,opponent_easy,instance_00009,Cluegiver strip words,0
1016,codenames,llama-3.1-8b-instruct,opponent_easy,instance_00009,Guesser strip words,2
1017,codenames,llama-3.1-8b-instruct,opponent_easy,instance_00009,Average Cluegiver Number of Targets,3
1018,codenames,llama-3.1-8b-instruct,opponent_easy,instance_00009,Average Cluegiver Team Precision,0.75
1019,codenames,llama-3.1-8b-instruct,opponent_easy,instance_00009,Average Cluegiver Team Recall,0.333
1020,codenames,llama-3.1-8b-instruct,opponent_easy,instance_00009,Average Cluegiver Team F1,0.458
1021,codenames,llama-3.1-8b-instruct,opponent_easy,instance_00009,Average Guesser Number of Guesses,2.25
1022,codenames,llama-3.1-8b-instruct,opponent_easy,instance_00009,Average Guesser Number of Revealed Words,1.25
1023,codenames,llama-3.1-8b-instruct,opponent_easy,instance_00009,Average Guesser Number of Unrevealed Guesses,1
1024,codenames,llama-3.1-8b-instruct,opponent_easy,instance_00009,Average Guesser Target Precision,0.417
1025,codenames,llama-3.1-8b-instruct,opponent_easy,instance_00009,Average Guesser Target Recall,0.25
1026,codenames,llama-3.1-8b-instruct,opponent_easy,instance_00009,Average Guesser Target F1,0.292
1027,codenames,llama-3.1-8b-instruct,opponent_easy,instance_00009,Average Guesser Team Precision,0.25
1028,codenames,llama-3.1-8b-instruct,opponent_easy,instance_00009,Average Guesser Team Recall,0.083
1029,codenames,llama-3.1-8b-instruct,opponent_easy,instance_00009,Average Guesser Team F1,0.125
1030,codenames,llama-3.1-8b-instruct,opponent_easy,instance_00009,Aborted,1
1031,codenames,llama-3.1-8b-instruct,opponent_easy,instance_00009,Lose,0
1032,codenames,llama-3.1-8b-instruct,opponent_easy,instance_00009,Success,0
1033,codenames,llama-3.1-8b-instruct,opponent_easy,instance_00009,Game ended through assassin,0
1034,codenames,llama-3.1-8b-instruct,opponent_easy,instance_00009,Episode Recall,0.333
1035,codenames,llama-3.1-8b-instruct,opponent_easy,instance_00009,Episode Negative Recall,0.875
1036,codenames,llama-3.1-8b-instruct,opponent_easy,instance_00009,Number of turns,5
1037,codenames,llama-3.1-8b-instruct,opponent_easy,instance_00009,Efficiency,0.9
1038,codenames,llama-3.1-8b-instruct,opponent_easy,instance_00009,Request Count,8
1039,codenames,llama-3.1-8b-instruct,opponent_easy,instance_00009,Parsed Request Count,7
1040,codenames,llama-3.1-8b-instruct,opponent_easy,instance_00009,Violated Request Count,1
1041,codenames,llama-3.1-8b-instruct,opponent_easy,instance_00009,Request Success Ratio,0.875
1042,codenames,llama-3.1-8b-instruct,opponent_easy,instance_00009,Main Score,
1043,codenames,llama-3.1-8b-instruct,concrete,instance_00004,experiment variable,Word Concreteness
1044,codenames,llama-3.1-8b-instruct,concrete,instance_00004,experiment name,concrete
1045,codenames,llama-3.1-8b-instruct,concrete,instance_00004,Cluegiver strip words,0
1046,codenames,llama-3.1-8b-instruct,concrete,instance_00004,Guesser strip words,0
1047,codenames,llama-3.1-8b-instruct,concrete,instance_00004,Average Cluegiver Number of Targets,2.75
1048,codenames,llama-3.1-8b-instruct,concrete,instance_00004,Average Cluegiver Team Precision,1.0
1049,codenames,llama-3.1-8b-instruct,concrete,instance_00004,Average Cluegiver Team Recall,0.369
1050,codenames,llama-3.1-8b-instruct,concrete,instance_00004,Average Cluegiver Team F1,0.536
1051,codenames,llama-3.1-8b-instruct,concrete,instance_00004,Average Guesser Number of Guesses,2.75
1052,codenames,llama-3.1-8b-instruct,concrete,instance_00004,Average Guesser Number of Revealed Words,1.75
1053,codenames,llama-3.1-8b-instruct,concrete,instance_00004,Average Guesser Number of Unrevealed Guesses,1
1054,codenames,llama-3.1-8b-instruct,concrete,instance_00004,Average Guesser Target Precision,0.292
1055,codenames,llama-3.1-8b-instruct,concrete,instance_00004,Average Guesser Target Recall,0.292
1056,codenames,llama-3.1-8b-instruct,concrete,instance_00004,Average Guesser Target F1,0.292
1057,codenames,llama-3.1-8b-instruct,concrete,instance_00004,Average Guesser Team Precision,0.292
1058,codenames,llama-3.1-8b-instruct,concrete,instance_00004,Average Guesser Team Recall,0.091
1059,codenames,llama-3.1-8b-instruct,concrete,instance_00004,Average Guesser Team F1,0.139
1060,codenames,llama-3.1-8b-instruct,concrete,instance_00004,Aborted,0
1061,codenames,llama-3.1-8b-instruct,concrete,instance_00004,Lose,1
1062,codenames,llama-3.1-8b-instruct,concrete,instance_00004,Success,0
1063,codenames,llama-3.1-8b-instruct,concrete,instance_00004,Game ended through assassin,1
1064,codenames,llama-3.1-8b-instruct,concrete,instance_00004,Episode Recall,0.333
1065,codenames,llama-3.1-8b-instruct,concrete,instance_00004,Episode Negative Recall,0.75
1066,codenames,llama-3.1-8b-instruct,concrete,instance_00004,Number of turns,5
1067,codenames,llama-3.1-8b-instruct,concrete,instance_00004,Efficiency,1
1068,codenames,llama-3.1-8b-instruct,concrete,instance_00004,Request Count,8
1069,codenames,llama-3.1-8b-instruct,concrete,instance_00004,Parsed Request Count,8
1070,codenames,llama-3.1-8b-instruct,concrete,instance_00004,Violated Request Count,0
1071,codenames,llama-3.1-8b-instruct,concrete,instance_00004,Request Success Ratio,1.0
1072,codenames,llama-3.1-8b-instruct,concrete,instance_00004,Main Score,0
1073,codenames,llama-3.1-8b-instruct,unambiguous,instance_00002,experiment variable,Word Ambiguity
1074,codenames,llama-3.1-8b-instruct,unambiguous,instance_00002,experiment name,unambiguous
1075,codenames,llama-3.1-8b-instruct,unambiguous,instance_00002,Cluegiver strip words,0
1076,codenames,llama-3.1-8b-instruct,unambiguous,instance_00002,Guesser strip words,0
1077,codenames,llama-3.1-8b-instruct,unambiguous,instance_00002,Average Cluegiver Number of Targets,2
1078,codenames,llama-3.1-8b-instruct,unambiguous,instance_00002,Average Cluegiver Team Precision,1.0
1079,codenames,llama-3.1-8b-instruct,unambiguous,instance_00002,Average Cluegiver Team Recall,0.597
1080,codenames,llama-3.1-8b-instruct,unambiguous,instance_00002,Average Cluegiver Team F1,0.731
1081,codenames,llama-3.1-8b-instruct,unambiguous,instance_00002,Average Guesser Number of Guesses,1.571
1082,codenames,llama-3.1-8b-instruct,unambiguous,instance_00002,Average Guesser Number of Revealed Words,1.429
1083,codenames,llama-3.1-8b-instruct,unambiguous,instance_00002,Average Guesser Number of Unrevealed Guesses,0.143
1084,codenames,llama-3.1-8b-instruct,unambiguous,instance_00002,Average Guesser Target Precision,0.643
1085,codenames,llama-3.1-8b-instruct,unambiguous,instance_00002,Average Guesser Target Recall,0.5
1086,codenames,llama-3.1-8b-instruct,unambiguous,instance_00002,Average Guesser Target F1,0.548
1087,codenames,llama-3.1-8b-instruct,unambiguous,instance_00002,Average Guesser Team Precision,0.643
1088,codenames,llama-3.1-8b-instruct,unambiguous,instance_00002,Average Guesser Team Recall,0.247
1089,codenames,llama-3.1-8b-instruct,unambiguous,instance_00002,Average Guesser Team F1,0.345
1090,codenames,llama-3.1-8b-instruct,unambiguous,instance_00002,Aborted,0
1091,codenames,llama-3.1-8b-instruct,unambiguous,instance_00002,Lose,1
1092,codenames,llama-3.1-8b-instruct,unambiguous,instance_00002,Success,0
1093,codenames,llama-3.1-8b-instruct,unambiguous,instance_00002,Game ended through assassin,0
1094,codenames,llama-3.1-8b-instruct,unambiguous,instance_00002,Episode Recall,0.889
1095,codenames,llama-3.1-8b-instruct,unambiguous,instance_00002,Episode Negative Recall,0.875
1096,codenames,llama-3.1-8b-instruct,unambiguous,instance_00002,Number of turns,7
1097,codenames,llama-3.1-8b-instruct,unambiguous,instance_00002,Efficiency,0.786
1098,codenames,llama-3.1-8b-instruct,unambiguous,instance_00002,Request Count,13
1099,codenames,llama-3.1-8b-instruct,unambiguous,instance_00002,Parsed Request Count,13
1100,codenames,llama-3.1-8b-instruct,unambiguous,instance_00002,Violated Request Count,0
1101,codenames,llama-3.1-8b-instruct,unambiguous,instance_00002,Request Success Ratio,1.0
1102,codenames,llama-3.1-8b-instruct,unambiguous,instance_00002,Main Score,0
1103,codenames,llama-3.1-8b-instruct,opponent_none,instance_00008,experiment variable,Opponent Difficulty
1104,codenames,llama-3.1-8b-instruct,opponent_none,instance_00008,experiment name,opponent_none
1105,codenames,llama-3.1-8b-instruct,opponent_none,instance_00008,Cluegiver strip words,0
1106,codenames,llama-3.1-8b-instruct,opponent_none,instance_00008,Guesser strip words,1
1107,codenames,llama-3.1-8b-instruct,opponent_none,instance_00008,Average Cluegiver Number of Targets,2.2
1108,codenames,llama-3.1-8b-instruct,opponent_none,instance_00008,Average Cluegiver Team Precision,1.0
1109,codenames,llama-3.1-8b-instruct,opponent_none,instance_00008,Average Cluegiver Team Recall,0.447
1110,codenames,llama-3.1-8b-instruct,opponent_none,instance_00008,Average Cluegiver Team F1,0.608
1111,codenames,llama-3.1-8b-instruct,opponent_none,instance_00008,Average Guesser Number of Guesses,1.8
1112,codenames,llama-3.1-8b-instruct,opponent_none,instance_00008,Average Guesser Number of Revealed Words,1.8
1113,codenames,llama-3.1-8b-instruct,opponent_none,instance_00008,Average Guesser Number of Unrevealed Guesses,0
1114,codenames,llama-3.1-8b-instruct,opponent_none,instance_00008,Average Guesser Target Precision,0.5
1115,codenames,llama-3.1-8b-instruct,opponent_none,instance_00008,Average Guesser Target Recall,0.5
1116,codenames,llama-3.1-8b-instruct,opponent_none,instance_00008,Average Guesser Target F1,0.5
1117,codenames,llama-3.1-8b-instruct,opponent_none,instance_00008,Average Guesser Team Precision,0.5
1118,codenames,llama-3.1-8b-instruct,opponent_none,instance_00008,Average Guesser Team Recall,0.19
1119,codenames,llama-3.1-8b-instruct,opponent_none,instance_00008,Average Guesser Team F1,0.274
1120,codenames,llama-3.1-8b-instruct,opponent_none,instance_00008,Aborted,1
1121,codenames,llama-3.1-8b-instruct,opponent_none,instance_00008,Lose,0
1122,codenames,llama-3.1-8b-instruct,opponent_none,instance_00008,Success,0
1123,codenames,llama-3.1-8b-instruct,opponent_none,instance_00008,Game ended through assassin,0
1124,codenames,llama-3.1-8b-instruct,opponent_none,instance_00008,Episode Recall,0.667
1125,codenames,llama-3.1-8b-instruct,opponent_none,instance_00008,Episode Negative Recall,0.812
1126,codenames,llama-3.1-8b-instruct,opponent_none,instance_00008,Number of turns,6
1127,codenames,llama-3.1-8b-instruct,opponent_none,instance_00008,Efficiency,0.75
1128,codenames,llama-3.1-8b-instruct,opponent_none,instance_00008,Request Count,10
1129,codenames,llama-3.1-8b-instruct,opponent_none,instance_00008,Parsed Request Count,9
1130,codenames,llama-3.1-8b-instruct,opponent_none,instance_00008,Violated Request Count,1
1131,codenames,llama-3.1-8b-instruct,opponent_none,instance_00008,Request Success Ratio,0.9
1132,codenames,llama-3.1-8b-instruct,opponent_none,instance_00008,Main Score,
1133,codenames,llama-3.1-8b-instruct,frequency_high,instance_00002,experiment variable,Word Frequency
1134,codenames,llama-3.1-8b-instruct,frequency_high,instance_00002,experiment name,frequency_high
1135,codenames,llama-3.1-8b-instruct,frequency_high,instance_00002,Cluegiver strip words,0
1136,codenames,llama-3.1-8b-instruct,frequency_high,instance_00002,Guesser strip words,0
1137,codenames,llama-3.1-8b-instruct,frequency_high,instance_00002,Average Cluegiver Number of Targets,2.667
1138,codenames,llama-3.1-8b-instruct,frequency_high,instance_00002,Average Cluegiver Team Precision,1.0
1139,codenames,llama-3.1-8b-instruct,frequency_high,instance_00002,Average Cluegiver Team Recall,0.317
1140,codenames,llama-3.1-8b-instruct,frequency_high,instance_00002,Average Cluegiver Team F1,0.481
1141,codenames,llama-3.1-8b-instruct,frequency_high,instance_00002,Average Guesser Number of Guesses,2
1142,codenames,llama-3.1-8b-instruct,frequency_high,instance_00002,Average Guesser Number of Revealed Words,1.333
1143,codenames,llama-3.1-8b-instruct,frequency_high,instance_00002,Average Guesser Number of Unrevealed Guesses,0.667
1144,codenames,llama-3.1-8b-instruct,frequency_high,instance_00002,Average Guesser Target Precision,0.222
1145,codenames,llama-3.1-8b-instruct,frequency_high,instance_00002,Average Guesser Target Recall,0.222
1146,codenames,llama-3.1-8b-instruct,frequency_high,instance_00002,Average Guesser Target F1,0.222
1147,codenames,llama-3.1-8b-instruct,frequency_high,instance_00002,Average Guesser Team Precision,0.222
1148,codenames,llama-3.1-8b-instruct,frequency_high,instance_00002,Average Guesser Team Recall,0.074
1149,codenames,llama-3.1-8b-instruct,frequency_high,instance_00002,Average Guesser Team F1,0.111
1150,codenames,llama-3.1-8b-instruct,frequency_high,instance_00002,Aborted,1
1151,codenames,llama-3.1-8b-instruct,frequency_high,instance_00002,Lose,0
1152,codenames,llama-3.1-8b-instruct,frequency_high,instance_00002,Success,0
1153,codenames,llama-3.1-8b-instruct,frequency_high,instance_00002,Game ended through assassin,0
1154,codenames,llama-3.1-8b-instruct,frequency_high,instance_00002,Episode Recall,0.222
1155,codenames,llama-3.1-8b-instruct,frequency_high,instance_00002,Episode Negative Recall,0.875
1156,codenames,llama-3.1-8b-instruct,frequency_high,instance_00002,Number of turns,4
1157,codenames,llama-3.1-8b-instruct,frequency_high,instance_00002,Efficiency,0.75
1158,codenames,llama-3.1-8b-instruct,frequency_high,instance_00002,Request Count,6
1159,codenames,llama-3.1-8b-instruct,frequency_high,instance_00002,Parsed Request Count,5
1160,codenames,llama-3.1-8b-instruct,frequency_high,instance_00002,Violated Request Count,1
1161,codenames,llama-3.1-8b-instruct,frequency_high,instance_00002,Request Success Ratio,0.833
1162,codenames,llama-3.1-8b-instruct,frequency_high,instance_00002,Main Score,
1163,codenames,llama-3.1-8b-instruct,frequency_low,instance_00004,experiment variable,Word Frequency
1164,codenames,llama-3.1-8b-instruct,frequency_low,instance_00004,experiment name,frequency_low
1165,codenames,llama-3.1-8b-instruct,frequency_low,instance_00004,Cluegiver strip words,0
1166,codenames,llama-3.1-8b-instruct,frequency_low,instance_00004,Guesser strip words,0
1167,codenames,llama-3.1-8b-instruct,frequency_low,instance_00004,Average Cluegiver Number of Targets,3
1168,codenames,llama-3.1-8b-instruct,frequency_low,instance_00004,Average Cluegiver Team Precision,1.0
1169,codenames,llama-3.1-8b-instruct,frequency_low,instance_00004,Average Cluegiver Team Recall,0.333
1170,codenames,llama-3.1-8b-instruct,frequency_low,instance_00004,Average Cluegiver Team F1,0.5
1171,codenames,llama-3.1-8b-instruct,frequency_low,instance_00004,Average Guesser Number of Guesses,0
1172,codenames,llama-3.1-8b-instruct,frequency_low,instance_00004,Average Guesser Number of Revealed Words,0
1173,codenames,llama-3.1-8b-instruct,frequency_low,instance_00004,Average Guesser Number of Unrevealed Guesses,0
1174,codenames,llama-3.1-8b-instruct,frequency_low,instance_00004,Average Guesser Target Precision,0
1175,codenames,llama-3.1-8b-instruct,frequency_low,instance_00004,Average Guesser Target Recall,0.0
1176,codenames,llama-3.1-8b-instruct,frequency_low,instance_00004,Average Guesser Target F1,0
1177,codenames,llama-3.1-8b-instruct,frequency_low,instance_00004,Average Guesser Team Precision,0
1178,codenames,llama-3.1-8b-instruct,frequency_low,instance_00004,Average Guesser Team Recall,0.0
1179,codenames,llama-3.1-8b-instruct,frequency_low,instance_00004,Average Guesser Team F1,0
1180,codenames,llama-3.1-8b-instruct,frequency_low,instance_00004,Aborted,1
1181,codenames,llama-3.1-8b-instruct,frequency_low,instance_00004,Lose,0
1182,codenames,llama-3.1-8b-instruct,frequency_low,instance_00004,Success,0
1183,codenames,llama-3.1-8b-instruct,frequency_low,instance_00004,Game ended through assassin,0
1184,codenames,llama-3.1-8b-instruct,frequency_low,instance_00004,Episode Recall,0.0
1185,codenames,llama-3.1-8b-instruct,frequency_low,instance_00004,Episode Negative Recall,1.0
1186,codenames,llama-3.1-8b-instruct,frequency_low,instance_00004,Number of turns,2
1187,codenames,llama-3.1-8b-instruct,frequency_low,instance_00004,Efficiency,0.0
1188,codenames,llama-3.1-8b-instruct,frequency_low,instance_00004,Request Count,2
1189,codenames,llama-3.1-8b-instruct,frequency_low,instance_00004,Parsed Request Count,1
1190,codenames,llama-3.1-8b-instruct,frequency_low,instance_00004,Violated Request Count,1
1191,codenames,llama-3.1-8b-instruct,frequency_low,instance_00004,Request Success Ratio,0.5
1192,codenames,llama-3.1-8b-instruct,frequency_low,instance_00004,Main Score,
1193,matchit_ascii,llama-3.1-8b-instruct,similar_grid_2,instance_00007,Violated Request Count,0
1194,matchit_ascii,llama-3.1-8b-instruct,similar_grid_2,instance_00007,Parsed Request Count,16
1195,matchit_ascii,llama-3.1-8b-instruct,similar_grid_2,instance_00007,Request Count,16
1196,matchit_ascii,llama-3.1-8b-instruct,similar_grid_2,instance_00007,Aborted,0
1197,matchit_ascii,llama-3.1-8b-instruct,similar_grid_2,instance_00007,Success,1
1198,matchit_ascii,llama-3.1-8b-instruct,similar_grid_2,instance_00007,Lose,0
1199,matchit_ascii,llama-3.1-8b-instruct,similar_grid_2,instance_00007,Main Score,100
1200,matchit_ascii,llama-3.1-8b-instruct,similar_grid_2,instance_00007,Player Score,100
1201,matchit_ascii,llama-3.1-8b-instruct,same_grid,instance_00002,Violated Request Count,0
1202,matchit_ascii,llama-3.1-8b-instruct,same_grid,instance_00002,Parsed Request Count,16
1203,matchit_ascii,llama-3.1-8b-instruct,same_grid,instance_00002,Request Count,16
1204,matchit_ascii,llama-3.1-8b-instruct,same_grid,instance_00002,Aborted,0
1205,matchit_ascii,llama-3.1-8b-instruct,same_grid,instance_00002,Success,0
1206,matchit_ascii,llama-3.1-8b-instruct,same_grid,instance_00002,Lose,1
1207,matchit_ascii,llama-3.1-8b-instruct,same_grid,instance_00002,Main Score,0
1208,matchit_ascii,llama-3.1-8b-instruct,same_grid,instance_00002,Player Score,0
1209,matchit_ascii,llama-3.1-8b-instruct,similar_grid_1,instance_00002,Violated Request Count,0
1210,matchit_ascii,llama-3.1-8b-instruct,similar_grid_1,instance_00002,Parsed Request Count,16
1211,matchit_ascii,llama-3.1-8b-instruct,similar_grid_1,instance_00002,Request Count,16
1212,matchit_ascii,llama-3.1-8b-instruct,similar_grid_1,instance_00002,Aborted,0
1213,matchit_ascii,llama-3.1-8b-instruct,similar_grid_1,instance_00002,Success,1
1214,matchit_ascii,llama-3.1-8b-instruct,similar_grid_1,instance_00002,Lose,0
1215,matchit_ascii,llama-3.1-8b-instruct,similar_grid_1,instance_00002,Main Score,100
1216,matchit_ascii,llama-3.1-8b-instruct,similar_grid_1,instance_00002,Player Score,100
1217,matchit_ascii,llama-3.1-8b-instruct,different_grid,instance_00002,Violated Request Count,0
1218,matchit_ascii,llama-3.1-8b-instruct,different_grid,instance_00002,Parsed Request Count,16
1219,matchit_ascii,llama-3.1-8b-instruct,different_grid,instance_00002,Request Count,16
1220,matchit_ascii,llama-3.1-8b-instruct,different_grid,instance_00002,Aborted,0
1221,matchit_ascii,llama-3.1-8b-instruct,different_grid,instance_00002,Success,1
1222,matchit_ascii,llama-3.1-8b-instruct,different_grid,instance_00002,Lose,0
1223,matchit_ascii,llama-3.1-8b-instruct,different_grid,instance_00002,Main Score,100
1224,matchit_ascii,llama-3.1-8b-instruct,different_grid,instance_00002,Player Score,100
1225,dond,llama-3.1-8b-instruct,coop_en,instance_00019,Played,0.0
1226,dond,llama-3.1-8b-instruct,coop_en,instance_00006,Played,1.0
1227,dond,llama-3.1-8b-instruct,semi_en,instance_00015,Played,1.0
1228,dond,llama-3.1-8b-instruct,semi_en,instance_00001,Played,1.0
1229,wordle,llama-3.1-8b-instruct,medium_frequency_words_no_clue_no_critic,instance_00014,Played,1.0
1230,wordle,llama-3.1-8b-instruct,medium_frequency_words_no_clue_no_critic,instance_00007,Played,1.0
1231,wordle,llama-3.1-8b-instruct,high_frequency_words_no_clue_no_critic,instance_00007,Played,0.0
1232,guesswhat,llama-3.1-8b-instruct,Abs_Level_3,instance_00008,Played,1.0
1233,guesswhat,llama-3.1-8b-instruct,Abs_Level_2,instance_00007,Played,0.0
1234,guesswhat,llama-3.1-8b-instruct,Abs_Level_1,instance_00002,Played,1.0
1235,guesswhat,llama-3.1-8b-instruct,Level_1,instance_00002,Played,1.0
1236,guesswhat,llama-3.1-8b-instruct,Level_2,instance_00009,Played,1.0
1237,guesswhat,llama-3.1-8b-instruct,Level_3,instance_00008,Played,1.0
1238,privateshared,llama-3.1-8b-instruct,things-places,instance_00003,Played,1.0
1239,privateshared,llama-3.1-8b-instruct,restaurant,instance_00007,Played,0.0
1240,privateshared,llama-3.1-8b-instruct,travel-booking,instance_00009,Played,1.0
1241,privateshared,llama-3.1-8b-instruct,job-interview,instance_00008,Played,0.0
1242,privateshared,llama-3.1-8b-instruct,letter-number,instance_00009,Played,1.0
1243,wordle_withcritic,llama-3.1-8b-instruct,medium_frequency_words_clue_with_critic,instance_00004,Played,0.0
1244,wordle_withcritic,llama-3.1-8b-instruct,medium_frequency_words_clue_with_critic,instance_00019,Played,0.0
1245,wordle_withcritic,llama-3.1-8b-instruct,high_frequency_words_clue_with_critic,instance_00002,Played,0.0
1246,taboo,llama-3.1-8b-instruct,high_en,instance_00016,Played,1.0
1247,taboo,llama-3.1-8b-instruct,high_en,instance_00010,Played,1.0
1248,taboo,llama-3.1-8b-instruct,low_en,instance_00018,Played,1.0
1249,taboo,llama-3.1-8b-instruct,low_en,instance_00012,Played,1.0
1250,taboo,llama-3.1-8b-instruct,medium_en,instance_00007,Played,1.0
1251,taboo,llama-3.1-8b-instruct,medium_en,instance_00010,Played,1.0
1252,wordle_withclue,llama-3.1-8b-instruct,high_frequency_words_clue_no_critic,instance_00009,Played,0.0
1253,wordle_withclue,llama-3.1-8b-instruct,medium_frequency_words_clue_no_critic,instance_00011,Played,0.0
1254,wordle_withclue,llama-3.1-8b-instruct,medium_frequency_words_clue_no_critic,instance_00018,Played,0.0
1255,textmapworld,llama-3.1-8b-instruct,large_cycle,instance_00049,Played,0.0
1256,textmapworld,llama-3.1-8b-instruct,small,instance_00006,Played,0.0
1257,textmapworld,llama-3.1-8b-instruct,large,instance_00028,Played,0.0
1258,textmapworld,llama-3.1-8b-instruct,medium_cycle,instance_00034,Played,1.0
1259,textmapworld,llama-3.1-8b-instruct,medium,instance_00010,Played,1.0
1260,referencegame,llama-3.1-8b-instruct,random_grids,instance_00005,Played,1.0
1261,referencegame,llama-3.1-8b-instruct,line_grids_columns,instance_00013,Played,1.0
1262,referencegame,llama-3.1-8b-instruct,number_grids,instance_00017,Played,1.0
1263,referencegame,llama-3.1-8b-instruct,line_grids_rows,instance_00017,Played,1.0
1264,referencegame,llama-3.1-8b-instruct,letter_grids,instance_00012,Played,1.0
1265,adventuregame,llama-3.1-8b-instruct,new-words_home-delivery_medium_basic_medium,instance_00002,Played,0.0
1266,adventuregame,llama-3.1-8b-instruct,potion_brewing_basic_undefined,instance_00004,Played,0.0
1267,adventuregame,llama-3.1-8b-instruct,new-words_home-delivery_easy_basic_easy,instance_00002,Played,1.0
1268,adventuregame,llama-3.1-8b-instruct,new-words_created_basic_hard,instance_00000,Played,0.0
1269,adventuregame,llama-3.1-8b-instruct,home_deliver_three_basic_hard_invlimittwo,instance_00000,Played,0.0
1270,textmapworld_specificroom,llama-3.1-8b-instruct,on,instance_00000,Played,1.0
1271,textmapworld_specificroom,llama-3.1-8b-instruct,far,instance_00027,Played,1.0
1272,textmapworld_specificroom,llama-3.1-8b-instruct,close,instance_00017,Played,1.0
1273,imagegame,llama-3.1-8b-instruct,random_grids,instance_00014,Played,0.0
1274,imagegame,llama-3.1-8b-instruct,random_grids,instance_00016,Played,1.0
1275,imagegame,llama-3.1-8b-instruct,compact_grids,instance_00019,Played,0.0
1276,imagegame,llama-3.1-8b-instruct,compact_grids,instance_00002,Played,0.0
1277,textmapworld_graphreasoning,llama-3.1-8b-instruct,small,instance_00009,Played,0.0
1278,textmapworld_graphreasoning,llama-3.1-8b-instruct,large,instance_00028,Played,0.0
1279,textmapworld_graphreasoning,llama-3.1-8b-instruct,medium,instance_00010,Played,0.0
1280,codenames,llama-3.1-8b-instruct,association_difficult,instance_00000,Played,0
1281,codenames,llama-3.1-8b-instruct,risk_low,instance_00008,Played,1
1282,codenames,llama-3.1-8b-instruct,ambiguous,instance_00001,Played,0
1283,codenames,llama-3.1-8b-instruct,opponent_difficult,instance_00007,Played,1
1284,codenames,llama-3.1-8b-instruct,risk_high,instance_00009,Played,0
1285,codenames,llama-3.1-8b-instruct,abstract,instance_00007,Played,1
1286,codenames,llama-3.1-8b-instruct,association_easy,instance_00009,Played,1
1287,codenames,llama-3.1-8b-instruct,opponent_easy,instance_00009,Played,0
1288,codenames,llama-3.1-8b-instruct,concrete,instance_00004,Played,1
1289,codenames,llama-3.1-8b-instruct,unambiguous,instance_00002,Played,1
1290,codenames,llama-3.1-8b-instruct,opponent_none,instance_00008,Played,0
1291,codenames,llama-3.1-8b-instruct,frequency_high,instance_00002,Played,0
1292,codenames,llama-3.1-8b-instruct,frequency_low,instance_00004,Played,0
1293,matchit_ascii,llama-3.1-8b-instruct,similar_grid_2,instance_00007,Played,1
1294,matchit_ascii,llama-3.1-8b-instruct,same_grid,instance_00002,Played,1
1295,matchit_ascii,llama-3.1-8b-instruct,similar_grid_1,instance_00002,Played,1
1296,matchit_ascii,llama-3.1-8b-instruct,different_grid,instance_00002,Played,1
