,game,model,experiment,episode,metric,value
0,dond,playornotplay__qwen3.5-2b__playornotplay-v1.0-merged-fp32-828e356,coop_en,instance_00019,Request Count,3.0
1,dond,playornotplay__qwen3.5-2b__playornotplay-v1.0-merged-fp32-828e356,coop_en,instance_00019,Parsed Request Count,3.0
2,dond,playornotplay__qwen3.5-2b__playornotplay-v1.0-merged-fp32-828e356,coop_en,instance_00019,Violated Request Count,0.0
3,dond,playornotplay__qwen3.5-2b__playornotplay-v1.0-merged-fp32-828e356,coop_en,instance_00019,Request Success Ratio,1.0
4,dond,playornotplay__qwen3.5-2b__playornotplay-v1.0-merged-fp32-828e356,coop_en,instance_00019,Aborted,0.0
5,dond,playornotplay__qwen3.5-2b__playornotplay-v1.0-merged-fp32-828e356,coop_en,instance_00019,Lose,0.0
6,dond,playornotplay__qwen3.5-2b__playornotplay-v1.0-merged-fp32-828e356,coop_en,instance_00019,Success,1.0
7,dond,playornotplay__qwen3.5-2b__playornotplay-v1.0-merged-fp32-828e356,coop_en,instance_00019,Main Score,76.92307692307692
8,dond,playornotplay__qwen3.5-2b__playornotplay-v1.0-merged-fp32-828e356,coop_en,instance_00019,Sum of Points,0.7692307692307693
9,dond,playornotplay__qwen3.5-2b__playornotplay-v1.0-merged-fp32-828e356,coop_en,instance_00019,Pareto Optimal,0.0
10,dond,playornotplay__qwen3.5-2b__playornotplay-v1.0-merged-fp32-828e356,coop_en,instance_00006,Request Count,3.0
11,dond,playornotplay__qwen3.5-2b__playornotplay-v1.0-merged-fp32-828e356,coop_en,instance_00006,Parsed Request Count,3.0
12,dond,playornotplay__qwen3.5-2b__playornotplay-v1.0-merged-fp32-828e356,coop_en,instance_00006,Violated Request Count,0.0
13,dond,playornotplay__qwen3.5-2b__playornotplay-v1.0-merged-fp32-828e356,coop_en,instance_00006,Request Success Ratio,1.0
14,dond,playornotplay__qwen3.5-2b__playornotplay-v1.0-merged-fp32-828e356,coop_en,instance_00006,Aborted,0.0
15,dond,playornotplay__qwen3.5-2b__playornotplay-v1.0-merged-fp32-828e356,coop_en,instance_00006,Lose,1.0
16,dond,playornotplay__qwen3.5-2b__playornotplay-v1.0-merged-fp32-828e356,coop_en,instance_00006,Success,0.0
17,dond,playornotplay__qwen3.5-2b__playornotplay-v1.0-merged-fp32-828e356,coop_en,instance_00006,Main Score,0.0
18,dond,playornotplay__qwen3.5-2b__playornotplay-v1.0-merged-fp32-828e356,coop_en,instance_00006,Sum of Points,0.0
19,dond,playornotplay__qwen3.5-2b__playornotplay-v1.0-merged-fp32-828e356,coop_en,instance_00006,Pareto Optimal,0.0
20,dond,playornotplay__qwen3.5-2b__playornotplay-v1.0-merged-fp32-828e356,semi_en,instance_00015,Request Count,4.0
21,dond,playornotplay__qwen3.5-2b__playornotplay-v1.0-merged-fp32-828e356,semi_en,instance_00015,Parsed Request Count,4.0
22,dond,playornotplay__qwen3.5-2b__playornotplay-v1.0-merged-fp32-828e356,semi_en,instance_00015,Violated Request Count,0.0
23,dond,playornotplay__qwen3.5-2b__playornotplay-v1.0-merged-fp32-828e356,semi_en,instance_00015,Request Success Ratio,1.0
24,dond,playornotplay__qwen3.5-2b__playornotplay-v1.0-merged-fp32-828e356,semi_en,instance_00015,Aborted,0.0
25,dond,playornotplay__qwen3.5-2b__playornotplay-v1.0-merged-fp32-828e356,semi_en,instance_00015,Lose,0.0
26,dond,playornotplay__qwen3.5-2b__playornotplay-v1.0-merged-fp32-828e356,semi_en,instance_00015,Success,1.0
27,dond,playornotplay__qwen3.5-2b__playornotplay-v1.0-merged-fp32-828e356,semi_en,instance_00015,Main Score,19.999999999999996
28,dond,playornotplay__qwen3.5-2b__playornotplay-v1.0-merged-fp32-828e356,semi_en,instance_00015,Sum of Points,0.375
29,dond,playornotplay__qwen3.5-2b__playornotplay-v1.0-merged-fp32-828e356,semi_en,instance_00015,Pareto Optimal,0.0
30,dond,playornotplay__qwen3.5-2b__playornotplay-v1.0-merged-fp32-828e356,semi_en,instance_00001,Request Count,3.0
31,dond,playornotplay__qwen3.5-2b__playornotplay-v1.0-merged-fp32-828e356,semi_en,instance_00001,Parsed Request Count,3.0
32,dond,playornotplay__qwen3.5-2b__playornotplay-v1.0-merged-fp32-828e356,semi_en,instance_00001,Violated Request Count,0.0
33,dond,playornotplay__qwen3.5-2b__playornotplay-v1.0-merged-fp32-828e356,semi_en,instance_00001,Request Success Ratio,1.0
34,dond,playornotplay__qwen3.5-2b__playornotplay-v1.0-merged-fp32-828e356,semi_en,instance_00001,Aborted,0.0
35,dond,playornotplay__qwen3.5-2b__playornotplay-v1.0-merged-fp32-828e356,semi_en,instance_00001,Lose,0.0
36,dond,playornotplay__qwen3.5-2b__playornotplay-v1.0-merged-fp32-828e356,semi_en,instance_00001,Success,1.0
37,dond,playornotplay__qwen3.5-2b__playornotplay-v1.0-merged-fp32-828e356,semi_en,instance_00001,Main Score,40.0
38,dond,playornotplay__qwen3.5-2b__playornotplay-v1.0-merged-fp32-828e356,semi_en,instance_00001,Sum of Points,0.5625
39,dond,playornotplay__qwen3.5-2b__playornotplay-v1.0-merged-fp32-828e356,semi_en,instance_00001,Pareto Optimal,0.0
40,wordle,playornotplay__qwen3.5-2b__playornotplay-v1.0-merged-fp32-828e356,medium_frequency_words_no_clue_no_critic,instance_00014,Aborted,1.0
41,wordle,playornotplay__qwen3.5-2b__playornotplay-v1.0-merged-fp32-828e356,medium_frequency_words_no_clue_no_critic,instance_00014,Lose,0.0
42,wordle,playornotplay__qwen3.5-2b__playornotplay-v1.0-merged-fp32-828e356,medium_frequency_words_no_clue_no_critic,instance_00014,Success,0.0
43,wordle,playornotplay__qwen3.5-2b__playornotplay-v1.0-merged-fp32-828e356,medium_frequency_words_no_clue_no_critic,instance_00014,Request Count,5.0
44,wordle,playornotplay__qwen3.5-2b__playornotplay-v1.0-merged-fp32-828e356,medium_frequency_words_no_clue_no_critic,instance_00014,Parsed Request Count,4.0
45,wordle,playornotplay__qwen3.5-2b__playornotplay-v1.0-merged-fp32-828e356,medium_frequency_words_no_clue_no_critic,instance_00014,Violated Request Count,1.0
46,wordle,playornotplay__qwen3.5-2b__playornotplay-v1.0-merged-fp32-828e356,medium_frequency_words_no_clue_no_critic,instance_00014,Request Success Ratio,0.8
47,wordle,playornotplay__qwen3.5-2b__playornotplay-v1.0-merged-fp32-828e356,medium_frequency_words_no_clue_no_critic,instance_00014,Main Score,
48,wordle,playornotplay__qwen3.5-2b__playornotplay-v1.0-merged-fp32-828e356,medium_frequency_words_no_clue_no_critic,instance_00014,Guess Repetitions,
49,wordle,playornotplay__qwen3.5-2b__playornotplay-v1.0-merged-fp32-828e356,medium_frequency_words_no_clue_no_critic,instance_00007,Aborted,0.0
50,wordle,playornotplay__qwen3.5-2b__playornotplay-v1.0-merged-fp32-828e356,medium_frequency_words_no_clue_no_critic,instance_00007,Lose,1.0
51,wordle,playornotplay__qwen3.5-2b__playornotplay-v1.0-merged-fp32-828e356,medium_frequency_words_no_clue_no_critic,instance_00007,Success,0.0
52,wordle,playornotplay__qwen3.5-2b__playornotplay-v1.0-merged-fp32-828e356,medium_frequency_words_no_clue_no_critic,instance_00007,Request Count,6.0
53,wordle,playornotplay__qwen3.5-2b__playornotplay-v1.0-merged-fp32-828e356,medium_frequency_words_no_clue_no_critic,instance_00007,Parsed Request Count,6.0
54,wordle,playornotplay__qwen3.5-2b__playornotplay-v1.0-merged-fp32-828e356,medium_frequency_words_no_clue_no_critic,instance_00007,Violated Request Count,0.0
55,wordle,playornotplay__qwen3.5-2b__playornotplay-v1.0-merged-fp32-828e356,medium_frequency_words_no_clue_no_critic,instance_00007,Request Success Ratio,1.0
56,wordle,playornotplay__qwen3.5-2b__playornotplay-v1.0-merged-fp32-828e356,medium_frequency_words_no_clue_no_critic,instance_00007,Main Score,0.0
57,wordle,playornotplay__qwen3.5-2b__playornotplay-v1.0-merged-fp32-828e356,medium_frequency_words_no_clue_no_critic,instance_00007,Guess Repetitions,0.0
58,wordle,playornotplay__qwen3.5-2b__playornotplay-v1.0-merged-fp32-828e356,high_frequency_words_no_clue_no_critic,instance_00007,Aborted,1.0
59,wordle,playornotplay__qwen3.5-2b__playornotplay-v1.0-merged-fp32-828e356,high_frequency_words_no_clue_no_critic,instance_00007,Lose,0.0
60,wordle,playornotplay__qwen3.5-2b__playornotplay-v1.0-merged-fp32-828e356,high_frequency_words_no_clue_no_critic,instance_00007,Success,0.0
61,wordle,playornotplay__qwen3.5-2b__playornotplay-v1.0-merged-fp32-828e356,high_frequency_words_no_clue_no_critic,instance_00007,Request Count,2.0
62,wordle,playornotplay__qwen3.5-2b__playornotplay-v1.0-merged-fp32-828e356,high_frequency_words_no_clue_no_critic,instance_00007,Parsed Request Count,1.0
63,wordle,playornotplay__qwen3.5-2b__playornotplay-v1.0-merged-fp32-828e356,high_frequency_words_no_clue_no_critic,instance_00007,Violated Request Count,1.0
64,wordle,playornotplay__qwen3.5-2b__playornotplay-v1.0-merged-fp32-828e356,high_frequency_words_no_clue_no_critic,instance_00007,Request Success Ratio,0.5
65,wordle,playornotplay__qwen3.5-2b__playornotplay-v1.0-merged-fp32-828e356,high_frequency_words_no_clue_no_critic,instance_00007,Main Score,
66,wordle,playornotplay__qwen3.5-2b__playornotplay-v1.0-merged-fp32-828e356,high_frequency_words_no_clue_no_critic,instance_00007,Guess Repetitions,
67,guesswhat,playornotplay__qwen3.5-2b__playornotplay-v1.0-merged-fp32-828e356,Abs_Level_3,instance_00008,Violated Request Count,0.0
68,guesswhat,playornotplay__qwen3.5-2b__playornotplay-v1.0-merged-fp32-828e356,Abs_Level_3,instance_00008,Parsed Request Count,2.0
69,guesswhat,playornotplay__qwen3.5-2b__playornotplay-v1.0-merged-fp32-828e356,Abs_Level_3,instance_00008,Request Count,2.0
70,guesswhat,playornotplay__qwen3.5-2b__playornotplay-v1.0-merged-fp32-828e356,Abs_Level_3,instance_00008,Request Success Ratio,1.0
71,guesswhat,playornotplay__qwen3.5-2b__playornotplay-v1.0-merged-fp32-828e356,Abs_Level_3,instance_00008,Aborted,0.0
72,guesswhat,playornotplay__qwen3.5-2b__playornotplay-v1.0-merged-fp32-828e356,Abs_Level_3,instance_00008,Success,0.0
73,guesswhat,playornotplay__qwen3.5-2b__playornotplay-v1.0-merged-fp32-828e356,Abs_Level_3,instance_00008,Lose,1.0
74,guesswhat,playornotplay__qwen3.5-2b__playornotplay-v1.0-merged-fp32-828e356,Abs_Level_3,instance_00008,Main Score,0.0
75,guesswhat,playornotplay__qwen3.5-2b__playornotplay-v1.0-merged-fp32-828e356,Abs_Level_3,instance_00008,Invalid format guesser response,0.0
76,guesswhat,playornotplay__qwen3.5-2b__playornotplay-v1.0-merged-fp32-828e356,Abs_Level_3,instance_00008,Invalid format answerer response,0.0
77,guesswhat,playornotplay__qwen3.5-2b__playornotplay-v1.0-merged-fp32-828e356,Abs_Level_3,instance_00008,Invalid content guesser response,0.0
78,guesswhat,playornotplay__qwen3.5-2b__playornotplay-v1.0-merged-fp32-828e356,Abs_Level_3,instance_00008,Invalid content answerer response,0.0
79,guesswhat,playornotplay__qwen3.5-2b__playornotplay-v1.0-merged-fp32-828e356,Abs_Level_2,instance_00007,Violated Request Count,0.0
80,guesswhat,playornotplay__qwen3.5-2b__playornotplay-v1.0-merged-fp32-828e356,Abs_Level_2,instance_00007,Parsed Request Count,2.0
81,guesswhat,playornotplay__qwen3.5-2b__playornotplay-v1.0-merged-fp32-828e356,Abs_Level_2,instance_00007,Request Count,2.0
82,guesswhat,playornotplay__qwen3.5-2b__playornotplay-v1.0-merged-fp32-828e356,Abs_Level_2,instance_00007,Request Success Ratio,1.0
83,guesswhat,playornotplay__qwen3.5-2b__playornotplay-v1.0-merged-fp32-828e356,Abs_Level_2,instance_00007,Aborted,0.0
84,guesswhat,playornotplay__qwen3.5-2b__playornotplay-v1.0-merged-fp32-828e356,Abs_Level_2,instance_00007,Success,1.0
85,guesswhat,playornotplay__qwen3.5-2b__playornotplay-v1.0-merged-fp32-828e356,Abs_Level_2,instance_00007,Lose,0.0
86,guesswhat,playornotplay__qwen3.5-2b__playornotplay-v1.0-merged-fp32-828e356,Abs_Level_2,instance_00007,Speed,100.0
87,guesswhat,playornotplay__qwen3.5-2b__playornotplay-v1.0-merged-fp32-828e356,Abs_Level_2,instance_00007,Main Score,100.0
88,guesswhat,playornotplay__qwen3.5-2b__playornotplay-v1.0-merged-fp32-828e356,Abs_Level_2,instance_00007,Invalid format guesser response,0.0
89,guesswhat,playornotplay__qwen3.5-2b__playornotplay-v1.0-merged-fp32-828e356,Abs_Level_2,instance_00007,Invalid format answerer response,0.0
90,guesswhat,playornotplay__qwen3.5-2b__playornotplay-v1.0-merged-fp32-828e356,Abs_Level_2,instance_00007,Invalid content guesser response,0.0
91,guesswhat,playornotplay__qwen3.5-2b__playornotplay-v1.0-merged-fp32-828e356,Abs_Level_2,instance_00007,Invalid content answerer response,0.0
92,guesswhat,playornotplay__qwen3.5-2b__playornotplay-v1.0-merged-fp32-828e356,Abs_Level_1,instance_00002,Violated Request Count,0.0
93,guesswhat,playornotplay__qwen3.5-2b__playornotplay-v1.0-merged-fp32-828e356,Abs_Level_1,instance_00002,Parsed Request Count,2.0
94,guesswhat,playornotplay__qwen3.5-2b__playornotplay-v1.0-merged-fp32-828e356,Abs_Level_1,instance_00002,Request Count,2.0
95,guesswhat,playornotplay__qwen3.5-2b__playornotplay-v1.0-merged-fp32-828e356,Abs_Level_1,instance_00002,Request Success Ratio,1.0
96,guesswhat,playornotplay__qwen3.5-2b__playornotplay-v1.0-merged-fp32-828e356,Abs_Level_1,instance_00002,Aborted,0.0
97,guesswhat,playornotplay__qwen3.5-2b__playornotplay-v1.0-merged-fp32-828e356,Abs_Level_1,instance_00002,Success,1.0
98,guesswhat,playornotplay__qwen3.5-2b__playornotplay-v1.0-merged-fp32-828e356,Abs_Level_1,instance_00002,Lose,0.0
99,guesswhat,playornotplay__qwen3.5-2b__playornotplay-v1.0-merged-fp32-828e356,Abs_Level_1,instance_00002,Speed,100.0
100,guesswhat,playornotplay__qwen3.5-2b__playornotplay-v1.0-merged-fp32-828e356,Abs_Level_1,instance_00002,Main Score,100.0
101,guesswhat,playornotplay__qwen3.5-2b__playornotplay-v1.0-merged-fp32-828e356,Abs_Level_1,instance_00002,Invalid format guesser response,0.0
102,guesswhat,playornotplay__qwen3.5-2b__playornotplay-v1.0-merged-fp32-828e356,Abs_Level_1,instance_00002,Invalid format answerer response,0.0
103,guesswhat,playornotplay__qwen3.5-2b__playornotplay-v1.0-merged-fp32-828e356,Abs_Level_1,instance_00002,Invalid content guesser response,0.0
104,guesswhat,playornotplay__qwen3.5-2b__playornotplay-v1.0-merged-fp32-828e356,Abs_Level_1,instance_00002,Invalid content answerer response,0.0
105,guesswhat,playornotplay__qwen3.5-2b__playornotplay-v1.0-merged-fp32-828e356,Level_1,instance_00002,Violated Request Count,0.0
106,guesswhat,playornotplay__qwen3.5-2b__playornotplay-v1.0-merged-fp32-828e356,Level_1,instance_00002,Parsed Request Count,2.0
107,guesswhat,playornotplay__qwen3.5-2b__playornotplay-v1.0-merged-fp32-828e356,Level_1,instance_00002,Request Count,2.0
108,guesswhat,playornotplay__qwen3.5-2b__playornotplay-v1.0-merged-fp32-828e356,Level_1,instance_00002,Request Success Ratio,1.0
109,guesswhat,playornotplay__qwen3.5-2b__playornotplay-v1.0-merged-fp32-828e356,Level_1,instance_00002,Aborted,0.0
110,guesswhat,playornotplay__qwen3.5-2b__playornotplay-v1.0-merged-fp32-828e356,Level_1,instance_00002,Success,0.0
111,guesswhat,playornotplay__qwen3.5-2b__playornotplay-v1.0-merged-fp32-828e356,Level_1,instance_00002,Lose,1.0
112,guesswhat,playornotplay__qwen3.5-2b__playornotplay-v1.0-merged-fp32-828e356,Level_1,instance_00002,Main Score,0.0
113,guesswhat,playornotplay__qwen3.5-2b__playornotplay-v1.0-merged-fp32-828e356,Level_1,instance_00002,Invalid format guesser response,0.0
114,guesswhat,playornotplay__qwen3.5-2b__playornotplay-v1.0-merged-fp32-828e356,Level_1,instance_00002,Invalid format answerer response,0.0
115,guesswhat,playornotplay__qwen3.5-2b__playornotplay-v1.0-merged-fp32-828e356,Level_1,instance_00002,Invalid content guesser response,0.0
116,guesswhat,playornotplay__qwen3.5-2b__playornotplay-v1.0-merged-fp32-828e356,Level_1,instance_00002,Invalid content answerer response,0.0
117,guesswhat,playornotplay__qwen3.5-2b__playornotplay-v1.0-merged-fp32-828e356,Level_2,instance_00009,Violated Request Count,0.0
118,guesswhat,playornotplay__qwen3.5-2b__playornotplay-v1.0-merged-fp32-828e356,Level_2,instance_00009,Parsed Request Count,2.0
119,guesswhat,playornotplay__qwen3.5-2b__playornotplay-v1.0-merged-fp32-828e356,Level_2,instance_00009,Request Count,2.0
120,guesswhat,playornotplay__qwen3.5-2b__playornotplay-v1.0-merged-fp32-828e356,Level_2,instance_00009,Request Success Ratio,1.0
121,guesswhat,playornotplay__qwen3.5-2b__playornotplay-v1.0-merged-fp32-828e356,Level_2,instance_00009,Aborted,0.0
122,guesswhat,playornotplay__qwen3.5-2b__playornotplay-v1.0-merged-fp32-828e356,Level_2,instance_00009,Success,1.0
123,guesswhat,playornotplay__qwen3.5-2b__playornotplay-v1.0-merged-fp32-828e356,Level_2,instance_00009,Lose,0.0
124,guesswhat,playornotplay__qwen3.5-2b__playornotplay-v1.0-merged-fp32-828e356,Level_2,instance_00009,Speed,100.0
125,guesswhat,playornotplay__qwen3.5-2b__playornotplay-v1.0-merged-fp32-828e356,Level_2,instance_00009,Main Score,100.0
126,guesswhat,playornotplay__qwen3.5-2b__playornotplay-v1.0-merged-fp32-828e356,Level_2,instance_00009,Invalid format guesser response,0.0
127,guesswhat,playornotplay__qwen3.5-2b__playornotplay-v1.0-merged-fp32-828e356,Level_2,instance_00009,Invalid format answerer response,0.0
128,guesswhat,playornotplay__qwen3.5-2b__playornotplay-v1.0-merged-fp32-828e356,Level_2,instance_00009,Invalid content guesser response,0.0
129,guesswhat,playornotplay__qwen3.5-2b__playornotplay-v1.0-merged-fp32-828e356,Level_2,instance_00009,Invalid content answerer response,0.0
130,guesswhat,playornotplay__qwen3.5-2b__playornotplay-v1.0-merged-fp32-828e356,Level_3,instance_00008,Violated Request Count,0.0
131,guesswhat,playornotplay__qwen3.5-2b__playornotplay-v1.0-merged-fp32-828e356,Level_3,instance_00008,Parsed Request Count,2.0
132,guesswhat,playornotplay__qwen3.5-2b__playornotplay-v1.0-merged-fp32-828e356,Level_3,instance_00008,Request Count,2.0
133,guesswhat,playornotplay__qwen3.5-2b__playornotplay-v1.0-merged-fp32-828e356,Level_3,instance_00008,Request Success Ratio,1.0
134,guesswhat,playornotplay__qwen3.5-2b__playornotplay-v1.0-merged-fp32-828e356,Level_3,instance_00008,Aborted,0.0
135,guesswhat,playornotplay__qwen3.5-2b__playornotplay-v1.0-merged-fp32-828e356,Level_3,instance_00008,Success,0.0
136,guesswhat,playornotplay__qwen3.5-2b__playornotplay-v1.0-merged-fp32-828e356,Level_3,instance_00008,Lose,1.0
137,guesswhat,playornotplay__qwen3.5-2b__playornotplay-v1.0-merged-fp32-828e356,Level_3,instance_00008,Main Score,0.0
138,guesswhat,playornotplay__qwen3.5-2b__playornotplay-v1.0-merged-fp32-828e356,Level_3,instance_00008,Invalid format guesser response,0.0
139,guesswhat,playornotplay__qwen3.5-2b__playornotplay-v1.0-merged-fp32-828e356,Level_3,instance_00008,Invalid format answerer response,0.0
140,guesswhat,playornotplay__qwen3.5-2b__playornotplay-v1.0-merged-fp32-828e356,Level_3,instance_00008,Invalid content guesser response,0.0
141,guesswhat,playornotplay__qwen3.5-2b__playornotplay-v1.0-merged-fp32-828e356,Level_3,instance_00008,Invalid content answerer response,0.0
142,privateshared,playornotplay__qwen3.5-2b__playornotplay-v1.0-merged-fp32-828e356,things-places,instance_00003,Accuracy,1.0
143,privateshared,playornotplay__qwen3.5-2b__playornotplay-v1.0-merged-fp32-828e356,things-places,instance_00003,Kappa,
144,privateshared,playornotplay__qwen3.5-2b__playornotplay-v1.0-merged-fp32-828e356,things-places,instance_00003,Truncated Kappa,0.0
145,privateshared,playornotplay__qwen3.5-2b__playornotplay-v1.0-merged-fp32-828e356,things-places,instance_00003,Slot-Filling-Accuracy,0.0
146,privateshared,playornotplay__qwen3.5-2b__playornotplay-v1.0-merged-fp32-828e356,things-places,instance_00003,Main Score,0.0
147,privateshared,playornotplay__qwen3.5-2b__playornotplay-v1.0-merged-fp32-828e356,things-places,instance_00003,Aborted,0.0
148,privateshared,playornotplay__qwen3.5-2b__playornotplay-v1.0-merged-fp32-828e356,things-places,instance_00003,Lose,1.0
149,privateshared,playornotplay__qwen3.5-2b__playornotplay-v1.0-merged-fp32-828e356,things-places,instance_00003,Success,0.0
150,privateshared,playornotplay__qwen3.5-2b__playornotplay-v1.0-merged-fp32-828e356,things-places,instance_00003,Request Count,15.0
151,privateshared,playornotplay__qwen3.5-2b__playornotplay-v1.0-merged-fp32-828e356,things-places,instance_00003,Parsed Request Count,15.0
152,privateshared,playornotplay__qwen3.5-2b__playornotplay-v1.0-merged-fp32-828e356,things-places,instance_00003,Violated Request Count,15.0
153,privateshared,playornotplay__qwen3.5-2b__playornotplay-v1.0-merged-fp32-828e356,things-places,instance_00003,Request Success Ratio,1.0
154,privateshared,playornotplay__qwen3.5-2b__playornotplay-v1.0-merged-fp32-828e356,restaurant,instance_00007,Middle-Accuracy,0.4
155,privateshared,playornotplay__qwen3.5-2b__playornotplay-v1.0-merged-fp32-828e356,restaurant,instance_00007,Accuracy,0.64
156,privateshared,playornotplay__qwen3.5-2b__playornotplay-v1.0-merged-fp32-828e356,restaurant,instance_00007,Kappa,0.2990654205607477
157,privateshared,playornotplay__qwen3.5-2b__playornotplay-v1.0-merged-fp32-828e356,restaurant,instance_00007,Truncated Kappa,0.2990654205607477
158,privateshared,playornotplay__qwen3.5-2b__playornotplay-v1.0-merged-fp32-828e356,restaurant,instance_00007,Slot-Filling-Accuracy,1.0
159,privateshared,playornotplay__qwen3.5-2b__playornotplay-v1.0-merged-fp32-828e356,restaurant,instance_00007,Main Score,46.043165467625904
160,privateshared,playornotplay__qwen3.5-2b__playornotplay-v1.0-merged-fp32-828e356,restaurant,instance_00007,Aborted,0.0
161,privateshared,playornotplay__qwen3.5-2b__playornotplay-v1.0-merged-fp32-828e356,restaurant,instance_00007,Lose,1.0
162,privateshared,playornotplay__qwen3.5-2b__playornotplay-v1.0-merged-fp32-828e356,restaurant,instance_00007,Success,0.0
163,privateshared,playornotplay__qwen3.5-2b__playornotplay-v1.0-merged-fp32-828e356,restaurant,instance_00007,Request Count,29.0
164,privateshared,playornotplay__qwen3.5-2b__playornotplay-v1.0-merged-fp32-828e356,restaurant,instance_00007,Parsed Request Count,29.0
165,privateshared,playornotplay__qwen3.5-2b__playornotplay-v1.0-merged-fp32-828e356,restaurant,instance_00007,Violated Request Count,1.0
166,privateshared,playornotplay__qwen3.5-2b__playornotplay-v1.0-merged-fp32-828e356,restaurant,instance_00007,Request Success Ratio,1.0
167,privateshared,playornotplay__qwen3.5-2b__playornotplay-v1.0-merged-fp32-828e356,travel-booking,instance_00009,Middle-Accuracy,0.6
168,privateshared,playornotplay__qwen3.5-2b__playornotplay-v1.0-merged-fp32-828e356,travel-booking,instance_00009,Accuracy,0.8
169,privateshared,playornotplay__qwen3.5-2b__playornotplay-v1.0-merged-fp32-828e356,travel-booking,instance_00009,Kappa,0.47058823529411764
170,privateshared,playornotplay__qwen3.5-2b__playornotplay-v1.0-merged-fp32-828e356,travel-booking,instance_00009,Truncated Kappa,0.47058823529411764
171,privateshared,playornotplay__qwen3.5-2b__playornotplay-v1.0-merged-fp32-828e356,travel-booking,instance_00009,Slot-Filling-Accuracy,1.0
172,privateshared,playornotplay__qwen3.5-2b__playornotplay-v1.0-merged-fp32-828e356,travel-booking,instance_00009,Main Score,63.99999999999999
173,privateshared,playornotplay__qwen3.5-2b__playornotplay-v1.0-merged-fp32-828e356,travel-booking,instance_00009,Aborted,0.0
174,privateshared,playornotplay__qwen3.5-2b__playornotplay-v1.0-merged-fp32-828e356,travel-booking,instance_00009,Lose,1.0
175,privateshared,playornotplay__qwen3.5-2b__playornotplay-v1.0-merged-fp32-828e356,travel-booking,instance_00009,Success,0.0
176,privateshared,playornotplay__qwen3.5-2b__playornotplay-v1.0-merged-fp32-828e356,travel-booking,instance_00009,Request Count,21.0
177,privateshared,playornotplay__qwen3.5-2b__playornotplay-v1.0-merged-fp32-828e356,travel-booking,instance_00009,Parsed Request Count,17.0
178,privateshared,playornotplay__qwen3.5-2b__playornotplay-v1.0-merged-fp32-828e356,travel-booking,instance_00009,Violated Request Count,7.0
179,privateshared,playornotplay__qwen3.5-2b__playornotplay-v1.0-merged-fp32-828e356,travel-booking,instance_00009,Request Success Ratio,0.8095238095238095
180,privateshared,playornotplay__qwen3.5-2b__playornotplay-v1.0-merged-fp32-828e356,job-interview,instance_00008,Middle-Accuracy,0.4
181,privateshared,playornotplay__qwen3.5-2b__playornotplay-v1.0-merged-fp32-828e356,job-interview,instance_00008,Accuracy,0.55
182,privateshared,playornotplay__qwen3.5-2b__playornotplay-v1.0-merged-fp32-828e356,job-interview,instance_00008,Kappa,-0.04651162790697683
183,privateshared,playornotplay__qwen3.5-2b__playornotplay-v1.0-merged-fp32-828e356,job-interview,instance_00008,Truncated Kappa,0.0
184,privateshared,playornotplay__qwen3.5-2b__playornotplay-v1.0-merged-fp32-828e356,job-interview,instance_00008,Slot-Filling-Accuracy,1.0
185,privateshared,playornotplay__qwen3.5-2b__playornotplay-v1.0-merged-fp32-828e356,job-interview,instance_00008,Main Score,0.0
186,privateshared,playornotplay__qwen3.5-2b__playornotplay-v1.0-merged-fp32-828e356,job-interview,instance_00008,Aborted,0.0
187,privateshared,playornotplay__qwen3.5-2b__playornotplay-v1.0-merged-fp32-828e356,job-interview,instance_00008,Lose,1.0
188,privateshared,playornotplay__qwen3.5-2b__playornotplay-v1.0-merged-fp32-828e356,job-interview,instance_00008,Success,0.0
189,privateshared,playornotplay__qwen3.5-2b__playornotplay-v1.0-merged-fp32-828e356,job-interview,instance_00008,Request Count,31.0
190,privateshared,playornotplay__qwen3.5-2b__playornotplay-v1.0-merged-fp32-828e356,job-interview,instance_00008,Parsed Request Count,23.0
191,privateshared,playornotplay__qwen3.5-2b__playornotplay-v1.0-merged-fp32-828e356,job-interview,instance_00008,Violated Request Count,10.0
192,privateshared,playornotplay__qwen3.5-2b__playornotplay-v1.0-merged-fp32-828e356,job-interview,instance_00008,Request Success Ratio,0.7419354838709677
193,privateshared,playornotplay__qwen3.5-2b__playornotplay-v1.0-merged-fp32-828e356,letter-number,instance_00009,Accuracy,1.0
194,privateshared,playornotplay__qwen3.5-2b__playornotplay-v1.0-merged-fp32-828e356,letter-number,instance_00009,Kappa,
195,privateshared,playornotplay__qwen3.5-2b__playornotplay-v1.0-merged-fp32-828e356,letter-number,instance_00009,Truncated Kappa,0.0
196,privateshared,playornotplay__qwen3.5-2b__playornotplay-v1.0-merged-fp32-828e356,letter-number,instance_00009,Slot-Filling-Accuracy,0.0
197,privateshared,playornotplay__qwen3.5-2b__playornotplay-v1.0-merged-fp32-828e356,letter-number,instance_00009,Main Score,0.0
198,privateshared,playornotplay__qwen3.5-2b__playornotplay-v1.0-merged-fp32-828e356,letter-number,instance_00009,Aborted,0.0
199,privateshared,playornotplay__qwen3.5-2b__playornotplay-v1.0-merged-fp32-828e356,letter-number,instance_00009,Lose,1.0
200,privateshared,playornotplay__qwen3.5-2b__playornotplay-v1.0-merged-fp32-828e356,letter-number,instance_00009,Success,0.0
201,privateshared,playornotplay__qwen3.5-2b__playornotplay-v1.0-merged-fp32-828e356,letter-number,instance_00009,Request Count,10.0
202,privateshared,playornotplay__qwen3.5-2b__playornotplay-v1.0-merged-fp32-828e356,letter-number,instance_00009,Parsed Request Count,10.0
203,privateshared,playornotplay__qwen3.5-2b__playornotplay-v1.0-merged-fp32-828e356,letter-number,instance_00009,Violated Request Count,10.0
204,privateshared,playornotplay__qwen3.5-2b__playornotplay-v1.0-merged-fp32-828e356,letter-number,instance_00009,Request Success Ratio,1.0
205,wordle_withcritic,playornotplay__qwen3.5-2b__playornotplay-v1.0-merged-fp32-828e356,medium_frequency_words_clue_with_critic,instance_00004,Aborted,1.0
206,wordle_withcritic,playornotplay__qwen3.5-2b__playornotplay-v1.0-merged-fp32-828e356,medium_frequency_words_clue_with_critic,instance_00004,Lose,0.0
207,wordle_withcritic,playornotplay__qwen3.5-2b__playornotplay-v1.0-merged-fp32-828e356,medium_frequency_words_clue_with_critic,instance_00004,Success,0.0
208,wordle_withcritic,playornotplay__qwen3.5-2b__playornotplay-v1.0-merged-fp32-828e356,medium_frequency_words_clue_with_critic,instance_00004,Request Count,1.0
209,wordle_withcritic,playornotplay__qwen3.5-2b__playornotplay-v1.0-merged-fp32-828e356,medium_frequency_words_clue_with_critic,instance_00004,Parsed Request Count,0.0
210,wordle_withcritic,playornotplay__qwen3.5-2b__playornotplay-v1.0-merged-fp32-828e356,medium_frequency_words_clue_with_critic,instance_00004,Violated Request Count,1.0
211,wordle_withcritic,playornotplay__qwen3.5-2b__playornotplay-v1.0-merged-fp32-828e356,medium_frequency_words_clue_with_critic,instance_00004,Request Success Ratio,0.0
212,wordle_withcritic,playornotplay__qwen3.5-2b__playornotplay-v1.0-merged-fp32-828e356,medium_frequency_words_clue_with_critic,instance_00004,Main Score,
213,wordle_withcritic,playornotplay__qwen3.5-2b__playornotplay-v1.0-merged-fp32-828e356,medium_frequency_words_clue_with_critic,instance_00004,Guess Repetitions,
214,wordle_withcritic,playornotplay__qwen3.5-2b__playornotplay-v1.0-merged-fp32-828e356,medium_frequency_words_clue_with_critic,instance_00004,Repetition-Guesser-On-Critic-Agreement,
215,wordle_withcritic,playornotplay__qwen3.5-2b__playornotplay-v1.0-merged-fp32-828e356,medium_frequency_words_clue_with_critic,instance_00004,Non-Repetition-Guesser-On-Critic-Agreement,
216,wordle_withcritic,playornotplay__qwen3.5-2b__playornotplay-v1.0-merged-fp32-828e356,medium_frequency_words_clue_with_critic,instance_00004,Repetition-Guesser-On-Critic-Disagreement,
217,wordle_withcritic,playornotplay__qwen3.5-2b__playornotplay-v1.0-merged-fp32-828e356,medium_frequency_words_clue_with_critic,instance_00004,Non-Repetition-Guesser-On-Critic-Disagreement,
218,wordle_withcritic,playornotplay__qwen3.5-2b__playornotplay-v1.0-merged-fp32-828e356,medium_frequency_words_clue_with_critic,instance_00019,Aborted,1.0
219,wordle_withcritic,playornotplay__qwen3.5-2b__playornotplay-v1.0-merged-fp32-828e356,medium_frequency_words_clue_with_critic,instance_00019,Lose,0.0
220,wordle_withcritic,playornotplay__qwen3.5-2b__playornotplay-v1.0-merged-fp32-828e356,medium_frequency_words_clue_with_critic,instance_00019,Success,0.0
221,wordle_withcritic,playornotplay__qwen3.5-2b__playornotplay-v1.0-merged-fp32-828e356,medium_frequency_words_clue_with_critic,instance_00019,Request Count,1.0
222,wordle_withcritic,playornotplay__qwen3.5-2b__playornotplay-v1.0-merged-fp32-828e356,medium_frequency_words_clue_with_critic,instance_00019,Parsed Request Count,0.0
223,wordle_withcritic,playornotplay__qwen3.5-2b__playornotplay-v1.0-merged-fp32-828e356,medium_frequency_words_clue_with_critic,instance_00019,Violated Request Count,1.0
224,wordle_withcritic,playornotplay__qwen3.5-2b__playornotplay-v1.0-merged-fp32-828e356,medium_frequency_words_clue_with_critic,instance_00019,Request Success Ratio,0.0
225,wordle_withcritic,playornotplay__qwen3.5-2b__playornotplay-v1.0-merged-fp32-828e356,medium_frequency_words_clue_with_critic,instance_00019,Main Score,
226,wordle_withcritic,playornotplay__qwen3.5-2b__playornotplay-v1.0-merged-fp32-828e356,medium_frequency_words_clue_with_critic,instance_00019,Guess Repetitions,
227,wordle_withcritic,playornotplay__qwen3.5-2b__playornotplay-v1.0-merged-fp32-828e356,medium_frequency_words_clue_with_critic,instance_00019,Repetition-Guesser-On-Critic-Agreement,
228,wordle_withcritic,playornotplay__qwen3.5-2b__playornotplay-v1.0-merged-fp32-828e356,medium_frequency_words_clue_with_critic,instance_00019,Non-Repetition-Guesser-On-Critic-Agreement,
229,wordle_withcritic,playornotplay__qwen3.5-2b__playornotplay-v1.0-merged-fp32-828e356,medium_frequency_words_clue_with_critic,instance_00019,Repetition-Guesser-On-Critic-Disagreement,
230,wordle_withcritic,playornotplay__qwen3.5-2b__playornotplay-v1.0-merged-fp32-828e356,medium_frequency_words_clue_with_critic,instance_00019,Non-Repetition-Guesser-On-Critic-Disagreement,
231,wordle_withcritic,playornotplay__qwen3.5-2b__playornotplay-v1.0-merged-fp32-828e356,high_frequency_words_clue_with_critic,instance_00002,Aborted,1.0
232,wordle_withcritic,playornotplay__qwen3.5-2b__playornotplay-v1.0-merged-fp32-828e356,high_frequency_words_clue_with_critic,instance_00002,Lose,0.0
233,wordle_withcritic,playornotplay__qwen3.5-2b__playornotplay-v1.0-merged-fp32-828e356,high_frequency_words_clue_with_critic,instance_00002,Success,0.0
234,wordle_withcritic,playornotplay__qwen3.5-2b__playornotplay-v1.0-merged-fp32-828e356,high_frequency_words_clue_with_critic,instance_00002,Request Count,1.0
235,wordle_withcritic,playornotplay__qwen3.5-2b__playornotplay-v1.0-merged-fp32-828e356,high_frequency_words_clue_with_critic,instance_00002,Parsed Request Count,0.0
236,wordle_withcritic,playornotplay__qwen3.5-2b__playornotplay-v1.0-merged-fp32-828e356,high_frequency_words_clue_with_critic,instance_00002,Violated Request Count,1.0
237,wordle_withcritic,playornotplay__qwen3.5-2b__playornotplay-v1.0-merged-fp32-828e356,high_frequency_words_clue_with_critic,instance_00002,Request Success Ratio,0.0
238,wordle_withcritic,playornotplay__qwen3.5-2b__playornotplay-v1.0-merged-fp32-828e356,high_frequency_words_clue_with_critic,instance_00002,Main Score,
239,wordle_withcritic,playornotplay__qwen3.5-2b__playornotplay-v1.0-merged-fp32-828e356,high_frequency_words_clue_with_critic,instance_00002,Guess Repetitions,
240,wordle_withcritic,playornotplay__qwen3.5-2b__playornotplay-v1.0-merged-fp32-828e356,high_frequency_words_clue_with_critic,instance_00002,Repetition-Guesser-On-Critic-Agreement,
241,wordle_withcritic,playornotplay__qwen3.5-2b__playornotplay-v1.0-merged-fp32-828e356,high_frequency_words_clue_with_critic,instance_00002,Non-Repetition-Guesser-On-Critic-Agreement,
242,wordle_withcritic,playornotplay__qwen3.5-2b__playornotplay-v1.0-merged-fp32-828e356,high_frequency_words_clue_with_critic,instance_00002,Repetition-Guesser-On-Critic-Disagreement,
243,wordle_withcritic,playornotplay__qwen3.5-2b__playornotplay-v1.0-merged-fp32-828e356,high_frequency_words_clue_with_critic,instance_00002,Non-Repetition-Guesser-On-Critic-Disagreement,
244,taboo,playornotplay__qwen3.5-2b__playornotplay-v1.0-merged-fp32-828e356,high_en,instance_00016,Violated Request Count,0.0
245,taboo,playornotplay__qwen3.5-2b__playornotplay-v1.0-merged-fp32-828e356,high_en,instance_00016,Parsed Request Count,1.0
246,taboo,playornotplay__qwen3.5-2b__playornotplay-v1.0-merged-fp32-828e356,high_en,instance_00016,Request Count,1.0
247,taboo,playornotplay__qwen3.5-2b__playornotplay-v1.0-merged-fp32-828e356,high_en,instance_00016,Request Success Ratio,1.0
248,taboo,playornotplay__qwen3.5-2b__playornotplay-v1.0-merged-fp32-828e356,high_en,instance_00016,Aborted,0.0
249,taboo,playornotplay__qwen3.5-2b__playornotplay-v1.0-merged-fp32-828e356,high_en,instance_00016,Success,0.0
250,taboo,playornotplay__qwen3.5-2b__playornotplay-v1.0-merged-fp32-828e356,high_en,instance_00016,Lose,1.0
251,taboo,playornotplay__qwen3.5-2b__playornotplay-v1.0-merged-fp32-828e356,high_en,instance_00016,Main Score,0.0
252,taboo,playornotplay__qwen3.5-2b__playornotplay-v1.0-merged-fp32-828e356,high_en,instance_00016,Repetition-Guesser,0.0
253,taboo,playornotplay__qwen3.5-2b__playornotplay-v1.0-merged-fp32-828e356,high_en,instance_00016,Repetition-Describer,0.0
254,taboo,playornotplay__qwen3.5-2b__playornotplay-v1.0-merged-fp32-828e356,high_en,instance_00010,Violated Request Count,0.0
255,taboo,playornotplay__qwen3.5-2b__playornotplay-v1.0-merged-fp32-828e356,high_en,instance_00010,Parsed Request Count,2.0
256,taboo,playornotplay__qwen3.5-2b__playornotplay-v1.0-merged-fp32-828e356,high_en,instance_00010,Request Count,2.0
257,taboo,playornotplay__qwen3.5-2b__playornotplay-v1.0-merged-fp32-828e356,high_en,instance_00010,Request Success Ratio,1.0
258,taboo,playornotplay__qwen3.5-2b__playornotplay-v1.0-merged-fp32-828e356,high_en,instance_00010,Aborted,0.0
259,taboo,playornotplay__qwen3.5-2b__playornotplay-v1.0-merged-fp32-828e356,high_en,instance_00010,Success,1.0
260,taboo,playornotplay__qwen3.5-2b__playornotplay-v1.0-merged-fp32-828e356,high_en,instance_00010,Lose,0.0
261,taboo,playornotplay__qwen3.5-2b__playornotplay-v1.0-merged-fp32-828e356,high_en,instance_00010,Main Score,50.0
262,taboo,playornotplay__qwen3.5-2b__playornotplay-v1.0-merged-fp32-828e356,high_en,instance_00010,Repetition-Guesser,0.0
263,taboo,playornotplay__qwen3.5-2b__playornotplay-v1.0-merged-fp32-828e356,high_en,instance_00010,Repetition-Describer,0.0
264,taboo,playornotplay__qwen3.5-2b__playornotplay-v1.0-merged-fp32-828e356,low_en,instance_00018,Violated Request Count,0.0
265,taboo,playornotplay__qwen3.5-2b__playornotplay-v1.0-merged-fp32-828e356,low_en,instance_00018,Parsed Request Count,2.0
266,taboo,playornotplay__qwen3.5-2b__playornotplay-v1.0-merged-fp32-828e356,low_en,instance_00018,Request Count,2.0
267,taboo,playornotplay__qwen3.5-2b__playornotplay-v1.0-merged-fp32-828e356,low_en,instance_00018,Request Success Ratio,1.0
268,taboo,playornotplay__qwen3.5-2b__playornotplay-v1.0-merged-fp32-828e356,low_en,instance_00018,Aborted,0.0
269,taboo,playornotplay__qwen3.5-2b__playornotplay-v1.0-merged-fp32-828e356,low_en,instance_00018,Success,0.0
270,taboo,playornotplay__qwen3.5-2b__playornotplay-v1.0-merged-fp32-828e356,low_en,instance_00018,Lose,1.0
271,taboo,playornotplay__qwen3.5-2b__playornotplay-v1.0-merged-fp32-828e356,low_en,instance_00018,Main Score,0.0
272,taboo,playornotplay__qwen3.5-2b__playornotplay-v1.0-merged-fp32-828e356,low_en,instance_00018,Repetition-Guesser,0.0
273,taboo,playornotplay__qwen3.5-2b__playornotplay-v1.0-merged-fp32-828e356,low_en,instance_00018,Repetition-Describer,0.0
274,taboo,playornotplay__qwen3.5-2b__playornotplay-v1.0-merged-fp32-828e356,low_en,instance_00012,Violated Request Count,0.0
275,taboo,playornotplay__qwen3.5-2b__playornotplay-v1.0-merged-fp32-828e356,low_en,instance_00012,Parsed Request Count,1.0
276,taboo,playornotplay__qwen3.5-2b__playornotplay-v1.0-merged-fp32-828e356,low_en,instance_00012,Request Count,1.0
277,taboo,playornotplay__qwen3.5-2b__playornotplay-v1.0-merged-fp32-828e356,low_en,instance_00012,Request Success Ratio,1.0
278,taboo,playornotplay__qwen3.5-2b__playornotplay-v1.0-merged-fp32-828e356,low_en,instance_00012,Aborted,0.0
279,taboo,playornotplay__qwen3.5-2b__playornotplay-v1.0-merged-fp32-828e356,low_en,instance_00012,Success,0.0
280,taboo,playornotplay__qwen3.5-2b__playornotplay-v1.0-merged-fp32-828e356,low_en,instance_00012,Lose,1.0
281,taboo,playornotplay__qwen3.5-2b__playornotplay-v1.0-merged-fp32-828e356,low_en,instance_00012,Main Score,0.0
282,taboo,playornotplay__qwen3.5-2b__playornotplay-v1.0-merged-fp32-828e356,low_en,instance_00012,Repetition-Guesser,0.0
283,taboo,playornotplay__qwen3.5-2b__playornotplay-v1.0-merged-fp32-828e356,low_en,instance_00012,Repetition-Describer,0.0
284,taboo,playornotplay__qwen3.5-2b__playornotplay-v1.0-merged-fp32-828e356,medium_en,instance_00007,Violated Request Count,0.0
285,taboo,playornotplay__qwen3.5-2b__playornotplay-v1.0-merged-fp32-828e356,medium_en,instance_00007,Parsed Request Count,1.0
286,taboo,playornotplay__qwen3.5-2b__playornotplay-v1.0-merged-fp32-828e356,medium_en,instance_00007,Request Count,1.0
287,taboo,playornotplay__qwen3.5-2b__playornotplay-v1.0-merged-fp32-828e356,medium_en,instance_00007,Request Success Ratio,1.0
288,taboo,playornotplay__qwen3.5-2b__playornotplay-v1.0-merged-fp32-828e356,medium_en,instance_00007,Aborted,0.0
289,taboo,playornotplay__qwen3.5-2b__playornotplay-v1.0-merged-fp32-828e356,medium_en,instance_00007,Success,1.0
290,taboo,playornotplay__qwen3.5-2b__playornotplay-v1.0-merged-fp32-828e356,medium_en,instance_00007,Lose,0.0
291,taboo,playornotplay__qwen3.5-2b__playornotplay-v1.0-merged-fp32-828e356,medium_en,instance_00007,Main Score,100.0
292,taboo,playornotplay__qwen3.5-2b__playornotplay-v1.0-merged-fp32-828e356,medium_en,instance_00007,Repetition-Guesser,0.0
293,taboo,playornotplay__qwen3.5-2b__playornotplay-v1.0-merged-fp32-828e356,medium_en,instance_00007,Repetition-Describer,0.0
294,taboo,playornotplay__qwen3.5-2b__playornotplay-v1.0-merged-fp32-828e356,medium_en,instance_00010,Violated Request Count,0.0
295,taboo,playornotplay__qwen3.5-2b__playornotplay-v1.0-merged-fp32-828e356,medium_en,instance_00010,Parsed Request Count,1.0
296,taboo,playornotplay__qwen3.5-2b__playornotplay-v1.0-merged-fp32-828e356,medium_en,instance_00010,Request Count,1.0
297,taboo,playornotplay__qwen3.5-2b__playornotplay-v1.0-merged-fp32-828e356,medium_en,instance_00010,Request Success Ratio,1.0
298,taboo,playornotplay__qwen3.5-2b__playornotplay-v1.0-merged-fp32-828e356,medium_en,instance_00010,Aborted,0.0
299,taboo,playornotplay__qwen3.5-2b__playornotplay-v1.0-merged-fp32-828e356,medium_en,instance_00010,Success,1.0
300,taboo,playornotplay__qwen3.5-2b__playornotplay-v1.0-merged-fp32-828e356,medium_en,instance_00010,Lose,0.0
301,taboo,playornotplay__qwen3.5-2b__playornotplay-v1.0-merged-fp32-828e356,medium_en,instance_00010,Main Score,100.0
302,taboo,playornotplay__qwen3.5-2b__playornotplay-v1.0-merged-fp32-828e356,medium_en,instance_00010,Repetition-Guesser,0.0
303,taboo,playornotplay__qwen3.5-2b__playornotplay-v1.0-merged-fp32-828e356,medium_en,instance_00010,Repetition-Describer,0.0
304,wordle_withclue,playornotplay__qwen3.5-2b__playornotplay-v1.0-merged-fp32-828e356,high_frequency_words_clue_no_critic,instance_00009,Aborted,1.0
305,wordle_withclue,playornotplay__qwen3.5-2b__playornotplay-v1.0-merged-fp32-828e356,high_frequency_words_clue_no_critic,instance_00009,Lose,0.0
306,wordle_withclue,playornotplay__qwen3.5-2b__playornotplay-v1.0-merged-fp32-828e356,high_frequency_words_clue_no_critic,instance_00009,Success,0.0
307,wordle_withclue,playornotplay__qwen3.5-2b__playornotplay-v1.0-merged-fp32-828e356,high_frequency_words_clue_no_critic,instance_00009,Request Count,1.0
308,wordle_withclue,playornotplay__qwen3.5-2b__playornotplay-v1.0-merged-fp32-828e356,high_frequency_words_clue_no_critic,instance_00009,Parsed Request Count,0.0
309,wordle_withclue,playornotplay__qwen3.5-2b__playornotplay-v1.0-merged-fp32-828e356,high_frequency_words_clue_no_critic,instance_00009,Violated Request Count,1.0
310,wordle_withclue,playornotplay__qwen3.5-2b__playornotplay-v1.0-merged-fp32-828e356,high_frequency_words_clue_no_critic,instance_00009,Request Success Ratio,0.0
311,wordle_withclue,playornotplay__qwen3.5-2b__playornotplay-v1.0-merged-fp32-828e356,high_frequency_words_clue_no_critic,instance_00009,Main Score,
312,wordle_withclue,playornotplay__qwen3.5-2b__playornotplay-v1.0-merged-fp32-828e356,high_frequency_words_clue_no_critic,instance_00009,Guess Repetitions,
313,wordle_withclue,playornotplay__qwen3.5-2b__playornotplay-v1.0-merged-fp32-828e356,medium_frequency_words_clue_no_critic,instance_00011,Aborted,1.0
314,wordle_withclue,playornotplay__qwen3.5-2b__playornotplay-v1.0-merged-fp32-828e356,medium_frequency_words_clue_no_critic,instance_00011,Lose,0.0
315,wordle_withclue,playornotplay__qwen3.5-2b__playornotplay-v1.0-merged-fp32-828e356,medium_frequency_words_clue_no_critic,instance_00011,Success,0.0
316,wordle_withclue,playornotplay__qwen3.5-2b__playornotplay-v1.0-merged-fp32-828e356,medium_frequency_words_clue_no_critic,instance_00011,Request Count,5.0
317,wordle_withclue,playornotplay__qwen3.5-2b__playornotplay-v1.0-merged-fp32-828e356,medium_frequency_words_clue_no_critic,instance_00011,Parsed Request Count,4.0
318,wordle_withclue,playornotplay__qwen3.5-2b__playornotplay-v1.0-merged-fp32-828e356,medium_frequency_words_clue_no_critic,instance_00011,Violated Request Count,1.0
319,wordle_withclue,playornotplay__qwen3.5-2b__playornotplay-v1.0-merged-fp32-828e356,medium_frequency_words_clue_no_critic,instance_00011,Request Success Ratio,0.8
320,wordle_withclue,playornotplay__qwen3.5-2b__playornotplay-v1.0-merged-fp32-828e356,medium_frequency_words_clue_no_critic,instance_00011,Main Score,
321,wordle_withclue,playornotplay__qwen3.5-2b__playornotplay-v1.0-merged-fp32-828e356,medium_frequency_words_clue_no_critic,instance_00011,Guess Repetitions,
322,wordle_withclue,playornotplay__qwen3.5-2b__playornotplay-v1.0-merged-fp32-828e356,medium_frequency_words_clue_no_critic,instance_00018,Aborted,1.0
323,wordle_withclue,playornotplay__qwen3.5-2b__playornotplay-v1.0-merged-fp32-828e356,medium_frequency_words_clue_no_critic,instance_00018,Lose,0.0
324,wordle_withclue,playornotplay__qwen3.5-2b__playornotplay-v1.0-merged-fp32-828e356,medium_frequency_words_clue_no_critic,instance_00018,Success,0.0
325,wordle_withclue,playornotplay__qwen3.5-2b__playornotplay-v1.0-merged-fp32-828e356,medium_frequency_words_clue_no_critic,instance_00018,Request Count,1.0
326,wordle_withclue,playornotplay__qwen3.5-2b__playornotplay-v1.0-merged-fp32-828e356,medium_frequency_words_clue_no_critic,instance_00018,Parsed Request Count,0.0
327,wordle_withclue,playornotplay__qwen3.5-2b__playornotplay-v1.0-merged-fp32-828e356,medium_frequency_words_clue_no_critic,instance_00018,Violated Request Count,1.0
328,wordle_withclue,playornotplay__qwen3.5-2b__playornotplay-v1.0-merged-fp32-828e356,medium_frequency_words_clue_no_critic,instance_00018,Request Success Ratio,0.0
329,wordle_withclue,playornotplay__qwen3.5-2b__playornotplay-v1.0-merged-fp32-828e356,medium_frequency_words_clue_no_critic,instance_00018,Main Score,
330,wordle_withclue,playornotplay__qwen3.5-2b__playornotplay-v1.0-merged-fp32-828e356,medium_frequency_words_clue_no_critic,instance_00018,Guess Repetitions,
331,textmapworld,playornotplay__qwen3.5-2b__playornotplay-v1.0-merged-fp32-828e356,large_cycle,instance_00049,Success,0.0
332,textmapworld,playornotplay__qwen3.5-2b__playornotplay-v1.0-merged-fp32-828e356,large_cycle,instance_00049,Aborted,0.0
333,textmapworld,playornotplay__qwen3.5-2b__playornotplay-v1.0-merged-fp32-828e356,large_cycle,instance_00049,Lose,1.0
334,textmapworld,playornotplay__qwen3.5-2b__playornotplay-v1.0-merged-fp32-828e356,large_cycle,instance_00049,moves,1.0
335,textmapworld,playornotplay__qwen3.5-2b__playornotplay-v1.0-merged-fp32-828e356,large_cycle,instance_00049,valid_moves,1.0
336,textmapworld,playornotplay__qwen3.5-2b__playornotplay-v1.0-merged-fp32-828e356,large_cycle,instance_00049,invalid_moves,0.0
337,textmapworld,playornotplay__qwen3.5-2b__playornotplay-v1.0-merged-fp32-828e356,large_cycle,instance_00049,stopped,1.0
338,textmapworld,playornotplay__qwen3.5-2b__playornotplay-v1.0-merged-fp32-828e356,large_cycle,instance_00049,turns_limit,0.0
339,textmapworld,playornotplay__qwen3.5-2b__playornotplay-v1.0-merged-fp32-828e356,large_cycle,instance_00049,loops,0.0
340,textmapworld,playornotplay__qwen3.5-2b__playornotplay-v1.0-merged-fp32-828e356,large_cycle,instance_00049,number_visited,2.0
341,textmapworld,playornotplay__qwen3.5-2b__playornotplay-v1.0-merged-fp32-828e356,large_cycle,instance_00049,seen,3.0
342,textmapworld,playornotplay__qwen3.5-2b__playornotplay-v1.0-merged-fp32-828e356,large_cycle,instance_00049,efficiency,100.0
343,textmapworld,playornotplay__qwen3.5-2b__playornotplay-v1.0-merged-fp32-828e356,large_cycle,instance_00049,exploration,25.0
344,textmapworld,playornotplay__qwen3.5-2b__playornotplay-v1.0-merged-fp32-828e356,large_cycle,instance_00049,Main Score,40.0
345,textmapworld,playornotplay__qwen3.5-2b__playornotplay-v1.0-merged-fp32-828e356,small,instance_00006,Success,0.0
346,textmapworld,playornotplay__qwen3.5-2b__playornotplay-v1.0-merged-fp32-828e356,small,instance_00006,Aborted,0.0
347,textmapworld,playornotplay__qwen3.5-2b__playornotplay-v1.0-merged-fp32-828e356,small,instance_00006,Lose,1.0
348,textmapworld,playornotplay__qwen3.5-2b__playornotplay-v1.0-merged-fp32-828e356,small,instance_00006,moves,2.0
349,textmapworld,playornotplay__qwen3.5-2b__playornotplay-v1.0-merged-fp32-828e356,small,instance_00006,valid_moves,2.0
350,textmapworld,playornotplay__qwen3.5-2b__playornotplay-v1.0-merged-fp32-828e356,small,instance_00006,invalid_moves,0.0
351,textmapworld,playornotplay__qwen3.5-2b__playornotplay-v1.0-merged-fp32-828e356,small,instance_00006,stopped,1.0
352,textmapworld,playornotplay__qwen3.5-2b__playornotplay-v1.0-merged-fp32-828e356,small,instance_00006,turns_limit,0.0
353,textmapworld,playornotplay__qwen3.5-2b__playornotplay-v1.0-merged-fp32-828e356,small,instance_00006,loops,0.0
354,textmapworld,playornotplay__qwen3.5-2b__playornotplay-v1.0-merged-fp32-828e356,small,instance_00006,number_visited,2.0
355,textmapworld,playornotplay__qwen3.5-2b__playornotplay-v1.0-merged-fp32-828e356,small,instance_00006,seen,3.0
356,textmapworld,playornotplay__qwen3.5-2b__playornotplay-v1.0-merged-fp32-828e356,small,instance_00006,efficiency,100.0
357,textmapworld,playornotplay__qwen3.5-2b__playornotplay-v1.0-merged-fp32-828e356,small,instance_00006,exploration,50.0
358,textmapworld,playornotplay__qwen3.5-2b__playornotplay-v1.0-merged-fp32-828e356,small,instance_00006,Main Score,66.66666666666667
359,textmapworld,playornotplay__qwen3.5-2b__playornotplay-v1.0-merged-fp32-828e356,large,instance_00028,Success,0.0
360,textmapworld,playornotplay__qwen3.5-2b__playornotplay-v1.0-merged-fp32-828e356,large,instance_00028,Aborted,0.0
361,textmapworld,playornotplay__qwen3.5-2b__playornotplay-v1.0-merged-fp32-828e356,large,instance_00028,Lose,1.0
362,textmapworld,playornotplay__qwen3.5-2b__playornotplay-v1.0-merged-fp32-828e356,large,instance_00028,moves,2.0
363,textmapworld,playornotplay__qwen3.5-2b__playornotplay-v1.0-merged-fp32-828e356,large,instance_00028,valid_moves,2.0
364,textmapworld,playornotplay__qwen3.5-2b__playornotplay-v1.0-merged-fp32-828e356,large,instance_00028,invalid_moves,0.0
365,textmapworld,playornotplay__qwen3.5-2b__playornotplay-v1.0-merged-fp32-828e356,large,instance_00028,stopped,1.0
366,textmapworld,playornotplay__qwen3.5-2b__playornotplay-v1.0-merged-fp32-828e356,large,instance_00028,turns_limit,0.0
367,textmapworld,playornotplay__qwen3.5-2b__playornotplay-v1.0-merged-fp32-828e356,large,instance_00028,loops,0.0
368,textmapworld,playornotplay__qwen3.5-2b__playornotplay-v1.0-merged-fp32-828e356,large,instance_00028,number_visited,3.0
369,textmapworld,playornotplay__qwen3.5-2b__playornotplay-v1.0-merged-fp32-828e356,large,instance_00028,seen,4.0
370,textmapworld,playornotplay__qwen3.5-2b__playornotplay-v1.0-merged-fp32-828e356,large,instance_00028,efficiency,100.0
371,textmapworld,playornotplay__qwen3.5-2b__playornotplay-v1.0-merged-fp32-828e356,large,instance_00028,exploration,37.5
372,textmapworld,playornotplay__qwen3.5-2b__playornotplay-v1.0-merged-fp32-828e356,large,instance_00028,Main Score,54.54545454545455
373,textmapworld,playornotplay__qwen3.5-2b__playornotplay-v1.0-merged-fp32-828e356,medium_cycle,instance_00034,Success,0.0
374,textmapworld,playornotplay__qwen3.5-2b__playornotplay-v1.0-merged-fp32-828e356,medium_cycle,instance_00034,Aborted,0.0
375,textmapworld,playornotplay__qwen3.5-2b__playornotplay-v1.0-merged-fp32-828e356,medium_cycle,instance_00034,Lose,1.0
376,textmapworld,playornotplay__qwen3.5-2b__playornotplay-v1.0-merged-fp32-828e356,medium_cycle,instance_00034,moves,3.0
377,textmapworld,playornotplay__qwen3.5-2b__playornotplay-v1.0-merged-fp32-828e356,medium_cycle,instance_00034,valid_moves,3.0
378,textmapworld,playornotplay__qwen3.5-2b__playornotplay-v1.0-merged-fp32-828e356,medium_cycle,instance_00034,invalid_moves,0.0
379,textmapworld,playornotplay__qwen3.5-2b__playornotplay-v1.0-merged-fp32-828e356,medium_cycle,instance_00034,stopped,1.0
380,textmapworld,playornotplay__qwen3.5-2b__playornotplay-v1.0-merged-fp32-828e356,medium_cycle,instance_00034,turns_limit,0.0
381,textmapworld,playornotplay__qwen3.5-2b__playornotplay-v1.0-merged-fp32-828e356,medium_cycle,instance_00034,loops,0.0
382,textmapworld,playornotplay__qwen3.5-2b__playornotplay-v1.0-merged-fp32-828e356,medium_cycle,instance_00034,number_visited,4.0
383,textmapworld,playornotplay__qwen3.5-2b__playornotplay-v1.0-merged-fp32-828e356,medium_cycle,instance_00034,seen,6.0
384,textmapworld,playornotplay__qwen3.5-2b__playornotplay-v1.0-merged-fp32-828e356,medium_cycle,instance_00034,efficiency,100.0
385,textmapworld,playornotplay__qwen3.5-2b__playornotplay-v1.0-merged-fp32-828e356,medium_cycle,instance_00034,exploration,66.66666666666666
386,textmapworld,playornotplay__qwen3.5-2b__playornotplay-v1.0-merged-fp32-828e356,medium_cycle,instance_00034,Main Score,80.0
387,textmapworld,playornotplay__qwen3.5-2b__playornotplay-v1.0-merged-fp32-828e356,medium,instance_00010,Success,0.0
388,textmapworld,playornotplay__qwen3.5-2b__playornotplay-v1.0-merged-fp32-828e356,medium,instance_00010,Aborted,0.0
389,textmapworld,playornotplay__qwen3.5-2b__playornotplay-v1.0-merged-fp32-828e356,medium,instance_00010,Lose,1.0
390,textmapworld,playornotplay__qwen3.5-2b__playornotplay-v1.0-merged-fp32-828e356,medium,instance_00010,moves,2.0
391,textmapworld,playornotplay__qwen3.5-2b__playornotplay-v1.0-merged-fp32-828e356,medium,instance_00010,valid_moves,2.0
392,textmapworld,playornotplay__qwen3.5-2b__playornotplay-v1.0-merged-fp32-828e356,medium,instance_00010,invalid_moves,0.0
393,textmapworld,playornotplay__qwen3.5-2b__playornotplay-v1.0-merged-fp32-828e356,medium,instance_00010,stopped,1.0
394,textmapworld,playornotplay__qwen3.5-2b__playornotplay-v1.0-merged-fp32-828e356,medium,instance_00010,turns_limit,0.0
395,textmapworld,playornotplay__qwen3.5-2b__playornotplay-v1.0-merged-fp32-828e356,medium,instance_00010,loops,0.0
396,textmapworld,playornotplay__qwen3.5-2b__playornotplay-v1.0-merged-fp32-828e356,medium,instance_00010,number_visited,2.0
397,textmapworld,playornotplay__qwen3.5-2b__playornotplay-v1.0-merged-fp32-828e356,medium,instance_00010,seen,3.0
398,textmapworld,playornotplay__qwen3.5-2b__playornotplay-v1.0-merged-fp32-828e356,medium,instance_00010,efficiency,100.0
399,textmapworld,playornotplay__qwen3.5-2b__playornotplay-v1.0-merged-fp32-828e356,medium,instance_00010,exploration,33.33333333333333
400,textmapworld,playornotplay__qwen3.5-2b__playornotplay-v1.0-merged-fp32-828e356,medium,instance_00010,Main Score,50.0
401,referencegame,playornotplay__qwen3.5-2b__playornotplay-v1.0-merged-fp32-828e356,random_grids,instance_00005,Generated Expression Length,205.0
402,referencegame,playornotplay__qwen3.5-2b__playornotplay-v1.0-merged-fp32-828e356,random_grids,instance_00005,Generated Expression Number of Tokens,39.0
403,referencegame,playornotplay__qwen3.5-2b__playornotplay-v1.0-merged-fp32-828e356,random_grids,instance_00005,Aborted at Player 1,0.0
404,referencegame,playornotplay__qwen3.5-2b__playornotplay-v1.0-merged-fp32-828e356,random_grids,instance_00005,Aborted at Player 2,0.0
405,referencegame,playornotplay__qwen3.5-2b__playornotplay-v1.0-merged-fp32-828e356,random_grids,instance_00005,Request Count,2.0
406,referencegame,playornotplay__qwen3.5-2b__playornotplay-v1.0-merged-fp32-828e356,random_grids,instance_00005,Parsed Request Count,2.0
407,referencegame,playornotplay__qwen3.5-2b__playornotplay-v1.0-merged-fp32-828e356,random_grids,instance_00005,Violated Request Count,0.0
408,referencegame,playornotplay__qwen3.5-2b__playornotplay-v1.0-merged-fp32-828e356,random_grids,instance_00005,Aborted,0.0
409,referencegame,playornotplay__qwen3.5-2b__playornotplay-v1.0-merged-fp32-828e356,random_grids,instance_00005,Success,0.0
410,referencegame,playornotplay__qwen3.5-2b__playornotplay-v1.0-merged-fp32-828e356,random_grids,instance_00005,Lose,1.0
411,referencegame,playornotplay__qwen3.5-2b__playornotplay-v1.0-merged-fp32-828e356,random_grids,instance_00005,Main Score,0.0
412,referencegame,playornotplay__qwen3.5-2b__playornotplay-v1.0-merged-fp32-828e356,random_grids,instance_00005,Request Success Ratio,1.0
413,referencegame,playornotplay__qwen3.5-2b__playornotplay-v1.0-merged-fp32-828e356,line_grids_columns,instance_00013,Generated Expression Length,161.0
414,referencegame,playornotplay__qwen3.5-2b__playornotplay-v1.0-merged-fp32-828e356,line_grids_columns,instance_00013,Generated Expression Number of Tokens,30.0
415,referencegame,playornotplay__qwen3.5-2b__playornotplay-v1.0-merged-fp32-828e356,line_grids_columns,instance_00013,Aborted at Player 1,0.0
416,referencegame,playornotplay__qwen3.5-2b__playornotplay-v1.0-merged-fp32-828e356,line_grids_columns,instance_00013,Aborted at Player 2,0.0
417,referencegame,playornotplay__qwen3.5-2b__playornotplay-v1.0-merged-fp32-828e356,line_grids_columns,instance_00013,Request Count,2.0
418,referencegame,playornotplay__qwen3.5-2b__playornotplay-v1.0-merged-fp32-828e356,line_grids_columns,instance_00013,Parsed Request Count,2.0
419,referencegame,playornotplay__qwen3.5-2b__playornotplay-v1.0-merged-fp32-828e356,line_grids_columns,instance_00013,Violated Request Count,0.0
420,referencegame,playornotplay__qwen3.5-2b__playornotplay-v1.0-merged-fp32-828e356,line_grids_columns,instance_00013,Aborted,0.0
421,referencegame,playornotplay__qwen3.5-2b__playornotplay-v1.0-merged-fp32-828e356,line_grids_columns,instance_00013,Success,1.0
422,referencegame,playornotplay__qwen3.5-2b__playornotplay-v1.0-merged-fp32-828e356,line_grids_columns,instance_00013,Lose,0.0
423,referencegame,playornotplay__qwen3.5-2b__playornotplay-v1.0-merged-fp32-828e356,line_grids_columns,instance_00013,Main Score,100.0
424,referencegame,playornotplay__qwen3.5-2b__playornotplay-v1.0-merged-fp32-828e356,line_grids_columns,instance_00013,Request Success Ratio,1.0
425,referencegame,playornotplay__qwen3.5-2b__playornotplay-v1.0-merged-fp32-828e356,number_grids,instance_00017,Generated Expression Length,72.0
426,referencegame,playornotplay__qwen3.5-2b__playornotplay-v1.0-merged-fp32-828e356,number_grids,instance_00017,Generated Expression Number of Tokens,13.0
427,referencegame,playornotplay__qwen3.5-2b__playornotplay-v1.0-merged-fp32-828e356,number_grids,instance_00017,Aborted at Player 1,0.0
428,referencegame,playornotplay__qwen3.5-2b__playornotplay-v1.0-merged-fp32-828e356,number_grids,instance_00017,Aborted at Player 2,0.0
429,referencegame,playornotplay__qwen3.5-2b__playornotplay-v1.0-merged-fp32-828e356,number_grids,instance_00017,Request Count,2.0
430,referencegame,playornotplay__qwen3.5-2b__playornotplay-v1.0-merged-fp32-828e356,number_grids,instance_00017,Parsed Request Count,2.0
431,referencegame,playornotplay__qwen3.5-2b__playornotplay-v1.0-merged-fp32-828e356,number_grids,instance_00017,Violated Request Count,0.0
432,referencegame,playornotplay__qwen3.5-2b__playornotplay-v1.0-merged-fp32-828e356,number_grids,instance_00017,Aborted,0.0
433,referencegame,playornotplay__qwen3.5-2b__playornotplay-v1.0-merged-fp32-828e356,number_grids,instance_00017,Success,1.0
434,referencegame,playornotplay__qwen3.5-2b__playornotplay-v1.0-merged-fp32-828e356,number_grids,instance_00017,Lose,0.0
435,referencegame,playornotplay__qwen3.5-2b__playornotplay-v1.0-merged-fp32-828e356,number_grids,instance_00017,Main Score,100.0
436,referencegame,playornotplay__qwen3.5-2b__playornotplay-v1.0-merged-fp32-828e356,number_grids,instance_00017,Request Success Ratio,1.0
437,referencegame,playornotplay__qwen3.5-2b__playornotplay-v1.0-merged-fp32-828e356,line_grids_rows,instance_00017,Generated Expression Length,77.0
438,referencegame,playornotplay__qwen3.5-2b__playornotplay-v1.0-merged-fp32-828e356,line_grids_rows,instance_00017,Generated Expression Number of Tokens,14.0
439,referencegame,playornotplay__qwen3.5-2b__playornotplay-v1.0-merged-fp32-828e356,line_grids_rows,instance_00017,Aborted at Player 1,0.0
440,referencegame,playornotplay__qwen3.5-2b__playornotplay-v1.0-merged-fp32-828e356,line_grids_rows,instance_00017,Aborted at Player 2,0.0
441,referencegame,playornotplay__qwen3.5-2b__playornotplay-v1.0-merged-fp32-828e356,line_grids_rows,instance_00017,Request Count,2.0
442,referencegame,playornotplay__qwen3.5-2b__playornotplay-v1.0-merged-fp32-828e356,line_grids_rows,instance_00017,Parsed Request Count,2.0
443,referencegame,playornotplay__qwen3.5-2b__playornotplay-v1.0-merged-fp32-828e356,line_grids_rows,instance_00017,Violated Request Count,0.0
444,referencegame,playornotplay__qwen3.5-2b__playornotplay-v1.0-merged-fp32-828e356,line_grids_rows,instance_00017,Aborted,0.0
445,referencegame,playornotplay__qwen3.5-2b__playornotplay-v1.0-merged-fp32-828e356,line_grids_rows,instance_00017,Success,1.0
446,referencegame,playornotplay__qwen3.5-2b__playornotplay-v1.0-merged-fp32-828e356,line_grids_rows,instance_00017,Lose,0.0
447,referencegame,playornotplay__qwen3.5-2b__playornotplay-v1.0-merged-fp32-828e356,line_grids_rows,instance_00017,Main Score,100.0
448,referencegame,playornotplay__qwen3.5-2b__playornotplay-v1.0-merged-fp32-828e356,line_grids_rows,instance_00017,Request Success Ratio,1.0
449,referencegame,playornotplay__qwen3.5-2b__playornotplay-v1.0-merged-fp32-828e356,letter_grids,instance_00012,Generated Expression Length,95.0
450,referencegame,playornotplay__qwen3.5-2b__playornotplay-v1.0-merged-fp32-828e356,letter_grids,instance_00012,Generated Expression Number of Tokens,15.0
451,referencegame,playornotplay__qwen3.5-2b__playornotplay-v1.0-merged-fp32-828e356,letter_grids,instance_00012,Aborted at Player 1,0.0
452,referencegame,playornotplay__qwen3.5-2b__playornotplay-v1.0-merged-fp32-828e356,letter_grids,instance_00012,Aborted at Player 2,0.0
453,referencegame,playornotplay__qwen3.5-2b__playornotplay-v1.0-merged-fp32-828e356,letter_grids,instance_00012,Request Count,2.0
454,referencegame,playornotplay__qwen3.5-2b__playornotplay-v1.0-merged-fp32-828e356,letter_grids,instance_00012,Parsed Request Count,2.0
455,referencegame,playornotplay__qwen3.5-2b__playornotplay-v1.0-merged-fp32-828e356,letter_grids,instance_00012,Violated Request Count,0.0
456,referencegame,playornotplay__qwen3.5-2b__playornotplay-v1.0-merged-fp32-828e356,letter_grids,instance_00012,Aborted,0.0
457,referencegame,playornotplay__qwen3.5-2b__playornotplay-v1.0-merged-fp32-828e356,letter_grids,instance_00012,Success,1.0
458,referencegame,playornotplay__qwen3.5-2b__playornotplay-v1.0-merged-fp32-828e356,letter_grids,instance_00012,Lose,0.0
459,referencegame,playornotplay__qwen3.5-2b__playornotplay-v1.0-merged-fp32-828e356,letter_grids,instance_00012,Main Score,100.0
460,referencegame,playornotplay__qwen3.5-2b__playornotplay-v1.0-merged-fp32-828e356,letter_grids,instance_00012,Request Success Ratio,1.0
461,adventuregame,playornotplay__qwen3.5-2b__playornotplay-v1.0-merged-fp32-828e356,new-words_home-delivery_medium_basic_medium,instance_00002,Violated Request Count,0.0
462,adventuregame,playornotplay__qwen3.5-2b__playornotplay-v1.0-merged-fp32-828e356,new-words_home-delivery_medium_basic_medium,instance_00002,Parsed Request Count,26.0
463,adventuregame,playornotplay__qwen3.5-2b__playornotplay-v1.0-merged-fp32-828e356,new-words_home-delivery_medium_basic_medium,instance_00002,Request Count,26.0
464,adventuregame,playornotplay__qwen3.5-2b__playornotplay-v1.0-merged-fp32-828e356,new-words_home-delivery_medium_basic_medium,instance_00002,Request Success Ratio,1.0
465,adventuregame,playornotplay__qwen3.5-2b__playornotplay-v1.0-merged-fp32-828e356,new-words_home-delivery_medium_basic_medium,instance_00002,hallucination_count,1.0
466,adventuregame,playornotplay__qwen3.5-2b__playornotplay-v1.0-merged-fp32-828e356,new-words_home-delivery_medium_basic_medium,instance_00002,action_parsing_fail,4.0
467,adventuregame,playornotplay__qwen3.5-2b__playornotplay-v1.0-merged-fp32-828e356,new-words_home-delivery_medium_basic_medium,instance_00002,action_resolution_fail,2.0
468,adventuregame,playornotplay__qwen3.5-2b__playornotplay-v1.0-merged-fp32-828e356,new-words_home-delivery_medium_basic_medium,instance_00002,lark_exception,0.0
469,adventuregame,playornotplay__qwen3.5-2b__playornotplay-v1.0-merged-fp32-828e356,new-words_home-delivery_medium_basic_medium,instance_00002,malformed_command,4.0
470,adventuregame,playornotplay__qwen3.5-2b__playornotplay-v1.0-merged-fp32-828e356,new-words_home-delivery_medium_basic_medium,instance_00002,undefined_action_verb,0.0
471,adventuregame,playornotplay__qwen3.5-2b__playornotplay-v1.0-merged-fp32-828e356,new-words_home-delivery_medium_basic_medium,instance_00002,undefined_action,0.0
472,adventuregame,playornotplay__qwen3.5-2b__playornotplay-v1.0-merged-fp32-828e356,new-words_home-delivery_medium_basic_medium,instance_00002,undefined_repr_str,0.0
473,adventuregame,playornotplay__qwen3.5-2b__playornotplay-v1.0-merged-fp32-828e356,new-words_home-delivery_medium_basic_medium,instance_00002,manipulating_room,0.0
474,adventuregame,playornotplay__qwen3.5-2b__playornotplay-v1.0-merged-fp32-828e356,new-words_home-delivery_medium_basic_medium,instance_00002,undefined_argument_type,0.0
475,adventuregame,playornotplay__qwen3.5-2b__playornotplay-v1.0-merged-fp32-828e356,new-words_home-delivery_medium_basic_medium,instance_00002,taking_from_inventory,0.0
476,adventuregame,playornotplay__qwen3.5-2b__playornotplay-v1.0-merged-fp32-828e356,new-words_home-delivery_medium_basic_medium,instance_00002,other_room_argument,0.0
477,adventuregame,playornotplay__qwen3.5-2b__playornotplay-v1.0-merged-fp32-828e356,new-words_home-delivery_medium_basic_medium,instance_00002,domain_trait_type_mismatch,0.0
478,adventuregame,playornotplay__qwen3.5-2b__playornotplay-v1.0-merged-fp32-828e356,new-words_home-delivery_medium_basic_medium,instance_00002,domain_type_discrepancy,0.0
479,adventuregame,playornotplay__qwen3.5-2b__playornotplay-v1.0-merged-fp32-828e356,new-words_home-delivery_medium_basic_medium,instance_00002,world_state_discrepancy,0.0
480,adventuregame,playornotplay__qwen3.5-2b__playornotplay-v1.0-merged-fp32-828e356,new-words_home-delivery_medium_basic_medium,instance_00002,entity_not_accessible,1.0
481,adventuregame,playornotplay__qwen3.5-2b__playornotplay-v1.0-merged-fp32-828e356,new-words_home-delivery_medium_basic_medium,instance_00002,entity_state_mismatch,1.0
482,adventuregame,playornotplay__qwen3.5-2b__playornotplay-v1.0-merged-fp32-828e356,new-words_home-delivery_medium_basic_medium,instance_00002,entity_trait_mismatch,0.0
483,adventuregame,playornotplay__qwen3.5-2b__playornotplay-v1.0-merged-fp32-828e356,new-words_home-delivery_medium_basic_medium,instance_00002,entity_already_inventory,0.0
484,adventuregame,playornotplay__qwen3.5-2b__playornotplay-v1.0-merged-fp32-828e356,new-words_home-delivery_medium_basic_medium,instance_00002,going_to_current_room,0.0
485,adventuregame,playornotplay__qwen3.5-2b__playornotplay-v1.0-merged-fp32-828e356,new-words_home-delivery_medium_basic_medium,instance_00002,no_exit_to,0.0
486,adventuregame,playornotplay__qwen3.5-2b__playornotplay-v1.0-merged-fp32-828e356,new-words_home-delivery_medium_basic_medium,instance_00002,inventory_limit_exceeded,0.0
487,adventuregame,playornotplay__qwen3.5-2b__playornotplay-v1.0-merged-fp32-828e356,new-words_home-delivery_medium_basic_medium,instance_00002,successful_actions,20.0
488,adventuregame,playornotplay__qwen3.5-2b__playornotplay-v1.0-merged-fp32-828e356,new-words_home-delivery_medium_basic_medium,instance_00002,turn_limit_loss,0.0
489,adventuregame,playornotplay__qwen3.5-2b__playornotplay-v1.0-merged-fp32-828e356,new-words_home-delivery_medium_basic_medium,instance_00002,turns_over_par,
490,adventuregame,playornotplay__qwen3.5-2b__playornotplay-v1.0-merged-fp32-828e356,new-words_home-delivery_medium_basic_medium,instance_00002,turn_ratio,
491,adventuregame,playornotplay__qwen3.5-2b__playornotplay-v1.0-merged-fp32-828e356,new-words_home-delivery_medium_basic_medium,instance_00002,finish_speed,
492,adventuregame,playornotplay__qwen3.5-2b__playornotplay-v1.0-merged-fp32-828e356,new-words_home-delivery_medium_basic_medium,instance_00002,achieved_goal_ratio,0.3333333333333333
493,adventuregame,playornotplay__qwen3.5-2b__playornotplay-v1.0-merged-fp32-828e356,new-words_home-delivery_medium_basic_medium,instance_00002,Aborted,0.0
494,adventuregame,playornotplay__qwen3.5-2b__playornotplay-v1.0-merged-fp32-828e356,new-words_home-delivery_medium_basic_medium,instance_00002,Success,0.0
495,adventuregame,playornotplay__qwen3.5-2b__playornotplay-v1.0-merged-fp32-828e356,new-words_home-delivery_medium_basic_medium,instance_00002,Lose,1.0
496,adventuregame,playornotplay__qwen3.5-2b__playornotplay-v1.0-merged-fp32-828e356,new-words_home-delivery_medium_basic_medium,instance_00002,Main Score,33.33333333333333
497,adventuregame,playornotplay__qwen3.5-2b__playornotplay-v1.0-merged-fp32-828e356,new-words_home-delivery_medium_basic_medium,instance_00002,plan_followed_ratio,0.0
498,adventuregame,playornotplay__qwen3.5-2b__playornotplay-v1.0-merged-fp32-828e356,new-words_home-delivery_medium_basic_medium,instance_00002,plan_average_viability_ratio,0.0
499,adventuregame,playornotplay__qwen3.5-2b__playornotplay-v1.0-merged-fp32-828e356,new-words_home-delivery_medium_basic_medium,instance_00002,bad_plan_follow_ratio,0.0
500,adventuregame,playornotplay__qwen3.5-2b__playornotplay-v1.0-merged-fp32-828e356,new-words_home-delivery_medium_basic_medium,instance_00002,bad_plan_dismiss_ratio,1.0
501,adventuregame,playornotplay__qwen3.5-2b__playornotplay-v1.0-merged-fp32-828e356,potion_brewing_basic_undefined,instance_00004,Violated Request Count,0.0
502,adventuregame,playornotplay__qwen3.5-2b__playornotplay-v1.0-merged-fp32-828e356,potion_brewing_basic_undefined,instance_00004,Parsed Request Count,32.0
503,adventuregame,playornotplay__qwen3.5-2b__playornotplay-v1.0-merged-fp32-828e356,potion_brewing_basic_undefined,instance_00004,Request Count,32.0
504,adventuregame,playornotplay__qwen3.5-2b__playornotplay-v1.0-merged-fp32-828e356,potion_brewing_basic_undefined,instance_00004,Request Success Ratio,1.0
505,adventuregame,playornotplay__qwen3.5-2b__playornotplay-v1.0-merged-fp32-828e356,potion_brewing_basic_undefined,instance_00004,hallucination_count,1.0
506,adventuregame,playornotplay__qwen3.5-2b__playornotplay-v1.0-merged-fp32-828e356,potion_brewing_basic_undefined,instance_00004,action_parsing_fail,21.0
507,adventuregame,playornotplay__qwen3.5-2b__playornotplay-v1.0-merged-fp32-828e356,potion_brewing_basic_undefined,instance_00004,action_resolution_fail,1.0
508,adventuregame,playornotplay__qwen3.5-2b__playornotplay-v1.0-merged-fp32-828e356,potion_brewing_basic_undefined,instance_00004,lark_exception,20.0
509,adventuregame,playornotplay__qwen3.5-2b__playornotplay-v1.0-merged-fp32-828e356,potion_brewing_basic_undefined,instance_00004,malformed_command,1.0
510,adventuregame,playornotplay__qwen3.5-2b__playornotplay-v1.0-merged-fp32-828e356,potion_brewing_basic_undefined,instance_00004,undefined_action_verb,0.0
511,adventuregame,playornotplay__qwen3.5-2b__playornotplay-v1.0-merged-fp32-828e356,potion_brewing_basic_undefined,instance_00004,undefined_action,0.0
512,adventuregame,playornotplay__qwen3.5-2b__playornotplay-v1.0-merged-fp32-828e356,potion_brewing_basic_undefined,instance_00004,undefined_repr_str,0.0
513,adventuregame,playornotplay__qwen3.5-2b__playornotplay-v1.0-merged-fp32-828e356,potion_brewing_basic_undefined,instance_00004,manipulating_room,0.0
514,adventuregame,playornotplay__qwen3.5-2b__playornotplay-v1.0-merged-fp32-828e356,potion_brewing_basic_undefined,instance_00004,undefined_argument_type,0.0
515,adventuregame,playornotplay__qwen3.5-2b__playornotplay-v1.0-merged-fp32-828e356,potion_brewing_basic_undefined,instance_00004,taking_from_inventory,0.0
516,adventuregame,playornotplay__qwen3.5-2b__playornotplay-v1.0-merged-fp32-828e356,potion_brewing_basic_undefined,instance_00004,other_room_argument,0.0
517,adventuregame,playornotplay__qwen3.5-2b__playornotplay-v1.0-merged-fp32-828e356,potion_brewing_basic_undefined,instance_00004,domain_trait_type_mismatch,0.0
518,adventuregame,playornotplay__qwen3.5-2b__playornotplay-v1.0-merged-fp32-828e356,potion_brewing_basic_undefined,instance_00004,domain_type_discrepancy,0.0
519,adventuregame,playornotplay__qwen3.5-2b__playornotplay-v1.0-merged-fp32-828e356,potion_brewing_basic_undefined,instance_00004,world_state_discrepancy,0.0
520,adventuregame,playornotplay__qwen3.5-2b__playornotplay-v1.0-merged-fp32-828e356,potion_brewing_basic_undefined,instance_00004,entity_not_accessible,0.0
521,adventuregame,playornotplay__qwen3.5-2b__playornotplay-v1.0-merged-fp32-828e356,potion_brewing_basic_undefined,instance_00004,entity_state_mismatch,0.0
522,adventuregame,playornotplay__qwen3.5-2b__playornotplay-v1.0-merged-fp32-828e356,potion_brewing_basic_undefined,instance_00004,entity_trait_mismatch,0.0
523,adventuregame,playornotplay__qwen3.5-2b__playornotplay-v1.0-merged-fp32-828e356,potion_brewing_basic_undefined,instance_00004,entity_already_inventory,0.0
524,adventuregame,playornotplay__qwen3.5-2b__playornotplay-v1.0-merged-fp32-828e356,potion_brewing_basic_undefined,instance_00004,going_to_current_room,0.0
525,adventuregame,playornotplay__qwen3.5-2b__playornotplay-v1.0-merged-fp32-828e356,potion_brewing_basic_undefined,instance_00004,no_exit_to,0.0
526,adventuregame,playornotplay__qwen3.5-2b__playornotplay-v1.0-merged-fp32-828e356,potion_brewing_basic_undefined,instance_00004,inventory_limit_exceeded,1.0
527,adventuregame,playornotplay__qwen3.5-2b__playornotplay-v1.0-merged-fp32-828e356,potion_brewing_basic_undefined,instance_00004,successful_actions,10.0
528,adventuregame,playornotplay__qwen3.5-2b__playornotplay-v1.0-merged-fp32-828e356,potion_brewing_basic_undefined,instance_00004,turn_limit_loss,0.0
529,adventuregame,playornotplay__qwen3.5-2b__playornotplay-v1.0-merged-fp32-828e356,potion_brewing_basic_undefined,instance_00004,turns_over_par,
530,adventuregame,playornotplay__qwen3.5-2b__playornotplay-v1.0-merged-fp32-828e356,potion_brewing_basic_undefined,instance_00004,turn_ratio,
531,adventuregame,playornotplay__qwen3.5-2b__playornotplay-v1.0-merged-fp32-828e356,potion_brewing_basic_undefined,instance_00004,finish_speed,
532,adventuregame,playornotplay__qwen3.5-2b__playornotplay-v1.0-merged-fp32-828e356,potion_brewing_basic_undefined,instance_00004,achieved_goal_ratio,0.0
533,adventuregame,playornotplay__qwen3.5-2b__playornotplay-v1.0-merged-fp32-828e356,potion_brewing_basic_undefined,instance_00004,Aborted,0.0
534,adventuregame,playornotplay__qwen3.5-2b__playornotplay-v1.0-merged-fp32-828e356,potion_brewing_basic_undefined,instance_00004,Success,0.0
535,adventuregame,playornotplay__qwen3.5-2b__playornotplay-v1.0-merged-fp32-828e356,potion_brewing_basic_undefined,instance_00004,Lose,1.0
536,adventuregame,playornotplay__qwen3.5-2b__playornotplay-v1.0-merged-fp32-828e356,potion_brewing_basic_undefined,instance_00004,Main Score,0.0
537,adventuregame,playornotplay__qwen3.5-2b__playornotplay-v1.0-merged-fp32-828e356,potion_brewing_basic_undefined,instance_00004,plan_followed_ratio,0.0
538,adventuregame,playornotplay__qwen3.5-2b__playornotplay-v1.0-merged-fp32-828e356,potion_brewing_basic_undefined,instance_00004,plan_average_viability_ratio,0.0
539,adventuregame,playornotplay__qwen3.5-2b__playornotplay-v1.0-merged-fp32-828e356,potion_brewing_basic_undefined,instance_00004,bad_plan_follow_ratio,0.0
540,adventuregame,playornotplay__qwen3.5-2b__playornotplay-v1.0-merged-fp32-828e356,potion_brewing_basic_undefined,instance_00004,bad_plan_dismiss_ratio,1.0
541,adventuregame,playornotplay__qwen3.5-2b__playornotplay-v1.0-merged-fp32-828e356,new-words_home-delivery_easy_basic_easy,instance_00002,Violated Request Count,0.0
542,adventuregame,playornotplay__qwen3.5-2b__playornotplay-v1.0-merged-fp32-828e356,new-words_home-delivery_easy_basic_easy,instance_00002,Parsed Request Count,23.0
543,adventuregame,playornotplay__qwen3.5-2b__playornotplay-v1.0-merged-fp32-828e356,new-words_home-delivery_easy_basic_easy,instance_00002,Request Count,23.0
544,adventuregame,playornotplay__qwen3.5-2b__playornotplay-v1.0-merged-fp32-828e356,new-words_home-delivery_easy_basic_easy,instance_00002,Request Success Ratio,1.0
545,adventuregame,playornotplay__qwen3.5-2b__playornotplay-v1.0-merged-fp32-828e356,new-words_home-delivery_easy_basic_easy,instance_00002,hallucination_count,1.0
546,adventuregame,playornotplay__qwen3.5-2b__playornotplay-v1.0-merged-fp32-828e356,new-words_home-delivery_easy_basic_easy,instance_00002,action_parsing_fail,0.0
547,adventuregame,playornotplay__qwen3.5-2b__playornotplay-v1.0-merged-fp32-828e356,new-words_home-delivery_easy_basic_easy,instance_00002,action_resolution_fail,5.0
548,adventuregame,playornotplay__qwen3.5-2b__playornotplay-v1.0-merged-fp32-828e356,new-words_home-delivery_easy_basic_easy,instance_00002,lark_exception,0.0
549,adventuregame,playornotplay__qwen3.5-2b__playornotplay-v1.0-merged-fp32-828e356,new-words_home-delivery_easy_basic_easy,instance_00002,malformed_command,0.0
550,adventuregame,playornotplay__qwen3.5-2b__playornotplay-v1.0-merged-fp32-828e356,new-words_home-delivery_easy_basic_easy,instance_00002,undefined_action_verb,0.0
551,adventuregame,playornotplay__qwen3.5-2b__playornotplay-v1.0-merged-fp32-828e356,new-words_home-delivery_easy_basic_easy,instance_00002,undefined_action,0.0
552,adventuregame,playornotplay__qwen3.5-2b__playornotplay-v1.0-merged-fp32-828e356,new-words_home-delivery_easy_basic_easy,instance_00002,undefined_repr_str,0.0
553,adventuregame,playornotplay__qwen3.5-2b__playornotplay-v1.0-merged-fp32-828e356,new-words_home-delivery_easy_basic_easy,instance_00002,manipulating_room,0.0
554,adventuregame,playornotplay__qwen3.5-2b__playornotplay-v1.0-merged-fp32-828e356,new-words_home-delivery_easy_basic_easy,instance_00002,undefined_argument_type,0.0
555,adventuregame,playornotplay__qwen3.5-2b__playornotplay-v1.0-merged-fp32-828e356,new-words_home-delivery_easy_basic_easy,instance_00002,taking_from_inventory,0.0
556,adventuregame,playornotplay__qwen3.5-2b__playornotplay-v1.0-merged-fp32-828e356,new-words_home-delivery_easy_basic_easy,instance_00002,other_room_argument,0.0
557,adventuregame,playornotplay__qwen3.5-2b__playornotplay-v1.0-merged-fp32-828e356,new-words_home-delivery_easy_basic_easy,instance_00002,domain_trait_type_mismatch,0.0
558,adventuregame,playornotplay__qwen3.5-2b__playornotplay-v1.0-merged-fp32-828e356,new-words_home-delivery_easy_basic_easy,instance_00002,domain_type_discrepancy,0.0
559,adventuregame,playornotplay__qwen3.5-2b__playornotplay-v1.0-merged-fp32-828e356,new-words_home-delivery_easy_basic_easy,instance_00002,world_state_discrepancy,0.0
560,adventuregame,playornotplay__qwen3.5-2b__playornotplay-v1.0-merged-fp32-828e356,new-words_home-delivery_easy_basic_easy,instance_00002,entity_not_accessible,4.0
561,adventuregame,playornotplay__qwen3.5-2b__playornotplay-v1.0-merged-fp32-828e356,new-words_home-delivery_easy_basic_easy,instance_00002,entity_state_mismatch,0.0
562,adventuregame,playornotplay__qwen3.5-2b__playornotplay-v1.0-merged-fp32-828e356,new-words_home-delivery_easy_basic_easy,instance_00002,entity_trait_mismatch,0.0
563,adventuregame,playornotplay__qwen3.5-2b__playornotplay-v1.0-merged-fp32-828e356,new-words_home-delivery_easy_basic_easy,instance_00002,entity_already_inventory,0.0
564,adventuregame,playornotplay__qwen3.5-2b__playornotplay-v1.0-merged-fp32-828e356,new-words_home-delivery_easy_basic_easy,instance_00002,going_to_current_room,0.0
565,adventuregame,playornotplay__qwen3.5-2b__playornotplay-v1.0-merged-fp32-828e356,new-words_home-delivery_easy_basic_easy,instance_00002,no_exit_to,1.0
566,adventuregame,playornotplay__qwen3.5-2b__playornotplay-v1.0-merged-fp32-828e356,new-words_home-delivery_easy_basic_easy,instance_00002,inventory_limit_exceeded,0.0
567,adventuregame,playornotplay__qwen3.5-2b__playornotplay-v1.0-merged-fp32-828e356,new-words_home-delivery_easy_basic_easy,instance_00002,successful_actions,18.0
568,adventuregame,playornotplay__qwen3.5-2b__playornotplay-v1.0-merged-fp32-828e356,new-words_home-delivery_easy_basic_easy,instance_00002,turn_limit_loss,0.0
569,adventuregame,playornotplay__qwen3.5-2b__playornotplay-v1.0-merged-fp32-828e356,new-words_home-delivery_easy_basic_easy,instance_00002,turns_over_par,
570,adventuregame,playornotplay__qwen3.5-2b__playornotplay-v1.0-merged-fp32-828e356,new-words_home-delivery_easy_basic_easy,instance_00002,turn_ratio,
571,adventuregame,playornotplay__qwen3.5-2b__playornotplay-v1.0-merged-fp32-828e356,new-words_home-delivery_easy_basic_easy,instance_00002,finish_speed,
572,adventuregame,playornotplay__qwen3.5-2b__playornotplay-v1.0-merged-fp32-828e356,new-words_home-delivery_easy_basic_easy,instance_00002,achieved_goal_ratio,0.3333333333333333
573,adventuregame,playornotplay__qwen3.5-2b__playornotplay-v1.0-merged-fp32-828e356,new-words_home-delivery_easy_basic_easy,instance_00002,Aborted,0.0
574,adventuregame,playornotplay__qwen3.5-2b__playornotplay-v1.0-merged-fp32-828e356,new-words_home-delivery_easy_basic_easy,instance_00002,Success,0.0
575,adventuregame,playornotplay__qwen3.5-2b__playornotplay-v1.0-merged-fp32-828e356,new-words_home-delivery_easy_basic_easy,instance_00002,Lose,1.0
576,adventuregame,playornotplay__qwen3.5-2b__playornotplay-v1.0-merged-fp32-828e356,new-words_home-delivery_easy_basic_easy,instance_00002,Main Score,33.33333333333333
577,adventuregame,playornotplay__qwen3.5-2b__playornotplay-v1.0-merged-fp32-828e356,new-words_home-delivery_easy_basic_easy,instance_00002,plan_followed_ratio,0.0
578,adventuregame,playornotplay__qwen3.5-2b__playornotplay-v1.0-merged-fp32-828e356,new-words_home-delivery_easy_basic_easy,instance_00002,plan_average_viability_ratio,0.0
579,adventuregame,playornotplay__qwen3.5-2b__playornotplay-v1.0-merged-fp32-828e356,new-words_home-delivery_easy_basic_easy,instance_00002,bad_plan_follow_ratio,0.0
580,adventuregame,playornotplay__qwen3.5-2b__playornotplay-v1.0-merged-fp32-828e356,new-words_home-delivery_easy_basic_easy,instance_00002,bad_plan_dismiss_ratio,1.0
581,adventuregame,playornotplay__qwen3.5-2b__playornotplay-v1.0-merged-fp32-828e356,new-words_created_basic_hard,instance_00000,Violated Request Count,0.0
582,adventuregame,playornotplay__qwen3.5-2b__playornotplay-v1.0-merged-fp32-828e356,new-words_created_basic_hard,instance_00000,Parsed Request Count,10.0
583,adventuregame,playornotplay__qwen3.5-2b__playornotplay-v1.0-merged-fp32-828e356,new-words_created_basic_hard,instance_00000,Request Count,10.0
584,adventuregame,playornotplay__qwen3.5-2b__playornotplay-v1.0-merged-fp32-828e356,new-words_created_basic_hard,instance_00000,Request Success Ratio,1.0
585,adventuregame,playornotplay__qwen3.5-2b__playornotplay-v1.0-merged-fp32-828e356,new-words_created_basic_hard,instance_00000,hallucination_count,1.0
586,adventuregame,playornotplay__qwen3.5-2b__playornotplay-v1.0-merged-fp32-828e356,new-words_created_basic_hard,instance_00000,action_parsing_fail,0.0
587,adventuregame,playornotplay__qwen3.5-2b__playornotplay-v1.0-merged-fp32-828e356,new-words_created_basic_hard,instance_00000,action_resolution_fail,6.0
588,adventuregame,playornotplay__qwen3.5-2b__playornotplay-v1.0-merged-fp32-828e356,new-words_created_basic_hard,instance_00000,lark_exception,0.0
589,adventuregame,playornotplay__qwen3.5-2b__playornotplay-v1.0-merged-fp32-828e356,new-words_created_basic_hard,instance_00000,malformed_command,0.0
590,adventuregame,playornotplay__qwen3.5-2b__playornotplay-v1.0-merged-fp32-828e356,new-words_created_basic_hard,instance_00000,undefined_action_verb,0.0
591,adventuregame,playornotplay__qwen3.5-2b__playornotplay-v1.0-merged-fp32-828e356,new-words_created_basic_hard,instance_00000,undefined_action,0.0
592,adventuregame,playornotplay__qwen3.5-2b__playornotplay-v1.0-merged-fp32-828e356,new-words_created_basic_hard,instance_00000,undefined_repr_str,0.0
593,adventuregame,playornotplay__qwen3.5-2b__playornotplay-v1.0-merged-fp32-828e356,new-words_created_basic_hard,instance_00000,manipulating_room,0.0
594,adventuregame,playornotplay__qwen3.5-2b__playornotplay-v1.0-merged-fp32-828e356,new-words_created_basic_hard,instance_00000,undefined_argument_type,0.0
595,adventuregame,playornotplay__qwen3.5-2b__playornotplay-v1.0-merged-fp32-828e356,new-words_created_basic_hard,instance_00000,taking_from_inventory,0.0
596,adventuregame,playornotplay__qwen3.5-2b__playornotplay-v1.0-merged-fp32-828e356,new-words_created_basic_hard,instance_00000,other_room_argument,0.0
597,adventuregame,playornotplay__qwen3.5-2b__playornotplay-v1.0-merged-fp32-828e356,new-words_created_basic_hard,instance_00000,domain_trait_type_mismatch,1.0
598,adventuregame,playornotplay__qwen3.5-2b__playornotplay-v1.0-merged-fp32-828e356,new-words_created_basic_hard,instance_00000,domain_type_discrepancy,0.0
599,adventuregame,playornotplay__qwen3.5-2b__playornotplay-v1.0-merged-fp32-828e356,new-words_created_basic_hard,instance_00000,world_state_discrepancy,0.0
600,adventuregame,playornotplay__qwen3.5-2b__playornotplay-v1.0-merged-fp32-828e356,new-words_created_basic_hard,instance_00000,entity_not_accessible,0.0
601,adventuregame,playornotplay__qwen3.5-2b__playornotplay-v1.0-merged-fp32-828e356,new-words_created_basic_hard,instance_00000,entity_state_mismatch,5.0
602,adventuregame,playornotplay__qwen3.5-2b__playornotplay-v1.0-merged-fp32-828e356,new-words_created_basic_hard,instance_00000,entity_trait_mismatch,0.0
603,adventuregame,playornotplay__qwen3.5-2b__playornotplay-v1.0-merged-fp32-828e356,new-words_created_basic_hard,instance_00000,entity_already_inventory,0.0
604,adventuregame,playornotplay__qwen3.5-2b__playornotplay-v1.0-merged-fp32-828e356,new-words_created_basic_hard,instance_00000,going_to_current_room,0.0
605,adventuregame,playornotplay__qwen3.5-2b__playornotplay-v1.0-merged-fp32-828e356,new-words_created_basic_hard,instance_00000,no_exit_to,0.0
606,adventuregame,playornotplay__qwen3.5-2b__playornotplay-v1.0-merged-fp32-828e356,new-words_created_basic_hard,instance_00000,inventory_limit_exceeded,0.0
607,adventuregame,playornotplay__qwen3.5-2b__playornotplay-v1.0-merged-fp32-828e356,new-words_created_basic_hard,instance_00000,successful_actions,4.0
608,adventuregame,playornotplay__qwen3.5-2b__playornotplay-v1.0-merged-fp32-828e356,new-words_created_basic_hard,instance_00000,turn_limit_loss,0.0
609,adventuregame,playornotplay__qwen3.5-2b__playornotplay-v1.0-merged-fp32-828e356,new-words_created_basic_hard,instance_00000,turns_over_par,
610,adventuregame,playornotplay__qwen3.5-2b__playornotplay-v1.0-merged-fp32-828e356,new-words_created_basic_hard,instance_00000,turn_ratio,
611,adventuregame,playornotplay__qwen3.5-2b__playornotplay-v1.0-merged-fp32-828e356,new-words_created_basic_hard,instance_00000,finish_speed,
612,adventuregame,playornotplay__qwen3.5-2b__playornotplay-v1.0-merged-fp32-828e356,new-words_created_basic_hard,instance_00000,achieved_goal_ratio,0.3333333333333333
613,adventuregame,playornotplay__qwen3.5-2b__playornotplay-v1.0-merged-fp32-828e356,new-words_created_basic_hard,instance_00000,Aborted,0.0
614,adventuregame,playornotplay__qwen3.5-2b__playornotplay-v1.0-merged-fp32-828e356,new-words_created_basic_hard,instance_00000,Success,0.0
615,adventuregame,playornotplay__qwen3.5-2b__playornotplay-v1.0-merged-fp32-828e356,new-words_created_basic_hard,instance_00000,Lose,1.0
616,adventuregame,playornotplay__qwen3.5-2b__playornotplay-v1.0-merged-fp32-828e356,new-words_created_basic_hard,instance_00000,Main Score,33.33333333333333
617,adventuregame,playornotplay__qwen3.5-2b__playornotplay-v1.0-merged-fp32-828e356,new-words_created_basic_hard,instance_00000,plan_followed_ratio,0.0
618,adventuregame,playornotplay__qwen3.5-2b__playornotplay-v1.0-merged-fp32-828e356,new-words_created_basic_hard,instance_00000,plan_average_viability_ratio,0.0
619,adventuregame,playornotplay__qwen3.5-2b__playornotplay-v1.0-merged-fp32-828e356,new-words_created_basic_hard,instance_00000,bad_plan_follow_ratio,0.0
620,adventuregame,playornotplay__qwen3.5-2b__playornotplay-v1.0-merged-fp32-828e356,new-words_created_basic_hard,instance_00000,bad_plan_dismiss_ratio,1.0
621,adventuregame,playornotplay__qwen3.5-2b__playornotplay-v1.0-merged-fp32-828e356,home_deliver_three_basic_hard_invlimittwo,instance_00000,Violated Request Count,0.0
622,adventuregame,playornotplay__qwen3.5-2b__playornotplay-v1.0-merged-fp32-828e356,home_deliver_three_basic_hard_invlimittwo,instance_00000,Parsed Request Count,20.0
623,adventuregame,playornotplay__qwen3.5-2b__playornotplay-v1.0-merged-fp32-828e356,home_deliver_three_basic_hard_invlimittwo,instance_00000,Request Count,20.0
624,adventuregame,playornotplay__qwen3.5-2b__playornotplay-v1.0-merged-fp32-828e356,home_deliver_three_basic_hard_invlimittwo,instance_00000,Request Success Ratio,1.0
625,adventuregame,playornotplay__qwen3.5-2b__playornotplay-v1.0-merged-fp32-828e356,home_deliver_three_basic_hard_invlimittwo,instance_00000,hallucination_count,1.0
626,adventuregame,playornotplay__qwen3.5-2b__playornotplay-v1.0-merged-fp32-828e356,home_deliver_three_basic_hard_invlimittwo,instance_00000,action_parsing_fail,0.0
627,adventuregame,playornotplay__qwen3.5-2b__playornotplay-v1.0-merged-fp32-828e356,home_deliver_three_basic_hard_invlimittwo,instance_00000,action_resolution_fail,2.0
628,adventuregame,playornotplay__qwen3.5-2b__playornotplay-v1.0-merged-fp32-828e356,home_deliver_three_basic_hard_invlimittwo,instance_00000,lark_exception,0.0
629,adventuregame,playornotplay__qwen3.5-2b__playornotplay-v1.0-merged-fp32-828e356,home_deliver_three_basic_hard_invlimittwo,instance_00000,malformed_command,0.0
630,adventuregame,playornotplay__qwen3.5-2b__playornotplay-v1.0-merged-fp32-828e356,home_deliver_three_basic_hard_invlimittwo,instance_00000,undefined_action_verb,0.0
631,adventuregame,playornotplay__qwen3.5-2b__playornotplay-v1.0-merged-fp32-828e356,home_deliver_three_basic_hard_invlimittwo,instance_00000,undefined_action,0.0
632,adventuregame,playornotplay__qwen3.5-2b__playornotplay-v1.0-merged-fp32-828e356,home_deliver_three_basic_hard_invlimittwo,instance_00000,undefined_repr_str,0.0
633,adventuregame,playornotplay__qwen3.5-2b__playornotplay-v1.0-merged-fp32-828e356,home_deliver_three_basic_hard_invlimittwo,instance_00000,manipulating_room,0.0
634,adventuregame,playornotplay__qwen3.5-2b__playornotplay-v1.0-merged-fp32-828e356,home_deliver_three_basic_hard_invlimittwo,instance_00000,undefined_argument_type,0.0
635,adventuregame,playornotplay__qwen3.5-2b__playornotplay-v1.0-merged-fp32-828e356,home_deliver_three_basic_hard_invlimittwo,instance_00000,taking_from_inventory,0.0
636,adventuregame,playornotplay__qwen3.5-2b__playornotplay-v1.0-merged-fp32-828e356,home_deliver_three_basic_hard_invlimittwo,instance_00000,other_room_argument,0.0
637,adventuregame,playornotplay__qwen3.5-2b__playornotplay-v1.0-merged-fp32-828e356,home_deliver_three_basic_hard_invlimittwo,instance_00000,domain_trait_type_mismatch,0.0
638,adventuregame,playornotplay__qwen3.5-2b__playornotplay-v1.0-merged-fp32-828e356,home_deliver_three_basic_hard_invlimittwo,instance_00000,domain_type_discrepancy,0.0
639,adventuregame,playornotplay__qwen3.5-2b__playornotplay-v1.0-merged-fp32-828e356,home_deliver_three_basic_hard_invlimittwo,instance_00000,world_state_discrepancy,0.0
640,adventuregame,playornotplay__qwen3.5-2b__playornotplay-v1.0-merged-fp32-828e356,home_deliver_three_basic_hard_invlimittwo,instance_00000,entity_not_accessible,2.0
641,adventuregame,playornotplay__qwen3.5-2b__playornotplay-v1.0-merged-fp32-828e356,home_deliver_three_basic_hard_invlimittwo,instance_00000,entity_state_mismatch,0.0
642,adventuregame,playornotplay__qwen3.5-2b__playornotplay-v1.0-merged-fp32-828e356,home_deliver_three_basic_hard_invlimittwo,instance_00000,entity_trait_mismatch,0.0
643,adventuregame,playornotplay__qwen3.5-2b__playornotplay-v1.0-merged-fp32-828e356,home_deliver_three_basic_hard_invlimittwo,instance_00000,entity_already_inventory,0.0
644,adventuregame,playornotplay__qwen3.5-2b__playornotplay-v1.0-merged-fp32-828e356,home_deliver_three_basic_hard_invlimittwo,instance_00000,going_to_current_room,0.0
645,adventuregame,playornotplay__qwen3.5-2b__playornotplay-v1.0-merged-fp32-828e356,home_deliver_three_basic_hard_invlimittwo,instance_00000,no_exit_to,0.0
646,adventuregame,playornotplay__qwen3.5-2b__playornotplay-v1.0-merged-fp32-828e356,home_deliver_three_basic_hard_invlimittwo,instance_00000,inventory_limit_exceeded,0.0
647,adventuregame,playornotplay__qwen3.5-2b__playornotplay-v1.0-merged-fp32-828e356,home_deliver_three_basic_hard_invlimittwo,instance_00000,successful_actions,18.0
648,adventuregame,playornotplay__qwen3.5-2b__playornotplay-v1.0-merged-fp32-828e356,home_deliver_three_basic_hard_invlimittwo,instance_00000,turn_limit_loss,0.0
649,adventuregame,playornotplay__qwen3.5-2b__playornotplay-v1.0-merged-fp32-828e356,home_deliver_three_basic_hard_invlimittwo,instance_00000,turns_over_par,
650,adventuregame,playornotplay__qwen3.5-2b__playornotplay-v1.0-merged-fp32-828e356,home_deliver_three_basic_hard_invlimittwo,instance_00000,turn_ratio,
651,adventuregame,playornotplay__qwen3.5-2b__playornotplay-v1.0-merged-fp32-828e356,home_deliver_three_basic_hard_invlimittwo,instance_00000,finish_speed,
652,adventuregame,playornotplay__qwen3.5-2b__playornotplay-v1.0-merged-fp32-828e356,home_deliver_three_basic_hard_invlimittwo,instance_00000,achieved_goal_ratio,0.3333333333333333
653,adventuregame,playornotplay__qwen3.5-2b__playornotplay-v1.0-merged-fp32-828e356,home_deliver_three_basic_hard_invlimittwo,instance_00000,Aborted,0.0
654,adventuregame,playornotplay__qwen3.5-2b__playornotplay-v1.0-merged-fp32-828e356,home_deliver_three_basic_hard_invlimittwo,instance_00000,Success,0.0
655,adventuregame,playornotplay__qwen3.5-2b__playornotplay-v1.0-merged-fp32-828e356,home_deliver_three_basic_hard_invlimittwo,instance_00000,Lose,1.0
656,adventuregame,playornotplay__qwen3.5-2b__playornotplay-v1.0-merged-fp32-828e356,home_deliver_three_basic_hard_invlimittwo,instance_00000,Main Score,33.33333333333333
657,adventuregame,playornotplay__qwen3.5-2b__playornotplay-v1.0-merged-fp32-828e356,home_deliver_three_basic_hard_invlimittwo,instance_00000,plan_followed_ratio,0.0
658,adventuregame,playornotplay__qwen3.5-2b__playornotplay-v1.0-merged-fp32-828e356,home_deliver_three_basic_hard_invlimittwo,instance_00000,plan_average_viability_ratio,0.0
659,adventuregame,playornotplay__qwen3.5-2b__playornotplay-v1.0-merged-fp32-828e356,home_deliver_three_basic_hard_invlimittwo,instance_00000,bad_plan_follow_ratio,0.0
660,adventuregame,playornotplay__qwen3.5-2b__playornotplay-v1.0-merged-fp32-828e356,home_deliver_three_basic_hard_invlimittwo,instance_00000,bad_plan_dismiss_ratio,1.0
661,textmapworld_specificroom,playornotplay__qwen3.5-2b__playornotplay-v1.0-merged-fp32-828e356,on,instance_00000,Success,1.0
662,textmapworld_specificroom,playornotplay__qwen3.5-2b__playornotplay-v1.0-merged-fp32-828e356,on,instance_00000,Aborted,0.0
663,textmapworld_specificroom,playornotplay__qwen3.5-2b__playornotplay-v1.0-merged-fp32-828e356,on,instance_00000,Lose,0.0
664,textmapworld_specificroom,playornotplay__qwen3.5-2b__playornotplay-v1.0-merged-fp32-828e356,on,instance_00000,moves,0.0
665,textmapworld_specificroom,playornotplay__qwen3.5-2b__playornotplay-v1.0-merged-fp32-828e356,on,instance_00000,valid_moves,0.0
666,textmapworld_specificroom,playornotplay__qwen3.5-2b__playornotplay-v1.0-merged-fp32-828e356,on,instance_00000,invalid_moves,0.0
667,textmapworld_specificroom,playornotplay__qwen3.5-2b__playornotplay-v1.0-merged-fp32-828e356,on,instance_00000,stopped,1.0
668,textmapworld_specificroom,playornotplay__qwen3.5-2b__playornotplay-v1.0-merged-fp32-828e356,on,instance_00000,turns_limit,0.0
669,textmapworld_specificroom,playornotplay__qwen3.5-2b__playornotplay-v1.0-merged-fp32-828e356,on,instance_00000,loops,0.0
670,textmapworld_specificroom,playornotplay__qwen3.5-2b__playornotplay-v1.0-merged-fp32-828e356,on,instance_00000,number_visited,1.0
671,textmapworld_specificroom,playornotplay__qwen3.5-2b__playornotplay-v1.0-merged-fp32-828e356,on,instance_00000,seen,3.0
672,textmapworld_specificroom,playornotplay__qwen3.5-2b__playornotplay-v1.0-merged-fp32-828e356,on,instance_00000,efficiency,0.0
673,textmapworld_specificroom,playornotplay__qwen3.5-2b__playornotplay-v1.0-merged-fp32-828e356,on,instance_00000,exploration,12.5
674,textmapworld_specificroom,playornotplay__qwen3.5-2b__playornotplay-v1.0-merged-fp32-828e356,on,instance_00000,old_benchscore,0.0
675,textmapworld_specificroom,playornotplay__qwen3.5-2b__playornotplay-v1.0-merged-fp32-828e356,on,instance_00000,Main Score,100.0
676,textmapworld_specificroom,playornotplay__qwen3.5-2b__playornotplay-v1.0-merged-fp32-828e356,far,instance_00027,Success,0.0
677,textmapworld_specificroom,playornotplay__qwen3.5-2b__playornotplay-v1.0-merged-fp32-828e356,far,instance_00027,Aborted,0.0
678,textmapworld_specificroom,playornotplay__qwen3.5-2b__playornotplay-v1.0-merged-fp32-828e356,far,instance_00027,Lose,1.0
679,textmapworld_specificroom,playornotplay__qwen3.5-2b__playornotplay-v1.0-merged-fp32-828e356,far,instance_00027,moves,1.0
680,textmapworld_specificroom,playornotplay__qwen3.5-2b__playornotplay-v1.0-merged-fp32-828e356,far,instance_00027,valid_moves,1.0
681,textmapworld_specificroom,playornotplay__qwen3.5-2b__playornotplay-v1.0-merged-fp32-828e356,far,instance_00027,invalid_moves,0.0
682,textmapworld_specificroom,playornotplay__qwen3.5-2b__playornotplay-v1.0-merged-fp32-828e356,far,instance_00027,stopped,1.0
683,textmapworld_specificroom,playornotplay__qwen3.5-2b__playornotplay-v1.0-merged-fp32-828e356,far,instance_00027,turns_limit,0.0
684,textmapworld_specificroom,playornotplay__qwen3.5-2b__playornotplay-v1.0-merged-fp32-828e356,far,instance_00027,loops,0.0
685,textmapworld_specificroom,playornotplay__qwen3.5-2b__playornotplay-v1.0-merged-fp32-828e356,far,instance_00027,number_visited,2.0
686,textmapworld_specificroom,playornotplay__qwen3.5-2b__playornotplay-v1.0-merged-fp32-828e356,far,instance_00027,seen,4.0
687,textmapworld_specificroom,playornotplay__qwen3.5-2b__playornotplay-v1.0-merged-fp32-828e356,far,instance_00027,efficiency,100.0
688,textmapworld_specificroom,playornotplay__qwen3.5-2b__playornotplay-v1.0-merged-fp32-828e356,far,instance_00027,exploration,25.0
689,textmapworld_specificroom,playornotplay__qwen3.5-2b__playornotplay-v1.0-merged-fp32-828e356,far,instance_00027,old_benchscore,40.0
690,textmapworld_specificroom,playornotplay__qwen3.5-2b__playornotplay-v1.0-merged-fp32-828e356,far,instance_00027,Main Score,0.0
691,textmapworld_specificroom,playornotplay__qwen3.5-2b__playornotplay-v1.0-merged-fp32-828e356,close,instance_00017,Success,0.0
692,textmapworld_specificroom,playornotplay__qwen3.5-2b__playornotplay-v1.0-merged-fp32-828e356,close,instance_00017,Aborted,0.0
693,textmapworld_specificroom,playornotplay__qwen3.5-2b__playornotplay-v1.0-merged-fp32-828e356,close,instance_00017,Lose,1.0
694,textmapworld_specificroom,playornotplay__qwen3.5-2b__playornotplay-v1.0-merged-fp32-828e356,close,instance_00017,moves,1.0
695,textmapworld_specificroom,playornotplay__qwen3.5-2b__playornotplay-v1.0-merged-fp32-828e356,close,instance_00017,valid_moves,1.0
696,textmapworld_specificroom,playornotplay__qwen3.5-2b__playornotplay-v1.0-merged-fp32-828e356,close,instance_00017,invalid_moves,0.0
697,textmapworld_specificroom,playornotplay__qwen3.5-2b__playornotplay-v1.0-merged-fp32-828e356,close,instance_00017,stopped,1.0
698,textmapworld_specificroom,playornotplay__qwen3.5-2b__playornotplay-v1.0-merged-fp32-828e356,close,instance_00017,turns_limit,0.0
699,textmapworld_specificroom,playornotplay__qwen3.5-2b__playornotplay-v1.0-merged-fp32-828e356,close,instance_00017,loops,0.0
700,textmapworld_specificroom,playornotplay__qwen3.5-2b__playornotplay-v1.0-merged-fp32-828e356,close,instance_00017,number_visited,2.0
701,textmapworld_specificroom,playornotplay__qwen3.5-2b__playornotplay-v1.0-merged-fp32-828e356,close,instance_00017,seen,4.0
702,textmapworld_specificroom,playornotplay__qwen3.5-2b__playornotplay-v1.0-merged-fp32-828e356,close,instance_00017,efficiency,100.0
703,textmapworld_specificroom,playornotplay__qwen3.5-2b__playornotplay-v1.0-merged-fp32-828e356,close,instance_00017,exploration,25.0
704,textmapworld_specificroom,playornotplay__qwen3.5-2b__playornotplay-v1.0-merged-fp32-828e356,close,instance_00017,old_benchscore,40.0
705,textmapworld_specificroom,playornotplay__qwen3.5-2b__playornotplay-v1.0-merged-fp32-828e356,close,instance_00017,Main Score,0.0
706,imagegame,playornotplay__qwen3.5-2b__playornotplay-v1.0-merged-fp32-828e356,random_grids,instance_00014,Precision,75.0
707,imagegame,playornotplay__qwen3.5-2b__playornotplay-v1.0-merged-fp32-828e356,random_grids,instance_00014,Recall,60.0
708,imagegame,playornotplay__qwen3.5-2b__playornotplay-v1.0-merged-fp32-828e356,random_grids,instance_00014,F1,67.0
709,imagegame,playornotplay__qwen3.5-2b__playornotplay-v1.0-merged-fp32-828e356,random_grids,instance_00014,Main Score,67.0
710,imagegame,playornotplay__qwen3.5-2b__playornotplay-v1.0-merged-fp32-828e356,random_grids,instance_00014,Average Changed Cell Count,4.0
711,imagegame,playornotplay__qwen3.5-2b__playornotplay-v1.0-merged-fp32-828e356,random_grids,instance_00014,Average Generated Instruction Length,128.0
712,imagegame,playornotplay__qwen3.5-2b__playornotplay-v1.0-merged-fp32-828e356,random_grids,instance_00014,Average Generated Expression Number of Tokens,24.0
713,imagegame,playornotplay__qwen3.5-2b__playornotplay-v1.0-merged-fp32-828e356,random_grids,instance_00014,Success,0.0
714,imagegame,playornotplay__qwen3.5-2b__playornotplay-v1.0-merged-fp32-828e356,random_grids,instance_00014,Lose,1.0
715,imagegame,playornotplay__qwen3.5-2b__playornotplay-v1.0-merged-fp32-828e356,random_grids,instance_00014,Aborted,0.0
716,imagegame,playornotplay__qwen3.5-2b__playornotplay-v1.0-merged-fp32-828e356,random_grids,instance_00014,Request Count,8.0
717,imagegame,playornotplay__qwen3.5-2b__playornotplay-v1.0-merged-fp32-828e356,random_grids,instance_00014,Violated Request Count,0.0
718,imagegame,playornotplay__qwen3.5-2b__playornotplay-v1.0-merged-fp32-828e356,random_grids,instance_00014,Parsed Request Count,8.0
719,imagegame,playornotplay__qwen3.5-2b__playornotplay-v1.0-merged-fp32-828e356,random_grids,instance_00014,Request Success Ratio,1.0
720,imagegame,playornotplay__qwen3.5-2b__playornotplay-v1.0-merged-fp32-828e356,random_grids,instance_00016,Precision,100.0
721,imagegame,playornotplay__qwen3.5-2b__playornotplay-v1.0-merged-fp32-828e356,random_grids,instance_00016,Recall,75.0
722,imagegame,playornotplay__qwen3.5-2b__playornotplay-v1.0-merged-fp32-828e356,random_grids,instance_00016,F1,86.0
723,imagegame,playornotplay__qwen3.5-2b__playornotplay-v1.0-merged-fp32-828e356,random_grids,instance_00016,Main Score,86.0
724,imagegame,playornotplay__qwen3.5-2b__playornotplay-v1.0-merged-fp32-828e356,random_grids,instance_00016,Average Changed Cell Count,3.0
725,imagegame,playornotplay__qwen3.5-2b__playornotplay-v1.0-merged-fp32-828e356,random_grids,instance_00016,Average Generated Instruction Length,96.5
726,imagegame,playornotplay__qwen3.5-2b__playornotplay-v1.0-merged-fp32-828e356,random_grids,instance_00016,Average Generated Expression Number of Tokens,18.0
727,imagegame,playornotplay__qwen3.5-2b__playornotplay-v1.0-merged-fp32-828e356,random_grids,instance_00016,Success,0.0
728,imagegame,playornotplay__qwen3.5-2b__playornotplay-v1.0-merged-fp32-828e356,random_grids,instance_00016,Lose,1.0
729,imagegame,playornotplay__qwen3.5-2b__playornotplay-v1.0-merged-fp32-828e356,random_grids,instance_00016,Aborted,0.0
730,imagegame,playornotplay__qwen3.5-2b__playornotplay-v1.0-merged-fp32-828e356,random_grids,instance_00016,Request Count,14.0
731,imagegame,playornotplay__qwen3.5-2b__playornotplay-v1.0-merged-fp32-828e356,random_grids,instance_00016,Violated Request Count,0.0
732,imagegame,playornotplay__qwen3.5-2b__playornotplay-v1.0-merged-fp32-828e356,random_grids,instance_00016,Parsed Request Count,14.0
733,imagegame,playornotplay__qwen3.5-2b__playornotplay-v1.0-merged-fp32-828e356,random_grids,instance_00016,Request Success Ratio,1.0
734,imagegame,playornotplay__qwen3.5-2b__playornotplay-v1.0-merged-fp32-828e356,compact_grids,instance_00019,Precision,100.0
735,imagegame,playornotplay__qwen3.5-2b__playornotplay-v1.0-merged-fp32-828e356,compact_grids,instance_00019,Recall,47.0
736,imagegame,playornotplay__qwen3.5-2b__playornotplay-v1.0-merged-fp32-828e356,compact_grids,instance_00019,F1,64.0
737,imagegame,playornotplay__qwen3.5-2b__playornotplay-v1.0-merged-fp32-828e356,compact_grids,instance_00019,Main Score,64.0
738,imagegame,playornotplay__qwen3.5-2b__playornotplay-v1.0-merged-fp32-828e356,compact_grids,instance_00019,Average Changed Cell Count,3.5
739,imagegame,playornotplay__qwen3.5-2b__playornotplay-v1.0-merged-fp32-828e356,compact_grids,instance_00019,Average Generated Instruction Length,35.5
740,imagegame,playornotplay__qwen3.5-2b__playornotplay-v1.0-merged-fp32-828e356,compact_grids,instance_00019,Average Generated Expression Number of Tokens,7.0
741,imagegame,playornotplay__qwen3.5-2b__playornotplay-v1.0-merged-fp32-828e356,compact_grids,instance_00019,Success,0.0
742,imagegame,playornotplay__qwen3.5-2b__playornotplay-v1.0-merged-fp32-828e356,compact_grids,instance_00019,Lose,1.0
743,imagegame,playornotplay__qwen3.5-2b__playornotplay-v1.0-merged-fp32-828e356,compact_grids,instance_00019,Aborted,0.0
744,imagegame,playornotplay__qwen3.5-2b__playornotplay-v1.0-merged-fp32-828e356,compact_grids,instance_00019,Request Count,14.0
745,imagegame,playornotplay__qwen3.5-2b__playornotplay-v1.0-merged-fp32-828e356,compact_grids,instance_00019,Violated Request Count,0.0
746,imagegame,playornotplay__qwen3.5-2b__playornotplay-v1.0-merged-fp32-828e356,compact_grids,instance_00019,Parsed Request Count,14.0
747,imagegame,playornotplay__qwen3.5-2b__playornotplay-v1.0-merged-fp32-828e356,compact_grids,instance_00019,Request Success Ratio,1.0
748,imagegame,playornotplay__qwen3.5-2b__playornotplay-v1.0-merged-fp32-828e356,compact_grids,instance_00002,Precision,100.0
749,imagegame,playornotplay__qwen3.5-2b__playornotplay-v1.0-merged-fp32-828e356,compact_grids,instance_00002,Recall,54.0
750,imagegame,playornotplay__qwen3.5-2b__playornotplay-v1.0-merged-fp32-828e356,compact_grids,instance_00002,F1,70.0
751,imagegame,playornotplay__qwen3.5-2b__playornotplay-v1.0-merged-fp32-828e356,compact_grids,instance_00002,Main Score,70.0
752,imagegame,playornotplay__qwen3.5-2b__playornotplay-v1.0-merged-fp32-828e356,compact_grids,instance_00002,Average Changed Cell Count,7.0
753,imagegame,playornotplay__qwen3.5-2b__playornotplay-v1.0-merged-fp32-828e356,compact_grids,instance_00002,Average Generated Instruction Length,238.0
754,imagegame,playornotplay__qwen3.5-2b__playornotplay-v1.0-merged-fp32-828e356,compact_grids,instance_00002,Average Generated Expression Number of Tokens,42.0
755,imagegame,playornotplay__qwen3.5-2b__playornotplay-v1.0-merged-fp32-828e356,compact_grids,instance_00002,Success,0.0
756,imagegame,playornotplay__qwen3.5-2b__playornotplay-v1.0-merged-fp32-828e356,compact_grids,instance_00002,Lose,1.0
757,imagegame,playornotplay__qwen3.5-2b__playornotplay-v1.0-merged-fp32-828e356,compact_grids,instance_00002,Aborted,0.0
758,imagegame,playornotplay__qwen3.5-2b__playornotplay-v1.0-merged-fp32-828e356,compact_grids,instance_00002,Request Count,8.0
759,imagegame,playornotplay__qwen3.5-2b__playornotplay-v1.0-merged-fp32-828e356,compact_grids,instance_00002,Violated Request Count,0.0
760,imagegame,playornotplay__qwen3.5-2b__playornotplay-v1.0-merged-fp32-828e356,compact_grids,instance_00002,Parsed Request Count,8.0
761,imagegame,playornotplay__qwen3.5-2b__playornotplay-v1.0-merged-fp32-828e356,compact_grids,instance_00002,Request Success Ratio,1.0
762,textmapworld_graphreasoning,playornotplay__qwen3.5-2b__playornotplay-v1.0-merged-fp32-828e356,small,instance_00009,Success,0.0
763,textmapworld_graphreasoning,playornotplay__qwen3.5-2b__playornotplay-v1.0-merged-fp32-828e356,small,instance_00009,Aborted,0.0
764,textmapworld_graphreasoning,playornotplay__qwen3.5-2b__playornotplay-v1.0-merged-fp32-828e356,small,instance_00009,Lose,1.0
765,textmapworld_graphreasoning,playornotplay__qwen3.5-2b__playornotplay-v1.0-merged-fp32-828e356,small,instance_00009,moves,2.0
766,textmapworld_graphreasoning,playornotplay__qwen3.5-2b__playornotplay-v1.0-merged-fp32-828e356,small,instance_00009,valid_moves,2.0
767,textmapworld_graphreasoning,playornotplay__qwen3.5-2b__playornotplay-v1.0-merged-fp32-828e356,small,instance_00009,invalid_moves,0.0
768,textmapworld_graphreasoning,playornotplay__qwen3.5-2b__playornotplay-v1.0-merged-fp32-828e356,small,instance_00009,stopped,1.0
769,textmapworld_graphreasoning,playornotplay__qwen3.5-2b__playornotplay-v1.0-merged-fp32-828e356,small,instance_00009,turns_limit,0.0
770,textmapworld_graphreasoning,playornotplay__qwen3.5-2b__playornotplay-v1.0-merged-fp32-828e356,small,instance_00009,loops,0.0
771,textmapworld_graphreasoning,playornotplay__qwen3.5-2b__playornotplay-v1.0-merged-fp32-828e356,small,instance_00009,number_visited,3.0
772,textmapworld_graphreasoning,playornotplay__qwen3.5-2b__playornotplay-v1.0-merged-fp32-828e356,small,instance_00009,seen,4.0
773,textmapworld_graphreasoning,playornotplay__qwen3.5-2b__playornotplay-v1.0-merged-fp32-828e356,small,instance_00009,efficiency,50.0
774,textmapworld_graphreasoning,playornotplay__qwen3.5-2b__playornotplay-v1.0-merged-fp32-828e356,small,instance_00009,exploration,75.0
775,textmapworld_graphreasoning,playornotplay__qwen3.5-2b__playornotplay-v1.0-merged-fp32-828e356,small,instance_00009,graph_similarity,23.840584404423538
776,textmapworld_graphreasoning,playornotplay__qwen3.5-2b__playornotplay-v1.0-merged-fp32-828e356,small,instance_00009,Main Score,60.0
777,textmapworld_graphreasoning,playornotplay__qwen3.5-2b__playornotplay-v1.0-merged-fp32-828e356,large,instance_00028,Success,0.0
778,textmapworld_graphreasoning,playornotplay__qwen3.5-2b__playornotplay-v1.0-merged-fp32-828e356,large,instance_00028,Aborted,0.0
779,textmapworld_graphreasoning,playornotplay__qwen3.5-2b__playornotplay-v1.0-merged-fp32-828e356,large,instance_00028,Lose,1.0
780,textmapworld_graphreasoning,playornotplay__qwen3.5-2b__playornotplay-v1.0-merged-fp32-828e356,large,instance_00028,moves,3.0
781,textmapworld_graphreasoning,playornotplay__qwen3.5-2b__playornotplay-v1.0-merged-fp32-828e356,large,instance_00028,valid_moves,3.0
782,textmapworld_graphreasoning,playornotplay__qwen3.5-2b__playornotplay-v1.0-merged-fp32-828e356,large,instance_00028,invalid_moves,0.0
783,textmapworld_graphreasoning,playornotplay__qwen3.5-2b__playornotplay-v1.0-merged-fp32-828e356,large,instance_00028,stopped,1.0
784,textmapworld_graphreasoning,playornotplay__qwen3.5-2b__playornotplay-v1.0-merged-fp32-828e356,large,instance_00028,turns_limit,0.0
785,textmapworld_graphreasoning,playornotplay__qwen3.5-2b__playornotplay-v1.0-merged-fp32-828e356,large,instance_00028,loops,0.0
786,textmapworld_graphreasoning,playornotplay__qwen3.5-2b__playornotplay-v1.0-merged-fp32-828e356,large,instance_00028,number_visited,4.0
787,textmapworld_graphreasoning,playornotplay__qwen3.5-2b__playornotplay-v1.0-merged-fp32-828e356,large,instance_00028,seen,5.0
788,textmapworld_graphreasoning,playornotplay__qwen3.5-2b__playornotplay-v1.0-merged-fp32-828e356,large,instance_00028,efficiency,100.0
789,textmapworld_graphreasoning,playornotplay__qwen3.5-2b__playornotplay-v1.0-merged-fp32-828e356,large,instance_00028,exploration,50.0
790,textmapworld_graphreasoning,playornotplay__qwen3.5-2b__playornotplay-v1.0-merged-fp32-828e356,large,instance_00028,graph_similarity,1.3385701848569465
791,textmapworld_graphreasoning,playornotplay__qwen3.5-2b__playornotplay-v1.0-merged-fp32-828e356,large,instance_00028,Main Score,66.66666666666667
792,textmapworld_graphreasoning,playornotplay__qwen3.5-2b__playornotplay-v1.0-merged-fp32-828e356,medium,instance_00010,Success,0.0
793,textmapworld_graphreasoning,playornotplay__qwen3.5-2b__playornotplay-v1.0-merged-fp32-828e356,medium,instance_00010,Aborted,0.0
794,textmapworld_graphreasoning,playornotplay__qwen3.5-2b__playornotplay-v1.0-merged-fp32-828e356,medium,instance_00010,Lose,1.0
795,textmapworld_graphreasoning,playornotplay__qwen3.5-2b__playornotplay-v1.0-merged-fp32-828e356,medium,instance_00010,moves,2.0
796,textmapworld_graphreasoning,playornotplay__qwen3.5-2b__playornotplay-v1.0-merged-fp32-828e356,medium,instance_00010,valid_moves,2.0
797,textmapworld_graphreasoning,playornotplay__qwen3.5-2b__playornotplay-v1.0-merged-fp32-828e356,medium,instance_00010,invalid_moves,0.0
798,textmapworld_graphreasoning,playornotplay__qwen3.5-2b__playornotplay-v1.0-merged-fp32-828e356,medium,instance_00010,stopped,1.0
799,textmapworld_graphreasoning,playornotplay__qwen3.5-2b__playornotplay-v1.0-merged-fp32-828e356,medium,instance_00010,turns_limit,0.0
800,textmapworld_graphreasoning,playornotplay__qwen3.5-2b__playornotplay-v1.0-merged-fp32-828e356,medium,instance_00010,loops,0.0
801,textmapworld_graphreasoning,playornotplay__qwen3.5-2b__playornotplay-v1.0-merged-fp32-828e356,medium,instance_00010,number_visited,2.0
802,textmapworld_graphreasoning,playornotplay__qwen3.5-2b__playornotplay-v1.0-merged-fp32-828e356,medium,instance_00010,seen,3.0
803,textmapworld_graphreasoning,playornotplay__qwen3.5-2b__playornotplay-v1.0-merged-fp32-828e356,medium,instance_00010,efficiency,100.0
804,textmapworld_graphreasoning,playornotplay__qwen3.5-2b__playornotplay-v1.0-merged-fp32-828e356,medium,instance_00010,exploration,33.33333333333333
805,textmapworld_graphreasoning,playornotplay__qwen3.5-2b__playornotplay-v1.0-merged-fp32-828e356,medium,instance_00010,graph_similarity,3.5972419924183097
806,textmapworld_graphreasoning,playornotplay__qwen3.5-2b__playornotplay-v1.0-merged-fp32-828e356,medium,instance_00010,Main Score,50.0
807,codenames,playornotplay__qwen3.5-2b__playornotplay-v1.0-merged-fp32-828e356,association_difficult,instance_00000,experiment variable,Word Assignments
808,codenames,playornotplay__qwen3.5-2b__playornotplay-v1.0-merged-fp32-828e356,association_difficult,instance_00000,experiment name,association_difficult
809,codenames,playornotplay__qwen3.5-2b__playornotplay-v1.0-merged-fp32-828e356,association_difficult,instance_00000,Cluegiver strip words,0
810,codenames,playornotplay__qwen3.5-2b__playornotplay-v1.0-merged-fp32-828e356,association_difficult,instance_00000,Guesser strip words,0
811,codenames,playornotplay__qwen3.5-2b__playornotplay-v1.0-merged-fp32-828e356,association_difficult,instance_00000,Average Cluegiver Number of Targets,3
812,codenames,playornotplay__qwen3.5-2b__playornotplay-v1.0-merged-fp32-828e356,association_difficult,instance_00000,Average Cluegiver Team Precision,1.0
813,codenames,playornotplay__qwen3.5-2b__playornotplay-v1.0-merged-fp32-828e356,association_difficult,instance_00000,Average Cluegiver Team Recall,0.381
814,codenames,playornotplay__qwen3.5-2b__playornotplay-v1.0-merged-fp32-828e356,association_difficult,instance_00000,Average Cluegiver Team F1,0.55
815,codenames,playornotplay__qwen3.5-2b__playornotplay-v1.0-merged-fp32-828e356,association_difficult,instance_00000,Average Guesser Number of Guesses,1.5
816,codenames,playornotplay__qwen3.5-2b__playornotplay-v1.0-merged-fp32-828e356,association_difficult,instance_00000,Average Guesser Number of Revealed Words,1.5
817,codenames,playornotplay__qwen3.5-2b__playornotplay-v1.0-merged-fp32-828e356,association_difficult,instance_00000,Average Guesser Number of Unrevealed Guesses,0
818,codenames,playornotplay__qwen3.5-2b__playornotplay-v1.0-merged-fp32-828e356,association_difficult,instance_00000,Average Guesser Target Precision,0.334
819,codenames,playornotplay__qwen3.5-2b__playornotplay-v1.0-merged-fp32-828e356,association_difficult,instance_00000,Average Guesser Target Recall,0.334
820,codenames,playornotplay__qwen3.5-2b__playornotplay-v1.0-merged-fp32-828e356,association_difficult,instance_00000,Average Guesser Target F1,0.334
821,codenames,playornotplay__qwen3.5-2b__playornotplay-v1.0-merged-fp32-828e356,association_difficult,instance_00000,Average Guesser Team Precision,0.334
822,codenames,playornotplay__qwen3.5-2b__playornotplay-v1.0-merged-fp32-828e356,association_difficult,instance_00000,Average Guesser Team Recall,0.111
823,codenames,playornotplay__qwen3.5-2b__playornotplay-v1.0-merged-fp32-828e356,association_difficult,instance_00000,Average Guesser Team F1,0.167
824,codenames,playornotplay__qwen3.5-2b__playornotplay-v1.0-merged-fp32-828e356,association_difficult,instance_00000,Aborted,1
825,codenames,playornotplay__qwen3.5-2b__playornotplay-v1.0-merged-fp32-828e356,association_difficult,instance_00000,Lose,0
826,codenames,playornotplay__qwen3.5-2b__playornotplay-v1.0-merged-fp32-828e356,association_difficult,instance_00000,Success,0
827,codenames,playornotplay__qwen3.5-2b__playornotplay-v1.0-merged-fp32-828e356,association_difficult,instance_00000,Game ended through assassin,0
828,codenames,playornotplay__qwen3.5-2b__playornotplay-v1.0-merged-fp32-828e356,association_difficult,instance_00000,Episode Recall,0.222
829,codenames,playornotplay__qwen3.5-2b__playornotplay-v1.0-merged-fp32-828e356,association_difficult,instance_00000,Episode Negative Recall,0.938
830,codenames,playornotplay__qwen3.5-2b__playornotplay-v1.0-merged-fp32-828e356,association_difficult,instance_00000,Number of turns,3
831,codenames,playornotplay__qwen3.5-2b__playornotplay-v1.0-merged-fp32-828e356,association_difficult,instance_00000,Efficiency,0.5
832,codenames,playornotplay__qwen3.5-2b__playornotplay-v1.0-merged-fp32-828e356,association_difficult,instance_00000,Request Count,4
833,codenames,playornotplay__qwen3.5-2b__playornotplay-v1.0-merged-fp32-828e356,association_difficult,instance_00000,Parsed Request Count,3
834,codenames,playornotplay__qwen3.5-2b__playornotplay-v1.0-merged-fp32-828e356,association_difficult,instance_00000,Violated Request Count,1
835,codenames,playornotplay__qwen3.5-2b__playornotplay-v1.0-merged-fp32-828e356,association_difficult,instance_00000,Request Success Ratio,0.75
836,codenames,playornotplay__qwen3.5-2b__playornotplay-v1.0-merged-fp32-828e356,association_difficult,instance_00000,Main Score,
837,codenames,playornotplay__qwen3.5-2b__playornotplay-v1.0-merged-fp32-828e356,risk_low,instance_00008,experiment variable,Risk
838,codenames,playornotplay__qwen3.5-2b__playornotplay-v1.0-merged-fp32-828e356,risk_low,instance_00008,experiment name,risk_low
839,codenames,playornotplay__qwen3.5-2b__playornotplay-v1.0-merged-fp32-828e356,risk_low,instance_00008,Cluegiver strip words,0
840,codenames,playornotplay__qwen3.5-2b__playornotplay-v1.0-merged-fp32-828e356,risk_low,instance_00008,Guesser strip words,0
841,codenames,playornotplay__qwen3.5-2b__playornotplay-v1.0-merged-fp32-828e356,risk_low,instance_00008,Average Cluegiver Number of Targets,2.75
842,codenames,playornotplay__qwen3.5-2b__playornotplay-v1.0-merged-fp32-828e356,risk_low,instance_00008,Average Cluegiver Team Precision,1.0
843,codenames,playornotplay__qwen3.5-2b__playornotplay-v1.0-merged-fp32-828e356,risk_low,instance_00008,Average Cluegiver Team Recall,0.373
844,codenames,playornotplay__qwen3.5-2b__playornotplay-v1.0-merged-fp32-828e356,risk_low,instance_00008,Average Cluegiver Team F1,0.539
845,codenames,playornotplay__qwen3.5-2b__playornotplay-v1.0-merged-fp32-828e356,risk_low,instance_00008,Average Guesser Number of Guesses,2
846,codenames,playornotplay__qwen3.5-2b__playornotplay-v1.0-merged-fp32-828e356,risk_low,instance_00008,Average Guesser Number of Revealed Words,1.5
847,codenames,playornotplay__qwen3.5-2b__playornotplay-v1.0-merged-fp32-828e356,risk_low,instance_00008,Average Guesser Number of Unrevealed Guesses,0.5
848,codenames,playornotplay__qwen3.5-2b__playornotplay-v1.0-merged-fp32-828e356,risk_low,instance_00008,Average Guesser Target Precision,0.375
849,codenames,playornotplay__qwen3.5-2b__playornotplay-v1.0-merged-fp32-828e356,risk_low,instance_00008,Average Guesser Target Recall,0.291
850,codenames,playornotplay__qwen3.5-2b__playornotplay-v1.0-merged-fp32-828e356,risk_low,instance_00008,Average Guesser Target F1,0.325
851,codenames,playornotplay__qwen3.5-2b__playornotplay-v1.0-merged-fp32-828e356,risk_low,instance_00008,Average Guesser Team Precision,0.375
852,codenames,playornotplay__qwen3.5-2b__playornotplay-v1.0-merged-fp32-828e356,risk_low,instance_00008,Average Guesser Team Recall,0.095
853,codenames,playornotplay__qwen3.5-2b__playornotplay-v1.0-merged-fp32-828e356,risk_low,instance_00008,Average Guesser Team F1,0.151
854,codenames,playornotplay__qwen3.5-2b__playornotplay-v1.0-merged-fp32-828e356,risk_low,instance_00008,Aborted,1
855,codenames,playornotplay__qwen3.5-2b__playornotplay-v1.0-merged-fp32-828e356,risk_low,instance_00008,Lose,0
856,codenames,playornotplay__qwen3.5-2b__playornotplay-v1.0-merged-fp32-828e356,risk_low,instance_00008,Success,0
857,codenames,playornotplay__qwen3.5-2b__playornotplay-v1.0-merged-fp32-828e356,risk_low,instance_00008,Game ended through assassin,0
858,codenames,playornotplay__qwen3.5-2b__playornotplay-v1.0-merged-fp32-828e356,risk_low,instance_00008,Episode Recall,0.333
859,codenames,playornotplay__qwen3.5-2b__playornotplay-v1.0-merged-fp32-828e356,risk_low,instance_00008,Episode Negative Recall,0.812
860,codenames,playornotplay__qwen3.5-2b__playornotplay-v1.0-merged-fp32-828e356,risk_low,instance_00008,Number of turns,5
861,codenames,playornotplay__qwen3.5-2b__playornotplay-v1.0-merged-fp32-828e356,risk_low,instance_00008,Efficiency,0.8
862,codenames,playornotplay__qwen3.5-2b__playornotplay-v1.0-merged-fp32-828e356,risk_low,instance_00008,Request Count,8
863,codenames,playornotplay__qwen3.5-2b__playornotplay-v1.0-merged-fp32-828e356,risk_low,instance_00008,Parsed Request Count,7
864,codenames,playornotplay__qwen3.5-2b__playornotplay-v1.0-merged-fp32-828e356,risk_low,instance_00008,Violated Request Count,1
865,codenames,playornotplay__qwen3.5-2b__playornotplay-v1.0-merged-fp32-828e356,risk_low,instance_00008,Request Success Ratio,0.875
866,codenames,playornotplay__qwen3.5-2b__playornotplay-v1.0-merged-fp32-828e356,risk_low,instance_00008,Main Score,
867,codenames,playornotplay__qwen3.5-2b__playornotplay-v1.0-merged-fp32-828e356,ambiguous,instance_00001,experiment variable,Word Ambiguity
868,codenames,playornotplay__qwen3.5-2b__playornotplay-v1.0-merged-fp32-828e356,ambiguous,instance_00001,experiment name,ambiguous
869,codenames,playornotplay__qwen3.5-2b__playornotplay-v1.0-merged-fp32-828e356,ambiguous,instance_00001,Cluegiver strip words,0
870,codenames,playornotplay__qwen3.5-2b__playornotplay-v1.0-merged-fp32-828e356,ambiguous,instance_00001,Guesser strip words,0
871,codenames,playornotplay__qwen3.5-2b__playornotplay-v1.0-merged-fp32-828e356,ambiguous,instance_00001,Average Cluegiver Number of Targets,7
872,codenames,playornotplay__qwen3.5-2b__playornotplay-v1.0-merged-fp32-828e356,ambiguous,instance_00001,Average Cluegiver Team Precision,1.0
873,codenames,playornotplay__qwen3.5-2b__playornotplay-v1.0-merged-fp32-828e356,ambiguous,instance_00001,Average Cluegiver Team Recall,0.778
874,codenames,playornotplay__qwen3.5-2b__playornotplay-v1.0-merged-fp32-828e356,ambiguous,instance_00001,Average Cluegiver Team F1,0.875
875,codenames,playornotplay__qwen3.5-2b__playornotplay-v1.0-merged-fp32-828e356,ambiguous,instance_00001,Average Guesser Number of Guesses,0
876,codenames,playornotplay__qwen3.5-2b__playornotplay-v1.0-merged-fp32-828e356,ambiguous,instance_00001,Average Guesser Number of Revealed Words,0
877,codenames,playornotplay__qwen3.5-2b__playornotplay-v1.0-merged-fp32-828e356,ambiguous,instance_00001,Average Guesser Number of Unrevealed Guesses,0
878,codenames,playornotplay__qwen3.5-2b__playornotplay-v1.0-merged-fp32-828e356,ambiguous,instance_00001,Average Guesser Target Precision,0
879,codenames,playornotplay__qwen3.5-2b__playornotplay-v1.0-merged-fp32-828e356,ambiguous,instance_00001,Average Guesser Target Recall,0.0
880,codenames,playornotplay__qwen3.5-2b__playornotplay-v1.0-merged-fp32-828e356,ambiguous,instance_00001,Average Guesser Target F1,0
881,codenames,playornotplay__qwen3.5-2b__playornotplay-v1.0-merged-fp32-828e356,ambiguous,instance_00001,Average Guesser Team Precision,0
882,codenames,playornotplay__qwen3.5-2b__playornotplay-v1.0-merged-fp32-828e356,ambiguous,instance_00001,Average Guesser Team Recall,0.0
883,codenames,playornotplay__qwen3.5-2b__playornotplay-v1.0-merged-fp32-828e356,ambiguous,instance_00001,Average Guesser Team F1,0
884,codenames,playornotplay__qwen3.5-2b__playornotplay-v1.0-merged-fp32-828e356,ambiguous,instance_00001,Aborted,1
885,codenames,playornotplay__qwen3.5-2b__playornotplay-v1.0-merged-fp32-828e356,ambiguous,instance_00001,Lose,0
886,codenames,playornotplay__qwen3.5-2b__playornotplay-v1.0-merged-fp32-828e356,ambiguous,instance_00001,Success,0
887,codenames,playornotplay__qwen3.5-2b__playornotplay-v1.0-merged-fp32-828e356,ambiguous,instance_00001,Game ended through assassin,0
888,codenames,playornotplay__qwen3.5-2b__playornotplay-v1.0-merged-fp32-828e356,ambiguous,instance_00001,Episode Recall,0.0
889,codenames,playornotplay__qwen3.5-2b__playornotplay-v1.0-merged-fp32-828e356,ambiguous,instance_00001,Episode Negative Recall,1.0
890,codenames,playornotplay__qwen3.5-2b__playornotplay-v1.0-merged-fp32-828e356,ambiguous,instance_00001,Number of turns,2
891,codenames,playornotplay__qwen3.5-2b__playornotplay-v1.0-merged-fp32-828e356,ambiguous,instance_00001,Efficiency,0.0
892,codenames,playornotplay__qwen3.5-2b__playornotplay-v1.0-merged-fp32-828e356,ambiguous,instance_00001,Request Count,2
893,codenames,playornotplay__qwen3.5-2b__playornotplay-v1.0-merged-fp32-828e356,ambiguous,instance_00001,Parsed Request Count,1
894,codenames,playornotplay__qwen3.5-2b__playornotplay-v1.0-merged-fp32-828e356,ambiguous,instance_00001,Violated Request Count,1
895,codenames,playornotplay__qwen3.5-2b__playornotplay-v1.0-merged-fp32-828e356,ambiguous,instance_00001,Request Success Ratio,0.5
896,codenames,playornotplay__qwen3.5-2b__playornotplay-v1.0-merged-fp32-828e356,ambiguous,instance_00001,Main Score,
897,codenames,playornotplay__qwen3.5-2b__playornotplay-v1.0-merged-fp32-828e356,opponent_difficult,instance_00007,experiment variable,Opponent Difficulty
898,codenames,playornotplay__qwen3.5-2b__playornotplay-v1.0-merged-fp32-828e356,opponent_difficult,instance_00007,experiment name,opponent_difficult
899,codenames,playornotplay__qwen3.5-2b__playornotplay-v1.0-merged-fp32-828e356,opponent_difficult,instance_00007,Cluegiver strip words,0
900,codenames,playornotplay__qwen3.5-2b__playornotplay-v1.0-merged-fp32-828e356,opponent_difficult,instance_00007,Guesser strip words,0
901,codenames,playornotplay__qwen3.5-2b__playornotplay-v1.0-merged-fp32-828e356,opponent_difficult,instance_00007,Average Cluegiver Number of Targets,4
902,codenames,playornotplay__qwen3.5-2b__playornotplay-v1.0-merged-fp32-828e356,opponent_difficult,instance_00007,Average Cluegiver Team Precision,1.0
903,codenames,playornotplay__qwen3.5-2b__playornotplay-v1.0-merged-fp32-828e356,opponent_difficult,instance_00007,Average Cluegiver Team Recall,0.444
904,codenames,playornotplay__qwen3.5-2b__playornotplay-v1.0-merged-fp32-828e356,opponent_difficult,instance_00007,Average Cluegiver Team F1,0.615
905,codenames,playornotplay__qwen3.5-2b__playornotplay-v1.0-merged-fp32-828e356,opponent_difficult,instance_00007,Average Guesser Number of Guesses,0
906,codenames,playornotplay__qwen3.5-2b__playornotplay-v1.0-merged-fp32-828e356,opponent_difficult,instance_00007,Average Guesser Number of Revealed Words,0
907,codenames,playornotplay__qwen3.5-2b__playornotplay-v1.0-merged-fp32-828e356,opponent_difficult,instance_00007,Average Guesser Number of Unrevealed Guesses,0
908,codenames,playornotplay__qwen3.5-2b__playornotplay-v1.0-merged-fp32-828e356,opponent_difficult,instance_00007,Average Guesser Target Precision,0
909,codenames,playornotplay__qwen3.5-2b__playornotplay-v1.0-merged-fp32-828e356,opponent_difficult,instance_00007,Average Guesser Target Recall,0.0
910,codenames,playornotplay__qwen3.5-2b__playornotplay-v1.0-merged-fp32-828e356,opponent_difficult,instance_00007,Average Guesser Target F1,0
911,codenames,playornotplay__qwen3.5-2b__playornotplay-v1.0-merged-fp32-828e356,opponent_difficult,instance_00007,Average Guesser Team Precision,0
912,codenames,playornotplay__qwen3.5-2b__playornotplay-v1.0-merged-fp32-828e356,opponent_difficult,instance_00007,Average Guesser Team Recall,0.0
913,codenames,playornotplay__qwen3.5-2b__playornotplay-v1.0-merged-fp32-828e356,opponent_difficult,instance_00007,Average Guesser Team F1,0
914,codenames,playornotplay__qwen3.5-2b__playornotplay-v1.0-merged-fp32-828e356,opponent_difficult,instance_00007,Aborted,1
915,codenames,playornotplay__qwen3.5-2b__playornotplay-v1.0-merged-fp32-828e356,opponent_difficult,instance_00007,Lose,0
916,codenames,playornotplay__qwen3.5-2b__playornotplay-v1.0-merged-fp32-828e356,opponent_difficult,instance_00007,Success,0
917,codenames,playornotplay__qwen3.5-2b__playornotplay-v1.0-merged-fp32-828e356,opponent_difficult,instance_00007,Game ended through assassin,0
918,codenames,playornotplay__qwen3.5-2b__playornotplay-v1.0-merged-fp32-828e356,opponent_difficult,instance_00007,Episode Recall,0.0
919,codenames,playornotplay__qwen3.5-2b__playornotplay-v1.0-merged-fp32-828e356,opponent_difficult,instance_00007,Episode Negative Recall,1.0
920,codenames,playornotplay__qwen3.5-2b__playornotplay-v1.0-merged-fp32-828e356,opponent_difficult,instance_00007,Number of turns,2
921,codenames,playornotplay__qwen3.5-2b__playornotplay-v1.0-merged-fp32-828e356,opponent_difficult,instance_00007,Efficiency,0.0
922,codenames,playornotplay__qwen3.5-2b__playornotplay-v1.0-merged-fp32-828e356,opponent_difficult,instance_00007,Request Count,2
923,codenames,playornotplay__qwen3.5-2b__playornotplay-v1.0-merged-fp32-828e356,opponent_difficult,instance_00007,Parsed Request Count,1
924,codenames,playornotplay__qwen3.5-2b__playornotplay-v1.0-merged-fp32-828e356,opponent_difficult,instance_00007,Violated Request Count,1
925,codenames,playornotplay__qwen3.5-2b__playornotplay-v1.0-merged-fp32-828e356,opponent_difficult,instance_00007,Request Success Ratio,0.5
926,codenames,playornotplay__qwen3.5-2b__playornotplay-v1.0-merged-fp32-828e356,opponent_difficult,instance_00007,Main Score,
927,codenames,playornotplay__qwen3.5-2b__playornotplay-v1.0-merged-fp32-828e356,risk_high,instance_00009,experiment variable,Risk
928,codenames,playornotplay__qwen3.5-2b__playornotplay-v1.0-merged-fp32-828e356,risk_high,instance_00009,experiment name,risk_high
929,codenames,playornotplay__qwen3.5-2b__playornotplay-v1.0-merged-fp32-828e356,risk_high,instance_00009,Cluegiver strip words,0
930,codenames,playornotplay__qwen3.5-2b__playornotplay-v1.0-merged-fp32-828e356,risk_high,instance_00009,Guesser strip words,0
931,codenames,playornotplay__qwen3.5-2b__playornotplay-v1.0-merged-fp32-828e356,risk_high,instance_00009,Average Cluegiver Number of Targets,3
932,codenames,playornotplay__qwen3.5-2b__playornotplay-v1.0-merged-fp32-828e356,risk_high,instance_00009,Average Cluegiver Team Precision,1.0
933,codenames,playornotplay__qwen3.5-2b__playornotplay-v1.0-merged-fp32-828e356,risk_high,instance_00009,Average Cluegiver Team Recall,0.333
934,codenames,playornotplay__qwen3.5-2b__playornotplay-v1.0-merged-fp32-828e356,risk_high,instance_00009,Average Cluegiver Team F1,0.5
935,codenames,playornotplay__qwen3.5-2b__playornotplay-v1.0-merged-fp32-828e356,risk_high,instance_00009,Average Guesser Number of Guesses,3
936,codenames,playornotplay__qwen3.5-2b__playornotplay-v1.0-merged-fp32-828e356,risk_high,instance_00009,Average Guesser Number of Revealed Words,2
937,codenames,playornotplay__qwen3.5-2b__playornotplay-v1.0-merged-fp32-828e356,risk_high,instance_00009,Average Guesser Number of Unrevealed Guesses,1
938,codenames,playornotplay__qwen3.5-2b__playornotplay-v1.0-merged-fp32-828e356,risk_high,instance_00009,Average Guesser Target Precision,0.5
939,codenames,playornotplay__qwen3.5-2b__playornotplay-v1.0-merged-fp32-828e356,risk_high,instance_00009,Average Guesser Target Recall,0.333
940,codenames,playornotplay__qwen3.5-2b__playornotplay-v1.0-merged-fp32-828e356,risk_high,instance_00009,Average Guesser Target F1,0.4
941,codenames,playornotplay__qwen3.5-2b__playornotplay-v1.0-merged-fp32-828e356,risk_high,instance_00009,Average Guesser Team Precision,0.5
942,codenames,playornotplay__qwen3.5-2b__playornotplay-v1.0-merged-fp32-828e356,risk_high,instance_00009,Average Guesser Team Recall,0.111
943,codenames,playornotplay__qwen3.5-2b__playornotplay-v1.0-merged-fp32-828e356,risk_high,instance_00009,Average Guesser Team F1,0.182
944,codenames,playornotplay__qwen3.5-2b__playornotplay-v1.0-merged-fp32-828e356,risk_high,instance_00009,Aborted,0
945,codenames,playornotplay__qwen3.5-2b__playornotplay-v1.0-merged-fp32-828e356,risk_high,instance_00009,Lose,1
946,codenames,playornotplay__qwen3.5-2b__playornotplay-v1.0-merged-fp32-828e356,risk_high,instance_00009,Success,0
947,codenames,playornotplay__qwen3.5-2b__playornotplay-v1.0-merged-fp32-828e356,risk_high,instance_00009,Game ended through assassin,1
948,codenames,playornotplay__qwen3.5-2b__playornotplay-v1.0-merged-fp32-828e356,risk_high,instance_00009,Episode Recall,0.111
949,codenames,playornotplay__qwen3.5-2b__playornotplay-v1.0-merged-fp32-828e356,risk_high,instance_00009,Episode Negative Recall,0.938
950,codenames,playornotplay__qwen3.5-2b__playornotplay-v1.0-merged-fp32-828e356,risk_high,instance_00009,Number of turns,2
951,codenames,playornotplay__qwen3.5-2b__playornotplay-v1.0-merged-fp32-828e356,risk_high,instance_00009,Efficiency,0.75
952,codenames,playornotplay__qwen3.5-2b__playornotplay-v1.0-merged-fp32-828e356,risk_high,instance_00009,Request Count,2
953,codenames,playornotplay__qwen3.5-2b__playornotplay-v1.0-merged-fp32-828e356,risk_high,instance_00009,Parsed Request Count,2
954,codenames,playornotplay__qwen3.5-2b__playornotplay-v1.0-merged-fp32-828e356,risk_high,instance_00009,Violated Request Count,0
955,codenames,playornotplay__qwen3.5-2b__playornotplay-v1.0-merged-fp32-828e356,risk_high,instance_00009,Request Success Ratio,1.0
956,codenames,playornotplay__qwen3.5-2b__playornotplay-v1.0-merged-fp32-828e356,risk_high,instance_00009,Main Score,0
957,codenames,playornotplay__qwen3.5-2b__playornotplay-v1.0-merged-fp32-828e356,abstract,instance_00007,experiment variable,Word Concreteness
958,codenames,playornotplay__qwen3.5-2b__playornotplay-v1.0-merged-fp32-828e356,abstract,instance_00007,experiment name,abstract
959,codenames,playornotplay__qwen3.5-2b__playornotplay-v1.0-merged-fp32-828e356,abstract,instance_00007,Cluegiver strip words,0
960,codenames,playornotplay__qwen3.5-2b__playornotplay-v1.0-merged-fp32-828e356,abstract,instance_00007,Guesser strip words,0
961,codenames,playornotplay__qwen3.5-2b__playornotplay-v1.0-merged-fp32-828e356,abstract,instance_00007,Average Cluegiver Number of Targets,2
962,codenames,playornotplay__qwen3.5-2b__playornotplay-v1.0-merged-fp32-828e356,abstract,instance_00007,Average Cluegiver Team Precision,0.5
963,codenames,playornotplay__qwen3.5-2b__playornotplay-v1.0-merged-fp32-828e356,abstract,instance_00007,Average Cluegiver Team Recall,0.222
964,codenames,playornotplay__qwen3.5-2b__playornotplay-v1.0-merged-fp32-828e356,abstract,instance_00007,Average Cluegiver Team F1,0.307
965,codenames,playornotplay__qwen3.5-2b__playornotplay-v1.0-merged-fp32-828e356,abstract,instance_00007,Average Guesser Number of Guesses,2
966,codenames,playornotplay__qwen3.5-2b__playornotplay-v1.0-merged-fp32-828e356,abstract,instance_00007,Average Guesser Number of Revealed Words,1.5
967,codenames,playornotplay__qwen3.5-2b__playornotplay-v1.0-merged-fp32-828e356,abstract,instance_00007,Average Guesser Number of Unrevealed Guesses,0.5
968,codenames,playornotplay__qwen3.5-2b__playornotplay-v1.0-merged-fp32-828e356,abstract,instance_00007,Average Guesser Target Precision,0.334
969,codenames,playornotplay__qwen3.5-2b__playornotplay-v1.0-merged-fp32-828e356,abstract,instance_00007,Average Guesser Target Recall,0.25
970,codenames,playornotplay__qwen3.5-2b__playornotplay-v1.0-merged-fp32-828e356,abstract,instance_00007,Average Guesser Target F1,0.285
971,codenames,playornotplay__qwen3.5-2b__playornotplay-v1.0-merged-fp32-828e356,abstract,instance_00007,Average Guesser Team Precision,0.334
972,codenames,playornotplay__qwen3.5-2b__playornotplay-v1.0-merged-fp32-828e356,abstract,instance_00007,Average Guesser Team Recall,0.111
973,codenames,playornotplay__qwen3.5-2b__playornotplay-v1.0-merged-fp32-828e356,abstract,instance_00007,Average Guesser Team F1,0.167
974,codenames,playornotplay__qwen3.5-2b__playornotplay-v1.0-merged-fp32-828e356,abstract,instance_00007,Aborted,1
975,codenames,playornotplay__qwen3.5-2b__playornotplay-v1.0-merged-fp32-828e356,abstract,instance_00007,Lose,0
976,codenames,playornotplay__qwen3.5-2b__playornotplay-v1.0-merged-fp32-828e356,abstract,instance_00007,Success,0
977,codenames,playornotplay__qwen3.5-2b__playornotplay-v1.0-merged-fp32-828e356,abstract,instance_00007,Game ended through assassin,0
978,codenames,playornotplay__qwen3.5-2b__playornotplay-v1.0-merged-fp32-828e356,abstract,instance_00007,Episode Recall,0.222
979,codenames,playornotplay__qwen3.5-2b__playornotplay-v1.0-merged-fp32-828e356,abstract,instance_00007,Episode Negative Recall,0.938
980,codenames,playornotplay__qwen3.5-2b__playornotplay-v1.0-merged-fp32-828e356,abstract,instance_00007,Number of turns,2
981,codenames,playornotplay__qwen3.5-2b__playornotplay-v1.0-merged-fp32-828e356,abstract,instance_00007,Efficiency,1.0
982,codenames,playornotplay__qwen3.5-2b__playornotplay-v1.0-merged-fp32-828e356,abstract,instance_00007,Request Count,3
983,codenames,playornotplay__qwen3.5-2b__playornotplay-v1.0-merged-fp32-828e356,abstract,instance_00007,Parsed Request Count,2
984,codenames,playornotplay__qwen3.5-2b__playornotplay-v1.0-merged-fp32-828e356,abstract,instance_00007,Violated Request Count,1
985,codenames,playornotplay__qwen3.5-2b__playornotplay-v1.0-merged-fp32-828e356,abstract,instance_00007,Request Success Ratio,0.667
986,codenames,playornotplay__qwen3.5-2b__playornotplay-v1.0-merged-fp32-828e356,abstract,instance_00007,Main Score,
987,codenames,playornotplay__qwen3.5-2b__playornotplay-v1.0-merged-fp32-828e356,association_easy,instance_00009,experiment variable,Word Assignments
988,codenames,playornotplay__qwen3.5-2b__playornotplay-v1.0-merged-fp32-828e356,association_easy,instance_00009,experiment name,association_easy
989,codenames,playornotplay__qwen3.5-2b__playornotplay-v1.0-merged-fp32-828e356,association_easy,instance_00009,Cluegiver strip words,0
990,codenames,playornotplay__qwen3.5-2b__playornotplay-v1.0-merged-fp32-828e356,association_easy,instance_00009,Guesser strip words,0
991,codenames,playornotplay__qwen3.5-2b__playornotplay-v1.0-merged-fp32-828e356,association_easy,instance_00009,Average Cluegiver Number of Targets,2.2
992,codenames,playornotplay__qwen3.5-2b__playornotplay-v1.0-merged-fp32-828e356,association_easy,instance_00009,Average Cluegiver Team Precision,1.0
993,codenames,playornotplay__qwen3.5-2b__playornotplay-v1.0-merged-fp32-828e356,association_easy,instance_00009,Average Cluegiver Team Recall,0.652
994,codenames,playornotplay__qwen3.5-2b__playornotplay-v1.0-merged-fp32-828e356,association_easy,instance_00009,Average Cluegiver Team F1,0.753
995,codenames,playornotplay__qwen3.5-2b__playornotplay-v1.0-merged-fp32-828e356,association_easy,instance_00009,Average Guesser Number of Guesses,2.2
996,codenames,playornotplay__qwen3.5-2b__playornotplay-v1.0-merged-fp32-828e356,association_easy,instance_00009,Average Guesser Number of Revealed Words,2.2
997,codenames,playornotplay__qwen3.5-2b__playornotplay-v1.0-merged-fp32-828e356,association_easy,instance_00009,Average Guesser Number of Unrevealed Guesses,0
998,codenames,playornotplay__qwen3.5-2b__playornotplay-v1.0-merged-fp32-828e356,association_easy,instance_00009,Average Guesser Target Precision,0.833
999,codenames,playornotplay__qwen3.5-2b__playornotplay-v1.0-merged-fp32-828e356,association_easy,instance_00009,Average Guesser Target Recall,0.833
1000,codenames,playornotplay__qwen3.5-2b__playornotplay-v1.0-merged-fp32-828e356,association_easy,instance_00009,Average Guesser Target F1,0.833
1001,codenames,playornotplay__qwen3.5-2b__playornotplay-v1.0-merged-fp32-828e356,association_easy,instance_00009,Average Guesser Team Precision,0.833
1002,codenames,playornotplay__qwen3.5-2b__playornotplay-v1.0-merged-fp32-828e356,association_easy,instance_00009,Average Guesser Team Recall,0.53
1003,codenames,playornotplay__qwen3.5-2b__playornotplay-v1.0-merged-fp32-828e356,association_easy,instance_00009,Average Guesser Team F1,0.62
1004,codenames,playornotplay__qwen3.5-2b__playornotplay-v1.0-merged-fp32-828e356,association_easy,instance_00009,Aborted,0
1005,codenames,playornotplay__qwen3.5-2b__playornotplay-v1.0-merged-fp32-828e356,association_easy,instance_00009,Lose,0
1006,codenames,playornotplay__qwen3.5-2b__playornotplay-v1.0-merged-fp32-828e356,association_easy,instance_00009,Success,1
1007,codenames,playornotplay__qwen3.5-2b__playornotplay-v1.0-merged-fp32-828e356,association_easy,instance_00009,Game ended through assassin,0
1008,codenames,playornotplay__qwen3.5-2b__playornotplay-v1.0-merged-fp32-828e356,association_easy,instance_00009,Episode Recall,1.0
1009,codenames,playornotplay__qwen3.5-2b__playornotplay-v1.0-merged-fp32-828e356,association_easy,instance_00009,Episode Negative Recall,0.875
1010,codenames,playornotplay__qwen3.5-2b__playornotplay-v1.0-merged-fp32-828e356,association_easy,instance_00009,Number of turns,6
1011,codenames,playornotplay__qwen3.5-2b__playornotplay-v1.0-merged-fp32-828e356,association_easy,instance_00009,Efficiency,0.917
1012,codenames,playornotplay__qwen3.5-2b__playornotplay-v1.0-merged-fp32-828e356,association_easy,instance_00009,Request Count,10
1013,codenames,playornotplay__qwen3.5-2b__playornotplay-v1.0-merged-fp32-828e356,association_easy,instance_00009,Parsed Request Count,10
1014,codenames,playornotplay__qwen3.5-2b__playornotplay-v1.0-merged-fp32-828e356,association_easy,instance_00009,Violated Request Count,0
1015,codenames,playornotplay__qwen3.5-2b__playornotplay-v1.0-merged-fp32-828e356,association_easy,instance_00009,Request Success Ratio,1.0
1016,codenames,playornotplay__qwen3.5-2b__playornotplay-v1.0-merged-fp32-828e356,association_easy,instance_00009,Main Score,100
1017,codenames,playornotplay__qwen3.5-2b__playornotplay-v1.0-merged-fp32-828e356,opponent_easy,instance_00009,experiment variable,Opponent Difficulty
1018,codenames,playornotplay__qwen3.5-2b__playornotplay-v1.0-merged-fp32-828e356,opponent_easy,instance_00009,experiment name,opponent_easy
1019,codenames,playornotplay__qwen3.5-2b__playornotplay-v1.0-merged-fp32-828e356,opponent_easy,instance_00009,Cluegiver strip words,0
1020,codenames,playornotplay__qwen3.5-2b__playornotplay-v1.0-merged-fp32-828e356,opponent_easy,instance_00009,Guesser strip words,0
1021,codenames,playornotplay__qwen3.5-2b__playornotplay-v1.0-merged-fp32-828e356,opponent_easy,instance_00009,Average Cluegiver Number of Targets,3.5
1022,codenames,playornotplay__qwen3.5-2b__playornotplay-v1.0-merged-fp32-828e356,opponent_easy,instance_00009,Average Cluegiver Team Precision,1.0
1023,codenames,playornotplay__qwen3.5-2b__playornotplay-v1.0-merged-fp32-828e356,opponent_easy,instance_00009,Average Cluegiver Team Recall,0.664
1024,codenames,playornotplay__qwen3.5-2b__playornotplay-v1.0-merged-fp32-828e356,opponent_easy,instance_00009,Average Cluegiver Team F1,0.772
1025,codenames,playornotplay__qwen3.5-2b__playornotplay-v1.0-merged-fp32-828e356,opponent_easy,instance_00009,Average Guesser Number of Guesses,3
1026,codenames,playornotplay__qwen3.5-2b__playornotplay-v1.0-merged-fp32-828e356,opponent_easy,instance_00009,Average Guesser Number of Revealed Words,1.833
1027,codenames,playornotplay__qwen3.5-2b__playornotplay-v1.0-merged-fp32-828e356,opponent_easy,instance_00009,Average Guesser Number of Unrevealed Guesses,1.167
1028,codenames,playornotplay__qwen3.5-2b__playornotplay-v1.0-merged-fp32-828e356,opponent_easy,instance_00009,Average Guesser Target Precision,0.264
1029,codenames,playornotplay__qwen3.5-2b__playornotplay-v1.0-merged-fp32-828e356,opponent_easy,instance_00009,Average Guesser Target Recall,0.222
1030,codenames,playornotplay__qwen3.5-2b__playornotplay-v1.0-merged-fp32-828e356,opponent_easy,instance_00009,Average Guesser Target F1,0.239
1031,codenames,playornotplay__qwen3.5-2b__playornotplay-v1.0-merged-fp32-828e356,opponent_easy,instance_00009,Average Guesser Team Precision,0.32
1032,codenames,playornotplay__qwen3.5-2b__playornotplay-v1.0-merged-fp32-828e356,opponent_easy,instance_00009,Average Guesser Team Recall,0.144
1033,codenames,playornotplay__qwen3.5-2b__playornotplay-v1.0-merged-fp32-828e356,opponent_easy,instance_00009,Average Guesser Team F1,0.193
1034,codenames,playornotplay__qwen3.5-2b__playornotplay-v1.0-merged-fp32-828e356,opponent_easy,instance_00009,Aborted,1
1035,codenames,playornotplay__qwen3.5-2b__playornotplay-v1.0-merged-fp32-828e356,opponent_easy,instance_00009,Lose,0
1036,codenames,playornotplay__qwen3.5-2b__playornotplay-v1.0-merged-fp32-828e356,opponent_easy,instance_00009,Success,0
1037,codenames,playornotplay__qwen3.5-2b__playornotplay-v1.0-merged-fp32-828e356,opponent_easy,instance_00009,Game ended through assassin,0
1038,codenames,playornotplay__qwen3.5-2b__playornotplay-v1.0-merged-fp32-828e356,opponent_easy,instance_00009,Episode Recall,0.667
1039,codenames,playornotplay__qwen3.5-2b__playornotplay-v1.0-merged-fp32-828e356,opponent_easy,instance_00009,Episode Negative Recall,0.688
1040,codenames,playornotplay__qwen3.5-2b__playornotplay-v1.0-merged-fp32-828e356,opponent_easy,instance_00009,Number of turns,7
1041,codenames,playornotplay__qwen3.5-2b__playornotplay-v1.0-merged-fp32-828e356,opponent_easy,instance_00009,Efficiency,1
1042,codenames,playornotplay__qwen3.5-2b__playornotplay-v1.0-merged-fp32-828e356,opponent_easy,instance_00009,Request Count,12
1043,codenames,playornotplay__qwen3.5-2b__playornotplay-v1.0-merged-fp32-828e356,opponent_easy,instance_00009,Parsed Request Count,11
1044,codenames,playornotplay__qwen3.5-2b__playornotplay-v1.0-merged-fp32-828e356,opponent_easy,instance_00009,Violated Request Count,1
1045,codenames,playornotplay__qwen3.5-2b__playornotplay-v1.0-merged-fp32-828e356,opponent_easy,instance_00009,Request Success Ratio,0.917
1046,codenames,playornotplay__qwen3.5-2b__playornotplay-v1.0-merged-fp32-828e356,opponent_easy,instance_00009,Main Score,
1047,codenames,playornotplay__qwen3.5-2b__playornotplay-v1.0-merged-fp32-828e356,concrete,instance_00004,experiment variable,Word Concreteness
1048,codenames,playornotplay__qwen3.5-2b__playornotplay-v1.0-merged-fp32-828e356,concrete,instance_00004,experiment name,concrete
1049,codenames,playornotplay__qwen3.5-2b__playornotplay-v1.0-merged-fp32-828e356,concrete,instance_00004,Cluegiver strip words,0
1050,codenames,playornotplay__qwen3.5-2b__playornotplay-v1.0-merged-fp32-828e356,concrete,instance_00004,Guesser strip words,0
1051,codenames,playornotplay__qwen3.5-2b__playornotplay-v1.0-merged-fp32-828e356,concrete,instance_00004,Average Cluegiver Number of Targets,2.5
1052,codenames,playornotplay__qwen3.5-2b__playornotplay-v1.0-merged-fp32-828e356,concrete,instance_00004,Average Cluegiver Team Precision,1.0
1053,codenames,playornotplay__qwen3.5-2b__playornotplay-v1.0-merged-fp32-828e356,concrete,instance_00004,Average Cluegiver Team Recall,0.309
1054,codenames,playornotplay__qwen3.5-2b__playornotplay-v1.0-merged-fp32-828e356,concrete,instance_00004,Average Cluegiver Team F1,0.472
1055,codenames,playornotplay__qwen3.5-2b__playornotplay-v1.0-merged-fp32-828e356,concrete,instance_00004,Average Guesser Number of Guesses,2.5
1056,codenames,playornotplay__qwen3.5-2b__playornotplay-v1.0-merged-fp32-828e356,concrete,instance_00004,Average Guesser Number of Revealed Words,2.5
1057,codenames,playornotplay__qwen3.5-2b__playornotplay-v1.0-merged-fp32-828e356,concrete,instance_00004,Average Guesser Number of Unrevealed Guesses,0
1058,codenames,playornotplay__qwen3.5-2b__playornotplay-v1.0-merged-fp32-828e356,concrete,instance_00004,Average Guesser Target Precision,0.584
1059,codenames,playornotplay__qwen3.5-2b__playornotplay-v1.0-merged-fp32-828e356,concrete,instance_00004,Average Guesser Target Recall,0.584
1060,codenames,playornotplay__qwen3.5-2b__playornotplay-v1.0-merged-fp32-828e356,concrete,instance_00004,Average Guesser Target F1,0.584
1061,codenames,playornotplay__qwen3.5-2b__playornotplay-v1.0-merged-fp32-828e356,concrete,instance_00004,Average Guesser Team Precision,0.584
1062,codenames,playornotplay__qwen3.5-2b__playornotplay-v1.0-merged-fp32-828e356,concrete,instance_00004,Average Guesser Team Recall,0.182
1063,codenames,playornotplay__qwen3.5-2b__playornotplay-v1.0-merged-fp32-828e356,concrete,instance_00004,Average Guesser Team F1,0.278
1064,codenames,playornotplay__qwen3.5-2b__playornotplay-v1.0-merged-fp32-828e356,concrete,instance_00004,Aborted,0
1065,codenames,playornotplay__qwen3.5-2b__playornotplay-v1.0-merged-fp32-828e356,concrete,instance_00004,Lose,1
1066,codenames,playornotplay__qwen3.5-2b__playornotplay-v1.0-merged-fp32-828e356,concrete,instance_00004,Success,0
1067,codenames,playornotplay__qwen3.5-2b__playornotplay-v1.0-merged-fp32-828e356,concrete,instance_00004,Game ended through assassin,1
1068,codenames,playornotplay__qwen3.5-2b__playornotplay-v1.0-merged-fp32-828e356,concrete,instance_00004,Episode Recall,0.333
1069,codenames,playornotplay__qwen3.5-2b__playornotplay-v1.0-merged-fp32-828e356,concrete,instance_00004,Episode Negative Recall,0.875
1070,codenames,playornotplay__qwen3.5-2b__playornotplay-v1.0-merged-fp32-828e356,concrete,instance_00004,Number of turns,3
1071,codenames,playornotplay__qwen3.5-2b__playornotplay-v1.0-merged-fp32-828e356,concrete,instance_00004,Efficiency,0.833
1072,codenames,playornotplay__qwen3.5-2b__playornotplay-v1.0-merged-fp32-828e356,concrete,instance_00004,Request Count,4
1073,codenames,playornotplay__qwen3.5-2b__playornotplay-v1.0-merged-fp32-828e356,concrete,instance_00004,Parsed Request Count,4
1074,codenames,playornotplay__qwen3.5-2b__playornotplay-v1.0-merged-fp32-828e356,concrete,instance_00004,Violated Request Count,0
1075,codenames,playornotplay__qwen3.5-2b__playornotplay-v1.0-merged-fp32-828e356,concrete,instance_00004,Request Success Ratio,1.0
1076,codenames,playornotplay__qwen3.5-2b__playornotplay-v1.0-merged-fp32-828e356,concrete,instance_00004,Main Score,0
1077,codenames,playornotplay__qwen3.5-2b__playornotplay-v1.0-merged-fp32-828e356,unambiguous,instance_00002,experiment variable,Word Ambiguity
1078,codenames,playornotplay__qwen3.5-2b__playornotplay-v1.0-merged-fp32-828e356,unambiguous,instance_00002,experiment name,unambiguous
1079,codenames,playornotplay__qwen3.5-2b__playornotplay-v1.0-merged-fp32-828e356,unambiguous,instance_00002,Cluegiver strip words,0
1080,codenames,playornotplay__qwen3.5-2b__playornotplay-v1.0-merged-fp32-828e356,unambiguous,instance_00002,Guesser strip words,0
1081,codenames,playornotplay__qwen3.5-2b__playornotplay-v1.0-merged-fp32-828e356,unambiguous,instance_00002,Average Cluegiver Number of Targets,2.6
1082,codenames,playornotplay__qwen3.5-2b__playornotplay-v1.0-merged-fp32-828e356,unambiguous,instance_00002,Average Cluegiver Team Precision,1.0
1083,codenames,playornotplay__qwen3.5-2b__playornotplay-v1.0-merged-fp32-828e356,unambiguous,instance_00002,Average Cluegiver Team Recall,0.759
1084,codenames,playornotplay__qwen3.5-2b__playornotplay-v1.0-merged-fp32-828e356,unambiguous,instance_00002,Average Cluegiver Team F1,0.844
1085,codenames,playornotplay__qwen3.5-2b__playornotplay-v1.0-merged-fp32-828e356,unambiguous,instance_00002,Average Guesser Number of Guesses,2.6
1086,codenames,playornotplay__qwen3.5-2b__playornotplay-v1.0-merged-fp32-828e356,unambiguous,instance_00002,Average Guesser Number of Revealed Words,2.4
1087,codenames,playornotplay__qwen3.5-2b__playornotplay-v1.0-merged-fp32-828e356,unambiguous,instance_00002,Average Guesser Number of Unrevealed Guesses,0.2
1088,codenames,playornotplay__qwen3.5-2b__playornotplay-v1.0-merged-fp32-828e356,unambiguous,instance_00002,Average Guesser Target Precision,0.683
1089,codenames,playornotplay__qwen3.5-2b__playornotplay-v1.0-merged-fp32-828e356,unambiguous,instance_00002,Average Guesser Target Recall,0.65
1090,codenames,playornotplay__qwen3.5-2b__playornotplay-v1.0-merged-fp32-828e356,unambiguous,instance_00002,Average Guesser Target F1,0.663
1091,codenames,playornotplay__qwen3.5-2b__playornotplay-v1.0-merged-fp32-828e356,unambiguous,instance_00002,Average Guesser Team Precision,0.733
1092,codenames,playornotplay__qwen3.5-2b__playornotplay-v1.0-merged-fp32-828e356,unambiguous,instance_00002,Average Guesser Team Recall,0.529
1093,codenames,playornotplay__qwen3.5-2b__playornotplay-v1.0-merged-fp32-828e356,unambiguous,instance_00002,Average Guesser Team F1,0.594
1094,codenames,playornotplay__qwen3.5-2b__playornotplay-v1.0-merged-fp32-828e356,unambiguous,instance_00002,Aborted,0
1095,codenames,playornotplay__qwen3.5-2b__playornotplay-v1.0-merged-fp32-828e356,unambiguous,instance_00002,Lose,0
1096,codenames,playornotplay__qwen3.5-2b__playornotplay-v1.0-merged-fp32-828e356,unambiguous,instance_00002,Success,1
1097,codenames,playornotplay__qwen3.5-2b__playornotplay-v1.0-merged-fp32-828e356,unambiguous,instance_00002,Game ended through assassin,0
1098,codenames,playornotplay__qwen3.5-2b__playornotplay-v1.0-merged-fp32-828e356,unambiguous,instance_00002,Episode Recall,1.0
1099,codenames,playornotplay__qwen3.5-2b__playornotplay-v1.0-merged-fp32-828e356,unambiguous,instance_00002,Episode Negative Recall,0.812
1100,codenames,playornotplay__qwen3.5-2b__playornotplay-v1.0-merged-fp32-828e356,unambiguous,instance_00002,Number of turns,6
1101,codenames,playornotplay__qwen3.5-2b__playornotplay-v1.0-merged-fp32-828e356,unambiguous,instance_00002,Efficiency,1
1102,codenames,playornotplay__qwen3.5-2b__playornotplay-v1.0-merged-fp32-828e356,unambiguous,instance_00002,Request Count,10
1103,codenames,playornotplay__qwen3.5-2b__playornotplay-v1.0-merged-fp32-828e356,unambiguous,instance_00002,Parsed Request Count,10
1104,codenames,playornotplay__qwen3.5-2b__playornotplay-v1.0-merged-fp32-828e356,unambiguous,instance_00002,Violated Request Count,0
1105,codenames,playornotplay__qwen3.5-2b__playornotplay-v1.0-merged-fp32-828e356,unambiguous,instance_00002,Request Success Ratio,1.0
1106,codenames,playornotplay__qwen3.5-2b__playornotplay-v1.0-merged-fp32-828e356,unambiguous,instance_00002,Main Score,100
1107,codenames,playornotplay__qwen3.5-2b__playornotplay-v1.0-merged-fp32-828e356,opponent_none,instance_00008,experiment variable,Opponent Difficulty
1108,codenames,playornotplay__qwen3.5-2b__playornotplay-v1.0-merged-fp32-828e356,opponent_none,instance_00008,experiment name,opponent_none
1109,codenames,playornotplay__qwen3.5-2b__playornotplay-v1.0-merged-fp32-828e356,opponent_none,instance_00008,Cluegiver strip words,0
1110,codenames,playornotplay__qwen3.5-2b__playornotplay-v1.0-merged-fp32-828e356,opponent_none,instance_00008,Guesser strip words,0
1111,codenames,playornotplay__qwen3.5-2b__playornotplay-v1.0-merged-fp32-828e356,opponent_none,instance_00008,Average Cluegiver Number of Targets,2.571
1112,codenames,playornotplay__qwen3.5-2b__playornotplay-v1.0-merged-fp32-828e356,opponent_none,instance_00008,Average Cluegiver Team Precision,0.929
1113,codenames,playornotplay__qwen3.5-2b__playornotplay-v1.0-merged-fp32-828e356,opponent_none,instance_00008,Average Cluegiver Team Recall,0.659
1114,codenames,playornotplay__qwen3.5-2b__playornotplay-v1.0-merged-fp32-828e356,opponent_none,instance_00008,Average Cluegiver Team F1,0.743
1115,codenames,playornotplay__qwen3.5-2b__playornotplay-v1.0-merged-fp32-828e356,opponent_none,instance_00008,Average Guesser Number of Guesses,2.571
1116,codenames,playornotplay__qwen3.5-2b__playornotplay-v1.0-merged-fp32-828e356,opponent_none,instance_00008,Average Guesser Number of Revealed Words,2
1117,codenames,playornotplay__qwen3.5-2b__playornotplay-v1.0-merged-fp32-828e356,opponent_none,instance_00008,Average Guesser Number of Unrevealed Guesses,0.571
1118,codenames,playornotplay__qwen3.5-2b__playornotplay-v1.0-merged-fp32-828e356,opponent_none,instance_00008,Average Guesser Target Precision,0.762
1119,codenames,playornotplay__qwen3.5-2b__playornotplay-v1.0-merged-fp32-828e356,opponent_none,instance_00008,Average Guesser Target Recall,0.619
1120,codenames,playornotplay__qwen3.5-2b__playornotplay-v1.0-merged-fp32-828e356,opponent_none,instance_00008,Average Guesser Target F1,0.673
1121,codenames,playornotplay__qwen3.5-2b__playornotplay-v1.0-merged-fp32-828e356,opponent_none,instance_00008,Average Guesser Team Precision,0.619
1122,codenames,playornotplay__qwen3.5-2b__playornotplay-v1.0-merged-fp32-828e356,opponent_none,instance_00008,Average Guesser Team Recall,0.392
1123,codenames,playornotplay__qwen3.5-2b__playornotplay-v1.0-merged-fp32-828e356,opponent_none,instance_00008,Average Guesser Team F1,0.458
1124,codenames,playornotplay__qwen3.5-2b__playornotplay-v1.0-merged-fp32-828e356,opponent_none,instance_00008,Aborted,0
1125,codenames,playornotplay__qwen3.5-2b__playornotplay-v1.0-merged-fp32-828e356,opponent_none,instance_00008,Lose,0
1126,codenames,playornotplay__qwen3.5-2b__playornotplay-v1.0-merged-fp32-828e356,opponent_none,instance_00008,Success,1
1127,codenames,playornotplay__qwen3.5-2b__playornotplay-v1.0-merged-fp32-828e356,opponent_none,instance_00008,Game ended through assassin,0
1128,codenames,playornotplay__qwen3.5-2b__playornotplay-v1.0-merged-fp32-828e356,opponent_none,instance_00008,Episode Recall,1.0
1129,codenames,playornotplay__qwen3.5-2b__playornotplay-v1.0-merged-fp32-828e356,opponent_none,instance_00008,Episode Negative Recall,0.688
1130,codenames,playornotplay__qwen3.5-2b__playornotplay-v1.0-merged-fp32-828e356,opponent_none,instance_00008,Number of turns,8
1131,codenames,playornotplay__qwen3.5-2b__playornotplay-v1.0-merged-fp32-828e356,opponent_none,instance_00008,Efficiency,1
1132,codenames,playornotplay__qwen3.5-2b__playornotplay-v1.0-merged-fp32-828e356,opponent_none,instance_00008,Request Count,14
1133,codenames,playornotplay__qwen3.5-2b__playornotplay-v1.0-merged-fp32-828e356,opponent_none,instance_00008,Parsed Request Count,14
1134,codenames,playornotplay__qwen3.5-2b__playornotplay-v1.0-merged-fp32-828e356,opponent_none,instance_00008,Violated Request Count,0
1135,codenames,playornotplay__qwen3.5-2b__playornotplay-v1.0-merged-fp32-828e356,opponent_none,instance_00008,Request Success Ratio,1.0
1136,codenames,playornotplay__qwen3.5-2b__playornotplay-v1.0-merged-fp32-828e356,opponent_none,instance_00008,Main Score,100
1137,codenames,playornotplay__qwen3.5-2b__playornotplay-v1.0-merged-fp32-828e356,frequency_high,instance_00002,experiment variable,Word Frequency
1138,codenames,playornotplay__qwen3.5-2b__playornotplay-v1.0-merged-fp32-828e356,frequency_high,instance_00002,experiment name,frequency_high
1139,codenames,playornotplay__qwen3.5-2b__playornotplay-v1.0-merged-fp32-828e356,frequency_high,instance_00002,Cluegiver strip words,0
1140,codenames,playornotplay__qwen3.5-2b__playornotplay-v1.0-merged-fp32-828e356,frequency_high,instance_00002,Guesser strip words,0
1141,codenames,playornotplay__qwen3.5-2b__playornotplay-v1.0-merged-fp32-828e356,frequency_high,instance_00002,Average Cluegiver Number of Targets,1.5
1142,codenames,playornotplay__qwen3.5-2b__playornotplay-v1.0-merged-fp32-828e356,frequency_high,instance_00002,Average Cluegiver Team Precision,0.5
1143,codenames,playornotplay__qwen3.5-2b__playornotplay-v1.0-merged-fp32-828e356,frequency_high,instance_00002,Average Cluegiver Team Recall,0.167
1144,codenames,playornotplay__qwen3.5-2b__playornotplay-v1.0-merged-fp32-828e356,frequency_high,instance_00002,Average Cluegiver Team F1,0.25
1145,codenames,playornotplay__qwen3.5-2b__playornotplay-v1.0-merged-fp32-828e356,frequency_high,instance_00002,Average Guesser Number of Guesses,1.5
1146,codenames,playornotplay__qwen3.5-2b__playornotplay-v1.0-merged-fp32-828e356,frequency_high,instance_00002,Average Guesser Number of Revealed Words,1.5
1147,codenames,playornotplay__qwen3.5-2b__playornotplay-v1.0-merged-fp32-828e356,frequency_high,instance_00002,Average Guesser Number of Unrevealed Guesses,0
1148,codenames,playornotplay__qwen3.5-2b__playornotplay-v1.0-merged-fp32-828e356,frequency_high,instance_00002,Average Guesser Target Precision,0.334
1149,codenames,playornotplay__qwen3.5-2b__playornotplay-v1.0-merged-fp32-828e356,frequency_high,instance_00002,Average Guesser Target Recall,0.334
1150,codenames,playornotplay__qwen3.5-2b__playornotplay-v1.0-merged-fp32-828e356,frequency_high,instance_00002,Average Guesser Target F1,0.334
1151,codenames,playornotplay__qwen3.5-2b__playornotplay-v1.0-merged-fp32-828e356,frequency_high,instance_00002,Average Guesser Team Precision,0.334
1152,codenames,playornotplay__qwen3.5-2b__playornotplay-v1.0-merged-fp32-828e356,frequency_high,instance_00002,Average Guesser Team Recall,0.111
1153,codenames,playornotplay__qwen3.5-2b__playornotplay-v1.0-merged-fp32-828e356,frequency_high,instance_00002,Average Guesser Team F1,0.167
1154,codenames,playornotplay__qwen3.5-2b__playornotplay-v1.0-merged-fp32-828e356,frequency_high,instance_00002,Aborted,1
1155,codenames,playornotplay__qwen3.5-2b__playornotplay-v1.0-merged-fp32-828e356,frequency_high,instance_00002,Lose,0
1156,codenames,playornotplay__qwen3.5-2b__playornotplay-v1.0-merged-fp32-828e356,frequency_high,instance_00002,Success,0
1157,codenames,playornotplay__qwen3.5-2b__playornotplay-v1.0-merged-fp32-828e356,frequency_high,instance_00002,Game ended through assassin,0
1158,codenames,playornotplay__qwen3.5-2b__playornotplay-v1.0-merged-fp32-828e356,frequency_high,instance_00002,Episode Recall,0.222
1159,codenames,playornotplay__qwen3.5-2b__playornotplay-v1.0-merged-fp32-828e356,frequency_high,instance_00002,Episode Negative Recall,0.938
1160,codenames,playornotplay__qwen3.5-2b__playornotplay-v1.0-merged-fp32-828e356,frequency_high,instance_00002,Number of turns,2
1161,codenames,playornotplay__qwen3.5-2b__playornotplay-v1.0-merged-fp32-828e356,frequency_high,instance_00002,Efficiency,0.75
1162,codenames,playornotplay__qwen3.5-2b__playornotplay-v1.0-merged-fp32-828e356,frequency_high,instance_00002,Request Count,3
1163,codenames,playornotplay__qwen3.5-2b__playornotplay-v1.0-merged-fp32-828e356,frequency_high,instance_00002,Parsed Request Count,2
1164,codenames,playornotplay__qwen3.5-2b__playornotplay-v1.0-merged-fp32-828e356,frequency_high,instance_00002,Violated Request Count,1
1165,codenames,playornotplay__qwen3.5-2b__playornotplay-v1.0-merged-fp32-828e356,frequency_high,instance_00002,Request Success Ratio,0.667
1166,codenames,playornotplay__qwen3.5-2b__playornotplay-v1.0-merged-fp32-828e356,frequency_high,instance_00002,Main Score,
1167,codenames,playornotplay__qwen3.5-2b__playornotplay-v1.0-merged-fp32-828e356,frequency_low,instance_00004,experiment variable,Word Frequency
1168,codenames,playornotplay__qwen3.5-2b__playornotplay-v1.0-merged-fp32-828e356,frequency_low,instance_00004,experiment name,frequency_low
1169,codenames,playornotplay__qwen3.5-2b__playornotplay-v1.0-merged-fp32-828e356,frequency_low,instance_00004,Cluegiver strip words,0
1170,codenames,playornotplay__qwen3.5-2b__playornotplay-v1.0-merged-fp32-828e356,frequency_low,instance_00004,Guesser strip words,0
1171,codenames,playornotplay__qwen3.5-2b__playornotplay-v1.0-merged-fp32-828e356,frequency_low,instance_00004,Average Cluegiver Number of Targets,1.833
1172,codenames,playornotplay__qwen3.5-2b__playornotplay-v1.0-merged-fp32-828e356,frequency_low,instance_00004,Average Cluegiver Team Precision,1.0
1173,codenames,playornotplay__qwen3.5-2b__playornotplay-v1.0-merged-fp32-828e356,frequency_low,instance_00004,Average Cluegiver Team Recall,0.446
1174,codenames,playornotplay__qwen3.5-2b__playornotplay-v1.0-merged-fp32-828e356,frequency_low,instance_00004,Average Cluegiver Team F1,0.579
1175,codenames,playornotplay__qwen3.5-2b__playornotplay-v1.0-merged-fp32-828e356,frequency_low,instance_00004,Average Guesser Number of Guesses,1.833
1176,codenames,playornotplay__qwen3.5-2b__playornotplay-v1.0-merged-fp32-828e356,frequency_low,instance_00004,Average Guesser Number of Revealed Words,1.833
1177,codenames,playornotplay__qwen3.5-2b__playornotplay-v1.0-merged-fp32-828e356,frequency_low,instance_00004,Average Guesser Number of Unrevealed Guesses,0
1178,codenames,playornotplay__qwen3.5-2b__playornotplay-v1.0-merged-fp32-828e356,frequency_low,instance_00004,Average Guesser Target Precision,0.75
1179,codenames,playornotplay__qwen3.5-2b__playornotplay-v1.0-merged-fp32-828e356,frequency_low,instance_00004,Average Guesser Target Recall,0.75
1180,codenames,playornotplay__qwen3.5-2b__playornotplay-v1.0-merged-fp32-828e356,frequency_low,instance_00004,Average Guesser Target F1,0.75
1181,codenames,playornotplay__qwen3.5-2b__playornotplay-v1.0-merged-fp32-828e356,frequency_low,instance_00004,Average Guesser Team Precision,0.833
1182,codenames,playornotplay__qwen3.5-2b__playornotplay-v1.0-merged-fp32-828e356,frequency_low,instance_00004,Average Guesser Team Recall,0.38
1183,codenames,playornotplay__qwen3.5-2b__playornotplay-v1.0-merged-fp32-828e356,frequency_low,instance_00004,Average Guesser Team F1,0.486
1184,codenames,playornotplay__qwen3.5-2b__playornotplay-v1.0-merged-fp32-828e356,frequency_low,instance_00004,Aborted,0
1185,codenames,playornotplay__qwen3.5-2b__playornotplay-v1.0-merged-fp32-828e356,frequency_low,instance_00004,Lose,0
1186,codenames,playornotplay__qwen3.5-2b__playornotplay-v1.0-merged-fp32-828e356,frequency_low,instance_00004,Success,1
1187,codenames,playornotplay__qwen3.5-2b__playornotplay-v1.0-merged-fp32-828e356,frequency_low,instance_00004,Game ended through assassin,0
1188,codenames,playornotplay__qwen3.5-2b__playornotplay-v1.0-merged-fp32-828e356,frequency_low,instance_00004,Episode Recall,1.0
1189,codenames,playornotplay__qwen3.5-2b__playornotplay-v1.0-merged-fp32-828e356,frequency_low,instance_00004,Episode Negative Recall,0.875
1190,codenames,playornotplay__qwen3.5-2b__playornotplay-v1.0-merged-fp32-828e356,frequency_low,instance_00004,Number of turns,7
1191,codenames,playornotplay__qwen3.5-2b__playornotplay-v1.0-merged-fp32-828e356,frequency_low,instance_00004,Efficiency,0.786
1192,codenames,playornotplay__qwen3.5-2b__playornotplay-v1.0-merged-fp32-828e356,frequency_low,instance_00004,Request Count,12
1193,codenames,playornotplay__qwen3.5-2b__playornotplay-v1.0-merged-fp32-828e356,frequency_low,instance_00004,Parsed Request Count,12
1194,codenames,playornotplay__qwen3.5-2b__playornotplay-v1.0-merged-fp32-828e356,frequency_low,instance_00004,Violated Request Count,0
1195,codenames,playornotplay__qwen3.5-2b__playornotplay-v1.0-merged-fp32-828e356,frequency_low,instance_00004,Request Success Ratio,1.0
1196,codenames,playornotplay__qwen3.5-2b__playornotplay-v1.0-merged-fp32-828e356,frequency_low,instance_00004,Main Score,100
1197,matchit_ascii,playornotplay__qwen3.5-2b__playornotplay-v1.0-merged-fp32-828e356,similar_grid_2,instance_00007,Violated Request Count,0
1198,matchit_ascii,playornotplay__qwen3.5-2b__playornotplay-v1.0-merged-fp32-828e356,similar_grid_2,instance_00007,Parsed Request Count,16
1199,matchit_ascii,playornotplay__qwen3.5-2b__playornotplay-v1.0-merged-fp32-828e356,similar_grid_2,instance_00007,Request Count,16
1200,matchit_ascii,playornotplay__qwen3.5-2b__playornotplay-v1.0-merged-fp32-828e356,similar_grid_2,instance_00007,Aborted,0
1201,matchit_ascii,playornotplay__qwen3.5-2b__playornotplay-v1.0-merged-fp32-828e356,similar_grid_2,instance_00007,Success,1
1202,matchit_ascii,playornotplay__qwen3.5-2b__playornotplay-v1.0-merged-fp32-828e356,similar_grid_2,instance_00007,Lose,0
1203,matchit_ascii,playornotplay__qwen3.5-2b__playornotplay-v1.0-merged-fp32-828e356,similar_grid_2,instance_00007,Main Score,100
1204,matchit_ascii,playornotplay__qwen3.5-2b__playornotplay-v1.0-merged-fp32-828e356,similar_grid_2,instance_00007,Player Score,100
1205,matchit_ascii,playornotplay__qwen3.5-2b__playornotplay-v1.0-merged-fp32-828e356,same_grid,instance_00002,Violated Request Count,0
1206,matchit_ascii,playornotplay__qwen3.5-2b__playornotplay-v1.0-merged-fp32-828e356,same_grid,instance_00002,Parsed Request Count,16
1207,matchit_ascii,playornotplay__qwen3.5-2b__playornotplay-v1.0-merged-fp32-828e356,same_grid,instance_00002,Request Count,16
1208,matchit_ascii,playornotplay__qwen3.5-2b__playornotplay-v1.0-merged-fp32-828e356,same_grid,instance_00002,Aborted,0
1209,matchit_ascii,playornotplay__qwen3.5-2b__playornotplay-v1.0-merged-fp32-828e356,same_grid,instance_00002,Success,1
1210,matchit_ascii,playornotplay__qwen3.5-2b__playornotplay-v1.0-merged-fp32-828e356,same_grid,instance_00002,Lose,0
1211,matchit_ascii,playornotplay__qwen3.5-2b__playornotplay-v1.0-merged-fp32-828e356,same_grid,instance_00002,Main Score,100
1212,matchit_ascii,playornotplay__qwen3.5-2b__playornotplay-v1.0-merged-fp32-828e356,same_grid,instance_00002,Player Score,100
1213,matchit_ascii,playornotplay__qwen3.5-2b__playornotplay-v1.0-merged-fp32-828e356,similar_grid_1,instance_00002,Violated Request Count,0
1214,matchit_ascii,playornotplay__qwen3.5-2b__playornotplay-v1.0-merged-fp32-828e356,similar_grid_1,instance_00002,Parsed Request Count,16
1215,matchit_ascii,playornotplay__qwen3.5-2b__playornotplay-v1.0-merged-fp32-828e356,similar_grid_1,instance_00002,Request Count,16
1216,matchit_ascii,playornotplay__qwen3.5-2b__playornotplay-v1.0-merged-fp32-828e356,similar_grid_1,instance_00002,Aborted,0
1217,matchit_ascii,playornotplay__qwen3.5-2b__playornotplay-v1.0-merged-fp32-828e356,similar_grid_1,instance_00002,Success,1
1218,matchit_ascii,playornotplay__qwen3.5-2b__playornotplay-v1.0-merged-fp32-828e356,similar_grid_1,instance_00002,Lose,0
1219,matchit_ascii,playornotplay__qwen3.5-2b__playornotplay-v1.0-merged-fp32-828e356,similar_grid_1,instance_00002,Main Score,100
1220,matchit_ascii,playornotplay__qwen3.5-2b__playornotplay-v1.0-merged-fp32-828e356,similar_grid_1,instance_00002,Player Score,100
1221,matchit_ascii,playornotplay__qwen3.5-2b__playornotplay-v1.0-merged-fp32-828e356,different_grid,instance_00002,Violated Request Count,0
1222,matchit_ascii,playornotplay__qwen3.5-2b__playornotplay-v1.0-merged-fp32-828e356,different_grid,instance_00002,Parsed Request Count,16
1223,matchit_ascii,playornotplay__qwen3.5-2b__playornotplay-v1.0-merged-fp32-828e356,different_grid,instance_00002,Request Count,16
1224,matchit_ascii,playornotplay__qwen3.5-2b__playornotplay-v1.0-merged-fp32-828e356,different_grid,instance_00002,Aborted,0
1225,matchit_ascii,playornotplay__qwen3.5-2b__playornotplay-v1.0-merged-fp32-828e356,different_grid,instance_00002,Success,1
1226,matchit_ascii,playornotplay__qwen3.5-2b__playornotplay-v1.0-merged-fp32-828e356,different_grid,instance_00002,Lose,0
1227,matchit_ascii,playornotplay__qwen3.5-2b__playornotplay-v1.0-merged-fp32-828e356,different_grid,instance_00002,Main Score,100
1228,matchit_ascii,playornotplay__qwen3.5-2b__playornotplay-v1.0-merged-fp32-828e356,different_grid,instance_00002,Player Score,100
1229,dond,playornotplay__qwen3.5-2b__playornotplay-v1.0-merged-fp32-828e356,coop_en,instance_00019,Played,1.0
1230,dond,playornotplay__qwen3.5-2b__playornotplay-v1.0-merged-fp32-828e356,coop_en,instance_00006,Played,1.0
1231,dond,playornotplay__qwen3.5-2b__playornotplay-v1.0-merged-fp32-828e356,semi_en,instance_00015,Played,1.0
1232,dond,playornotplay__qwen3.5-2b__playornotplay-v1.0-merged-fp32-828e356,semi_en,instance_00001,Played,1.0
1233,wordle,playornotplay__qwen3.5-2b__playornotplay-v1.0-merged-fp32-828e356,medium_frequency_words_no_clue_no_critic,instance_00014,Played,0.0
1234,wordle,playornotplay__qwen3.5-2b__playornotplay-v1.0-merged-fp32-828e356,medium_frequency_words_no_clue_no_critic,instance_00007,Played,1.0
1235,wordle,playornotplay__qwen3.5-2b__playornotplay-v1.0-merged-fp32-828e356,high_frequency_words_no_clue_no_critic,instance_00007,Played,0.0
1236,guesswhat,playornotplay__qwen3.5-2b__playornotplay-v1.0-merged-fp32-828e356,Abs_Level_3,instance_00008,Played,1.0
1237,guesswhat,playornotplay__qwen3.5-2b__playornotplay-v1.0-merged-fp32-828e356,Abs_Level_2,instance_00007,Played,1.0
1238,guesswhat,playornotplay__qwen3.5-2b__playornotplay-v1.0-merged-fp32-828e356,Abs_Level_1,instance_00002,Played,1.0
1239,guesswhat,playornotplay__qwen3.5-2b__playornotplay-v1.0-merged-fp32-828e356,Level_1,instance_00002,Played,1.0
1240,guesswhat,playornotplay__qwen3.5-2b__playornotplay-v1.0-merged-fp32-828e356,Level_2,instance_00009,Played,1.0
1241,guesswhat,playornotplay__qwen3.5-2b__playornotplay-v1.0-merged-fp32-828e356,Level_3,instance_00008,Played,1.0
1242,privateshared,playornotplay__qwen3.5-2b__playornotplay-v1.0-merged-fp32-828e356,things-places,instance_00003,Played,1.0
1243,privateshared,playornotplay__qwen3.5-2b__playornotplay-v1.0-merged-fp32-828e356,restaurant,instance_00007,Played,1.0
1244,privateshared,playornotplay__qwen3.5-2b__playornotplay-v1.0-merged-fp32-828e356,travel-booking,instance_00009,Played,1.0
1245,privateshared,playornotplay__qwen3.5-2b__playornotplay-v1.0-merged-fp32-828e356,job-interview,instance_00008,Played,1.0
1246,privateshared,playornotplay__qwen3.5-2b__playornotplay-v1.0-merged-fp32-828e356,letter-number,instance_00009,Played,1.0
1247,wordle_withcritic,playornotplay__qwen3.5-2b__playornotplay-v1.0-merged-fp32-828e356,medium_frequency_words_clue_with_critic,instance_00004,Played,0.0
1248,wordle_withcritic,playornotplay__qwen3.5-2b__playornotplay-v1.0-merged-fp32-828e356,medium_frequency_words_clue_with_critic,instance_00019,Played,0.0
1249,wordle_withcritic,playornotplay__qwen3.5-2b__playornotplay-v1.0-merged-fp32-828e356,high_frequency_words_clue_with_critic,instance_00002,Played,0.0
1250,taboo,playornotplay__qwen3.5-2b__playornotplay-v1.0-merged-fp32-828e356,high_en,instance_00016,Played,1.0
1251,taboo,playornotplay__qwen3.5-2b__playornotplay-v1.0-merged-fp32-828e356,high_en,instance_00010,Played,1.0
1252,taboo,playornotplay__qwen3.5-2b__playornotplay-v1.0-merged-fp32-828e356,low_en,instance_00018,Played,1.0
1253,taboo,playornotplay__qwen3.5-2b__playornotplay-v1.0-merged-fp32-828e356,low_en,instance_00012,Played,1.0
1254,taboo,playornotplay__qwen3.5-2b__playornotplay-v1.0-merged-fp32-828e356,medium_en,instance_00007,Played,1.0
1255,taboo,playornotplay__qwen3.5-2b__playornotplay-v1.0-merged-fp32-828e356,medium_en,instance_00010,Played,1.0
1256,wordle_withclue,playornotplay__qwen3.5-2b__playornotplay-v1.0-merged-fp32-828e356,high_frequency_words_clue_no_critic,instance_00009,Played,0.0
1257,wordle_withclue,playornotplay__qwen3.5-2b__playornotplay-v1.0-merged-fp32-828e356,medium_frequency_words_clue_no_critic,instance_00011,Played,0.0
1258,wordle_withclue,playornotplay__qwen3.5-2b__playornotplay-v1.0-merged-fp32-828e356,medium_frequency_words_clue_no_critic,instance_00018,Played,0.0
1259,textmapworld,playornotplay__qwen3.5-2b__playornotplay-v1.0-merged-fp32-828e356,large_cycle,instance_00049,Played,1.0
1260,textmapworld,playornotplay__qwen3.5-2b__playornotplay-v1.0-merged-fp32-828e356,small,instance_00006,Played,1.0
1261,textmapworld,playornotplay__qwen3.5-2b__playornotplay-v1.0-merged-fp32-828e356,large,instance_00028,Played,1.0
1262,textmapworld,playornotplay__qwen3.5-2b__playornotplay-v1.0-merged-fp32-828e356,medium_cycle,instance_00034,Played,1.0
1263,textmapworld,playornotplay__qwen3.5-2b__playornotplay-v1.0-merged-fp32-828e356,medium,instance_00010,Played,1.0
1264,referencegame,playornotplay__qwen3.5-2b__playornotplay-v1.0-merged-fp32-828e356,random_grids,instance_00005,Played,1.0
1265,referencegame,playornotplay__qwen3.5-2b__playornotplay-v1.0-merged-fp32-828e356,line_grids_columns,instance_00013,Played,1.0
1266,referencegame,playornotplay__qwen3.5-2b__playornotplay-v1.0-merged-fp32-828e356,number_grids,instance_00017,Played,1.0
1267,referencegame,playornotplay__qwen3.5-2b__playornotplay-v1.0-merged-fp32-828e356,line_grids_rows,instance_00017,Played,1.0
1268,referencegame,playornotplay__qwen3.5-2b__playornotplay-v1.0-merged-fp32-828e356,letter_grids,instance_00012,Played,1.0
1269,adventuregame,playornotplay__qwen3.5-2b__playornotplay-v1.0-merged-fp32-828e356,new-words_home-delivery_medium_basic_medium,instance_00002,Played,1.0
1270,adventuregame,playornotplay__qwen3.5-2b__playornotplay-v1.0-merged-fp32-828e356,potion_brewing_basic_undefined,instance_00004,Played,1.0
1271,adventuregame,playornotplay__qwen3.5-2b__playornotplay-v1.0-merged-fp32-828e356,new-words_home-delivery_easy_basic_easy,instance_00002,Played,1.0
1272,adventuregame,playornotplay__qwen3.5-2b__playornotplay-v1.0-merged-fp32-828e356,new-words_created_basic_hard,instance_00000,Played,1.0
1273,adventuregame,playornotplay__qwen3.5-2b__playornotplay-v1.0-merged-fp32-828e356,home_deliver_three_basic_hard_invlimittwo,instance_00000,Played,1.0
1274,textmapworld_specificroom,playornotplay__qwen3.5-2b__playornotplay-v1.0-merged-fp32-828e356,on,instance_00000,Played,1.0
1275,textmapworld_specificroom,playornotplay__qwen3.5-2b__playornotplay-v1.0-merged-fp32-828e356,far,instance_00027,Played,1.0
1276,textmapworld_specificroom,playornotplay__qwen3.5-2b__playornotplay-v1.0-merged-fp32-828e356,close,instance_00017,Played,1.0
1277,imagegame,playornotplay__qwen3.5-2b__playornotplay-v1.0-merged-fp32-828e356,random_grids,instance_00014,Played,1.0
1278,imagegame,playornotplay__qwen3.5-2b__playornotplay-v1.0-merged-fp32-828e356,random_grids,instance_00016,Played,1.0
1279,imagegame,playornotplay__qwen3.5-2b__playornotplay-v1.0-merged-fp32-828e356,compact_grids,instance_00019,Played,1.0
1280,imagegame,playornotplay__qwen3.5-2b__playornotplay-v1.0-merged-fp32-828e356,compact_grids,instance_00002,Played,1.0
1281,textmapworld_graphreasoning,playornotplay__qwen3.5-2b__playornotplay-v1.0-merged-fp32-828e356,small,instance_00009,Played,1.0
1282,textmapworld_graphreasoning,playornotplay__qwen3.5-2b__playornotplay-v1.0-merged-fp32-828e356,large,instance_00028,Played,1.0
1283,textmapworld_graphreasoning,playornotplay__qwen3.5-2b__playornotplay-v1.0-merged-fp32-828e356,medium,instance_00010,Played,1.0
1284,codenames,playornotplay__qwen3.5-2b__playornotplay-v1.0-merged-fp32-828e356,association_difficult,instance_00000,Played,0
1285,codenames,playornotplay__qwen3.5-2b__playornotplay-v1.0-merged-fp32-828e356,risk_low,instance_00008,Played,0
1286,codenames,playornotplay__qwen3.5-2b__playornotplay-v1.0-merged-fp32-828e356,ambiguous,instance_00001,Played,0
1287,codenames,playornotplay__qwen3.5-2b__playornotplay-v1.0-merged-fp32-828e356,opponent_difficult,instance_00007,Played,0
1288,codenames,playornotplay__qwen3.5-2b__playornotplay-v1.0-merged-fp32-828e356,risk_high,instance_00009,Played,1
1289,codenames,playornotplay__qwen3.5-2b__playornotplay-v1.0-merged-fp32-828e356,abstract,instance_00007,Played,0
1290,codenames,playornotplay__qwen3.5-2b__playornotplay-v1.0-merged-fp32-828e356,association_easy,instance_00009,Played,1
1291,codenames,playornotplay__qwen3.5-2b__playornotplay-v1.0-merged-fp32-828e356,opponent_easy,instance_00009,Played,0
1292,codenames,playornotplay__qwen3.5-2b__playornotplay-v1.0-merged-fp32-828e356,concrete,instance_00004,Played,1
1293,codenames,playornotplay__qwen3.5-2b__playornotplay-v1.0-merged-fp32-828e356,unambiguous,instance_00002,Played,1
1294,codenames,playornotplay__qwen3.5-2b__playornotplay-v1.0-merged-fp32-828e356,opponent_none,instance_00008,Played,1
1295,codenames,playornotplay__qwen3.5-2b__playornotplay-v1.0-merged-fp32-828e356,frequency_high,instance_00002,Played,0
1296,codenames,playornotplay__qwen3.5-2b__playornotplay-v1.0-merged-fp32-828e356,frequency_low,instance_00004,Played,1
1297,matchit_ascii,playornotplay__qwen3.5-2b__playornotplay-v1.0-merged-fp32-828e356,similar_grid_2,instance_00007,Played,1
1298,matchit_ascii,playornotplay__qwen3.5-2b__playornotplay-v1.0-merged-fp32-828e356,same_grid,instance_00002,Played,1
1299,matchit_ascii,playornotplay__qwen3.5-2b__playornotplay-v1.0-merged-fp32-828e356,similar_grid_1,instance_00002,Played,1
1300,matchit_ascii,playornotplay__qwen3.5-2b__playornotplay-v1.0-merged-fp32-828e356,different_grid,instance_00002,Played,1
