{
  "meta": {},
  "players": {},
  "turn scores": {
    "0": {
      "efficient_move": 0,
      "similarity": 9.485174635513328
    },
    "1": {
      "efficient_move": 0,
      "similarity": 15.17163600424869
    },
    "2": {
      "efficient_move": 1,
      "similarity": 15.17163600424869
    },
    "3": {
      "efficient_move": 1,
      "similarity": 23.840584404423538
    },
    "4": {
      "efficient_move": 0,
      "similarity": 23.840584404423538
    },
    "5": {
      "efficient_move": 1,
      "similarity": 23.840584404423538
    },
    "6": {
      "efficient_move": 0,
      "similarity": 23.840584404423538
    },
    "7": {
      "efficient_move": 1,
      "similarity": 23.840584404423538
    },
    "8": {
      "efficient_move": 0,
      "similarity": 23.840584404423538
    },
    "9": {
      "efficient_move": 1,
      "similarity": 23.840584404423538
    },
    "10": {
      "efficient_move": 0,
      "similarity": 23.840584404423538
    },
    "11": {
      "efficient_move": 1,
      "similarity": 23.840584404423538
    },
    "12": {
      "efficient_move": 0,
      "similarity": 23.840584404423538
    }
  },
  "episode scores": {
    "Success": 0,
    "Aborted": 0,
    "Lose": 1,
    "moves": 13,
    "valid_moves": 13,
    "invalid_moves": 0,
    "stopped": 1,
    "turns_limit": 0,
    "loops": 9,
    "number_visited": 3,
    "seen": 4,
    "efficiency": 46.15384615384615,
    "exploration": 75.0,
    "graph_similarity": 23.840584404423538,
    "Main Score": 57.14285714285714
  }
}