,game,model,experiment,episode,metric,value
0,dond,qwen3.5-9b,coop_en,instance_00019,Request Count,4.0
1,dond,qwen3.5-9b,coop_en,instance_00019,Parsed Request Count,4.0
2,dond,qwen3.5-9b,coop_en,instance_00019,Violated Request Count,0.0
3,dond,qwen3.5-9b,coop_en,instance_00019,Request Success Ratio,1.0
4,dond,qwen3.5-9b,coop_en,instance_00019,Aborted,0.0
5,dond,qwen3.5-9b,coop_en,instance_00019,Lose,0.0
6,dond,qwen3.5-9b,coop_en,instance_00019,Success,1.0
7,dond,qwen3.5-9b,coop_en,instance_00019,Main Score,100.0
8,dond,qwen3.5-9b,coop_en,instance_00019,Sum of Points,1.0
9,dond,qwen3.5-9b,coop_en,instance_00019,Pareto Optimal,1.0
10,dond,qwen3.5-9b,coop_en,instance_00006,Request Count,4.0
11,dond,qwen3.5-9b,coop_en,instance_00006,Parsed Request Count,4.0
12,dond,qwen3.5-9b,coop_en,instance_00006,Violated Request Count,0.0
13,dond,qwen3.5-9b,coop_en,instance_00006,Request Success Ratio,1.0
14,dond,qwen3.5-9b,coop_en,instance_00006,Aborted,0.0
15,dond,qwen3.5-9b,coop_en,instance_00006,Lose,1.0
16,dond,qwen3.5-9b,coop_en,instance_00006,Success,0.0
17,dond,qwen3.5-9b,coop_en,instance_00006,Main Score,0.0
18,dond,qwen3.5-9b,coop_en,instance_00006,Sum of Points,0.0
19,dond,qwen3.5-9b,coop_en,instance_00006,Pareto Optimal,0.0
20,dond,qwen3.5-9b,semi_en,instance_00015,Request Count,4.0
21,dond,qwen3.5-9b,semi_en,instance_00015,Parsed Request Count,4.0
22,dond,qwen3.5-9b,semi_en,instance_00015,Violated Request Count,0.0
23,dond,qwen3.5-9b,semi_en,instance_00015,Request Success Ratio,1.0
24,dond,qwen3.5-9b,semi_en,instance_00015,Aborted,1.0
25,dond,qwen3.5-9b,semi_en,instance_00015,Lose,0.0
26,dond,qwen3.5-9b,semi_en,instance_00015,Success,0.0
27,dond,qwen3.5-9b,semi_en,instance_00015,Main Score,
28,dond,qwen3.5-9b,semi_en,instance_00001,Request Count,4.0
29,dond,qwen3.5-9b,semi_en,instance_00001,Parsed Request Count,4.0
30,dond,qwen3.5-9b,semi_en,instance_00001,Violated Request Count,0.0
31,dond,qwen3.5-9b,semi_en,instance_00001,Request Success Ratio,1.0
32,dond,qwen3.5-9b,semi_en,instance_00001,Aborted,1.0
33,dond,qwen3.5-9b,semi_en,instance_00001,Lose,0.0
34,dond,qwen3.5-9b,semi_en,instance_00001,Success,0.0
35,dond,qwen3.5-9b,semi_en,instance_00001,Main Score,
36,wordle,qwen3.5-9b,medium_frequency_words_no_clue_no_critic,instance_00014,Aborted,0.0
37,wordle,qwen3.5-9b,medium_frequency_words_no_clue_no_critic,instance_00014,Lose,0.0
38,wordle,qwen3.5-9b,medium_frequency_words_no_clue_no_critic,instance_00014,Success,1.0
39,wordle,qwen3.5-9b,medium_frequency_words_no_clue_no_critic,instance_00014,Request Count,3.0
40,wordle,qwen3.5-9b,medium_frequency_words_no_clue_no_critic,instance_00014,Parsed Request Count,3.0
41,wordle,qwen3.5-9b,medium_frequency_words_no_clue_no_critic,instance_00014,Violated Request Count,0.0
42,wordle,qwen3.5-9b,medium_frequency_words_no_clue_no_critic,instance_00014,Request Success Ratio,1.0
43,wordle,qwen3.5-9b,medium_frequency_words_no_clue_no_critic,instance_00014,Main Score,100.0
44,wordle,qwen3.5-9b,medium_frequency_words_no_clue_no_critic,instance_00014,Guess Repetitions,0.0
45,wordle,qwen3.5-9b,medium_frequency_words_no_clue_no_critic,instance_00007,Aborted,1.0
46,wordle,qwen3.5-9b,medium_frequency_words_no_clue_no_critic,instance_00007,Lose,0.0
47,wordle,qwen3.5-9b,medium_frequency_words_no_clue_no_critic,instance_00007,Success,0.0
48,wordle,qwen3.5-9b,medium_frequency_words_no_clue_no_critic,instance_00007,Request Count,3.0
49,wordle,qwen3.5-9b,medium_frequency_words_no_clue_no_critic,instance_00007,Parsed Request Count,2.0
50,wordle,qwen3.5-9b,medium_frequency_words_no_clue_no_critic,instance_00007,Violated Request Count,1.0
51,wordle,qwen3.5-9b,medium_frequency_words_no_clue_no_critic,instance_00007,Request Success Ratio,0.6666666666666666
52,wordle,qwen3.5-9b,medium_frequency_words_no_clue_no_critic,instance_00007,Main Score,
53,wordle,qwen3.5-9b,medium_frequency_words_no_clue_no_critic,instance_00007,Guess Repetitions,
54,wordle,qwen3.5-9b,high_frequency_words_no_clue_no_critic,instance_00007,Aborted,1.0
55,wordle,qwen3.5-9b,high_frequency_words_no_clue_no_critic,instance_00007,Lose,0.0
56,wordle,qwen3.5-9b,high_frequency_words_no_clue_no_critic,instance_00007,Success,0.0
57,wordle,qwen3.5-9b,high_frequency_words_no_clue_no_critic,instance_00007,Request Count,4.0
58,wordle,qwen3.5-9b,high_frequency_words_no_clue_no_critic,instance_00007,Parsed Request Count,3.0
59,wordle,qwen3.5-9b,high_frequency_words_no_clue_no_critic,instance_00007,Violated Request Count,1.0
60,wordle,qwen3.5-9b,high_frequency_words_no_clue_no_critic,instance_00007,Request Success Ratio,0.75
61,wordle,qwen3.5-9b,high_frequency_words_no_clue_no_critic,instance_00007,Main Score,
62,wordle,qwen3.5-9b,high_frequency_words_no_clue_no_critic,instance_00007,Guess Repetitions,
63,guesswhat,qwen3.5-9b,Abs_Level_3,instance_00008,Violated Request Count,1.0
64,guesswhat,qwen3.5-9b,Abs_Level_3,instance_00008,Parsed Request Count,0.0
65,guesswhat,qwen3.5-9b,Abs_Level_3,instance_00008,Request Count,1.0
66,guesswhat,qwen3.5-9b,Abs_Level_3,instance_00008,Request Success Ratio,0.0
67,guesswhat,qwen3.5-9b,Abs_Level_3,instance_00008,Aborted,1.0
68,guesswhat,qwen3.5-9b,Abs_Level_3,instance_00008,Main Score,
69,guesswhat,qwen3.5-9b,Abs_Level_3,instance_00008,Invalid format guesser response,0.0
70,guesswhat,qwen3.5-9b,Abs_Level_3,instance_00008,Invalid format answerer response,1.0
71,guesswhat,qwen3.5-9b,Abs_Level_3,instance_00008,Invalid content guesser response,0.0
72,guesswhat,qwen3.5-9b,Abs_Level_3,instance_00008,Invalid content answerer response,0.0
73,guesswhat,qwen3.5-9b,Abs_Level_2,instance_00007,Violated Request Count,1.0
74,guesswhat,qwen3.5-9b,Abs_Level_2,instance_00007,Parsed Request Count,0.0
75,guesswhat,qwen3.5-9b,Abs_Level_2,instance_00007,Request Count,1.0
76,guesswhat,qwen3.5-9b,Abs_Level_2,instance_00007,Request Success Ratio,0.0
77,guesswhat,qwen3.5-9b,Abs_Level_2,instance_00007,Aborted,1.0
78,guesswhat,qwen3.5-9b,Abs_Level_2,instance_00007,Main Score,
79,guesswhat,qwen3.5-9b,Abs_Level_2,instance_00007,Invalid format guesser response,0.0
80,guesswhat,qwen3.5-9b,Abs_Level_2,instance_00007,Invalid format answerer response,1.0
81,guesswhat,qwen3.5-9b,Abs_Level_2,instance_00007,Invalid content guesser response,0.0
82,guesswhat,qwen3.5-9b,Abs_Level_2,instance_00007,Invalid content answerer response,0.0
83,guesswhat,qwen3.5-9b,Abs_Level_1,instance_00002,Violated Request Count,1.0
84,guesswhat,qwen3.5-9b,Abs_Level_1,instance_00002,Parsed Request Count,0.0
85,guesswhat,qwen3.5-9b,Abs_Level_1,instance_00002,Request Count,1.0
86,guesswhat,qwen3.5-9b,Abs_Level_1,instance_00002,Request Success Ratio,0.0
87,guesswhat,qwen3.5-9b,Abs_Level_1,instance_00002,Aborted,1.0
88,guesswhat,qwen3.5-9b,Abs_Level_1,instance_00002,Main Score,
89,guesswhat,qwen3.5-9b,Abs_Level_1,instance_00002,Invalid format guesser response,0.0
90,guesswhat,qwen3.5-9b,Abs_Level_1,instance_00002,Invalid format answerer response,1.0
91,guesswhat,qwen3.5-9b,Abs_Level_1,instance_00002,Invalid content guesser response,0.0
92,guesswhat,qwen3.5-9b,Abs_Level_1,instance_00002,Invalid content answerer response,0.0
93,guesswhat,qwen3.5-9b,Level_1,instance_00002,Violated Request Count,1.0
94,guesswhat,qwen3.5-9b,Level_1,instance_00002,Parsed Request Count,0.0
95,guesswhat,qwen3.5-9b,Level_1,instance_00002,Request Count,1.0
96,guesswhat,qwen3.5-9b,Level_1,instance_00002,Request Success Ratio,0.0
97,guesswhat,qwen3.5-9b,Level_1,instance_00002,Aborted,1.0
98,guesswhat,qwen3.5-9b,Level_1,instance_00002,Main Score,
99,guesswhat,qwen3.5-9b,Level_1,instance_00002,Invalid format guesser response,0.0
100,guesswhat,qwen3.5-9b,Level_1,instance_00002,Invalid format answerer response,1.0
101,guesswhat,qwen3.5-9b,Level_1,instance_00002,Invalid content guesser response,0.0
102,guesswhat,qwen3.5-9b,Level_1,instance_00002,Invalid content answerer response,0.0
103,guesswhat,qwen3.5-9b,Level_2,instance_00009,Violated Request Count,1.0
104,guesswhat,qwen3.5-9b,Level_2,instance_00009,Parsed Request Count,0.0
105,guesswhat,qwen3.5-9b,Level_2,instance_00009,Request Count,1.0
106,guesswhat,qwen3.5-9b,Level_2,instance_00009,Request Success Ratio,0.0
107,guesswhat,qwen3.5-9b,Level_2,instance_00009,Aborted,1.0
108,guesswhat,qwen3.5-9b,Level_2,instance_00009,Main Score,
109,guesswhat,qwen3.5-9b,Level_2,instance_00009,Invalid format guesser response,0.0
110,guesswhat,qwen3.5-9b,Level_2,instance_00009,Invalid format answerer response,1.0
111,guesswhat,qwen3.5-9b,Level_2,instance_00009,Invalid content guesser response,0.0
112,guesswhat,qwen3.5-9b,Level_2,instance_00009,Invalid content answerer response,0.0
113,guesswhat,qwen3.5-9b,Level_3,instance_00008,Violated Request Count,1.0
114,guesswhat,qwen3.5-9b,Level_3,instance_00008,Parsed Request Count,0.0
115,guesswhat,qwen3.5-9b,Level_3,instance_00008,Request Count,1.0
116,guesswhat,qwen3.5-9b,Level_3,instance_00008,Request Success Ratio,0.0
117,guesswhat,qwen3.5-9b,Level_3,instance_00008,Aborted,1.0
118,guesswhat,qwen3.5-9b,Level_3,instance_00008,Main Score,
119,guesswhat,qwen3.5-9b,Level_3,instance_00008,Invalid format guesser response,0.0
120,guesswhat,qwen3.5-9b,Level_3,instance_00008,Invalid format answerer response,1.0
121,guesswhat,qwen3.5-9b,Level_3,instance_00008,Invalid content guesser response,0.0
122,guesswhat,qwen3.5-9b,Level_3,instance_00008,Invalid content answerer response,0.0
123,privateshared,qwen3.5-9b,things-places,instance_00003,Accuracy,
124,privateshared,qwen3.5-9b,things-places,instance_00003,Kappa,
125,privateshared,qwen3.5-9b,things-places,instance_00003,Truncated Kappa,
126,privateshared,qwen3.5-9b,things-places,instance_00003,Slot-Filling-Accuracy,
127,privateshared,qwen3.5-9b,things-places,instance_00003,Main Score,
128,privateshared,qwen3.5-9b,things-places,instance_00003,Aborted,1.0
129,privateshared,qwen3.5-9b,things-places,instance_00003,Lose,0.0
130,privateshared,qwen3.5-9b,things-places,instance_00003,Success,0.0
131,privateshared,qwen3.5-9b,things-places,instance_00003,Request Count,5.0
132,privateshared,qwen3.5-9b,things-places,instance_00003,Parsed Request Count,0.0
133,privateshared,qwen3.5-9b,things-places,instance_00003,Violated Request Count,5.0
134,privateshared,qwen3.5-9b,things-places,instance_00003,Request Success Ratio,0.0
135,privateshared,qwen3.5-9b,restaurant,instance_00007,Middle-Accuracy,0.6
136,privateshared,qwen3.5-9b,restaurant,instance_00007,Accuracy,0.7
137,privateshared,qwen3.5-9b,restaurant,instance_00007,Kappa,0.4
138,privateshared,qwen3.5-9b,restaurant,instance_00007,Truncated Kappa,0.4
139,privateshared,qwen3.5-9b,restaurant,instance_00007,Slot-Filling-Accuracy,1.0
140,privateshared,qwen3.5-9b,restaurant,instance_00007,Main Score,57.14285714285715
141,privateshared,qwen3.5-9b,restaurant,instance_00007,Aborted,0.0
142,privateshared,qwen3.5-9b,restaurant,instance_00007,Lose,1.0
143,privateshared,qwen3.5-9b,restaurant,instance_00007,Success,0.0
144,privateshared,qwen3.5-9b,restaurant,instance_00007,Request Count,35.0
145,privateshared,qwen3.5-9b,restaurant,instance_00007,Parsed Request Count,35.0
146,privateshared,qwen3.5-9b,restaurant,instance_00007,Violated Request Count,0.0
147,privateshared,qwen3.5-9b,restaurant,instance_00007,Request Success Ratio,1.0
148,privateshared,qwen3.5-9b,travel-booking,instance_00009,Middle-Accuracy,0.6
149,privateshared,qwen3.5-9b,travel-booking,instance_00009,Accuracy,0.6
150,privateshared,qwen3.5-9b,travel-booking,instance_00009,Kappa,0.19999999999999996
151,privateshared,qwen3.5-9b,travel-booking,instance_00009,Truncated Kappa,0.19999999999999996
152,privateshared,qwen3.5-9b,travel-booking,instance_00009,Slot-Filling-Accuracy,1.0
153,privateshared,qwen3.5-9b,travel-booking,instance_00009,Main Score,33.33333333333333
154,privateshared,qwen3.5-9b,travel-booking,instance_00009,Aborted,0.0
155,privateshared,qwen3.5-9b,travel-booking,instance_00009,Lose,1.0
156,privateshared,qwen3.5-9b,travel-booking,instance_00009,Success,0.0
157,privateshared,qwen3.5-9b,travel-booking,instance_00009,Request Count,35.0
158,privateshared,qwen3.5-9b,travel-booking,instance_00009,Parsed Request Count,35.0
159,privateshared,qwen3.5-9b,travel-booking,instance_00009,Violated Request Count,0.0
160,privateshared,qwen3.5-9b,travel-booking,instance_00009,Request Success Ratio,1.0
161,privateshared,qwen3.5-9b,job-interview,instance_00008,Middle-Accuracy,0.4
162,privateshared,qwen3.5-9b,job-interview,instance_00008,Accuracy,0.4666666666666667
163,privateshared,qwen3.5-9b,job-interview,instance_00008,Kappa,-0.06666666666666665
164,privateshared,qwen3.5-9b,job-interview,instance_00008,Truncated Kappa,0.0
165,privateshared,qwen3.5-9b,job-interview,instance_00008,Slot-Filling-Accuracy,1.0
166,privateshared,qwen3.5-9b,job-interview,instance_00008,Main Score,0.0
167,privateshared,qwen3.5-9b,job-interview,instance_00008,Aborted,0.0
168,privateshared,qwen3.5-9b,job-interview,instance_00008,Lose,1.0
169,privateshared,qwen3.5-9b,job-interview,instance_00008,Success,0.0
170,privateshared,qwen3.5-9b,job-interview,instance_00008,Request Count,35.0
171,privateshared,qwen3.5-9b,job-interview,instance_00008,Parsed Request Count,35.0
172,privateshared,qwen3.5-9b,job-interview,instance_00008,Violated Request Count,0.0
173,privateshared,qwen3.5-9b,job-interview,instance_00008,Request Success Ratio,1.0
174,privateshared,qwen3.5-9b,letter-number,instance_00009,Middle-Accuracy,0.6
175,privateshared,qwen3.5-9b,letter-number,instance_00009,Accuracy,0.5
176,privateshared,qwen3.5-9b,letter-number,instance_00009,Kappa,0.0
177,privateshared,qwen3.5-9b,letter-number,instance_00009,Truncated Kappa,0.0
178,privateshared,qwen3.5-9b,letter-number,instance_00009,Slot-Filling-Accuracy,1.0
179,privateshared,qwen3.5-9b,letter-number,instance_00009,Main Score,0.0
180,privateshared,qwen3.5-9b,letter-number,instance_00009,Aborted,0.0
181,privateshared,qwen3.5-9b,letter-number,instance_00009,Lose,1.0
182,privateshared,qwen3.5-9b,letter-number,instance_00009,Success,0.0
183,privateshared,qwen3.5-9b,letter-number,instance_00009,Request Count,120.0
184,privateshared,qwen3.5-9b,letter-number,instance_00009,Parsed Request Count,120.0
185,privateshared,qwen3.5-9b,letter-number,instance_00009,Violated Request Count,0.0
186,privateshared,qwen3.5-9b,letter-number,instance_00009,Request Success Ratio,1.0
187,wordle_withcritic,qwen3.5-9b,medium_frequency_words_clue_with_critic,instance_00004,Aborted,1.0
188,wordle_withcritic,qwen3.5-9b,medium_frequency_words_clue_with_critic,instance_00004,Lose,0.0
189,wordle_withcritic,qwen3.5-9b,medium_frequency_words_clue_with_critic,instance_00004,Success,0.0
190,wordle_withcritic,qwen3.5-9b,medium_frequency_words_clue_with_critic,instance_00004,Request Count,1.0
191,wordle_withcritic,qwen3.5-9b,medium_frequency_words_clue_with_critic,instance_00004,Parsed Request Count,0.0
192,wordle_withcritic,qwen3.5-9b,medium_frequency_words_clue_with_critic,instance_00004,Violated Request Count,1.0
193,wordle_withcritic,qwen3.5-9b,medium_frequency_words_clue_with_critic,instance_00004,Request Success Ratio,0.0
194,wordle_withcritic,qwen3.5-9b,medium_frequency_words_clue_with_critic,instance_00004,Main Score,
195,wordle_withcritic,qwen3.5-9b,medium_frequency_words_clue_with_critic,instance_00004,Guess Repetitions,
196,wordle_withcritic,qwen3.5-9b,medium_frequency_words_clue_with_critic,instance_00004,Repetition-Guesser-On-Critic-Agreement,
197,wordle_withcritic,qwen3.5-9b,medium_frequency_words_clue_with_critic,instance_00004,Non-Repetition-Guesser-On-Critic-Agreement,
198,wordle_withcritic,qwen3.5-9b,medium_frequency_words_clue_with_critic,instance_00004,Repetition-Guesser-On-Critic-Disagreement,
199,wordle_withcritic,qwen3.5-9b,medium_frequency_words_clue_with_critic,instance_00004,Non-Repetition-Guesser-On-Critic-Disagreement,
200,wordle_withcritic,qwen3.5-9b,medium_frequency_words_clue_with_critic,instance_00019,Aborted,1.0
201,wordle_withcritic,qwen3.5-9b,medium_frequency_words_clue_with_critic,instance_00019,Lose,0.0
202,wordle_withcritic,qwen3.5-9b,medium_frequency_words_clue_with_critic,instance_00019,Success,0.0
203,wordle_withcritic,qwen3.5-9b,medium_frequency_words_clue_with_critic,instance_00019,Request Count,1.0
204,wordle_withcritic,qwen3.5-9b,medium_frequency_words_clue_with_critic,instance_00019,Parsed Request Count,0.0
205,wordle_withcritic,qwen3.5-9b,medium_frequency_words_clue_with_critic,instance_00019,Violated Request Count,1.0
206,wordle_withcritic,qwen3.5-9b,medium_frequency_words_clue_with_critic,instance_00019,Request Success Ratio,0.0
207,wordle_withcritic,qwen3.5-9b,medium_frequency_words_clue_with_critic,instance_00019,Main Score,
208,wordle_withcritic,qwen3.5-9b,medium_frequency_words_clue_with_critic,instance_00019,Guess Repetitions,
209,wordle_withcritic,qwen3.5-9b,medium_frequency_words_clue_with_critic,instance_00019,Repetition-Guesser-On-Critic-Agreement,
210,wordle_withcritic,qwen3.5-9b,medium_frequency_words_clue_with_critic,instance_00019,Non-Repetition-Guesser-On-Critic-Agreement,
211,wordle_withcritic,qwen3.5-9b,medium_frequency_words_clue_with_critic,instance_00019,Repetition-Guesser-On-Critic-Disagreement,
212,wordle_withcritic,qwen3.5-9b,medium_frequency_words_clue_with_critic,instance_00019,Non-Repetition-Guesser-On-Critic-Disagreement,
213,wordle_withcritic,qwen3.5-9b,high_frequency_words_clue_with_critic,instance_00002,Aborted,1.0
214,wordle_withcritic,qwen3.5-9b,high_frequency_words_clue_with_critic,instance_00002,Lose,0.0
215,wordle_withcritic,qwen3.5-9b,high_frequency_words_clue_with_critic,instance_00002,Success,0.0
216,wordle_withcritic,qwen3.5-9b,high_frequency_words_clue_with_critic,instance_00002,Request Count,3.0
217,wordle_withcritic,qwen3.5-9b,high_frequency_words_clue_with_critic,instance_00002,Parsed Request Count,2.0
218,wordle_withcritic,qwen3.5-9b,high_frequency_words_clue_with_critic,instance_00002,Violated Request Count,1.0
219,wordle_withcritic,qwen3.5-9b,high_frequency_words_clue_with_critic,instance_00002,Request Success Ratio,0.6666666666666666
220,wordle_withcritic,qwen3.5-9b,high_frequency_words_clue_with_critic,instance_00002,Main Score,
221,wordle_withcritic,qwen3.5-9b,high_frequency_words_clue_with_critic,instance_00002,Guess Repetitions,
222,wordle_withcritic,qwen3.5-9b,high_frequency_words_clue_with_critic,instance_00002,Repetition-Guesser-On-Critic-Agreement,
223,wordle_withcritic,qwen3.5-9b,high_frequency_words_clue_with_critic,instance_00002,Non-Repetition-Guesser-On-Critic-Agreement,
224,wordle_withcritic,qwen3.5-9b,high_frequency_words_clue_with_critic,instance_00002,Repetition-Guesser-On-Critic-Disagreement,
225,wordle_withcritic,qwen3.5-9b,high_frequency_words_clue_with_critic,instance_00002,Non-Repetition-Guesser-On-Critic-Disagreement,
226,taboo,qwen3.5-9b,high_en,instance_00016,Violated Request Count,0.0
227,taboo,qwen3.5-9b,high_en,instance_00016,Parsed Request Count,1.0
228,taboo,qwen3.5-9b,high_en,instance_00016,Request Count,1.0
229,taboo,qwen3.5-9b,high_en,instance_00016,Request Success Ratio,1.0
230,taboo,qwen3.5-9b,high_en,instance_00016,Aborted,0.0
231,taboo,qwen3.5-9b,high_en,instance_00016,Success,1.0
232,taboo,qwen3.5-9b,high_en,instance_00016,Lose,0.0
233,taboo,qwen3.5-9b,high_en,instance_00016,Main Score,100.0
234,taboo,qwen3.5-9b,high_en,instance_00016,Repetition-Guesser,0.0
235,taboo,qwen3.5-9b,high_en,instance_00016,Repetition-Describer,0.0
236,taboo,qwen3.5-9b,high_en,instance_00010,Violated Request Count,0.0
237,taboo,qwen3.5-9b,high_en,instance_00010,Parsed Request Count,3.0
238,taboo,qwen3.5-9b,high_en,instance_00010,Request Count,3.0
239,taboo,qwen3.5-9b,high_en,instance_00010,Request Success Ratio,1.0
240,taboo,qwen3.5-9b,high_en,instance_00010,Aborted,0.0
241,taboo,qwen3.5-9b,high_en,instance_00010,Success,1.0
242,taboo,qwen3.5-9b,high_en,instance_00010,Lose,0.0
243,taboo,qwen3.5-9b,high_en,instance_00010,Main Score,33.333333333333336
244,taboo,qwen3.5-9b,high_en,instance_00010,Repetition-Guesser,0.0
245,taboo,qwen3.5-9b,high_en,instance_00010,Repetition-Describer,0.0
246,taboo,qwen3.5-9b,low_en,instance_00018,Violated Request Count,0.0
247,taboo,qwen3.5-9b,low_en,instance_00018,Parsed Request Count,1.0
248,taboo,qwen3.5-9b,low_en,instance_00018,Request Count,1.0
249,taboo,qwen3.5-9b,low_en,instance_00018,Request Success Ratio,1.0
250,taboo,qwen3.5-9b,low_en,instance_00018,Aborted,0.0
251,taboo,qwen3.5-9b,low_en,instance_00018,Success,0.0
252,taboo,qwen3.5-9b,low_en,instance_00018,Lose,1.0
253,taboo,qwen3.5-9b,low_en,instance_00018,Main Score,0.0
254,taboo,qwen3.5-9b,low_en,instance_00018,Repetition-Guesser,0.0
255,taboo,qwen3.5-9b,low_en,instance_00018,Repetition-Describer,0.0
256,taboo,qwen3.5-9b,low_en,instance_00012,Violated Request Count,0.0
257,taboo,qwen3.5-9b,low_en,instance_00012,Parsed Request Count,1.0
258,taboo,qwen3.5-9b,low_en,instance_00012,Request Count,1.0
259,taboo,qwen3.5-9b,low_en,instance_00012,Request Success Ratio,1.0
260,taboo,qwen3.5-9b,low_en,instance_00012,Aborted,0.0
261,taboo,qwen3.5-9b,low_en,instance_00012,Success,1.0
262,taboo,qwen3.5-9b,low_en,instance_00012,Lose,0.0
263,taboo,qwen3.5-9b,low_en,instance_00012,Main Score,100.0
264,taboo,qwen3.5-9b,low_en,instance_00012,Repetition-Guesser,0.0
265,taboo,qwen3.5-9b,low_en,instance_00012,Repetition-Describer,0.0
266,taboo,qwen3.5-9b,medium_en,instance_00007,Violated Request Count,0.0
267,taboo,qwen3.5-9b,medium_en,instance_00007,Parsed Request Count,1.0
268,taboo,qwen3.5-9b,medium_en,instance_00007,Request Count,1.0
269,taboo,qwen3.5-9b,medium_en,instance_00007,Request Success Ratio,1.0
270,taboo,qwen3.5-9b,medium_en,instance_00007,Aborted,0.0
271,taboo,qwen3.5-9b,medium_en,instance_00007,Success,1.0
272,taboo,qwen3.5-9b,medium_en,instance_00007,Lose,0.0
273,taboo,qwen3.5-9b,medium_en,instance_00007,Main Score,100.0
274,taboo,qwen3.5-9b,medium_en,instance_00007,Repetition-Guesser,0.0
275,taboo,qwen3.5-9b,medium_en,instance_00007,Repetition-Describer,0.0
276,taboo,qwen3.5-9b,medium_en,instance_00010,Violated Request Count,0.0
277,taboo,qwen3.5-9b,medium_en,instance_00010,Parsed Request Count,1.0
278,taboo,qwen3.5-9b,medium_en,instance_00010,Request Count,1.0
279,taboo,qwen3.5-9b,medium_en,instance_00010,Request Success Ratio,1.0
280,taboo,qwen3.5-9b,medium_en,instance_00010,Aborted,0.0
281,taboo,qwen3.5-9b,medium_en,instance_00010,Success,0.0
282,taboo,qwen3.5-9b,medium_en,instance_00010,Lose,1.0
283,taboo,qwen3.5-9b,medium_en,instance_00010,Main Score,0.0
284,taboo,qwen3.5-9b,medium_en,instance_00010,Repetition-Guesser,0.0
285,taboo,qwen3.5-9b,medium_en,instance_00010,Repetition-Describer,0.0
286,wordle_withclue,qwen3.5-9b,high_frequency_words_clue_no_critic,instance_00009,Aborted,1.0
287,wordle_withclue,qwen3.5-9b,high_frequency_words_clue_no_critic,instance_00009,Lose,0.0
288,wordle_withclue,qwen3.5-9b,high_frequency_words_clue_no_critic,instance_00009,Success,0.0
289,wordle_withclue,qwen3.5-9b,high_frequency_words_clue_no_critic,instance_00009,Request Count,1.0
290,wordle_withclue,qwen3.5-9b,high_frequency_words_clue_no_critic,instance_00009,Parsed Request Count,0.0
291,wordle_withclue,qwen3.5-9b,high_frequency_words_clue_no_critic,instance_00009,Violated Request Count,1.0
292,wordle_withclue,qwen3.5-9b,high_frequency_words_clue_no_critic,instance_00009,Request Success Ratio,0.0
293,wordle_withclue,qwen3.5-9b,high_frequency_words_clue_no_critic,instance_00009,Main Score,
294,wordle_withclue,qwen3.5-9b,high_frequency_words_clue_no_critic,instance_00009,Guess Repetitions,
295,wordle_withclue,qwen3.5-9b,medium_frequency_words_clue_no_critic,instance_00011,Aborted,1.0
296,wordle_withclue,qwen3.5-9b,medium_frequency_words_clue_no_critic,instance_00011,Lose,0.0
297,wordle_withclue,qwen3.5-9b,medium_frequency_words_clue_no_critic,instance_00011,Success,0.0
298,wordle_withclue,qwen3.5-9b,medium_frequency_words_clue_no_critic,instance_00011,Request Count,1.0
299,wordle_withclue,qwen3.5-9b,medium_frequency_words_clue_no_critic,instance_00011,Parsed Request Count,0.0
300,wordle_withclue,qwen3.5-9b,medium_frequency_words_clue_no_critic,instance_00011,Violated Request Count,1.0
301,wordle_withclue,qwen3.5-9b,medium_frequency_words_clue_no_critic,instance_00011,Request Success Ratio,0.0
302,wordle_withclue,qwen3.5-9b,medium_frequency_words_clue_no_critic,instance_00011,Main Score,
303,wordle_withclue,qwen3.5-9b,medium_frequency_words_clue_no_critic,instance_00011,Guess Repetitions,
304,wordle_withclue,qwen3.5-9b,medium_frequency_words_clue_no_critic,instance_00018,Aborted,1.0
305,wordle_withclue,qwen3.5-9b,medium_frequency_words_clue_no_critic,instance_00018,Lose,0.0
306,wordle_withclue,qwen3.5-9b,medium_frequency_words_clue_no_critic,instance_00018,Success,0.0
307,wordle_withclue,qwen3.5-9b,medium_frequency_words_clue_no_critic,instance_00018,Request Count,3.0
308,wordle_withclue,qwen3.5-9b,medium_frequency_words_clue_no_critic,instance_00018,Parsed Request Count,2.0
309,wordle_withclue,qwen3.5-9b,medium_frequency_words_clue_no_critic,instance_00018,Violated Request Count,1.0
310,wordle_withclue,qwen3.5-9b,medium_frequency_words_clue_no_critic,instance_00018,Request Success Ratio,0.6666666666666666
311,wordle_withclue,qwen3.5-9b,medium_frequency_words_clue_no_critic,instance_00018,Main Score,
312,wordle_withclue,qwen3.5-9b,medium_frequency_words_clue_no_critic,instance_00018,Guess Repetitions,
313,textmapworld,qwen3.5-9b,large_cycle,instance_00049,Success,0.0
314,textmapworld,qwen3.5-9b,large_cycle,instance_00049,Aborted,0.0
315,textmapworld,qwen3.5-9b,large_cycle,instance_00049,Lose,1.0
316,textmapworld,qwen3.5-9b,large_cycle,instance_00049,moves,9.0
317,textmapworld,qwen3.5-9b,large_cycle,instance_00049,valid_moves,9.0
318,textmapworld,qwen3.5-9b,large_cycle,instance_00049,invalid_moves,0.0
319,textmapworld,qwen3.5-9b,large_cycle,instance_00049,stopped,1.0
320,textmapworld,qwen3.5-9b,large_cycle,instance_00049,turns_limit,0.0
321,textmapworld,qwen3.5-9b,large_cycle,instance_00049,loops,0.0
322,textmapworld,qwen3.5-9b,large_cycle,instance_00049,number_visited,4.0
323,textmapworld,qwen3.5-9b,large_cycle,instance_00049,seen,5.0
324,textmapworld,qwen3.5-9b,large_cycle,instance_00049,efficiency,55.55555555555556
325,textmapworld,qwen3.5-9b,large_cycle,instance_00049,exploration,50.0
326,textmapworld,qwen3.5-9b,large_cycle,instance_00049,Main Score,52.63157894736842
327,textmapworld,qwen3.5-9b,small,instance_00006,Success,0.0
328,textmapworld,qwen3.5-9b,small,instance_00006,Aborted,0.0
329,textmapworld,qwen3.5-9b,small,instance_00006,Lose,1.0
330,textmapworld,qwen3.5-9b,small,instance_00006,moves,7.0
331,textmapworld,qwen3.5-9b,small,instance_00006,valid_moves,7.0
332,textmapworld,qwen3.5-9b,small,instance_00006,invalid_moves,0.0
333,textmapworld,qwen3.5-9b,small,instance_00006,stopped,1.0
334,textmapworld,qwen3.5-9b,small,instance_00006,turns_limit,0.0
335,textmapworld,qwen3.5-9b,small,instance_00006,loops,0.0
336,textmapworld,qwen3.5-9b,small,instance_00006,number_visited,3.0
337,textmapworld,qwen3.5-9b,small,instance_00006,seen,4.0
338,textmapworld,qwen3.5-9b,small,instance_00006,efficiency,42.857142857142854
339,textmapworld,qwen3.5-9b,small,instance_00006,exploration,75.0
340,textmapworld,qwen3.5-9b,small,instance_00006,Main Score,54.54545454545454
341,textmapworld,qwen3.5-9b,large,instance_00028,Aborted,1.0
342,textmapworld,qwen3.5-9b,large,instance_00028,Success,0.0
343,textmapworld,qwen3.5-9b,large,instance_00028,Lose,0.0
344,textmapworld,qwen3.5-9b,large,instance_00028,moves,
345,textmapworld,qwen3.5-9b,large,instance_00028,valid_moves,
346,textmapworld,qwen3.5-9b,large,instance_00028,invalid_moves,
347,textmapworld,qwen3.5-9b,large,instance_00028,stopped,
348,textmapworld,qwen3.5-9b,large,instance_00028,turns_limit,
349,textmapworld,qwen3.5-9b,large,instance_00028,loops,
350,textmapworld,qwen3.5-9b,large,instance_00028,number_visited,
351,textmapworld,qwen3.5-9b,large,instance_00028,seen,
352,textmapworld,qwen3.5-9b,large,instance_00028,efficiency,
353,textmapworld,qwen3.5-9b,large,instance_00028,exploration,
354,textmapworld,qwen3.5-9b,large,instance_00028,Main Score,
355,textmapworld,qwen3.5-9b,medium_cycle,instance_00034,Success,0.0
356,textmapworld,qwen3.5-9b,medium_cycle,instance_00034,Aborted,0.0
357,textmapworld,qwen3.5-9b,medium_cycle,instance_00034,Lose,1.0
358,textmapworld,qwen3.5-9b,medium_cycle,instance_00034,moves,2.0
359,textmapworld,qwen3.5-9b,medium_cycle,instance_00034,valid_moves,2.0
360,textmapworld,qwen3.5-9b,medium_cycle,instance_00034,invalid_moves,0.0
361,textmapworld,qwen3.5-9b,medium_cycle,instance_00034,stopped,1.0
362,textmapworld,qwen3.5-9b,medium_cycle,instance_00034,turns_limit,0.0
363,textmapworld,qwen3.5-9b,medium_cycle,instance_00034,loops,0.0
364,textmapworld,qwen3.5-9b,medium_cycle,instance_00034,number_visited,2.0
365,textmapworld,qwen3.5-9b,medium_cycle,instance_00034,seen,3.0
366,textmapworld,qwen3.5-9b,medium_cycle,instance_00034,efficiency,50.0
367,textmapworld,qwen3.5-9b,medium_cycle,instance_00034,exploration,33.33333333333333
368,textmapworld,qwen3.5-9b,medium_cycle,instance_00034,Main Score,40.0
369,textmapworld,qwen3.5-9b,medium,instance_00010,Aborted,1.0
370,textmapworld,qwen3.5-9b,medium,instance_00010,Success,0.0
371,textmapworld,qwen3.5-9b,medium,instance_00010,Lose,0.0
372,textmapworld,qwen3.5-9b,medium,instance_00010,moves,
373,textmapworld,qwen3.5-9b,medium,instance_00010,valid_moves,
374,textmapworld,qwen3.5-9b,medium,instance_00010,invalid_moves,
375,textmapworld,qwen3.5-9b,medium,instance_00010,stopped,
376,textmapworld,qwen3.5-9b,medium,instance_00010,turns_limit,
377,textmapworld,qwen3.5-9b,medium,instance_00010,loops,
378,textmapworld,qwen3.5-9b,medium,instance_00010,number_visited,
379,textmapworld,qwen3.5-9b,medium,instance_00010,seen,
380,textmapworld,qwen3.5-9b,medium,instance_00010,efficiency,
381,textmapworld,qwen3.5-9b,medium,instance_00010,exploration,
382,textmapworld,qwen3.5-9b,medium,instance_00010,Main Score,
383,referencegame,qwen3.5-9b,random_grids,instance_00005,Generated Expression Length,391.0
384,referencegame,qwen3.5-9b,random_grids,instance_00005,Generated Expression Number of Tokens,69.0
385,referencegame,qwen3.5-9b,random_grids,instance_00005,Aborted at Player 1,0.0
386,referencegame,qwen3.5-9b,random_grids,instance_00005,Aborted at Player 2,0.0
387,referencegame,qwen3.5-9b,random_grids,instance_00005,Request Count,2.0
388,referencegame,qwen3.5-9b,random_grids,instance_00005,Parsed Request Count,2.0
389,referencegame,qwen3.5-9b,random_grids,instance_00005,Violated Request Count,0.0
390,referencegame,qwen3.5-9b,random_grids,instance_00005,Aborted,0.0
391,referencegame,qwen3.5-9b,random_grids,instance_00005,Success,0.0
392,referencegame,qwen3.5-9b,random_grids,instance_00005,Lose,1.0
393,referencegame,qwen3.5-9b,random_grids,instance_00005,Main Score,0.0
394,referencegame,qwen3.5-9b,random_grids,instance_00005,Request Success Ratio,1.0
395,referencegame,qwen3.5-9b,line_grids_columns,instance_00013,Generated Expression Length,163.0
396,referencegame,qwen3.5-9b,line_grids_columns,instance_00013,Generated Expression Number of Tokens,28.0
397,referencegame,qwen3.5-9b,line_grids_columns,instance_00013,Aborted at Player 1,0.0
398,referencegame,qwen3.5-9b,line_grids_columns,instance_00013,Aborted at Player 2,0.0
399,referencegame,qwen3.5-9b,line_grids_columns,instance_00013,Request Count,2.0
400,referencegame,qwen3.5-9b,line_grids_columns,instance_00013,Parsed Request Count,2.0
401,referencegame,qwen3.5-9b,line_grids_columns,instance_00013,Violated Request Count,0.0
402,referencegame,qwen3.5-9b,line_grids_columns,instance_00013,Aborted,0.0
403,referencegame,qwen3.5-9b,line_grids_columns,instance_00013,Success,1.0
404,referencegame,qwen3.5-9b,line_grids_columns,instance_00013,Lose,0.0
405,referencegame,qwen3.5-9b,line_grids_columns,instance_00013,Main Score,100.0
406,referencegame,qwen3.5-9b,line_grids_columns,instance_00013,Request Success Ratio,1.0
407,referencegame,qwen3.5-9b,number_grids,instance_00017,Generated Expression Length,291.0
408,referencegame,qwen3.5-9b,number_grids,instance_00017,Generated Expression Number of Tokens,51.0
409,referencegame,qwen3.5-9b,number_grids,instance_00017,Aborted at Player 1,0.0
410,referencegame,qwen3.5-9b,number_grids,instance_00017,Aborted at Player 2,0.0
411,referencegame,qwen3.5-9b,number_grids,instance_00017,Request Count,2.0
412,referencegame,qwen3.5-9b,number_grids,instance_00017,Parsed Request Count,2.0
413,referencegame,qwen3.5-9b,number_grids,instance_00017,Violated Request Count,0.0
414,referencegame,qwen3.5-9b,number_grids,instance_00017,Aborted,0.0
415,referencegame,qwen3.5-9b,number_grids,instance_00017,Success,1.0
416,referencegame,qwen3.5-9b,number_grids,instance_00017,Lose,0.0
417,referencegame,qwen3.5-9b,number_grids,instance_00017,Main Score,100.0
418,referencegame,qwen3.5-9b,number_grids,instance_00017,Request Success Ratio,1.0
419,referencegame,qwen3.5-9b,line_grids_rows,instance_00017,Generated Expression Length,156.0
420,referencegame,qwen3.5-9b,line_grids_rows,instance_00017,Generated Expression Number of Tokens,26.0
421,referencegame,qwen3.5-9b,line_grids_rows,instance_00017,Aborted at Player 1,0.0
422,referencegame,qwen3.5-9b,line_grids_rows,instance_00017,Aborted at Player 2,0.0
423,referencegame,qwen3.5-9b,line_grids_rows,instance_00017,Request Count,2.0
424,referencegame,qwen3.5-9b,line_grids_rows,instance_00017,Parsed Request Count,2.0
425,referencegame,qwen3.5-9b,line_grids_rows,instance_00017,Violated Request Count,0.0
426,referencegame,qwen3.5-9b,line_grids_rows,instance_00017,Aborted,0.0
427,referencegame,qwen3.5-9b,line_grids_rows,instance_00017,Success,1.0
428,referencegame,qwen3.5-9b,line_grids_rows,instance_00017,Lose,0.0
429,referencegame,qwen3.5-9b,line_grids_rows,instance_00017,Main Score,100.0
430,referencegame,qwen3.5-9b,line_grids_rows,instance_00017,Request Success Ratio,1.0
431,referencegame,qwen3.5-9b,letter_grids,instance_00012,Generated Expression Length,215.0
432,referencegame,qwen3.5-9b,letter_grids,instance_00012,Generated Expression Number of Tokens,39.0
433,referencegame,qwen3.5-9b,letter_grids,instance_00012,Aborted at Player 1,0.0
434,referencegame,qwen3.5-9b,letter_grids,instance_00012,Aborted at Player 2,0.0
435,referencegame,qwen3.5-9b,letter_grids,instance_00012,Request Count,2.0
436,referencegame,qwen3.5-9b,letter_grids,instance_00012,Parsed Request Count,2.0
437,referencegame,qwen3.5-9b,letter_grids,instance_00012,Violated Request Count,0.0
438,referencegame,qwen3.5-9b,letter_grids,instance_00012,Aborted,0.0
439,referencegame,qwen3.5-9b,letter_grids,instance_00012,Success,1.0
440,referencegame,qwen3.5-9b,letter_grids,instance_00012,Lose,0.0
441,referencegame,qwen3.5-9b,letter_grids,instance_00012,Main Score,100.0
442,referencegame,qwen3.5-9b,letter_grids,instance_00012,Request Success Ratio,1.0
443,adventuregame,qwen3.5-9b,new-words_home-delivery_medium_basic_medium,instance_00002,Violated Request Count,0.0
444,adventuregame,qwen3.5-9b,new-words_home-delivery_medium_basic_medium,instance_00002,Parsed Request Count,50.0
445,adventuregame,qwen3.5-9b,new-words_home-delivery_medium_basic_medium,instance_00002,Request Count,50.0
446,adventuregame,qwen3.5-9b,new-words_home-delivery_medium_basic_medium,instance_00002,Request Success Ratio,1.0
447,adventuregame,qwen3.5-9b,new-words_home-delivery_medium_basic_medium,instance_00002,hallucination_count,0.0
448,adventuregame,qwen3.5-9b,new-words_home-delivery_medium_basic_medium,instance_00002,action_parsing_fail,48.0
449,adventuregame,qwen3.5-9b,new-words_home-delivery_medium_basic_medium,instance_00002,action_resolution_fail,0.0
450,adventuregame,qwen3.5-9b,new-words_home-delivery_medium_basic_medium,instance_00002,lark_exception,0.0
451,adventuregame,qwen3.5-9b,new-words_home-delivery_medium_basic_medium,instance_00002,malformed_command,47.0
452,adventuregame,qwen3.5-9b,new-words_home-delivery_medium_basic_medium,instance_00002,undefined_action_verb,1.0
453,adventuregame,qwen3.5-9b,new-words_home-delivery_medium_basic_medium,instance_00002,undefined_action,0.0
454,adventuregame,qwen3.5-9b,new-words_home-delivery_medium_basic_medium,instance_00002,undefined_repr_str,0.0
455,adventuregame,qwen3.5-9b,new-words_home-delivery_medium_basic_medium,instance_00002,manipulating_room,0.0
456,adventuregame,qwen3.5-9b,new-words_home-delivery_medium_basic_medium,instance_00002,undefined_argument_type,0.0
457,adventuregame,qwen3.5-9b,new-words_home-delivery_medium_basic_medium,instance_00002,taking_from_inventory,0.0
458,adventuregame,qwen3.5-9b,new-words_home-delivery_medium_basic_medium,instance_00002,other_room_argument,0.0
459,adventuregame,qwen3.5-9b,new-words_home-delivery_medium_basic_medium,instance_00002,domain_trait_type_mismatch,0.0
460,adventuregame,qwen3.5-9b,new-words_home-delivery_medium_basic_medium,instance_00002,domain_type_discrepancy,0.0
461,adventuregame,qwen3.5-9b,new-words_home-delivery_medium_basic_medium,instance_00002,world_state_discrepancy,0.0
462,adventuregame,qwen3.5-9b,new-words_home-delivery_medium_basic_medium,instance_00002,entity_not_accessible,0.0
463,adventuregame,qwen3.5-9b,new-words_home-delivery_medium_basic_medium,instance_00002,entity_state_mismatch,0.0
464,adventuregame,qwen3.5-9b,new-words_home-delivery_medium_basic_medium,instance_00002,entity_trait_mismatch,0.0
465,adventuregame,qwen3.5-9b,new-words_home-delivery_medium_basic_medium,instance_00002,entity_already_inventory,0.0
466,adventuregame,qwen3.5-9b,new-words_home-delivery_medium_basic_medium,instance_00002,going_to_current_room,0.0
467,adventuregame,qwen3.5-9b,new-words_home-delivery_medium_basic_medium,instance_00002,no_exit_to,0.0
468,adventuregame,qwen3.5-9b,new-words_home-delivery_medium_basic_medium,instance_00002,inventory_limit_exceeded,0.0
469,adventuregame,qwen3.5-9b,new-words_home-delivery_medium_basic_medium,instance_00002,successful_actions,2.0
470,adventuregame,qwen3.5-9b,new-words_home-delivery_medium_basic_medium,instance_00002,turn_limit_loss,1.0
471,adventuregame,qwen3.5-9b,new-words_home-delivery_medium_basic_medium,instance_00002,turns_over_par,
472,adventuregame,qwen3.5-9b,new-words_home-delivery_medium_basic_medium,instance_00002,turn_ratio,
473,adventuregame,qwen3.5-9b,new-words_home-delivery_medium_basic_medium,instance_00002,finish_speed,
474,adventuregame,qwen3.5-9b,new-words_home-delivery_medium_basic_medium,instance_00002,achieved_goal_ratio,0.0
475,adventuregame,qwen3.5-9b,new-words_home-delivery_medium_basic_medium,instance_00002,Aborted,1.0
476,adventuregame,qwen3.5-9b,new-words_home-delivery_medium_basic_medium,instance_00002,Success,0.0
477,adventuregame,qwen3.5-9b,new-words_home-delivery_medium_basic_medium,instance_00002,Lose,0.0
478,adventuregame,qwen3.5-9b,new-words_home-delivery_medium_basic_medium,instance_00002,Main Score,
479,adventuregame,qwen3.5-9b,new-words_home-delivery_medium_basic_medium,instance_00002,plan_followed_ratio,0.0
480,adventuregame,qwen3.5-9b,new-words_home-delivery_medium_basic_medium,instance_00002,plan_average_viability_ratio,0.0
481,adventuregame,qwen3.5-9b,new-words_home-delivery_medium_basic_medium,instance_00002,bad_plan_follow_ratio,0.0
482,adventuregame,qwen3.5-9b,new-words_home-delivery_medium_basic_medium,instance_00002,bad_plan_dismiss_ratio,1.0
483,adventuregame,qwen3.5-9b,potion_brewing_basic_undefined,instance_00004,Violated Request Count,0.0
484,adventuregame,qwen3.5-9b,potion_brewing_basic_undefined,instance_00004,Parsed Request Count,100.0
485,adventuregame,qwen3.5-9b,potion_brewing_basic_undefined,instance_00004,Request Count,100.0
486,adventuregame,qwen3.5-9b,potion_brewing_basic_undefined,instance_00004,Request Success Ratio,1.0
487,adventuregame,qwen3.5-9b,potion_brewing_basic_undefined,instance_00004,hallucination_count,0.0
488,adventuregame,qwen3.5-9b,potion_brewing_basic_undefined,instance_00004,action_parsing_fail,0.0
489,adventuregame,qwen3.5-9b,potion_brewing_basic_undefined,instance_00004,action_resolution_fail,32.0
490,adventuregame,qwen3.5-9b,potion_brewing_basic_undefined,instance_00004,lark_exception,0.0
491,adventuregame,qwen3.5-9b,potion_brewing_basic_undefined,instance_00004,malformed_command,0.0
492,adventuregame,qwen3.5-9b,potion_brewing_basic_undefined,instance_00004,undefined_action_verb,0.0
493,adventuregame,qwen3.5-9b,potion_brewing_basic_undefined,instance_00004,undefined_action,0.0
494,adventuregame,qwen3.5-9b,potion_brewing_basic_undefined,instance_00004,undefined_repr_str,0.0
495,adventuregame,qwen3.5-9b,potion_brewing_basic_undefined,instance_00004,manipulating_room,0.0
496,adventuregame,qwen3.5-9b,potion_brewing_basic_undefined,instance_00004,undefined_argument_type,0.0
497,adventuregame,qwen3.5-9b,potion_brewing_basic_undefined,instance_00004,taking_from_inventory,0.0
498,adventuregame,qwen3.5-9b,potion_brewing_basic_undefined,instance_00004,other_room_argument,0.0
499,adventuregame,qwen3.5-9b,potion_brewing_basic_undefined,instance_00004,domain_trait_type_mismatch,3.0
500,adventuregame,qwen3.5-9b,potion_brewing_basic_undefined,instance_00004,domain_type_discrepancy,1.0
501,adventuregame,qwen3.5-9b,potion_brewing_basic_undefined,instance_00004,world_state_discrepancy,0.0
502,adventuregame,qwen3.5-9b,potion_brewing_basic_undefined,instance_00004,entity_not_accessible,9.0
503,adventuregame,qwen3.5-9b,potion_brewing_basic_undefined,instance_00004,entity_state_mismatch,0.0
504,adventuregame,qwen3.5-9b,potion_brewing_basic_undefined,instance_00004,entity_trait_mismatch,0.0
505,adventuregame,qwen3.5-9b,potion_brewing_basic_undefined,instance_00004,entity_already_inventory,1.0
506,adventuregame,qwen3.5-9b,potion_brewing_basic_undefined,instance_00004,going_to_current_room,1.0
507,adventuregame,qwen3.5-9b,potion_brewing_basic_undefined,instance_00004,no_exit_to,0.0
508,adventuregame,qwen3.5-9b,potion_brewing_basic_undefined,instance_00004,inventory_limit_exceeded,16.0
509,adventuregame,qwen3.5-9b,potion_brewing_basic_undefined,instance_00004,successful_actions,68.0
510,adventuregame,qwen3.5-9b,potion_brewing_basic_undefined,instance_00004,turn_limit_loss,1.0
511,adventuregame,qwen3.5-9b,potion_brewing_basic_undefined,instance_00004,turns_over_par,
512,adventuregame,qwen3.5-9b,potion_brewing_basic_undefined,instance_00004,turn_ratio,
513,adventuregame,qwen3.5-9b,potion_brewing_basic_undefined,instance_00004,finish_speed,
514,adventuregame,qwen3.5-9b,potion_brewing_basic_undefined,instance_00004,achieved_goal_ratio,0.0
515,adventuregame,qwen3.5-9b,potion_brewing_basic_undefined,instance_00004,Aborted,1.0
516,adventuregame,qwen3.5-9b,potion_brewing_basic_undefined,instance_00004,Success,0.0
517,adventuregame,qwen3.5-9b,potion_brewing_basic_undefined,instance_00004,Lose,0.0
518,adventuregame,qwen3.5-9b,potion_brewing_basic_undefined,instance_00004,Main Score,
519,adventuregame,qwen3.5-9b,potion_brewing_basic_undefined,instance_00004,plan_followed_ratio,0.0
520,adventuregame,qwen3.5-9b,potion_brewing_basic_undefined,instance_00004,plan_average_viability_ratio,0.0
521,adventuregame,qwen3.5-9b,potion_brewing_basic_undefined,instance_00004,bad_plan_follow_ratio,0.0
522,adventuregame,qwen3.5-9b,potion_brewing_basic_undefined,instance_00004,bad_plan_dismiss_ratio,1.0
523,adventuregame,qwen3.5-9b,new-words_home-delivery_easy_basic_easy,instance_00002,Violated Request Count,0.0
524,adventuregame,qwen3.5-9b,new-words_home-delivery_easy_basic_easy,instance_00002,Parsed Request Count,22.0
525,adventuregame,qwen3.5-9b,new-words_home-delivery_easy_basic_easy,instance_00002,Request Count,22.0
526,adventuregame,qwen3.5-9b,new-words_home-delivery_easy_basic_easy,instance_00002,Request Success Ratio,1.0
527,adventuregame,qwen3.5-9b,new-words_home-delivery_easy_basic_easy,instance_00002,hallucination_count,1.0
528,adventuregame,qwen3.5-9b,new-words_home-delivery_easy_basic_easy,instance_00002,action_parsing_fail,0.0
529,adventuregame,qwen3.5-9b,new-words_home-delivery_easy_basic_easy,instance_00002,action_resolution_fail,2.0
530,adventuregame,qwen3.5-9b,new-words_home-delivery_easy_basic_easy,instance_00002,lark_exception,0.0
531,adventuregame,qwen3.5-9b,new-words_home-delivery_easy_basic_easy,instance_00002,malformed_command,0.0
532,adventuregame,qwen3.5-9b,new-words_home-delivery_easy_basic_easy,instance_00002,undefined_action_verb,0.0
533,adventuregame,qwen3.5-9b,new-words_home-delivery_easy_basic_easy,instance_00002,undefined_action,0.0
534,adventuregame,qwen3.5-9b,new-words_home-delivery_easy_basic_easy,instance_00002,undefined_repr_str,0.0
535,adventuregame,qwen3.5-9b,new-words_home-delivery_easy_basic_easy,instance_00002,manipulating_room,0.0
536,adventuregame,qwen3.5-9b,new-words_home-delivery_easy_basic_easy,instance_00002,undefined_argument_type,0.0
537,adventuregame,qwen3.5-9b,new-words_home-delivery_easy_basic_easy,instance_00002,taking_from_inventory,0.0
538,adventuregame,qwen3.5-9b,new-words_home-delivery_easy_basic_easy,instance_00002,other_room_argument,0.0
539,adventuregame,qwen3.5-9b,new-words_home-delivery_easy_basic_easy,instance_00002,domain_trait_type_mismatch,0.0
540,adventuregame,qwen3.5-9b,new-words_home-delivery_easy_basic_easy,instance_00002,domain_type_discrepancy,0.0
541,adventuregame,qwen3.5-9b,new-words_home-delivery_easy_basic_easy,instance_00002,world_state_discrepancy,0.0
542,adventuregame,qwen3.5-9b,new-words_home-delivery_easy_basic_easy,instance_00002,entity_not_accessible,0.0
543,adventuregame,qwen3.5-9b,new-words_home-delivery_easy_basic_easy,instance_00002,entity_state_mismatch,2.0
544,adventuregame,qwen3.5-9b,new-words_home-delivery_easy_basic_easy,instance_00002,entity_trait_mismatch,0.0
545,adventuregame,qwen3.5-9b,new-words_home-delivery_easy_basic_easy,instance_00002,entity_already_inventory,0.0
546,adventuregame,qwen3.5-9b,new-words_home-delivery_easy_basic_easy,instance_00002,going_to_current_room,0.0
547,adventuregame,qwen3.5-9b,new-words_home-delivery_easy_basic_easy,instance_00002,no_exit_to,0.0
548,adventuregame,qwen3.5-9b,new-words_home-delivery_easy_basic_easy,instance_00002,inventory_limit_exceeded,0.0
549,adventuregame,qwen3.5-9b,new-words_home-delivery_easy_basic_easy,instance_00002,successful_actions,20.0
550,adventuregame,qwen3.5-9b,new-words_home-delivery_easy_basic_easy,instance_00002,turn_limit_loss,0.0
551,adventuregame,qwen3.5-9b,new-words_home-delivery_easy_basic_easy,instance_00002,turns_over_par,
552,adventuregame,qwen3.5-9b,new-words_home-delivery_easy_basic_easy,instance_00002,turn_ratio,
553,adventuregame,qwen3.5-9b,new-words_home-delivery_easy_basic_easy,instance_00002,finish_speed,
554,adventuregame,qwen3.5-9b,new-words_home-delivery_easy_basic_easy,instance_00002,achieved_goal_ratio,0.0
555,adventuregame,qwen3.5-9b,new-words_home-delivery_easy_basic_easy,instance_00002,Aborted,0.0
556,adventuregame,qwen3.5-9b,new-words_home-delivery_easy_basic_easy,instance_00002,Success,0.0
557,adventuregame,qwen3.5-9b,new-words_home-delivery_easy_basic_easy,instance_00002,Lose,1.0
558,adventuregame,qwen3.5-9b,new-words_home-delivery_easy_basic_easy,instance_00002,Main Score,0.0
559,adventuregame,qwen3.5-9b,new-words_home-delivery_easy_basic_easy,instance_00002,plan_followed_ratio,0.0
560,adventuregame,qwen3.5-9b,new-words_home-delivery_easy_basic_easy,instance_00002,plan_average_viability_ratio,0.0
561,adventuregame,qwen3.5-9b,new-words_home-delivery_easy_basic_easy,instance_00002,bad_plan_follow_ratio,0.0
562,adventuregame,qwen3.5-9b,new-words_home-delivery_easy_basic_easy,instance_00002,bad_plan_dismiss_ratio,1.0
563,adventuregame,qwen3.5-9b,new-words_created_basic_hard,instance_00000,Violated Request Count,0.0
564,adventuregame,qwen3.5-9b,new-words_created_basic_hard,instance_00000,Parsed Request Count,50.0
565,adventuregame,qwen3.5-9b,new-words_created_basic_hard,instance_00000,Request Count,50.0
566,adventuregame,qwen3.5-9b,new-words_created_basic_hard,instance_00000,Request Success Ratio,1.0
567,adventuregame,qwen3.5-9b,new-words_created_basic_hard,instance_00000,hallucination_count,0.0
568,adventuregame,qwen3.5-9b,new-words_created_basic_hard,instance_00000,action_parsing_fail,35.0
569,adventuregame,qwen3.5-9b,new-words_created_basic_hard,instance_00000,action_resolution_fail,2.0
570,adventuregame,qwen3.5-9b,new-words_created_basic_hard,instance_00000,lark_exception,0.0
571,adventuregame,qwen3.5-9b,new-words_created_basic_hard,instance_00000,malformed_command,0.0
572,adventuregame,qwen3.5-9b,new-words_created_basic_hard,instance_00000,undefined_action_verb,35.0
573,adventuregame,qwen3.5-9b,new-words_created_basic_hard,instance_00000,undefined_action,0.0
574,adventuregame,qwen3.5-9b,new-words_created_basic_hard,instance_00000,undefined_repr_str,0.0
575,adventuregame,qwen3.5-9b,new-words_created_basic_hard,instance_00000,manipulating_room,0.0
576,adventuregame,qwen3.5-9b,new-words_created_basic_hard,instance_00000,undefined_argument_type,0.0
577,adventuregame,qwen3.5-9b,new-words_created_basic_hard,instance_00000,taking_from_inventory,0.0
578,adventuregame,qwen3.5-9b,new-words_created_basic_hard,instance_00000,other_room_argument,0.0
579,adventuregame,qwen3.5-9b,new-words_created_basic_hard,instance_00000,domain_trait_type_mismatch,0.0
580,adventuregame,qwen3.5-9b,new-words_created_basic_hard,instance_00000,domain_type_discrepancy,0.0
581,adventuregame,qwen3.5-9b,new-words_created_basic_hard,instance_00000,world_state_discrepancy,0.0
582,adventuregame,qwen3.5-9b,new-words_created_basic_hard,instance_00000,entity_not_accessible,0.0
583,adventuregame,qwen3.5-9b,new-words_created_basic_hard,instance_00000,entity_state_mismatch,2.0
584,adventuregame,qwen3.5-9b,new-words_created_basic_hard,instance_00000,entity_trait_mismatch,0.0
585,adventuregame,qwen3.5-9b,new-words_created_basic_hard,instance_00000,entity_already_inventory,0.0
586,adventuregame,qwen3.5-9b,new-words_created_basic_hard,instance_00000,going_to_current_room,0.0
587,adventuregame,qwen3.5-9b,new-words_created_basic_hard,instance_00000,no_exit_to,0.0
588,adventuregame,qwen3.5-9b,new-words_created_basic_hard,instance_00000,inventory_limit_exceeded,0.0
589,adventuregame,qwen3.5-9b,new-words_created_basic_hard,instance_00000,successful_actions,13.0
590,adventuregame,qwen3.5-9b,new-words_created_basic_hard,instance_00000,turn_limit_loss,1.0
591,adventuregame,qwen3.5-9b,new-words_created_basic_hard,instance_00000,turns_over_par,
592,adventuregame,qwen3.5-9b,new-words_created_basic_hard,instance_00000,turn_ratio,
593,adventuregame,qwen3.5-9b,new-words_created_basic_hard,instance_00000,finish_speed,
594,adventuregame,qwen3.5-9b,new-words_created_basic_hard,instance_00000,achieved_goal_ratio,0.0
595,adventuregame,qwen3.5-9b,new-words_created_basic_hard,instance_00000,Aborted,1.0
596,adventuregame,qwen3.5-9b,new-words_created_basic_hard,instance_00000,Success,0.0
597,adventuregame,qwen3.5-9b,new-words_created_basic_hard,instance_00000,Lose,0.0
598,adventuregame,qwen3.5-9b,new-words_created_basic_hard,instance_00000,Main Score,
599,adventuregame,qwen3.5-9b,new-words_created_basic_hard,instance_00000,plan_followed_ratio,0.0
600,adventuregame,qwen3.5-9b,new-words_created_basic_hard,instance_00000,plan_average_viability_ratio,0.0
601,adventuregame,qwen3.5-9b,new-words_created_basic_hard,instance_00000,bad_plan_follow_ratio,0.0
602,adventuregame,qwen3.5-9b,new-words_created_basic_hard,instance_00000,bad_plan_dismiss_ratio,1.0
603,adventuregame,qwen3.5-9b,home_deliver_three_basic_hard_invlimittwo,instance_00000,Violated Request Count,0.0
604,adventuregame,qwen3.5-9b,home_deliver_three_basic_hard_invlimittwo,instance_00000,Parsed Request Count,25.0
605,adventuregame,qwen3.5-9b,home_deliver_three_basic_hard_invlimittwo,instance_00000,Request Count,25.0
606,adventuregame,qwen3.5-9b,home_deliver_three_basic_hard_invlimittwo,instance_00000,Request Success Ratio,1.0
607,adventuregame,qwen3.5-9b,home_deliver_three_basic_hard_invlimittwo,instance_00000,hallucination_count,1.0
608,adventuregame,qwen3.5-9b,home_deliver_three_basic_hard_invlimittwo,instance_00000,action_parsing_fail,0.0
609,adventuregame,qwen3.5-9b,home_deliver_three_basic_hard_invlimittwo,instance_00000,action_resolution_fail,4.0
610,adventuregame,qwen3.5-9b,home_deliver_three_basic_hard_invlimittwo,instance_00000,lark_exception,0.0
611,adventuregame,qwen3.5-9b,home_deliver_three_basic_hard_invlimittwo,instance_00000,malformed_command,0.0
612,adventuregame,qwen3.5-9b,home_deliver_three_basic_hard_invlimittwo,instance_00000,undefined_action_verb,0.0
613,adventuregame,qwen3.5-9b,home_deliver_three_basic_hard_invlimittwo,instance_00000,undefined_action,0.0
614,adventuregame,qwen3.5-9b,home_deliver_three_basic_hard_invlimittwo,instance_00000,undefined_repr_str,0.0
615,adventuregame,qwen3.5-9b,home_deliver_three_basic_hard_invlimittwo,instance_00000,manipulating_room,0.0
616,adventuregame,qwen3.5-9b,home_deliver_three_basic_hard_invlimittwo,instance_00000,undefined_argument_type,0.0
617,adventuregame,qwen3.5-9b,home_deliver_three_basic_hard_invlimittwo,instance_00000,taking_from_inventory,0.0
618,adventuregame,qwen3.5-9b,home_deliver_three_basic_hard_invlimittwo,instance_00000,other_room_argument,0.0
619,adventuregame,qwen3.5-9b,home_deliver_three_basic_hard_invlimittwo,instance_00000,domain_trait_type_mismatch,0.0
620,adventuregame,qwen3.5-9b,home_deliver_three_basic_hard_invlimittwo,instance_00000,domain_type_discrepancy,0.0
621,adventuregame,qwen3.5-9b,home_deliver_three_basic_hard_invlimittwo,instance_00000,world_state_discrepancy,0.0
622,adventuregame,qwen3.5-9b,home_deliver_three_basic_hard_invlimittwo,instance_00000,entity_not_accessible,2.0
623,adventuregame,qwen3.5-9b,home_deliver_three_basic_hard_invlimittwo,instance_00000,entity_state_mismatch,0.0
624,adventuregame,qwen3.5-9b,home_deliver_three_basic_hard_invlimittwo,instance_00000,entity_trait_mismatch,0.0
625,adventuregame,qwen3.5-9b,home_deliver_three_basic_hard_invlimittwo,instance_00000,entity_already_inventory,0.0
626,adventuregame,qwen3.5-9b,home_deliver_three_basic_hard_invlimittwo,instance_00000,going_to_current_room,0.0
627,adventuregame,qwen3.5-9b,home_deliver_three_basic_hard_invlimittwo,instance_00000,no_exit_to,2.0
628,adventuregame,qwen3.5-9b,home_deliver_three_basic_hard_invlimittwo,instance_00000,inventory_limit_exceeded,0.0
629,adventuregame,qwen3.5-9b,home_deliver_three_basic_hard_invlimittwo,instance_00000,successful_actions,21.0
630,adventuregame,qwen3.5-9b,home_deliver_three_basic_hard_invlimittwo,instance_00000,turn_limit_loss,0.0
631,adventuregame,qwen3.5-9b,home_deliver_three_basic_hard_invlimittwo,instance_00000,turns_over_par,
632,adventuregame,qwen3.5-9b,home_deliver_three_basic_hard_invlimittwo,instance_00000,turn_ratio,
633,adventuregame,qwen3.5-9b,home_deliver_three_basic_hard_invlimittwo,instance_00000,finish_speed,
634,adventuregame,qwen3.5-9b,home_deliver_three_basic_hard_invlimittwo,instance_00000,achieved_goal_ratio,0.3333333333333333
635,adventuregame,qwen3.5-9b,home_deliver_three_basic_hard_invlimittwo,instance_00000,Aborted,0.0
636,adventuregame,qwen3.5-9b,home_deliver_three_basic_hard_invlimittwo,instance_00000,Success,0.0
637,adventuregame,qwen3.5-9b,home_deliver_three_basic_hard_invlimittwo,instance_00000,Lose,1.0
638,adventuregame,qwen3.5-9b,home_deliver_three_basic_hard_invlimittwo,instance_00000,Main Score,33.33333333333333
639,adventuregame,qwen3.5-9b,home_deliver_three_basic_hard_invlimittwo,instance_00000,plan_followed_ratio,0.0
640,adventuregame,qwen3.5-9b,home_deliver_three_basic_hard_invlimittwo,instance_00000,plan_average_viability_ratio,0.0
641,adventuregame,qwen3.5-9b,home_deliver_three_basic_hard_invlimittwo,instance_00000,bad_plan_follow_ratio,0.0
642,adventuregame,qwen3.5-9b,home_deliver_three_basic_hard_invlimittwo,instance_00000,bad_plan_dismiss_ratio,1.0
643,textmapworld_specificroom,qwen3.5-9b,on,instance_00000,Success,1.0
644,textmapworld_specificroom,qwen3.5-9b,on,instance_00000,Aborted,0.0
645,textmapworld_specificroom,qwen3.5-9b,on,instance_00000,Lose,0.0
646,textmapworld_specificroom,qwen3.5-9b,on,instance_00000,moves,0.0
647,textmapworld_specificroom,qwen3.5-9b,on,instance_00000,valid_moves,0.0
648,textmapworld_specificroom,qwen3.5-9b,on,instance_00000,invalid_moves,0.0
649,textmapworld_specificroom,qwen3.5-9b,on,instance_00000,stopped,1.0
650,textmapworld_specificroom,qwen3.5-9b,on,instance_00000,turns_limit,0.0
651,textmapworld_specificroom,qwen3.5-9b,on,instance_00000,loops,0.0
652,textmapworld_specificroom,qwen3.5-9b,on,instance_00000,number_visited,1.0
653,textmapworld_specificroom,qwen3.5-9b,on,instance_00000,seen,3.0
654,textmapworld_specificroom,qwen3.5-9b,on,instance_00000,efficiency,0.0
655,textmapworld_specificroom,qwen3.5-9b,on,instance_00000,exploration,12.5
656,textmapworld_specificroom,qwen3.5-9b,on,instance_00000,old_benchscore,0.0
657,textmapworld_specificroom,qwen3.5-9b,on,instance_00000,Main Score,100.0
658,textmapworld_specificroom,qwen3.5-9b,far,instance_00027,Aborted,1.0
659,textmapworld_specificroom,qwen3.5-9b,far,instance_00027,Success,0.0
660,textmapworld_specificroom,qwen3.5-9b,far,instance_00027,Lose,0.0
661,textmapworld_specificroom,qwen3.5-9b,far,instance_00027,moves,
662,textmapworld_specificroom,qwen3.5-9b,far,instance_00027,valid_moves,
663,textmapworld_specificroom,qwen3.5-9b,far,instance_00027,invalid_moves,
664,textmapworld_specificroom,qwen3.5-9b,far,instance_00027,stopped,
665,textmapworld_specificroom,qwen3.5-9b,far,instance_00027,turns_limit,
666,textmapworld_specificroom,qwen3.5-9b,far,instance_00027,loops,
667,textmapworld_specificroom,qwen3.5-9b,far,instance_00027,number_visited,
668,textmapworld_specificroom,qwen3.5-9b,far,instance_00027,seen,
669,textmapworld_specificroom,qwen3.5-9b,far,instance_00027,efficiency,
670,textmapworld_specificroom,qwen3.5-9b,far,instance_00027,exploration,
671,textmapworld_specificroom,qwen3.5-9b,far,instance_00027,old_benchscore,
672,textmapworld_specificroom,qwen3.5-9b,far,instance_00027,Main Score,
673,textmapworld_specificroom,qwen3.5-9b,close,instance_00017,Aborted,1.0
674,textmapworld_specificroom,qwen3.5-9b,close,instance_00017,Success,0.0
675,textmapworld_specificroom,qwen3.5-9b,close,instance_00017,Lose,0.0
676,textmapworld_specificroom,qwen3.5-9b,close,instance_00017,moves,
677,textmapworld_specificroom,qwen3.5-9b,close,instance_00017,valid_moves,
678,textmapworld_specificroom,qwen3.5-9b,close,instance_00017,invalid_moves,
679,textmapworld_specificroom,qwen3.5-9b,close,instance_00017,stopped,
680,textmapworld_specificroom,qwen3.5-9b,close,instance_00017,turns_limit,
681,textmapworld_specificroom,qwen3.5-9b,close,instance_00017,loops,
682,textmapworld_specificroom,qwen3.5-9b,close,instance_00017,number_visited,
683,textmapworld_specificroom,qwen3.5-9b,close,instance_00017,seen,
684,textmapworld_specificroom,qwen3.5-9b,close,instance_00017,efficiency,
685,textmapworld_specificroom,qwen3.5-9b,close,instance_00017,exploration,
686,textmapworld_specificroom,qwen3.5-9b,close,instance_00017,old_benchscore,
687,textmapworld_specificroom,qwen3.5-9b,close,instance_00017,Main Score,
688,imagegame,qwen3.5-9b,random_grids,instance_00014,Precision,
689,imagegame,qwen3.5-9b,random_grids,instance_00014,Recall,
690,imagegame,qwen3.5-9b,random_grids,instance_00014,F1,
691,imagegame,qwen3.5-9b,random_grids,instance_00014,Main Score,
692,imagegame,qwen3.5-9b,random_grids,instance_00014,Average Changed Cell Count,
693,imagegame,qwen3.5-9b,random_grids,instance_00014,Average Generated Instruction Length,
694,imagegame,qwen3.5-9b,random_grids,instance_00014,Average Generated Expression Number of Tokens,
695,imagegame,qwen3.5-9b,random_grids,instance_00014,Success,0.0
696,imagegame,qwen3.5-9b,random_grids,instance_00014,Lose,0.0
697,imagegame,qwen3.5-9b,random_grids,instance_00014,Aborted,1.0
698,imagegame,qwen3.5-9b,random_grids,instance_00014,Request Count,12.0
699,imagegame,qwen3.5-9b,random_grids,instance_00014,Violated Request Count,1.0
700,imagegame,qwen3.5-9b,random_grids,instance_00014,Parsed Request Count,11.0
701,imagegame,qwen3.5-9b,random_grids,instance_00014,Request Success Ratio,0.9167
702,imagegame,qwen3.5-9b,random_grids,instance_00016,Precision,88.0
703,imagegame,qwen3.5-9b,random_grids,instance_00016,Recall,88.0
704,imagegame,qwen3.5-9b,random_grids,instance_00016,F1,88.0
705,imagegame,qwen3.5-9b,random_grids,instance_00016,Main Score,88.0
706,imagegame,qwen3.5-9b,random_grids,instance_00016,Average Changed Cell Count,1.0
707,imagegame,qwen3.5-9b,random_grids,instance_00016,Average Generated Instruction Length,42.875
708,imagegame,qwen3.5-9b,random_grids,instance_00016,Average Generated Expression Number of Tokens,9.0
709,imagegame,qwen3.5-9b,random_grids,instance_00016,Success,0.0
710,imagegame,qwen3.5-9b,random_grids,instance_00016,Lose,1.0
711,imagegame,qwen3.5-9b,random_grids,instance_00016,Aborted,0.0
712,imagegame,qwen3.5-9b,random_grids,instance_00016,Request Count,50.0
713,imagegame,qwen3.5-9b,random_grids,instance_00016,Violated Request Count,0.0
714,imagegame,qwen3.5-9b,random_grids,instance_00016,Parsed Request Count,50.0
715,imagegame,qwen3.5-9b,random_grids,instance_00016,Request Success Ratio,1.0
716,imagegame,qwen3.5-9b,compact_grids,instance_00019,Precision,100.0
717,imagegame,qwen3.5-9b,compact_grids,instance_00019,Recall,100.0
718,imagegame,qwen3.5-9b,compact_grids,instance_00019,F1,100.0
719,imagegame,qwen3.5-9b,compact_grids,instance_00019,Main Score,100.0
720,imagegame,qwen3.5-9b,compact_grids,instance_00019,Average Changed Cell Count,1.0
721,imagegame,qwen3.5-9b,compact_grids,instance_00019,Average Generated Instruction Length,43.6
722,imagegame,qwen3.5-9b,compact_grids,instance_00019,Average Generated Expression Number of Tokens,9.0
723,imagegame,qwen3.5-9b,compact_grids,instance_00019,Success,1.0
724,imagegame,qwen3.5-9b,compact_grids,instance_00019,Lose,0.0
725,imagegame,qwen3.5-9b,compact_grids,instance_00019,Aborted,0.0
726,imagegame,qwen3.5-9b,compact_grids,instance_00019,Request Count,92.0
727,imagegame,qwen3.5-9b,compact_grids,instance_00019,Violated Request Count,0.0
728,imagegame,qwen3.5-9b,compact_grids,instance_00019,Parsed Request Count,92.0
729,imagegame,qwen3.5-9b,compact_grids,instance_00019,Request Success Ratio,1.0
730,imagegame,qwen3.5-9b,compact_grids,instance_00002,Precision,
731,imagegame,qwen3.5-9b,compact_grids,instance_00002,Recall,
732,imagegame,qwen3.5-9b,compact_grids,instance_00002,F1,
733,imagegame,qwen3.5-9b,compact_grids,instance_00002,Main Score,
734,imagegame,qwen3.5-9b,compact_grids,instance_00002,Average Changed Cell Count,
735,imagegame,qwen3.5-9b,compact_grids,instance_00002,Average Generated Instruction Length,
736,imagegame,qwen3.5-9b,compact_grids,instance_00002,Average Generated Expression Number of Tokens,
737,imagegame,qwen3.5-9b,compact_grids,instance_00002,Success,0.0
738,imagegame,qwen3.5-9b,compact_grids,instance_00002,Lose,0.0
739,imagegame,qwen3.5-9b,compact_grids,instance_00002,Aborted,1.0
740,imagegame,qwen3.5-9b,compact_grids,instance_00002,Request Count,12.0
741,imagegame,qwen3.5-9b,compact_grids,instance_00002,Violated Request Count,1.0
742,imagegame,qwen3.5-9b,compact_grids,instance_00002,Parsed Request Count,11.0
743,imagegame,qwen3.5-9b,compact_grids,instance_00002,Request Success Ratio,0.9167
744,textmapworld_graphreasoning,qwen3.5-9b,small,instance_00009,Success,0.0
745,textmapworld_graphreasoning,qwen3.5-9b,small,instance_00009,Aborted,0.0
746,textmapworld_graphreasoning,qwen3.5-9b,small,instance_00009,Lose,1.0
747,textmapworld_graphreasoning,qwen3.5-9b,small,instance_00009,moves,2.0
748,textmapworld_graphreasoning,qwen3.5-9b,small,instance_00009,valid_moves,2.0
749,textmapworld_graphreasoning,qwen3.5-9b,small,instance_00009,invalid_moves,0.0
750,textmapworld_graphreasoning,qwen3.5-9b,small,instance_00009,stopped,1.0
751,textmapworld_graphreasoning,qwen3.5-9b,small,instance_00009,turns_limit,0.0
752,textmapworld_graphreasoning,qwen3.5-9b,small,instance_00009,loops,0.0
753,textmapworld_graphreasoning,qwen3.5-9b,small,instance_00009,number_visited,2.0
754,textmapworld_graphreasoning,qwen3.5-9b,small,instance_00009,seen,4.0
755,textmapworld_graphreasoning,qwen3.5-9b,small,instance_00009,efficiency,0.0
756,textmapworld_graphreasoning,qwen3.5-9b,small,instance_00009,exploration,50.0
757,textmapworld_graphreasoning,qwen3.5-9b,small,instance_00009,graph_similarity,15.17163600424869
758,textmapworld_graphreasoning,qwen3.5-9b,small,instance_00009,Main Score,0.0
759,textmapworld_graphreasoning,qwen3.5-9b,large,instance_00028,Success,0.0
760,textmapworld_graphreasoning,qwen3.5-9b,large,instance_00028,Aborted,0.0
761,textmapworld_graphreasoning,qwen3.5-9b,large,instance_00028,Lose,1.0
762,textmapworld_graphreasoning,qwen3.5-9b,large,instance_00028,moves,4.0
763,textmapworld_graphreasoning,qwen3.5-9b,large,instance_00028,valid_moves,4.0
764,textmapworld_graphreasoning,qwen3.5-9b,large,instance_00028,invalid_moves,0.0
765,textmapworld_graphreasoning,qwen3.5-9b,large,instance_00028,stopped,1.0
766,textmapworld_graphreasoning,qwen3.5-9b,large,instance_00028,turns_limit,0.0
767,textmapworld_graphreasoning,qwen3.5-9b,large,instance_00028,loops,0.0
768,textmapworld_graphreasoning,qwen3.5-9b,large,instance_00028,number_visited,3.0
769,textmapworld_graphreasoning,qwen3.5-9b,large,instance_00028,seen,5.0
770,textmapworld_graphreasoning,qwen3.5-9b,large,instance_00028,efficiency,50.0
771,textmapworld_graphreasoning,qwen3.5-9b,large,instance_00028,exploration,37.5
772,textmapworld_graphreasoning,qwen3.5-9b,large,instance_00028,graph_similarity,1.3385701848569465
773,textmapworld_graphreasoning,qwen3.5-9b,large,instance_00028,Main Score,42.857142857142854
774,textmapworld_graphreasoning,qwen3.5-9b,medium,instance_00010,Success,0.0
775,textmapworld_graphreasoning,qwen3.5-9b,medium,instance_00010,Aborted,0.0
776,textmapworld_graphreasoning,qwen3.5-9b,medium,instance_00010,Lose,1.0
777,textmapworld_graphreasoning,qwen3.5-9b,medium,instance_00010,moves,7.0
778,textmapworld_graphreasoning,qwen3.5-9b,medium,instance_00010,valid_moves,7.0
779,textmapworld_graphreasoning,qwen3.5-9b,medium,instance_00010,invalid_moves,0.0
780,textmapworld_graphreasoning,qwen3.5-9b,medium,instance_00010,stopped,1.0
781,textmapworld_graphreasoning,qwen3.5-9b,medium,instance_00010,turns_limit,0.0
782,textmapworld_graphreasoning,qwen3.5-9b,medium,instance_00010,loops,1.0
783,textmapworld_graphreasoning,qwen3.5-9b,medium,instance_00010,number_visited,4.0
784,textmapworld_graphreasoning,qwen3.5-9b,medium,instance_00010,seen,5.0
785,textmapworld_graphreasoning,qwen3.5-9b,medium,instance_00010,efficiency,71.42857142857143
786,textmapworld_graphreasoning,qwen3.5-9b,medium,instance_00010,exploration,66.66666666666666
787,textmapworld_graphreasoning,qwen3.5-9b,medium,instance_00010,graph_similarity,5.862446150271272
788,textmapworld_graphreasoning,qwen3.5-9b,medium,instance_00010,Main Score,68.96551724137932
789,codenames,qwen3.5-9b,association_difficult,instance_00000,experiment variable,Word Assignments
790,codenames,qwen3.5-9b,association_difficult,instance_00000,experiment name,association_difficult
791,codenames,qwen3.5-9b,association_difficult,instance_00000,Cluegiver strip words,0
792,codenames,qwen3.5-9b,association_difficult,instance_00000,Guesser strip words,0
793,codenames,qwen3.5-9b,association_difficult,instance_00000,Average Cluegiver Number of Targets,0
794,codenames,qwen3.5-9b,association_difficult,instance_00000,Average Cluegiver Team Precision,0
795,codenames,qwen3.5-9b,association_difficult,instance_00000,Average Cluegiver Team Recall,0.0
796,codenames,qwen3.5-9b,association_difficult,instance_00000,Average Cluegiver Team F1,0
797,codenames,qwen3.5-9b,association_difficult,instance_00000,Average Guesser Number of Guesses,0
798,codenames,qwen3.5-9b,association_difficult,instance_00000,Average Guesser Number of Revealed Words,0
799,codenames,qwen3.5-9b,association_difficult,instance_00000,Average Guesser Number of Unrevealed Guesses,0
800,codenames,qwen3.5-9b,association_difficult,instance_00000,Average Guesser Target Precision,0
801,codenames,qwen3.5-9b,association_difficult,instance_00000,Average Guesser Target Recall,0
802,codenames,qwen3.5-9b,association_difficult,instance_00000,Average Guesser Target F1,0
803,codenames,qwen3.5-9b,association_difficult,instance_00000,Average Guesser Team Precision,0
804,codenames,qwen3.5-9b,association_difficult,instance_00000,Average Guesser Team Recall,0.0
805,codenames,qwen3.5-9b,association_difficult,instance_00000,Average Guesser Team F1,0
806,codenames,qwen3.5-9b,association_difficult,instance_00000,Aborted,1
807,codenames,qwen3.5-9b,association_difficult,instance_00000,Lose,0
808,codenames,qwen3.5-9b,association_difficult,instance_00000,Success,0
809,codenames,qwen3.5-9b,association_difficult,instance_00000,Game ended through assassin,0
810,codenames,qwen3.5-9b,association_difficult,instance_00000,Episode Recall,0.0
811,codenames,qwen3.5-9b,association_difficult,instance_00000,Episode Negative Recall,1.0
812,codenames,qwen3.5-9b,association_difficult,instance_00000,Number of turns,1
813,codenames,qwen3.5-9b,association_difficult,instance_00000,Efficiency,0.0
814,codenames,qwen3.5-9b,association_difficult,instance_00000,Request Count,1
815,codenames,qwen3.5-9b,association_difficult,instance_00000,Parsed Request Count,0
816,codenames,qwen3.5-9b,association_difficult,instance_00000,Violated Request Count,1
817,codenames,qwen3.5-9b,association_difficult,instance_00000,Request Success Ratio,0.0
818,codenames,qwen3.5-9b,association_difficult,instance_00000,Main Score,
819,codenames,qwen3.5-9b,risk_low,instance_00008,experiment variable,Risk
820,codenames,qwen3.5-9b,risk_low,instance_00008,experiment name,risk_low
821,codenames,qwen3.5-9b,risk_low,instance_00008,Cluegiver strip words,0
822,codenames,qwen3.5-9b,risk_low,instance_00008,Guesser strip words,0
823,codenames,qwen3.5-9b,risk_low,instance_00008,Average Cluegiver Number of Targets,0
824,codenames,qwen3.5-9b,risk_low,instance_00008,Average Cluegiver Team Precision,0
825,codenames,qwen3.5-9b,risk_low,instance_00008,Average Cluegiver Team Recall,0.0
826,codenames,qwen3.5-9b,risk_low,instance_00008,Average Cluegiver Team F1,0
827,codenames,qwen3.5-9b,risk_low,instance_00008,Average Guesser Number of Guesses,0
828,codenames,qwen3.5-9b,risk_low,instance_00008,Average Guesser Number of Revealed Words,0
829,codenames,qwen3.5-9b,risk_low,instance_00008,Average Guesser Number of Unrevealed Guesses,0
830,codenames,qwen3.5-9b,risk_low,instance_00008,Average Guesser Target Precision,0
831,codenames,qwen3.5-9b,risk_low,instance_00008,Average Guesser Target Recall,0
832,codenames,qwen3.5-9b,risk_low,instance_00008,Average Guesser Target F1,0
833,codenames,qwen3.5-9b,risk_low,instance_00008,Average Guesser Team Precision,0
834,codenames,qwen3.5-9b,risk_low,instance_00008,Average Guesser Team Recall,0.0
835,codenames,qwen3.5-9b,risk_low,instance_00008,Average Guesser Team F1,0
836,codenames,qwen3.5-9b,risk_low,instance_00008,Aborted,1
837,codenames,qwen3.5-9b,risk_low,instance_00008,Lose,0
838,codenames,qwen3.5-9b,risk_low,instance_00008,Success,0
839,codenames,qwen3.5-9b,risk_low,instance_00008,Game ended through assassin,0
840,codenames,qwen3.5-9b,risk_low,instance_00008,Episode Recall,0.0
841,codenames,qwen3.5-9b,risk_low,instance_00008,Episode Negative Recall,1.0
842,codenames,qwen3.5-9b,risk_low,instance_00008,Number of turns,1
843,codenames,qwen3.5-9b,risk_low,instance_00008,Efficiency,0.0
844,codenames,qwen3.5-9b,risk_low,instance_00008,Request Count,1
845,codenames,qwen3.5-9b,risk_low,instance_00008,Parsed Request Count,0
846,codenames,qwen3.5-9b,risk_low,instance_00008,Violated Request Count,1
847,codenames,qwen3.5-9b,risk_low,instance_00008,Request Success Ratio,0.0
848,codenames,qwen3.5-9b,risk_low,instance_00008,Main Score,
849,codenames,qwen3.5-9b,ambiguous,instance_00001,experiment variable,Word Ambiguity
850,codenames,qwen3.5-9b,ambiguous,instance_00001,experiment name,ambiguous
851,codenames,qwen3.5-9b,ambiguous,instance_00001,Cluegiver strip words,0
852,codenames,qwen3.5-9b,ambiguous,instance_00001,Guesser strip words,0
853,codenames,qwen3.5-9b,ambiguous,instance_00001,Average Cluegiver Number of Targets,0
854,codenames,qwen3.5-9b,ambiguous,instance_00001,Average Cluegiver Team Precision,0
855,codenames,qwen3.5-9b,ambiguous,instance_00001,Average Cluegiver Team Recall,0.0
856,codenames,qwen3.5-9b,ambiguous,instance_00001,Average Cluegiver Team F1,0
857,codenames,qwen3.5-9b,ambiguous,instance_00001,Average Guesser Number of Guesses,0
858,codenames,qwen3.5-9b,ambiguous,instance_00001,Average Guesser Number of Revealed Words,0
859,codenames,qwen3.5-9b,ambiguous,instance_00001,Average Guesser Number of Unrevealed Guesses,0
860,codenames,qwen3.5-9b,ambiguous,instance_00001,Average Guesser Target Precision,0
861,codenames,qwen3.5-9b,ambiguous,instance_00001,Average Guesser Target Recall,0
862,codenames,qwen3.5-9b,ambiguous,instance_00001,Average Guesser Target F1,0
863,codenames,qwen3.5-9b,ambiguous,instance_00001,Average Guesser Team Precision,0
864,codenames,qwen3.5-9b,ambiguous,instance_00001,Average Guesser Team Recall,0.0
865,codenames,qwen3.5-9b,ambiguous,instance_00001,Average Guesser Team F1,0
866,codenames,qwen3.5-9b,ambiguous,instance_00001,Aborted,1
867,codenames,qwen3.5-9b,ambiguous,instance_00001,Lose,0
868,codenames,qwen3.5-9b,ambiguous,instance_00001,Success,0
869,codenames,qwen3.5-9b,ambiguous,instance_00001,Game ended through assassin,0
870,codenames,qwen3.5-9b,ambiguous,instance_00001,Episode Recall,0.0
871,codenames,qwen3.5-9b,ambiguous,instance_00001,Episode Negative Recall,1.0
872,codenames,qwen3.5-9b,ambiguous,instance_00001,Number of turns,1
873,codenames,qwen3.5-9b,ambiguous,instance_00001,Efficiency,0.0
874,codenames,qwen3.5-9b,ambiguous,instance_00001,Request Count,1
875,codenames,qwen3.5-9b,ambiguous,instance_00001,Parsed Request Count,0
876,codenames,qwen3.5-9b,ambiguous,instance_00001,Violated Request Count,1
877,codenames,qwen3.5-9b,ambiguous,instance_00001,Request Success Ratio,0.0
878,codenames,qwen3.5-9b,ambiguous,instance_00001,Main Score,
879,codenames,qwen3.5-9b,opponent_difficult,instance_00007,experiment variable,Opponent Difficulty
880,codenames,qwen3.5-9b,opponent_difficult,instance_00007,experiment name,opponent_difficult
881,codenames,qwen3.5-9b,opponent_difficult,instance_00007,Cluegiver strip words,0
882,codenames,qwen3.5-9b,opponent_difficult,instance_00007,Guesser strip words,0
883,codenames,qwen3.5-9b,opponent_difficult,instance_00007,Average Cluegiver Number of Targets,0
884,codenames,qwen3.5-9b,opponent_difficult,instance_00007,Average Cluegiver Team Precision,0
885,codenames,qwen3.5-9b,opponent_difficult,instance_00007,Average Cluegiver Team Recall,0.0
886,codenames,qwen3.5-9b,opponent_difficult,instance_00007,Average Cluegiver Team F1,0
887,codenames,qwen3.5-9b,opponent_difficult,instance_00007,Average Guesser Number of Guesses,0
888,codenames,qwen3.5-9b,opponent_difficult,instance_00007,Average Guesser Number of Revealed Words,0
889,codenames,qwen3.5-9b,opponent_difficult,instance_00007,Average Guesser Number of Unrevealed Guesses,0
890,codenames,qwen3.5-9b,opponent_difficult,instance_00007,Average Guesser Target Precision,0
891,codenames,qwen3.5-9b,opponent_difficult,instance_00007,Average Guesser Target Recall,0
892,codenames,qwen3.5-9b,opponent_difficult,instance_00007,Average Guesser Target F1,0
893,codenames,qwen3.5-9b,opponent_difficult,instance_00007,Average Guesser Team Precision,0
894,codenames,qwen3.5-9b,opponent_difficult,instance_00007,Average Guesser Team Recall,0.0
895,codenames,qwen3.5-9b,opponent_difficult,instance_00007,Average Guesser Team F1,0
896,codenames,qwen3.5-9b,opponent_difficult,instance_00007,Aborted,1
897,codenames,qwen3.5-9b,opponent_difficult,instance_00007,Lose,0
898,codenames,qwen3.5-9b,opponent_difficult,instance_00007,Success,0
899,codenames,qwen3.5-9b,opponent_difficult,instance_00007,Game ended through assassin,0
900,codenames,qwen3.5-9b,opponent_difficult,instance_00007,Episode Recall,0.0
901,codenames,qwen3.5-9b,opponent_difficult,instance_00007,Episode Negative Recall,1.0
902,codenames,qwen3.5-9b,opponent_difficult,instance_00007,Number of turns,1
903,codenames,qwen3.5-9b,opponent_difficult,instance_00007,Efficiency,0.0
904,codenames,qwen3.5-9b,opponent_difficult,instance_00007,Request Count,1
905,codenames,qwen3.5-9b,opponent_difficult,instance_00007,Parsed Request Count,0
906,codenames,qwen3.5-9b,opponent_difficult,instance_00007,Violated Request Count,1
907,codenames,qwen3.5-9b,opponent_difficult,instance_00007,Request Success Ratio,0.0
908,codenames,qwen3.5-9b,opponent_difficult,instance_00007,Main Score,
909,codenames,qwen3.5-9b,risk_high,instance_00009,experiment variable,Risk
910,codenames,qwen3.5-9b,risk_high,instance_00009,experiment name,risk_high
911,codenames,qwen3.5-9b,risk_high,instance_00009,Cluegiver strip words,0
912,codenames,qwen3.5-9b,risk_high,instance_00009,Guesser strip words,0
913,codenames,qwen3.5-9b,risk_high,instance_00009,Average Cluegiver Number of Targets,0
914,codenames,qwen3.5-9b,risk_high,instance_00009,Average Cluegiver Team Precision,0
915,codenames,qwen3.5-9b,risk_high,instance_00009,Average Cluegiver Team Recall,0.0
916,codenames,qwen3.5-9b,risk_high,instance_00009,Average Cluegiver Team F1,0
917,codenames,qwen3.5-9b,risk_high,instance_00009,Average Guesser Number of Guesses,0
918,codenames,qwen3.5-9b,risk_high,instance_00009,Average Guesser Number of Revealed Words,0
919,codenames,qwen3.5-9b,risk_high,instance_00009,Average Guesser Number of Unrevealed Guesses,0
920,codenames,qwen3.5-9b,risk_high,instance_00009,Average Guesser Target Precision,0
921,codenames,qwen3.5-9b,risk_high,instance_00009,Average Guesser Target Recall,0
922,codenames,qwen3.5-9b,risk_high,instance_00009,Average Guesser Target F1,0
923,codenames,qwen3.5-9b,risk_high,instance_00009,Average Guesser Team Precision,0
924,codenames,qwen3.5-9b,risk_high,instance_00009,Average Guesser Team Recall,0.0
925,codenames,qwen3.5-9b,risk_high,instance_00009,Average Guesser Team F1,0
926,codenames,qwen3.5-9b,risk_high,instance_00009,Aborted,1
927,codenames,qwen3.5-9b,risk_high,instance_00009,Lose,0
928,codenames,qwen3.5-9b,risk_high,instance_00009,Success,0
929,codenames,qwen3.5-9b,risk_high,instance_00009,Game ended through assassin,0
930,codenames,qwen3.5-9b,risk_high,instance_00009,Episode Recall,0.0
931,codenames,qwen3.5-9b,risk_high,instance_00009,Episode Negative Recall,1.0
932,codenames,qwen3.5-9b,risk_high,instance_00009,Number of turns,1
933,codenames,qwen3.5-9b,risk_high,instance_00009,Efficiency,0.0
934,codenames,qwen3.5-9b,risk_high,instance_00009,Request Count,1
935,codenames,qwen3.5-9b,risk_high,instance_00009,Parsed Request Count,0
936,codenames,qwen3.5-9b,risk_high,instance_00009,Violated Request Count,1
937,codenames,qwen3.5-9b,risk_high,instance_00009,Request Success Ratio,0.0
938,codenames,qwen3.5-9b,risk_high,instance_00009,Main Score,
939,codenames,qwen3.5-9b,abstract,instance_00007,experiment variable,Word Concreteness
940,codenames,qwen3.5-9b,abstract,instance_00007,experiment name,abstract
941,codenames,qwen3.5-9b,abstract,instance_00007,Cluegiver strip words,0
942,codenames,qwen3.5-9b,abstract,instance_00007,Guesser strip words,0
943,codenames,qwen3.5-9b,abstract,instance_00007,Average Cluegiver Number of Targets,0
944,codenames,qwen3.5-9b,abstract,instance_00007,Average Cluegiver Team Precision,0
945,codenames,qwen3.5-9b,abstract,instance_00007,Average Cluegiver Team Recall,0.0
946,codenames,qwen3.5-9b,abstract,instance_00007,Average Cluegiver Team F1,0
947,codenames,qwen3.5-9b,abstract,instance_00007,Average Guesser Number of Guesses,0
948,codenames,qwen3.5-9b,abstract,instance_00007,Average Guesser Number of Revealed Words,0
949,codenames,qwen3.5-9b,abstract,instance_00007,Average Guesser Number of Unrevealed Guesses,0
950,codenames,qwen3.5-9b,abstract,instance_00007,Average Guesser Target Precision,0
951,codenames,qwen3.5-9b,abstract,instance_00007,Average Guesser Target Recall,0
952,codenames,qwen3.5-9b,abstract,instance_00007,Average Guesser Target F1,0
953,codenames,qwen3.5-9b,abstract,instance_00007,Average Guesser Team Precision,0
954,codenames,qwen3.5-9b,abstract,instance_00007,Average Guesser Team Recall,0.0
955,codenames,qwen3.5-9b,abstract,instance_00007,Average Guesser Team F1,0
956,codenames,qwen3.5-9b,abstract,instance_00007,Aborted,1
957,codenames,qwen3.5-9b,abstract,instance_00007,Lose,0
958,codenames,qwen3.5-9b,abstract,instance_00007,Success,0
959,codenames,qwen3.5-9b,abstract,instance_00007,Game ended through assassin,0
960,codenames,qwen3.5-9b,abstract,instance_00007,Episode Recall,0.0
961,codenames,qwen3.5-9b,abstract,instance_00007,Episode Negative Recall,1.0
962,codenames,qwen3.5-9b,abstract,instance_00007,Number of turns,1
963,codenames,qwen3.5-9b,abstract,instance_00007,Efficiency,0.0
964,codenames,qwen3.5-9b,abstract,instance_00007,Request Count,1
965,codenames,qwen3.5-9b,abstract,instance_00007,Parsed Request Count,0
966,codenames,qwen3.5-9b,abstract,instance_00007,Violated Request Count,1
967,codenames,qwen3.5-9b,abstract,instance_00007,Request Success Ratio,0.0
968,codenames,qwen3.5-9b,abstract,instance_00007,Main Score,
969,codenames,qwen3.5-9b,association_easy,instance_00009,experiment variable,Word Assignments
970,codenames,qwen3.5-9b,association_easy,instance_00009,experiment name,association_easy
971,codenames,qwen3.5-9b,association_easy,instance_00009,Cluegiver strip words,0
972,codenames,qwen3.5-9b,association_easy,instance_00009,Guesser strip words,0
973,codenames,qwen3.5-9b,association_easy,instance_00009,Average Cluegiver Number of Targets,0
974,codenames,qwen3.5-9b,association_easy,instance_00009,Average Cluegiver Team Precision,0
975,codenames,qwen3.5-9b,association_easy,instance_00009,Average Cluegiver Team Recall,0.0
976,codenames,qwen3.5-9b,association_easy,instance_00009,Average Cluegiver Team F1,0
977,codenames,qwen3.5-9b,association_easy,instance_00009,Average Guesser Number of Guesses,0
978,codenames,qwen3.5-9b,association_easy,instance_00009,Average Guesser Number of Revealed Words,0
979,codenames,qwen3.5-9b,association_easy,instance_00009,Average Guesser Number of Unrevealed Guesses,0
980,codenames,qwen3.5-9b,association_easy,instance_00009,Average Guesser Target Precision,0
981,codenames,qwen3.5-9b,association_easy,instance_00009,Average Guesser Target Recall,0
982,codenames,qwen3.5-9b,association_easy,instance_00009,Average Guesser Target F1,0
983,codenames,qwen3.5-9b,association_easy,instance_00009,Average Guesser Team Precision,0
984,codenames,qwen3.5-9b,association_easy,instance_00009,Average Guesser Team Recall,0.0
985,codenames,qwen3.5-9b,association_easy,instance_00009,Average Guesser Team F1,0
986,codenames,qwen3.5-9b,association_easy,instance_00009,Aborted,1
987,codenames,qwen3.5-9b,association_easy,instance_00009,Lose,0
988,codenames,qwen3.5-9b,association_easy,instance_00009,Success,0
989,codenames,qwen3.5-9b,association_easy,instance_00009,Game ended through assassin,0
990,codenames,qwen3.5-9b,association_easy,instance_00009,Episode Recall,0.0
991,codenames,qwen3.5-9b,association_easy,instance_00009,Episode Negative Recall,1.0
992,codenames,qwen3.5-9b,association_easy,instance_00009,Number of turns,1
993,codenames,qwen3.5-9b,association_easy,instance_00009,Efficiency,0.0
994,codenames,qwen3.5-9b,association_easy,instance_00009,Request Count,1
995,codenames,qwen3.5-9b,association_easy,instance_00009,Parsed Request Count,0
996,codenames,qwen3.5-9b,association_easy,instance_00009,Violated Request Count,1
997,codenames,qwen3.5-9b,association_easy,instance_00009,Request Success Ratio,0.0
998,codenames,qwen3.5-9b,association_easy,instance_00009,Main Score,
999,codenames,qwen3.5-9b,opponent_easy,instance_00009,experiment variable,Opponent Difficulty
1000,codenames,qwen3.5-9b,opponent_easy,instance_00009,experiment name,opponent_easy
1001,codenames,qwen3.5-9b,opponent_easy,instance_00009,Cluegiver strip words,0
1002,codenames,qwen3.5-9b,opponent_easy,instance_00009,Guesser strip words,0
1003,codenames,qwen3.5-9b,opponent_easy,instance_00009,Average Cluegiver Number of Targets,0
1004,codenames,qwen3.5-9b,opponent_easy,instance_00009,Average Cluegiver Team Precision,0
1005,codenames,qwen3.5-9b,opponent_easy,instance_00009,Average Cluegiver Team Recall,0.0
1006,codenames,qwen3.5-9b,opponent_easy,instance_00009,Average Cluegiver Team F1,0
1007,codenames,qwen3.5-9b,opponent_easy,instance_00009,Average Guesser Number of Guesses,0
1008,codenames,qwen3.5-9b,opponent_easy,instance_00009,Average Guesser Number of Revealed Words,0
1009,codenames,qwen3.5-9b,opponent_easy,instance_00009,Average Guesser Number of Unrevealed Guesses,0
1010,codenames,qwen3.5-9b,opponent_easy,instance_00009,Average Guesser Target Precision,0
1011,codenames,qwen3.5-9b,opponent_easy,instance_00009,Average Guesser Target Recall,0
1012,codenames,qwen3.5-9b,opponent_easy,instance_00009,Average Guesser Target F1,0
1013,codenames,qwen3.5-9b,opponent_easy,instance_00009,Average Guesser Team Precision,0
1014,codenames,qwen3.5-9b,opponent_easy,instance_00009,Average Guesser Team Recall,0.0
1015,codenames,qwen3.5-9b,opponent_easy,instance_00009,Average Guesser Team F1,0
1016,codenames,qwen3.5-9b,opponent_easy,instance_00009,Aborted,1
1017,codenames,qwen3.5-9b,opponent_easy,instance_00009,Lose,0
1018,codenames,qwen3.5-9b,opponent_easy,instance_00009,Success,0
1019,codenames,qwen3.5-9b,opponent_easy,instance_00009,Game ended through assassin,0
1020,codenames,qwen3.5-9b,opponent_easy,instance_00009,Episode Recall,0.0
1021,codenames,qwen3.5-9b,opponent_easy,instance_00009,Episode Negative Recall,1.0
1022,codenames,qwen3.5-9b,opponent_easy,instance_00009,Number of turns,1
1023,codenames,qwen3.5-9b,opponent_easy,instance_00009,Efficiency,0.0
1024,codenames,qwen3.5-9b,opponent_easy,instance_00009,Request Count,1
1025,codenames,qwen3.5-9b,opponent_easy,instance_00009,Parsed Request Count,0
1026,codenames,qwen3.5-9b,opponent_easy,instance_00009,Violated Request Count,1
1027,codenames,qwen3.5-9b,opponent_easy,instance_00009,Request Success Ratio,0.0
1028,codenames,qwen3.5-9b,opponent_easy,instance_00009,Main Score,
1029,codenames,qwen3.5-9b,concrete,instance_00004,experiment variable,Word Concreteness
1030,codenames,qwen3.5-9b,concrete,instance_00004,experiment name,concrete
1031,codenames,qwen3.5-9b,concrete,instance_00004,Cluegiver strip words,0
1032,codenames,qwen3.5-9b,concrete,instance_00004,Guesser strip words,0
1033,codenames,qwen3.5-9b,concrete,instance_00004,Average Cluegiver Number of Targets,0
1034,codenames,qwen3.5-9b,concrete,instance_00004,Average Cluegiver Team Precision,0
1035,codenames,qwen3.5-9b,concrete,instance_00004,Average Cluegiver Team Recall,0.0
1036,codenames,qwen3.5-9b,concrete,instance_00004,Average Cluegiver Team F1,0
1037,codenames,qwen3.5-9b,concrete,instance_00004,Average Guesser Number of Guesses,0
1038,codenames,qwen3.5-9b,concrete,instance_00004,Average Guesser Number of Revealed Words,0
1039,codenames,qwen3.5-9b,concrete,instance_00004,Average Guesser Number of Unrevealed Guesses,0
1040,codenames,qwen3.5-9b,concrete,instance_00004,Average Guesser Target Precision,0
1041,codenames,qwen3.5-9b,concrete,instance_00004,Average Guesser Target Recall,0
1042,codenames,qwen3.5-9b,concrete,instance_00004,Average Guesser Target F1,0
1043,codenames,qwen3.5-9b,concrete,instance_00004,Average Guesser Team Precision,0
1044,codenames,qwen3.5-9b,concrete,instance_00004,Average Guesser Team Recall,0.0
1045,codenames,qwen3.5-9b,concrete,instance_00004,Average Guesser Team F1,0
1046,codenames,qwen3.5-9b,concrete,instance_00004,Aborted,1
1047,codenames,qwen3.5-9b,concrete,instance_00004,Lose,0
1048,codenames,qwen3.5-9b,concrete,instance_00004,Success,0
1049,codenames,qwen3.5-9b,concrete,instance_00004,Game ended through assassin,0
1050,codenames,qwen3.5-9b,concrete,instance_00004,Episode Recall,0.0
1051,codenames,qwen3.5-9b,concrete,instance_00004,Episode Negative Recall,1.0
1052,codenames,qwen3.5-9b,concrete,instance_00004,Number of turns,1
1053,codenames,qwen3.5-9b,concrete,instance_00004,Efficiency,0.0
1054,codenames,qwen3.5-9b,concrete,instance_00004,Request Count,1
1055,codenames,qwen3.5-9b,concrete,instance_00004,Parsed Request Count,0
1056,codenames,qwen3.5-9b,concrete,instance_00004,Violated Request Count,1
1057,codenames,qwen3.5-9b,concrete,instance_00004,Request Success Ratio,0.0
1058,codenames,qwen3.5-9b,concrete,instance_00004,Main Score,
1059,codenames,qwen3.5-9b,unambiguous,instance_00002,experiment variable,Word Ambiguity
1060,codenames,qwen3.5-9b,unambiguous,instance_00002,experiment name,unambiguous
1061,codenames,qwen3.5-9b,unambiguous,instance_00002,Cluegiver strip words,0
1062,codenames,qwen3.5-9b,unambiguous,instance_00002,Guesser strip words,0
1063,codenames,qwen3.5-9b,unambiguous,instance_00002,Average Cluegiver Number of Targets,0
1064,codenames,qwen3.5-9b,unambiguous,instance_00002,Average Cluegiver Team Precision,0
1065,codenames,qwen3.5-9b,unambiguous,instance_00002,Average Cluegiver Team Recall,0.0
1066,codenames,qwen3.5-9b,unambiguous,instance_00002,Average Cluegiver Team F1,0
1067,codenames,qwen3.5-9b,unambiguous,instance_00002,Average Guesser Number of Guesses,0
1068,codenames,qwen3.5-9b,unambiguous,instance_00002,Average Guesser Number of Revealed Words,0
1069,codenames,qwen3.5-9b,unambiguous,instance_00002,Average Guesser Number of Unrevealed Guesses,0
1070,codenames,qwen3.5-9b,unambiguous,instance_00002,Average Guesser Target Precision,0
1071,codenames,qwen3.5-9b,unambiguous,instance_00002,Average Guesser Target Recall,0
1072,codenames,qwen3.5-9b,unambiguous,instance_00002,Average Guesser Target F1,0
1073,codenames,qwen3.5-9b,unambiguous,instance_00002,Average Guesser Team Precision,0
1074,codenames,qwen3.5-9b,unambiguous,instance_00002,Average Guesser Team Recall,0.0
1075,codenames,qwen3.5-9b,unambiguous,instance_00002,Average Guesser Team F1,0
1076,codenames,qwen3.5-9b,unambiguous,instance_00002,Aborted,1
1077,codenames,qwen3.5-9b,unambiguous,instance_00002,Lose,0
1078,codenames,qwen3.5-9b,unambiguous,instance_00002,Success,0
1079,codenames,qwen3.5-9b,unambiguous,instance_00002,Game ended through assassin,0
1080,codenames,qwen3.5-9b,unambiguous,instance_00002,Episode Recall,0.0
1081,codenames,qwen3.5-9b,unambiguous,instance_00002,Episode Negative Recall,1.0
1082,codenames,qwen3.5-9b,unambiguous,instance_00002,Number of turns,1
1083,codenames,qwen3.5-9b,unambiguous,instance_00002,Efficiency,0.0
1084,codenames,qwen3.5-9b,unambiguous,instance_00002,Request Count,1
1085,codenames,qwen3.5-9b,unambiguous,instance_00002,Parsed Request Count,0
1086,codenames,qwen3.5-9b,unambiguous,instance_00002,Violated Request Count,1
1087,codenames,qwen3.5-9b,unambiguous,instance_00002,Request Success Ratio,0.0
1088,codenames,qwen3.5-9b,unambiguous,instance_00002,Main Score,
1089,codenames,qwen3.5-9b,opponent_none,instance_00008,experiment variable,Opponent Difficulty
1090,codenames,qwen3.5-9b,opponent_none,instance_00008,experiment name,opponent_none
1091,codenames,qwen3.5-9b,opponent_none,instance_00008,Cluegiver strip words,0
1092,codenames,qwen3.5-9b,opponent_none,instance_00008,Guesser strip words,0
1093,codenames,qwen3.5-9b,opponent_none,instance_00008,Average Cluegiver Number of Targets,0
1094,codenames,qwen3.5-9b,opponent_none,instance_00008,Average Cluegiver Team Precision,0
1095,codenames,qwen3.5-9b,opponent_none,instance_00008,Average Cluegiver Team Recall,0.0
1096,codenames,qwen3.5-9b,opponent_none,instance_00008,Average Cluegiver Team F1,0
1097,codenames,qwen3.5-9b,opponent_none,instance_00008,Average Guesser Number of Guesses,0
1098,codenames,qwen3.5-9b,opponent_none,instance_00008,Average Guesser Number of Revealed Words,0
1099,codenames,qwen3.5-9b,opponent_none,instance_00008,Average Guesser Number of Unrevealed Guesses,0
1100,codenames,qwen3.5-9b,opponent_none,instance_00008,Average Guesser Target Precision,0
1101,codenames,qwen3.5-9b,opponent_none,instance_00008,Average Guesser Target Recall,0
1102,codenames,qwen3.5-9b,opponent_none,instance_00008,Average Guesser Target F1,0
1103,codenames,qwen3.5-9b,opponent_none,instance_00008,Average Guesser Team Precision,0
1104,codenames,qwen3.5-9b,opponent_none,instance_00008,Average Guesser Team Recall,0.0
1105,codenames,qwen3.5-9b,opponent_none,instance_00008,Average Guesser Team F1,0
1106,codenames,qwen3.5-9b,opponent_none,instance_00008,Aborted,1
1107,codenames,qwen3.5-9b,opponent_none,instance_00008,Lose,0
1108,codenames,qwen3.5-9b,opponent_none,instance_00008,Success,0
1109,codenames,qwen3.5-9b,opponent_none,instance_00008,Game ended through assassin,0
1110,codenames,qwen3.5-9b,opponent_none,instance_00008,Episode Recall,0.0
1111,codenames,qwen3.5-9b,opponent_none,instance_00008,Episode Negative Recall,1.0
1112,codenames,qwen3.5-9b,opponent_none,instance_00008,Number of turns,1
1113,codenames,qwen3.5-9b,opponent_none,instance_00008,Efficiency,0.0
1114,codenames,qwen3.5-9b,opponent_none,instance_00008,Request Count,1
1115,codenames,qwen3.5-9b,opponent_none,instance_00008,Parsed Request Count,0
1116,codenames,qwen3.5-9b,opponent_none,instance_00008,Violated Request Count,1
1117,codenames,qwen3.5-9b,opponent_none,instance_00008,Request Success Ratio,0.0
1118,codenames,qwen3.5-9b,opponent_none,instance_00008,Main Score,
1119,codenames,qwen3.5-9b,frequency_high,instance_00002,experiment variable,Word Frequency
1120,codenames,qwen3.5-9b,frequency_high,instance_00002,experiment name,frequency_high
1121,codenames,qwen3.5-9b,frequency_high,instance_00002,Cluegiver strip words,0
1122,codenames,qwen3.5-9b,frequency_high,instance_00002,Guesser strip words,0
1123,codenames,qwen3.5-9b,frequency_high,instance_00002,Average Cluegiver Number of Targets,0
1124,codenames,qwen3.5-9b,frequency_high,instance_00002,Average Cluegiver Team Precision,0
1125,codenames,qwen3.5-9b,frequency_high,instance_00002,Average Cluegiver Team Recall,0.0
1126,codenames,qwen3.5-9b,frequency_high,instance_00002,Average Cluegiver Team F1,0
1127,codenames,qwen3.5-9b,frequency_high,instance_00002,Average Guesser Number of Guesses,0
1128,codenames,qwen3.5-9b,frequency_high,instance_00002,Average Guesser Number of Revealed Words,0
1129,codenames,qwen3.5-9b,frequency_high,instance_00002,Average Guesser Number of Unrevealed Guesses,0
1130,codenames,qwen3.5-9b,frequency_high,instance_00002,Average Guesser Target Precision,0
1131,codenames,qwen3.5-9b,frequency_high,instance_00002,Average Guesser Target Recall,0
1132,codenames,qwen3.5-9b,frequency_high,instance_00002,Average Guesser Target F1,0
1133,codenames,qwen3.5-9b,frequency_high,instance_00002,Average Guesser Team Precision,0
1134,codenames,qwen3.5-9b,frequency_high,instance_00002,Average Guesser Team Recall,0.0
1135,codenames,qwen3.5-9b,frequency_high,instance_00002,Average Guesser Team F1,0
1136,codenames,qwen3.5-9b,frequency_high,instance_00002,Aborted,1
1137,codenames,qwen3.5-9b,frequency_high,instance_00002,Lose,0
1138,codenames,qwen3.5-9b,frequency_high,instance_00002,Success,0
1139,codenames,qwen3.5-9b,frequency_high,instance_00002,Game ended through assassin,0
1140,codenames,qwen3.5-9b,frequency_high,instance_00002,Episode Recall,0.0
1141,codenames,qwen3.5-9b,frequency_high,instance_00002,Episode Negative Recall,1.0
1142,codenames,qwen3.5-9b,frequency_high,instance_00002,Number of turns,1
1143,codenames,qwen3.5-9b,frequency_high,instance_00002,Efficiency,0.0
1144,codenames,qwen3.5-9b,frequency_high,instance_00002,Request Count,1
1145,codenames,qwen3.5-9b,frequency_high,instance_00002,Parsed Request Count,0
1146,codenames,qwen3.5-9b,frequency_high,instance_00002,Violated Request Count,1
1147,codenames,qwen3.5-9b,frequency_high,instance_00002,Request Success Ratio,0.0
1148,codenames,qwen3.5-9b,frequency_high,instance_00002,Main Score,
1149,codenames,qwen3.5-9b,frequency_low,instance_00004,experiment variable,Word Frequency
1150,codenames,qwen3.5-9b,frequency_low,instance_00004,experiment name,frequency_low
1151,codenames,qwen3.5-9b,frequency_low,instance_00004,Cluegiver strip words,0
1152,codenames,qwen3.5-9b,frequency_low,instance_00004,Guesser strip words,0
1153,codenames,qwen3.5-9b,frequency_low,instance_00004,Average Cluegiver Number of Targets,0
1154,codenames,qwen3.5-9b,frequency_low,instance_00004,Average Cluegiver Team Precision,0
1155,codenames,qwen3.5-9b,frequency_low,instance_00004,Average Cluegiver Team Recall,0.0
1156,codenames,qwen3.5-9b,frequency_low,instance_00004,Average Cluegiver Team F1,0
1157,codenames,qwen3.5-9b,frequency_low,instance_00004,Average Guesser Number of Guesses,0
1158,codenames,qwen3.5-9b,frequency_low,instance_00004,Average Guesser Number of Revealed Words,0
1159,codenames,qwen3.5-9b,frequency_low,instance_00004,Average Guesser Number of Unrevealed Guesses,0
1160,codenames,qwen3.5-9b,frequency_low,instance_00004,Average Guesser Target Precision,0
1161,codenames,qwen3.5-9b,frequency_low,instance_00004,Average Guesser Target Recall,0
1162,codenames,qwen3.5-9b,frequency_low,instance_00004,Average Guesser Target F1,0
1163,codenames,qwen3.5-9b,frequency_low,instance_00004,Average Guesser Team Precision,0
1164,codenames,qwen3.5-9b,frequency_low,instance_00004,Average Guesser Team Recall,0.0
1165,codenames,qwen3.5-9b,frequency_low,instance_00004,Average Guesser Team F1,0
1166,codenames,qwen3.5-9b,frequency_low,instance_00004,Aborted,1
1167,codenames,qwen3.5-9b,frequency_low,instance_00004,Lose,0
1168,codenames,qwen3.5-9b,frequency_low,instance_00004,Success,0
1169,codenames,qwen3.5-9b,frequency_low,instance_00004,Game ended through assassin,0
1170,codenames,qwen3.5-9b,frequency_low,instance_00004,Episode Recall,0.0
1171,codenames,qwen3.5-9b,frequency_low,instance_00004,Episode Negative Recall,1.0
1172,codenames,qwen3.5-9b,frequency_low,instance_00004,Number of turns,1
1173,codenames,qwen3.5-9b,frequency_low,instance_00004,Efficiency,0.0
1174,codenames,qwen3.5-9b,frequency_low,instance_00004,Request Count,1
1175,codenames,qwen3.5-9b,frequency_low,instance_00004,Parsed Request Count,0
1176,codenames,qwen3.5-9b,frequency_low,instance_00004,Violated Request Count,1
1177,codenames,qwen3.5-9b,frequency_low,instance_00004,Request Success Ratio,0.0
1178,codenames,qwen3.5-9b,frequency_low,instance_00004,Main Score,
1179,matchit_ascii,qwen3.5-9b,similar_grid_2,instance_00007,Violated Request Count,0
1180,matchit_ascii,qwen3.5-9b,similar_grid_2,instance_00007,Parsed Request Count,16
1181,matchit_ascii,qwen3.5-9b,similar_grid_2,instance_00007,Request Count,16
1182,matchit_ascii,qwen3.5-9b,similar_grid_2,instance_00007,Aborted,0
1183,matchit_ascii,qwen3.5-9b,similar_grid_2,instance_00007,Success,1
1184,matchit_ascii,qwen3.5-9b,similar_grid_2,instance_00007,Lose,0
1185,matchit_ascii,qwen3.5-9b,similar_grid_2,instance_00007,Main Score,100
1186,matchit_ascii,qwen3.5-9b,similar_grid_2,instance_00007,Player Score,100
1187,matchit_ascii,qwen3.5-9b,same_grid,instance_00002,Violated Request Count,0
1188,matchit_ascii,qwen3.5-9b,same_grid,instance_00002,Parsed Request Count,16
1189,matchit_ascii,qwen3.5-9b,same_grid,instance_00002,Request Count,16
1190,matchit_ascii,qwen3.5-9b,same_grid,instance_00002,Aborted,0
1191,matchit_ascii,qwen3.5-9b,same_grid,instance_00002,Success,1
1192,matchit_ascii,qwen3.5-9b,same_grid,instance_00002,Lose,0
1193,matchit_ascii,qwen3.5-9b,same_grid,instance_00002,Main Score,100
1194,matchit_ascii,qwen3.5-9b,same_grid,instance_00002,Player Score,100
1195,matchit_ascii,qwen3.5-9b,similar_grid_1,instance_00002,Violated Request Count,0
1196,matchit_ascii,qwen3.5-9b,similar_grid_1,instance_00002,Parsed Request Count,16
1197,matchit_ascii,qwen3.5-9b,similar_grid_1,instance_00002,Request Count,16
1198,matchit_ascii,qwen3.5-9b,similar_grid_1,instance_00002,Aborted,0
1199,matchit_ascii,qwen3.5-9b,similar_grid_1,instance_00002,Success,1
1200,matchit_ascii,qwen3.5-9b,similar_grid_1,instance_00002,Lose,0
1201,matchit_ascii,qwen3.5-9b,similar_grid_1,instance_00002,Main Score,100
1202,matchit_ascii,qwen3.5-9b,similar_grid_1,instance_00002,Player Score,100
1203,matchit_ascii,qwen3.5-9b,different_grid,instance_00002,Violated Request Count,0
1204,matchit_ascii,qwen3.5-9b,different_grid,instance_00002,Parsed Request Count,16
1205,matchit_ascii,qwen3.5-9b,different_grid,instance_00002,Request Count,16
1206,matchit_ascii,qwen3.5-9b,different_grid,instance_00002,Aborted,0
1207,matchit_ascii,qwen3.5-9b,different_grid,instance_00002,Success,1
1208,matchit_ascii,qwen3.5-9b,different_grid,instance_00002,Lose,0
1209,matchit_ascii,qwen3.5-9b,different_grid,instance_00002,Main Score,100
1210,matchit_ascii,qwen3.5-9b,different_grid,instance_00002,Player Score,100
1211,dond,qwen3.5-9b,coop_en,instance_00019,Played,1.0
1212,dond,qwen3.5-9b,coop_en,instance_00006,Played,1.0
1213,dond,qwen3.5-9b,semi_en,instance_00015,Played,0.0
1214,dond,qwen3.5-9b,semi_en,instance_00001,Played,0.0
1215,wordle,qwen3.5-9b,medium_frequency_words_no_clue_no_critic,instance_00014,Played,1.0
1216,wordle,qwen3.5-9b,medium_frequency_words_no_clue_no_critic,instance_00007,Played,0.0
1217,wordle,qwen3.5-9b,high_frequency_words_no_clue_no_critic,instance_00007,Played,0.0
1218,guesswhat,qwen3.5-9b,Abs_Level_3,instance_00008,Played,0.0
1219,guesswhat,qwen3.5-9b,Abs_Level_2,instance_00007,Played,0.0
1220,guesswhat,qwen3.5-9b,Abs_Level_1,instance_00002,Played,0.0
1221,guesswhat,qwen3.5-9b,Level_1,instance_00002,Played,0.0
1222,guesswhat,qwen3.5-9b,Level_2,instance_00009,Played,0.0
1223,guesswhat,qwen3.5-9b,Level_3,instance_00008,Played,0.0
1224,privateshared,qwen3.5-9b,things-places,instance_00003,Played,0.0
1225,privateshared,qwen3.5-9b,restaurant,instance_00007,Played,1.0
1226,privateshared,qwen3.5-9b,travel-booking,instance_00009,Played,1.0
1227,privateshared,qwen3.5-9b,job-interview,instance_00008,Played,1.0
1228,privateshared,qwen3.5-9b,letter-number,instance_00009,Played,1.0
1229,wordle_withcritic,qwen3.5-9b,medium_frequency_words_clue_with_critic,instance_00004,Played,0.0
1230,wordle_withcritic,qwen3.5-9b,medium_frequency_words_clue_with_critic,instance_00019,Played,0.0
1231,wordle_withcritic,qwen3.5-9b,high_frequency_words_clue_with_critic,instance_00002,Played,0.0
1232,taboo,qwen3.5-9b,high_en,instance_00016,Played,1.0
1233,taboo,qwen3.5-9b,high_en,instance_00010,Played,1.0
1234,taboo,qwen3.5-9b,low_en,instance_00018,Played,1.0
1235,taboo,qwen3.5-9b,low_en,instance_00012,Played,1.0
1236,taboo,qwen3.5-9b,medium_en,instance_00007,Played,1.0
1237,taboo,qwen3.5-9b,medium_en,instance_00010,Played,1.0
1238,wordle_withclue,qwen3.5-9b,high_frequency_words_clue_no_critic,instance_00009,Played,0.0
1239,wordle_withclue,qwen3.5-9b,medium_frequency_words_clue_no_critic,instance_00011,Played,0.0
1240,wordle_withclue,qwen3.5-9b,medium_frequency_words_clue_no_critic,instance_00018,Played,0.0
1241,textmapworld,qwen3.5-9b,large_cycle,instance_00049,Played,1.0
1242,textmapworld,qwen3.5-9b,small,instance_00006,Played,1.0
1243,textmapworld,qwen3.5-9b,large,instance_00028,Played,0.0
1244,textmapworld,qwen3.5-9b,medium_cycle,instance_00034,Played,1.0
1245,textmapworld,qwen3.5-9b,medium,instance_00010,Played,0.0
1246,referencegame,qwen3.5-9b,random_grids,instance_00005,Played,1.0
1247,referencegame,qwen3.5-9b,line_grids_columns,instance_00013,Played,1.0
1248,referencegame,qwen3.5-9b,number_grids,instance_00017,Played,1.0
1249,referencegame,qwen3.5-9b,line_grids_rows,instance_00017,Played,1.0
1250,referencegame,qwen3.5-9b,letter_grids,instance_00012,Played,1.0
1251,adventuregame,qwen3.5-9b,new-words_home-delivery_medium_basic_medium,instance_00002,Played,0.0
1252,adventuregame,qwen3.5-9b,potion_brewing_basic_undefined,instance_00004,Played,0.0
1253,adventuregame,qwen3.5-9b,new-words_home-delivery_easy_basic_easy,instance_00002,Played,1.0
1254,adventuregame,qwen3.5-9b,new-words_created_basic_hard,instance_00000,Played,0.0
1255,adventuregame,qwen3.5-9b,home_deliver_three_basic_hard_invlimittwo,instance_00000,Played,1.0
1256,textmapworld_specificroom,qwen3.5-9b,on,instance_00000,Played,1.0
1257,textmapworld_specificroom,qwen3.5-9b,far,instance_00027,Played,0.0
1258,textmapworld_specificroom,qwen3.5-9b,close,instance_00017,Played,0.0
1259,imagegame,qwen3.5-9b,random_grids,instance_00014,Played,0.0
1260,imagegame,qwen3.5-9b,random_grids,instance_00016,Played,1.0
1261,imagegame,qwen3.5-9b,compact_grids,instance_00019,Played,1.0
1262,imagegame,qwen3.5-9b,compact_grids,instance_00002,Played,0.0
1263,textmapworld_graphreasoning,qwen3.5-9b,small,instance_00009,Played,1.0
1264,textmapworld_graphreasoning,qwen3.5-9b,large,instance_00028,Played,1.0
1265,textmapworld_graphreasoning,qwen3.5-9b,medium,instance_00010,Played,1.0
1266,codenames,qwen3.5-9b,association_difficult,instance_00000,Played,0
1267,codenames,qwen3.5-9b,risk_low,instance_00008,Played,0
1268,codenames,qwen3.5-9b,ambiguous,instance_00001,Played,0
1269,codenames,qwen3.5-9b,opponent_difficult,instance_00007,Played,0
1270,codenames,qwen3.5-9b,risk_high,instance_00009,Played,0
1271,codenames,qwen3.5-9b,abstract,instance_00007,Played,0
1272,codenames,qwen3.5-9b,association_easy,instance_00009,Played,0
1273,codenames,qwen3.5-9b,opponent_easy,instance_00009,Played,0
1274,codenames,qwen3.5-9b,concrete,instance_00004,Played,0
1275,codenames,qwen3.5-9b,unambiguous,instance_00002,Played,0
1276,codenames,qwen3.5-9b,opponent_none,instance_00008,Played,0
1277,codenames,qwen3.5-9b,frequency_high,instance_00002,Played,0
1278,codenames,qwen3.5-9b,frequency_low,instance_00004,Played,0
1279,matchit_ascii,qwen3.5-9b,similar_grid_2,instance_00007,Played,1
1280,matchit_ascii,qwen3.5-9b,same_grid,instance_00002,Played,1
1281,matchit_ascii,qwen3.5-9b,similar_grid_1,instance_00002,Played,1
1282,matchit_ascii,qwen3.5-9b,different_grid,instance_00002,Played,1
