{
  "meta": {},
  "players": {},
  "turn scores": {
    "0": {
      "efficient_move": 1,
      "similarity": 0.18221023888012056
    },
    "1": {
      "efficient_move": 1,
      "similarity": 0.49452463132693136
    },
    "2": {
      "efficient_move": 1,
      "similarity": 1.3385701848569465
    },
    "3": {
      "efficient_move": 1,
      "similarity": 3.5972419924183097
    },
    "4": {
      "efficient_move": 1,
      "similarity": 3.5972419924183097
    },
    "5": {
      "efficient_move": 1,
      "similarity": 2.1973885261186377
    },
    "6": {
      "efficient_move": 1,
      "similarity": 2.1973885261186377
    },
    "7": {
      "efficient_move": 1,
      "similarity": 5.862446150271272
    },
    "8": {
      "efficient_move": 1,
      "similarity": 5.862446150271272
    },
    "9": {
      "efficient_move": 1,
      "similarity": 15.17163600424869
    },
    "10": {
      "efficient_move": 0,
      "similarity": 36.48510476127127
    },
    "11": {
      "efficient_move": 0,
      "similarity": 36.48510476127127
    },
    "12": {
      "efficient_move": 0,
      "similarity": 53.78828427399902
    },
    "13": {
      "efficient_move": 0,
      "similarity": 36.48510476127127
    }
  },
  "episode scores": {
    "Success": 1,
    "Aborted": 0,
    "Lose": 0,
    "moves": 14,
    "valid_moves": 14,
    "invalid_moves": 0,
    "stopped": 1,
    "turns_limit": 0,
    "loops": 0,
    "number_visited": 8,
    "seen": 8,
    "efficiency": 71.42857142857143,
    "exploration": 100.0,
    "graph_similarity": 36.48510476127127,
    "Main Score": 83.33333333333333
  }
}