,game,model,experiment,episode,metric,value
0,dond,Bentel rockers__qwen3.5-4b__Bentel_iter_3,coop_en,instance_00019,Request Count,3.0
1,dond,Bentel rockers__qwen3.5-4b__Bentel_iter_3,coop_en,instance_00019,Parsed Request Count,3.0
2,dond,Bentel rockers__qwen3.5-4b__Bentel_iter_3,coop_en,instance_00019,Violated Request Count,0.0
3,dond,Bentel rockers__qwen3.5-4b__Bentel_iter_3,coop_en,instance_00019,Request Success Ratio,1.0
4,dond,Bentel rockers__qwen3.5-4b__Bentel_iter_3,coop_en,instance_00019,Aborted,0.0
5,dond,Bentel rockers__qwen3.5-4b__Bentel_iter_3,coop_en,instance_00019,Lose,0.0
6,dond,Bentel rockers__qwen3.5-4b__Bentel_iter_3,coop_en,instance_00019,Success,1.0
7,dond,Bentel rockers__qwen3.5-4b__Bentel_iter_3,coop_en,instance_00019,Main Score,61.53846153846154
8,dond,Bentel rockers__qwen3.5-4b__Bentel_iter_3,coop_en,instance_00019,Sum of Points,0.6153846153846154
9,dond,Bentel rockers__qwen3.5-4b__Bentel_iter_3,coop_en,instance_00019,Pareto Optimal,0.0
10,dond,Bentel rockers__qwen3.5-4b__Bentel_iter_3,coop_en,instance_00006,Request Count,2.0
11,dond,Bentel rockers__qwen3.5-4b__Bentel_iter_3,coop_en,instance_00006,Parsed Request Count,2.0
12,dond,Bentel rockers__qwen3.5-4b__Bentel_iter_3,coop_en,instance_00006,Violated Request Count,0.0
13,dond,Bentel rockers__qwen3.5-4b__Bentel_iter_3,coop_en,instance_00006,Request Success Ratio,1.0
14,dond,Bentel rockers__qwen3.5-4b__Bentel_iter_3,coop_en,instance_00006,Aborted,0.0
15,dond,Bentel rockers__qwen3.5-4b__Bentel_iter_3,coop_en,instance_00006,Lose,0.0
16,dond,Bentel rockers__qwen3.5-4b__Bentel_iter_3,coop_en,instance_00006,Success,1.0
17,dond,Bentel rockers__qwen3.5-4b__Bentel_iter_3,coop_en,instance_00006,Main Score,62.5
18,dond,Bentel rockers__qwen3.5-4b__Bentel_iter_3,coop_en,instance_00006,Sum of Points,0.625
19,dond,Bentel rockers__qwen3.5-4b__Bentel_iter_3,coop_en,instance_00006,Pareto Optimal,0.0
20,dond,Bentel rockers__qwen3.5-4b__Bentel_iter_3,semi_en,instance_00015,Request Count,2.0
21,dond,Bentel rockers__qwen3.5-4b__Bentel_iter_3,semi_en,instance_00015,Parsed Request Count,2.0
22,dond,Bentel rockers__qwen3.5-4b__Bentel_iter_3,semi_en,instance_00015,Violated Request Count,0.0
23,dond,Bentel rockers__qwen3.5-4b__Bentel_iter_3,semi_en,instance_00015,Request Success Ratio,1.0
24,dond,Bentel rockers__qwen3.5-4b__Bentel_iter_3,semi_en,instance_00015,Aborted,0.0
25,dond,Bentel rockers__qwen3.5-4b__Bentel_iter_3,semi_en,instance_00015,Lose,1.0
26,dond,Bentel rockers__qwen3.5-4b__Bentel_iter_3,semi_en,instance_00015,Success,0.0
27,dond,Bentel rockers__qwen3.5-4b__Bentel_iter_3,semi_en,instance_00015,Main Score,0.0
28,dond,Bentel rockers__qwen3.5-4b__Bentel_iter_3,semi_en,instance_00015,Sum of Points,0.0
29,dond,Bentel rockers__qwen3.5-4b__Bentel_iter_3,semi_en,instance_00015,Pareto Optimal,0.0
30,dond,Bentel rockers__qwen3.5-4b__Bentel_iter_3,semi_en,instance_00001,Request Count,4.0
31,dond,Bentel rockers__qwen3.5-4b__Bentel_iter_3,semi_en,instance_00001,Parsed Request Count,4.0
32,dond,Bentel rockers__qwen3.5-4b__Bentel_iter_3,semi_en,instance_00001,Violated Request Count,0.0
33,dond,Bentel rockers__qwen3.5-4b__Bentel_iter_3,semi_en,instance_00001,Request Success Ratio,1.0
34,dond,Bentel rockers__qwen3.5-4b__Bentel_iter_3,semi_en,instance_00001,Aborted,0.0
35,dond,Bentel rockers__qwen3.5-4b__Bentel_iter_3,semi_en,instance_00001,Lose,1.0
36,dond,Bentel rockers__qwen3.5-4b__Bentel_iter_3,semi_en,instance_00001,Success,0.0
37,dond,Bentel rockers__qwen3.5-4b__Bentel_iter_3,semi_en,instance_00001,Main Score,0.0
38,dond,Bentel rockers__qwen3.5-4b__Bentel_iter_3,semi_en,instance_00001,Sum of Points,0.0
39,dond,Bentel rockers__qwen3.5-4b__Bentel_iter_3,semi_en,instance_00001,Pareto Optimal,0.0
40,wordle,Bentel rockers__qwen3.5-4b__Bentel_iter_3,medium_frequency_words_no_clue_no_critic,instance_00014,Aborted,1.0
41,wordle,Bentel rockers__qwen3.5-4b__Bentel_iter_3,medium_frequency_words_no_clue_no_critic,instance_00014,Lose,0.0
42,wordle,Bentel rockers__qwen3.5-4b__Bentel_iter_3,medium_frequency_words_no_clue_no_critic,instance_00014,Success,0.0
43,wordle,Bentel rockers__qwen3.5-4b__Bentel_iter_3,medium_frequency_words_no_clue_no_critic,instance_00014,Request Count,4.0
44,wordle,Bentel rockers__qwen3.5-4b__Bentel_iter_3,medium_frequency_words_no_clue_no_critic,instance_00014,Parsed Request Count,3.0
45,wordle,Bentel rockers__qwen3.5-4b__Bentel_iter_3,medium_frequency_words_no_clue_no_critic,instance_00014,Violated Request Count,1.0
46,wordle,Bentel rockers__qwen3.5-4b__Bentel_iter_3,medium_frequency_words_no_clue_no_critic,instance_00014,Request Success Ratio,0.75
47,wordle,Bentel rockers__qwen3.5-4b__Bentel_iter_3,medium_frequency_words_no_clue_no_critic,instance_00014,Main Score,
48,wordle,Bentel rockers__qwen3.5-4b__Bentel_iter_3,medium_frequency_words_no_clue_no_critic,instance_00014,Guess Repetitions,
49,wordle,Bentel rockers__qwen3.5-4b__Bentel_iter_3,medium_frequency_words_no_clue_no_critic,instance_00007,Aborted,1.0
50,wordle,Bentel rockers__qwen3.5-4b__Bentel_iter_3,medium_frequency_words_no_clue_no_critic,instance_00007,Lose,0.0
51,wordle,Bentel rockers__qwen3.5-4b__Bentel_iter_3,medium_frequency_words_no_clue_no_critic,instance_00007,Success,0.0
52,wordle,Bentel rockers__qwen3.5-4b__Bentel_iter_3,medium_frequency_words_no_clue_no_critic,instance_00007,Request Count,5.0
53,wordle,Bentel rockers__qwen3.5-4b__Bentel_iter_3,medium_frequency_words_no_clue_no_critic,instance_00007,Parsed Request Count,4.0
54,wordle,Bentel rockers__qwen3.5-4b__Bentel_iter_3,medium_frequency_words_no_clue_no_critic,instance_00007,Violated Request Count,1.0
55,wordle,Bentel rockers__qwen3.5-4b__Bentel_iter_3,medium_frequency_words_no_clue_no_critic,instance_00007,Request Success Ratio,0.8
56,wordle,Bentel rockers__qwen3.5-4b__Bentel_iter_3,medium_frequency_words_no_clue_no_critic,instance_00007,Main Score,
57,wordle,Bentel rockers__qwen3.5-4b__Bentel_iter_3,medium_frequency_words_no_clue_no_critic,instance_00007,Guess Repetitions,
58,wordle,Bentel rockers__qwen3.5-4b__Bentel_iter_3,high_frequency_words_no_clue_no_critic,instance_00007,Aborted,1.0
59,wordle,Bentel rockers__qwen3.5-4b__Bentel_iter_3,high_frequency_words_no_clue_no_critic,instance_00007,Lose,0.0
60,wordle,Bentel rockers__qwen3.5-4b__Bentel_iter_3,high_frequency_words_no_clue_no_critic,instance_00007,Success,0.0
61,wordle,Bentel rockers__qwen3.5-4b__Bentel_iter_3,high_frequency_words_no_clue_no_critic,instance_00007,Request Count,6.0
62,wordle,Bentel rockers__qwen3.5-4b__Bentel_iter_3,high_frequency_words_no_clue_no_critic,instance_00007,Parsed Request Count,5.0
63,wordle,Bentel rockers__qwen3.5-4b__Bentel_iter_3,high_frequency_words_no_clue_no_critic,instance_00007,Violated Request Count,1.0
64,wordle,Bentel rockers__qwen3.5-4b__Bentel_iter_3,high_frequency_words_no_clue_no_critic,instance_00007,Request Success Ratio,0.8333333333333334
65,wordle,Bentel rockers__qwen3.5-4b__Bentel_iter_3,high_frequency_words_no_clue_no_critic,instance_00007,Main Score,
66,wordle,Bentel rockers__qwen3.5-4b__Bentel_iter_3,high_frequency_words_no_clue_no_critic,instance_00007,Guess Repetitions,
67,guesswhat,Bentel rockers__qwen3.5-4b__Bentel_iter_3,Abs_Level_3,instance_00008,Violated Request Count,0.0
68,guesswhat,Bentel rockers__qwen3.5-4b__Bentel_iter_3,Abs_Level_3,instance_00008,Parsed Request Count,3.0
69,guesswhat,Bentel rockers__qwen3.5-4b__Bentel_iter_3,Abs_Level_3,instance_00008,Request Count,3.0
70,guesswhat,Bentel rockers__qwen3.5-4b__Bentel_iter_3,Abs_Level_3,instance_00008,Request Success Ratio,1.0
71,guesswhat,Bentel rockers__qwen3.5-4b__Bentel_iter_3,Abs_Level_3,instance_00008,Aborted,0.0
72,guesswhat,Bentel rockers__qwen3.5-4b__Bentel_iter_3,Abs_Level_3,instance_00008,Success,0.0
73,guesswhat,Bentel rockers__qwen3.5-4b__Bentel_iter_3,Abs_Level_3,instance_00008,Lose,1.0
74,guesswhat,Bentel rockers__qwen3.5-4b__Bentel_iter_3,Abs_Level_3,instance_00008,Main Score,0.0
75,guesswhat,Bentel rockers__qwen3.5-4b__Bentel_iter_3,Abs_Level_3,instance_00008,Invalid format guesser response,0.0
76,guesswhat,Bentel rockers__qwen3.5-4b__Bentel_iter_3,Abs_Level_3,instance_00008,Invalid format answerer response,0.0
77,guesswhat,Bentel rockers__qwen3.5-4b__Bentel_iter_3,Abs_Level_3,instance_00008,Invalid content guesser response,0.0
78,guesswhat,Bentel rockers__qwen3.5-4b__Bentel_iter_3,Abs_Level_3,instance_00008,Invalid content answerer response,0.0
79,guesswhat,Bentel rockers__qwen3.5-4b__Bentel_iter_3,Abs_Level_2,instance_00007,Violated Request Count,0.0
80,guesswhat,Bentel rockers__qwen3.5-4b__Bentel_iter_3,Abs_Level_2,instance_00007,Parsed Request Count,4.0
81,guesswhat,Bentel rockers__qwen3.5-4b__Bentel_iter_3,Abs_Level_2,instance_00007,Request Count,4.0
82,guesswhat,Bentel rockers__qwen3.5-4b__Bentel_iter_3,Abs_Level_2,instance_00007,Request Success Ratio,1.0
83,guesswhat,Bentel rockers__qwen3.5-4b__Bentel_iter_3,Abs_Level_2,instance_00007,Aborted,0.0
84,guesswhat,Bentel rockers__qwen3.5-4b__Bentel_iter_3,Abs_Level_2,instance_00007,Success,0.0
85,guesswhat,Bentel rockers__qwen3.5-4b__Bentel_iter_3,Abs_Level_2,instance_00007,Lose,1.0
86,guesswhat,Bentel rockers__qwen3.5-4b__Bentel_iter_3,Abs_Level_2,instance_00007,Main Score,0.0
87,guesswhat,Bentel rockers__qwen3.5-4b__Bentel_iter_3,Abs_Level_2,instance_00007,Invalid format guesser response,0.0
88,guesswhat,Bentel rockers__qwen3.5-4b__Bentel_iter_3,Abs_Level_2,instance_00007,Invalid format answerer response,0.0
89,guesswhat,Bentel rockers__qwen3.5-4b__Bentel_iter_3,Abs_Level_2,instance_00007,Invalid content guesser response,0.0
90,guesswhat,Bentel rockers__qwen3.5-4b__Bentel_iter_3,Abs_Level_2,instance_00007,Invalid content answerer response,0.0
91,guesswhat,Bentel rockers__qwen3.5-4b__Bentel_iter_3,Abs_Level_1,instance_00002,Violated Request Count,1.0
92,guesswhat,Bentel rockers__qwen3.5-4b__Bentel_iter_3,Abs_Level_1,instance_00002,Parsed Request Count,1.0
93,guesswhat,Bentel rockers__qwen3.5-4b__Bentel_iter_3,Abs_Level_1,instance_00002,Request Count,2.0
94,guesswhat,Bentel rockers__qwen3.5-4b__Bentel_iter_3,Abs_Level_1,instance_00002,Request Success Ratio,0.5
95,guesswhat,Bentel rockers__qwen3.5-4b__Bentel_iter_3,Abs_Level_1,instance_00002,Aborted,1.0
96,guesswhat,Bentel rockers__qwen3.5-4b__Bentel_iter_3,Abs_Level_1,instance_00002,Main Score,
97,guesswhat,Bentel rockers__qwen3.5-4b__Bentel_iter_3,Abs_Level_1,instance_00002,Invalid format guesser response,0.0
98,guesswhat,Bentel rockers__qwen3.5-4b__Bentel_iter_3,Abs_Level_1,instance_00002,Invalid format answerer response,1.0
99,guesswhat,Bentel rockers__qwen3.5-4b__Bentel_iter_3,Abs_Level_1,instance_00002,Invalid content guesser response,0.0
100,guesswhat,Bentel rockers__qwen3.5-4b__Bentel_iter_3,Abs_Level_1,instance_00002,Invalid content answerer response,0.0
101,guesswhat,Bentel rockers__qwen3.5-4b__Bentel_iter_3,Level_1,instance_00002,Violated Request Count,0.0
102,guesswhat,Bentel rockers__qwen3.5-4b__Bentel_iter_3,Level_1,instance_00002,Parsed Request Count,4.0
103,guesswhat,Bentel rockers__qwen3.5-4b__Bentel_iter_3,Level_1,instance_00002,Request Count,4.0
104,guesswhat,Bentel rockers__qwen3.5-4b__Bentel_iter_3,Level_1,instance_00002,Request Success Ratio,1.0
105,guesswhat,Bentel rockers__qwen3.5-4b__Bentel_iter_3,Level_1,instance_00002,Aborted,0.0
106,guesswhat,Bentel rockers__qwen3.5-4b__Bentel_iter_3,Level_1,instance_00002,Success,0.0
107,guesswhat,Bentel rockers__qwen3.5-4b__Bentel_iter_3,Level_1,instance_00002,Lose,1.0
108,guesswhat,Bentel rockers__qwen3.5-4b__Bentel_iter_3,Level_1,instance_00002,Main Score,0.0
109,guesswhat,Bentel rockers__qwen3.5-4b__Bentel_iter_3,Level_1,instance_00002,Invalid format guesser response,0.0
110,guesswhat,Bentel rockers__qwen3.5-4b__Bentel_iter_3,Level_1,instance_00002,Invalid format answerer response,0.0
111,guesswhat,Bentel rockers__qwen3.5-4b__Bentel_iter_3,Level_1,instance_00002,Invalid content guesser response,0.0
112,guesswhat,Bentel rockers__qwen3.5-4b__Bentel_iter_3,Level_1,instance_00002,Invalid content answerer response,0.0
113,guesswhat,Bentel rockers__qwen3.5-4b__Bentel_iter_3,Level_2,instance_00009,Violated Request Count,0.0
114,guesswhat,Bentel rockers__qwen3.5-4b__Bentel_iter_3,Level_2,instance_00009,Parsed Request Count,2.0
115,guesswhat,Bentel rockers__qwen3.5-4b__Bentel_iter_3,Level_2,instance_00009,Request Count,2.0
116,guesswhat,Bentel rockers__qwen3.5-4b__Bentel_iter_3,Level_2,instance_00009,Request Success Ratio,1.0
117,guesswhat,Bentel rockers__qwen3.5-4b__Bentel_iter_3,Level_2,instance_00009,Aborted,0.0
118,guesswhat,Bentel rockers__qwen3.5-4b__Bentel_iter_3,Level_2,instance_00009,Success,0.0
119,guesswhat,Bentel rockers__qwen3.5-4b__Bentel_iter_3,Level_2,instance_00009,Lose,1.0
120,guesswhat,Bentel rockers__qwen3.5-4b__Bentel_iter_3,Level_2,instance_00009,Main Score,0.0
121,guesswhat,Bentel rockers__qwen3.5-4b__Bentel_iter_3,Level_2,instance_00009,Invalid format guesser response,0.0
122,guesswhat,Bentel rockers__qwen3.5-4b__Bentel_iter_3,Level_2,instance_00009,Invalid format answerer response,0.0
123,guesswhat,Bentel rockers__qwen3.5-4b__Bentel_iter_3,Level_2,instance_00009,Invalid content guesser response,0.0
124,guesswhat,Bentel rockers__qwen3.5-4b__Bentel_iter_3,Level_2,instance_00009,Invalid content answerer response,0.0
125,guesswhat,Bentel rockers__qwen3.5-4b__Bentel_iter_3,Level_3,instance_00008,Violated Request Count,0.0
126,guesswhat,Bentel rockers__qwen3.5-4b__Bentel_iter_3,Level_3,instance_00008,Parsed Request Count,3.0
127,guesswhat,Bentel rockers__qwen3.5-4b__Bentel_iter_3,Level_3,instance_00008,Request Count,3.0
128,guesswhat,Bentel rockers__qwen3.5-4b__Bentel_iter_3,Level_3,instance_00008,Request Success Ratio,1.0
129,guesswhat,Bentel rockers__qwen3.5-4b__Bentel_iter_3,Level_3,instance_00008,Aborted,0.0
130,guesswhat,Bentel rockers__qwen3.5-4b__Bentel_iter_3,Level_3,instance_00008,Success,0.0
131,guesswhat,Bentel rockers__qwen3.5-4b__Bentel_iter_3,Level_3,instance_00008,Lose,1.0
132,guesswhat,Bentel rockers__qwen3.5-4b__Bentel_iter_3,Level_3,instance_00008,Main Score,0.0
133,guesswhat,Bentel rockers__qwen3.5-4b__Bentel_iter_3,Level_3,instance_00008,Invalid format guesser response,0.0
134,guesswhat,Bentel rockers__qwen3.5-4b__Bentel_iter_3,Level_3,instance_00008,Invalid format answerer response,0.0
135,guesswhat,Bentel rockers__qwen3.5-4b__Bentel_iter_3,Level_3,instance_00008,Invalid content guesser response,0.0
136,guesswhat,Bentel rockers__qwen3.5-4b__Bentel_iter_3,Level_3,instance_00008,Invalid content answerer response,0.0
137,privateshared,Bentel rockers__qwen3.5-4b__Bentel_iter_3,things-places,instance_00003,Accuracy,
138,privateshared,Bentel rockers__qwen3.5-4b__Bentel_iter_3,things-places,instance_00003,Kappa,
139,privateshared,Bentel rockers__qwen3.5-4b__Bentel_iter_3,things-places,instance_00003,Truncated Kappa,
140,privateshared,Bentel rockers__qwen3.5-4b__Bentel_iter_3,things-places,instance_00003,Slot-Filling-Accuracy,
141,privateshared,Bentel rockers__qwen3.5-4b__Bentel_iter_3,things-places,instance_00003,Main Score,
142,privateshared,Bentel rockers__qwen3.5-4b__Bentel_iter_3,things-places,instance_00003,Aborted,1.0
143,privateshared,Bentel rockers__qwen3.5-4b__Bentel_iter_3,things-places,instance_00003,Lose,0.0
144,privateshared,Bentel rockers__qwen3.5-4b__Bentel_iter_3,things-places,instance_00003,Success,0.0
145,privateshared,Bentel rockers__qwen3.5-4b__Bentel_iter_3,things-places,instance_00003,Request Count,5.0
146,privateshared,Bentel rockers__qwen3.5-4b__Bentel_iter_3,things-places,instance_00003,Parsed Request Count,0.0
147,privateshared,Bentel rockers__qwen3.5-4b__Bentel_iter_3,things-places,instance_00003,Violated Request Count,5.0
148,privateshared,Bentel rockers__qwen3.5-4b__Bentel_iter_3,things-places,instance_00003,Request Success Ratio,0.0
149,privateshared,Bentel rockers__qwen3.5-4b__Bentel_iter_3,restaurant,instance_00007,Middle-Accuracy,0.4
150,privateshared,Bentel rockers__qwen3.5-4b__Bentel_iter_3,restaurant,instance_00007,Accuracy,0.4
151,privateshared,Bentel rockers__qwen3.5-4b__Bentel_iter_3,restaurant,instance_00007,Kappa,0.11764705882352933
152,privateshared,Bentel rockers__qwen3.5-4b__Bentel_iter_3,restaurant,instance_00007,Truncated Kappa,0.11764705882352933
153,privateshared,Bentel rockers__qwen3.5-4b__Bentel_iter_3,restaurant,instance_00007,Slot-Filling-Accuracy,1.0
154,privateshared,Bentel rockers__qwen3.5-4b__Bentel_iter_3,restaurant,instance_00007,Main Score,21.052631578947352
155,privateshared,Bentel rockers__qwen3.5-4b__Bentel_iter_3,restaurant,instance_00007,Aborted,0.0
156,privateshared,Bentel rockers__qwen3.5-4b__Bentel_iter_3,restaurant,instance_00007,Lose,1.0
157,privateshared,Bentel rockers__qwen3.5-4b__Bentel_iter_3,restaurant,instance_00007,Success,0.0
158,privateshared,Bentel rockers__qwen3.5-4b__Bentel_iter_3,restaurant,instance_00007,Request Count,35.0
159,privateshared,Bentel rockers__qwen3.5-4b__Bentel_iter_3,restaurant,instance_00007,Parsed Request Count,35.0
160,privateshared,Bentel rockers__qwen3.5-4b__Bentel_iter_3,restaurant,instance_00007,Violated Request Count,0.0
161,privateshared,Bentel rockers__qwen3.5-4b__Bentel_iter_3,restaurant,instance_00007,Request Success Ratio,1.0
162,privateshared,Bentel rockers__qwen3.5-4b__Bentel_iter_3,travel-booking,instance_00009,Middle-Accuracy,0.6
163,privateshared,Bentel rockers__qwen3.5-4b__Bentel_iter_3,travel-booking,instance_00009,Accuracy,0.5666666666666667
164,privateshared,Bentel rockers__qwen3.5-4b__Bentel_iter_3,travel-booking,instance_00009,Kappa,0.1333333333333333
165,privateshared,Bentel rockers__qwen3.5-4b__Bentel_iter_3,travel-booking,instance_00009,Truncated Kappa,0.1333333333333333
166,privateshared,Bentel rockers__qwen3.5-4b__Bentel_iter_3,travel-booking,instance_00009,Slot-Filling-Accuracy,1.0
167,privateshared,Bentel rockers__qwen3.5-4b__Bentel_iter_3,travel-booking,instance_00009,Main Score,23.529411764705877
168,privateshared,Bentel rockers__qwen3.5-4b__Bentel_iter_3,travel-booking,instance_00009,Aborted,0.0
169,privateshared,Bentel rockers__qwen3.5-4b__Bentel_iter_3,travel-booking,instance_00009,Lose,1.0
170,privateshared,Bentel rockers__qwen3.5-4b__Bentel_iter_3,travel-booking,instance_00009,Success,0.0
171,privateshared,Bentel rockers__qwen3.5-4b__Bentel_iter_3,travel-booking,instance_00009,Request Count,35.0
172,privateshared,Bentel rockers__qwen3.5-4b__Bentel_iter_3,travel-booking,instance_00009,Parsed Request Count,35.0
173,privateshared,Bentel rockers__qwen3.5-4b__Bentel_iter_3,travel-booking,instance_00009,Violated Request Count,0.0
174,privateshared,Bentel rockers__qwen3.5-4b__Bentel_iter_3,travel-booking,instance_00009,Request Success Ratio,1.0
175,privateshared,Bentel rockers__qwen3.5-4b__Bentel_iter_3,job-interview,instance_00008,Middle-Accuracy,0.2
176,privateshared,Bentel rockers__qwen3.5-4b__Bentel_iter_3,job-interview,instance_00008,Accuracy,0.43333333333333335
177,privateshared,Bentel rockers__qwen3.5-4b__Bentel_iter_3,job-interview,instance_00008,Kappa,-0.1333333333333333
178,privateshared,Bentel rockers__qwen3.5-4b__Bentel_iter_3,job-interview,instance_00008,Truncated Kappa,0.0
179,privateshared,Bentel rockers__qwen3.5-4b__Bentel_iter_3,job-interview,instance_00008,Slot-Filling-Accuracy,1.0
180,privateshared,Bentel rockers__qwen3.5-4b__Bentel_iter_3,job-interview,instance_00008,Main Score,0.0
181,privateshared,Bentel rockers__qwen3.5-4b__Bentel_iter_3,job-interview,instance_00008,Aborted,0.0
182,privateshared,Bentel rockers__qwen3.5-4b__Bentel_iter_3,job-interview,instance_00008,Lose,1.0
183,privateshared,Bentel rockers__qwen3.5-4b__Bentel_iter_3,job-interview,instance_00008,Success,0.0
184,privateshared,Bentel rockers__qwen3.5-4b__Bentel_iter_3,job-interview,instance_00008,Request Count,35.0
185,privateshared,Bentel rockers__qwen3.5-4b__Bentel_iter_3,job-interview,instance_00008,Parsed Request Count,35.0
186,privateshared,Bentel rockers__qwen3.5-4b__Bentel_iter_3,job-interview,instance_00008,Violated Request Count,0.0
187,privateshared,Bentel rockers__qwen3.5-4b__Bentel_iter_3,job-interview,instance_00008,Request Success Ratio,1.0
188,privateshared,Bentel rockers__qwen3.5-4b__Bentel_iter_3,letter-number,instance_00009,Middle-Accuracy,0.6
189,privateshared,Bentel rockers__qwen3.5-4b__Bentel_iter_3,letter-number,instance_00009,Accuracy,0.5
190,privateshared,Bentel rockers__qwen3.5-4b__Bentel_iter_3,letter-number,instance_00009,Kappa,0.0
191,privateshared,Bentel rockers__qwen3.5-4b__Bentel_iter_3,letter-number,instance_00009,Truncated Kappa,0.0
192,privateshared,Bentel rockers__qwen3.5-4b__Bentel_iter_3,letter-number,instance_00009,Slot-Filling-Accuracy,1.0
193,privateshared,Bentel rockers__qwen3.5-4b__Bentel_iter_3,letter-number,instance_00009,Main Score,0.0
194,privateshared,Bentel rockers__qwen3.5-4b__Bentel_iter_3,letter-number,instance_00009,Aborted,0.0
195,privateshared,Bentel rockers__qwen3.5-4b__Bentel_iter_3,letter-number,instance_00009,Lose,1.0
196,privateshared,Bentel rockers__qwen3.5-4b__Bentel_iter_3,letter-number,instance_00009,Success,0.0
197,privateshared,Bentel rockers__qwen3.5-4b__Bentel_iter_3,letter-number,instance_00009,Request Count,120.0
198,privateshared,Bentel rockers__qwen3.5-4b__Bentel_iter_3,letter-number,instance_00009,Parsed Request Count,120.0
199,privateshared,Bentel rockers__qwen3.5-4b__Bentel_iter_3,letter-number,instance_00009,Violated Request Count,0.0
200,privateshared,Bentel rockers__qwen3.5-4b__Bentel_iter_3,letter-number,instance_00009,Request Success Ratio,1.0
201,wordle_withcritic,Bentel rockers__qwen3.5-4b__Bentel_iter_3,medium_frequency_words_clue_with_critic,instance_00004,Aborted,1.0
202,wordle_withcritic,Bentel rockers__qwen3.5-4b__Bentel_iter_3,medium_frequency_words_clue_with_critic,instance_00004,Lose,0.0
203,wordle_withcritic,Bentel rockers__qwen3.5-4b__Bentel_iter_3,medium_frequency_words_clue_with_critic,instance_00004,Success,0.0
204,wordle_withcritic,Bentel rockers__qwen3.5-4b__Bentel_iter_3,medium_frequency_words_clue_with_critic,instance_00004,Request Count,1.0
205,wordle_withcritic,Bentel rockers__qwen3.5-4b__Bentel_iter_3,medium_frequency_words_clue_with_critic,instance_00004,Parsed Request Count,0.0
206,wordle_withcritic,Bentel rockers__qwen3.5-4b__Bentel_iter_3,medium_frequency_words_clue_with_critic,instance_00004,Violated Request Count,1.0
207,wordle_withcritic,Bentel rockers__qwen3.5-4b__Bentel_iter_3,medium_frequency_words_clue_with_critic,instance_00004,Request Success Ratio,0.0
208,wordle_withcritic,Bentel rockers__qwen3.5-4b__Bentel_iter_3,medium_frequency_words_clue_with_critic,instance_00004,Main Score,
209,wordle_withcritic,Bentel rockers__qwen3.5-4b__Bentel_iter_3,medium_frequency_words_clue_with_critic,instance_00004,Guess Repetitions,
210,wordle_withcritic,Bentel rockers__qwen3.5-4b__Bentel_iter_3,medium_frequency_words_clue_with_critic,instance_00004,Repetition-Guesser-On-Critic-Agreement,
211,wordle_withcritic,Bentel rockers__qwen3.5-4b__Bentel_iter_3,medium_frequency_words_clue_with_critic,instance_00004,Non-Repetition-Guesser-On-Critic-Agreement,
212,wordle_withcritic,Bentel rockers__qwen3.5-4b__Bentel_iter_3,medium_frequency_words_clue_with_critic,instance_00004,Repetition-Guesser-On-Critic-Disagreement,
213,wordle_withcritic,Bentel rockers__qwen3.5-4b__Bentel_iter_3,medium_frequency_words_clue_with_critic,instance_00004,Non-Repetition-Guesser-On-Critic-Disagreement,
214,wordle_withcritic,Bentel rockers__qwen3.5-4b__Bentel_iter_3,medium_frequency_words_clue_with_critic,instance_00019,Aborted,1.0
215,wordle_withcritic,Bentel rockers__qwen3.5-4b__Bentel_iter_3,medium_frequency_words_clue_with_critic,instance_00019,Lose,0.0
216,wordle_withcritic,Bentel rockers__qwen3.5-4b__Bentel_iter_3,medium_frequency_words_clue_with_critic,instance_00019,Success,0.0
217,wordle_withcritic,Bentel rockers__qwen3.5-4b__Bentel_iter_3,medium_frequency_words_clue_with_critic,instance_00019,Request Count,2.0
218,wordle_withcritic,Bentel rockers__qwen3.5-4b__Bentel_iter_3,medium_frequency_words_clue_with_critic,instance_00019,Parsed Request Count,1.0
219,wordle_withcritic,Bentel rockers__qwen3.5-4b__Bentel_iter_3,medium_frequency_words_clue_with_critic,instance_00019,Violated Request Count,1.0
220,wordle_withcritic,Bentel rockers__qwen3.5-4b__Bentel_iter_3,medium_frequency_words_clue_with_critic,instance_00019,Request Success Ratio,0.5
221,wordle_withcritic,Bentel rockers__qwen3.5-4b__Bentel_iter_3,medium_frequency_words_clue_with_critic,instance_00019,Main Score,
222,wordle_withcritic,Bentel rockers__qwen3.5-4b__Bentel_iter_3,medium_frequency_words_clue_with_critic,instance_00019,Guess Repetitions,
223,wordle_withcritic,Bentel rockers__qwen3.5-4b__Bentel_iter_3,medium_frequency_words_clue_with_critic,instance_00019,Repetition-Guesser-On-Critic-Agreement,
224,wordle_withcritic,Bentel rockers__qwen3.5-4b__Bentel_iter_3,medium_frequency_words_clue_with_critic,instance_00019,Non-Repetition-Guesser-On-Critic-Agreement,
225,wordle_withcritic,Bentel rockers__qwen3.5-4b__Bentel_iter_3,medium_frequency_words_clue_with_critic,instance_00019,Repetition-Guesser-On-Critic-Disagreement,
226,wordle_withcritic,Bentel rockers__qwen3.5-4b__Bentel_iter_3,medium_frequency_words_clue_with_critic,instance_00019,Non-Repetition-Guesser-On-Critic-Disagreement,
227,wordle_withcritic,Bentel rockers__qwen3.5-4b__Bentel_iter_3,high_frequency_words_clue_with_critic,instance_00002,Aborted,1.0
228,wordle_withcritic,Bentel rockers__qwen3.5-4b__Bentel_iter_3,high_frequency_words_clue_with_critic,instance_00002,Lose,0.0
229,wordle_withcritic,Bentel rockers__qwen3.5-4b__Bentel_iter_3,high_frequency_words_clue_with_critic,instance_00002,Success,0.0
230,wordle_withcritic,Bentel rockers__qwen3.5-4b__Bentel_iter_3,high_frequency_words_clue_with_critic,instance_00002,Request Count,6.0
231,wordle_withcritic,Bentel rockers__qwen3.5-4b__Bentel_iter_3,high_frequency_words_clue_with_critic,instance_00002,Parsed Request Count,5.0
232,wordle_withcritic,Bentel rockers__qwen3.5-4b__Bentel_iter_3,high_frequency_words_clue_with_critic,instance_00002,Violated Request Count,1.0
233,wordle_withcritic,Bentel rockers__qwen3.5-4b__Bentel_iter_3,high_frequency_words_clue_with_critic,instance_00002,Request Success Ratio,0.8333333333333334
234,wordle_withcritic,Bentel rockers__qwen3.5-4b__Bentel_iter_3,high_frequency_words_clue_with_critic,instance_00002,Main Score,
235,wordle_withcritic,Bentel rockers__qwen3.5-4b__Bentel_iter_3,high_frequency_words_clue_with_critic,instance_00002,Guess Repetitions,
236,wordle_withcritic,Bentel rockers__qwen3.5-4b__Bentel_iter_3,high_frequency_words_clue_with_critic,instance_00002,Repetition-Guesser-On-Critic-Agreement,0.0
237,wordle_withcritic,Bentel rockers__qwen3.5-4b__Bentel_iter_3,high_frequency_words_clue_with_critic,instance_00002,Non-Repetition-Guesser-On-Critic-Agreement,1.0
238,wordle_withcritic,Bentel rockers__qwen3.5-4b__Bentel_iter_3,high_frequency_words_clue_with_critic,instance_00002,Repetition-Guesser-On-Critic-Disagreement,0.0
239,wordle_withcritic,Bentel rockers__qwen3.5-4b__Bentel_iter_3,high_frequency_words_clue_with_critic,instance_00002,Non-Repetition-Guesser-On-Critic-Disagreement,0.0
240,taboo,Bentel rockers__qwen3.5-4b__Bentel_iter_3,high_en,instance_00016,Violated Request Count,0.0
241,taboo,Bentel rockers__qwen3.5-4b__Bentel_iter_3,high_en,instance_00016,Parsed Request Count,1.0
242,taboo,Bentel rockers__qwen3.5-4b__Bentel_iter_3,high_en,instance_00016,Request Count,1.0
243,taboo,Bentel rockers__qwen3.5-4b__Bentel_iter_3,high_en,instance_00016,Request Success Ratio,1.0
244,taboo,Bentel rockers__qwen3.5-4b__Bentel_iter_3,high_en,instance_00016,Aborted,0.0
245,taboo,Bentel rockers__qwen3.5-4b__Bentel_iter_3,high_en,instance_00016,Success,0.0
246,taboo,Bentel rockers__qwen3.5-4b__Bentel_iter_3,high_en,instance_00016,Lose,1.0
247,taboo,Bentel rockers__qwen3.5-4b__Bentel_iter_3,high_en,instance_00016,Main Score,0.0
248,taboo,Bentel rockers__qwen3.5-4b__Bentel_iter_3,high_en,instance_00016,Repetition-Guesser,0.0
249,taboo,Bentel rockers__qwen3.5-4b__Bentel_iter_3,high_en,instance_00016,Repetition-Describer,0.0
250,taboo,Bentel rockers__qwen3.5-4b__Bentel_iter_3,high_en,instance_00010,Violated Request Count,0.0
251,taboo,Bentel rockers__qwen3.5-4b__Bentel_iter_3,high_en,instance_00010,Parsed Request Count,3.0
252,taboo,Bentel rockers__qwen3.5-4b__Bentel_iter_3,high_en,instance_00010,Request Count,3.0
253,taboo,Bentel rockers__qwen3.5-4b__Bentel_iter_3,high_en,instance_00010,Request Success Ratio,1.0
254,taboo,Bentel rockers__qwen3.5-4b__Bentel_iter_3,high_en,instance_00010,Aborted,0.0
255,taboo,Bentel rockers__qwen3.5-4b__Bentel_iter_3,high_en,instance_00010,Success,0.0
256,taboo,Bentel rockers__qwen3.5-4b__Bentel_iter_3,high_en,instance_00010,Lose,1.0
257,taboo,Bentel rockers__qwen3.5-4b__Bentel_iter_3,high_en,instance_00010,Main Score,0.0
258,taboo,Bentel rockers__qwen3.5-4b__Bentel_iter_3,high_en,instance_00010,Repetition-Guesser,0.0
259,taboo,Bentel rockers__qwen3.5-4b__Bentel_iter_3,high_en,instance_00010,Repetition-Describer,0.0
260,taboo,Bentel rockers__qwen3.5-4b__Bentel_iter_3,low_en,instance_00018,Violated Request Count,0.0
261,taboo,Bentel rockers__qwen3.5-4b__Bentel_iter_3,low_en,instance_00018,Parsed Request Count,3.0
262,taboo,Bentel rockers__qwen3.5-4b__Bentel_iter_3,low_en,instance_00018,Request Count,3.0
263,taboo,Bentel rockers__qwen3.5-4b__Bentel_iter_3,low_en,instance_00018,Request Success Ratio,1.0
264,taboo,Bentel rockers__qwen3.5-4b__Bentel_iter_3,low_en,instance_00018,Aborted,0.0
265,taboo,Bentel rockers__qwen3.5-4b__Bentel_iter_3,low_en,instance_00018,Success,0.0
266,taboo,Bentel rockers__qwen3.5-4b__Bentel_iter_3,low_en,instance_00018,Lose,1.0
267,taboo,Bentel rockers__qwen3.5-4b__Bentel_iter_3,low_en,instance_00018,Main Score,0.0
268,taboo,Bentel rockers__qwen3.5-4b__Bentel_iter_3,low_en,instance_00018,Repetition-Guesser,0.0
269,taboo,Bentel rockers__qwen3.5-4b__Bentel_iter_3,low_en,instance_00018,Repetition-Describer,0.0
270,taboo,Bentel rockers__qwen3.5-4b__Bentel_iter_3,low_en,instance_00012,Violated Request Count,0.0
271,taboo,Bentel rockers__qwen3.5-4b__Bentel_iter_3,low_en,instance_00012,Parsed Request Count,1.0
272,taboo,Bentel rockers__qwen3.5-4b__Bentel_iter_3,low_en,instance_00012,Request Count,1.0
273,taboo,Bentel rockers__qwen3.5-4b__Bentel_iter_3,low_en,instance_00012,Request Success Ratio,1.0
274,taboo,Bentel rockers__qwen3.5-4b__Bentel_iter_3,low_en,instance_00012,Aborted,0.0
275,taboo,Bentel rockers__qwen3.5-4b__Bentel_iter_3,low_en,instance_00012,Success,0.0
276,taboo,Bentel rockers__qwen3.5-4b__Bentel_iter_3,low_en,instance_00012,Lose,1.0
277,taboo,Bentel rockers__qwen3.5-4b__Bentel_iter_3,low_en,instance_00012,Main Score,0.0
278,taboo,Bentel rockers__qwen3.5-4b__Bentel_iter_3,low_en,instance_00012,Repetition-Guesser,0.0
279,taboo,Bentel rockers__qwen3.5-4b__Bentel_iter_3,low_en,instance_00012,Repetition-Describer,0.0
280,taboo,Bentel rockers__qwen3.5-4b__Bentel_iter_3,medium_en,instance_00007,Violated Request Count,0.0
281,taboo,Bentel rockers__qwen3.5-4b__Bentel_iter_3,medium_en,instance_00007,Parsed Request Count,1.0
282,taboo,Bentel rockers__qwen3.5-4b__Bentel_iter_3,medium_en,instance_00007,Request Count,1.0
283,taboo,Bentel rockers__qwen3.5-4b__Bentel_iter_3,medium_en,instance_00007,Request Success Ratio,1.0
284,taboo,Bentel rockers__qwen3.5-4b__Bentel_iter_3,medium_en,instance_00007,Aborted,0.0
285,taboo,Bentel rockers__qwen3.5-4b__Bentel_iter_3,medium_en,instance_00007,Success,1.0
286,taboo,Bentel rockers__qwen3.5-4b__Bentel_iter_3,medium_en,instance_00007,Lose,0.0
287,taboo,Bentel rockers__qwen3.5-4b__Bentel_iter_3,medium_en,instance_00007,Main Score,100.0
288,taboo,Bentel rockers__qwen3.5-4b__Bentel_iter_3,medium_en,instance_00007,Repetition-Guesser,0.0
289,taboo,Bentel rockers__qwen3.5-4b__Bentel_iter_3,medium_en,instance_00007,Repetition-Describer,0.0
290,taboo,Bentel rockers__qwen3.5-4b__Bentel_iter_3,medium_en,instance_00010,Violated Request Count,0.0
291,taboo,Bentel rockers__qwen3.5-4b__Bentel_iter_3,medium_en,instance_00010,Parsed Request Count,1.0
292,taboo,Bentel rockers__qwen3.5-4b__Bentel_iter_3,medium_en,instance_00010,Request Count,1.0
293,taboo,Bentel rockers__qwen3.5-4b__Bentel_iter_3,medium_en,instance_00010,Request Success Ratio,1.0
294,taboo,Bentel rockers__qwen3.5-4b__Bentel_iter_3,medium_en,instance_00010,Aborted,0.0
295,taboo,Bentel rockers__qwen3.5-4b__Bentel_iter_3,medium_en,instance_00010,Success,0.0
296,taboo,Bentel rockers__qwen3.5-4b__Bentel_iter_3,medium_en,instance_00010,Lose,1.0
297,taboo,Bentel rockers__qwen3.5-4b__Bentel_iter_3,medium_en,instance_00010,Main Score,0.0
298,taboo,Bentel rockers__qwen3.5-4b__Bentel_iter_3,medium_en,instance_00010,Repetition-Guesser,0.0
299,taboo,Bentel rockers__qwen3.5-4b__Bentel_iter_3,medium_en,instance_00010,Repetition-Describer,0.0
300,wordle_withclue,Bentel rockers__qwen3.5-4b__Bentel_iter_3,high_frequency_words_clue_no_critic,instance_00009,Aborted,1.0
301,wordle_withclue,Bentel rockers__qwen3.5-4b__Bentel_iter_3,high_frequency_words_clue_no_critic,instance_00009,Lose,0.0
302,wordle_withclue,Bentel rockers__qwen3.5-4b__Bentel_iter_3,high_frequency_words_clue_no_critic,instance_00009,Success,0.0
303,wordle_withclue,Bentel rockers__qwen3.5-4b__Bentel_iter_3,high_frequency_words_clue_no_critic,instance_00009,Request Count,2.0
304,wordle_withclue,Bentel rockers__qwen3.5-4b__Bentel_iter_3,high_frequency_words_clue_no_critic,instance_00009,Parsed Request Count,1.0
305,wordle_withclue,Bentel rockers__qwen3.5-4b__Bentel_iter_3,high_frequency_words_clue_no_critic,instance_00009,Violated Request Count,1.0
306,wordle_withclue,Bentel rockers__qwen3.5-4b__Bentel_iter_3,high_frequency_words_clue_no_critic,instance_00009,Request Success Ratio,0.5
307,wordle_withclue,Bentel rockers__qwen3.5-4b__Bentel_iter_3,high_frequency_words_clue_no_critic,instance_00009,Main Score,
308,wordle_withclue,Bentel rockers__qwen3.5-4b__Bentel_iter_3,high_frequency_words_clue_no_critic,instance_00009,Guess Repetitions,
309,wordle_withclue,Bentel rockers__qwen3.5-4b__Bentel_iter_3,medium_frequency_words_clue_no_critic,instance_00011,Aborted,1.0
310,wordle_withclue,Bentel rockers__qwen3.5-4b__Bentel_iter_3,medium_frequency_words_clue_no_critic,instance_00011,Lose,0.0
311,wordle_withclue,Bentel rockers__qwen3.5-4b__Bentel_iter_3,medium_frequency_words_clue_no_critic,instance_00011,Success,0.0
312,wordle_withclue,Bentel rockers__qwen3.5-4b__Bentel_iter_3,medium_frequency_words_clue_no_critic,instance_00011,Request Count,1.0
313,wordle_withclue,Bentel rockers__qwen3.5-4b__Bentel_iter_3,medium_frequency_words_clue_no_critic,instance_00011,Parsed Request Count,0.0
314,wordle_withclue,Bentel rockers__qwen3.5-4b__Bentel_iter_3,medium_frequency_words_clue_no_critic,instance_00011,Violated Request Count,1.0
315,wordle_withclue,Bentel rockers__qwen3.5-4b__Bentel_iter_3,medium_frequency_words_clue_no_critic,instance_00011,Request Success Ratio,0.0
316,wordle_withclue,Bentel rockers__qwen3.5-4b__Bentel_iter_3,medium_frequency_words_clue_no_critic,instance_00011,Main Score,
317,wordle_withclue,Bentel rockers__qwen3.5-4b__Bentel_iter_3,medium_frequency_words_clue_no_critic,instance_00011,Guess Repetitions,
318,wordle_withclue,Bentel rockers__qwen3.5-4b__Bentel_iter_3,medium_frequency_words_clue_no_critic,instance_00018,Aborted,0.0
319,wordle_withclue,Bentel rockers__qwen3.5-4b__Bentel_iter_3,medium_frequency_words_clue_no_critic,instance_00018,Lose,0.0
320,wordle_withclue,Bentel rockers__qwen3.5-4b__Bentel_iter_3,medium_frequency_words_clue_no_critic,instance_00018,Success,1.0
321,wordle_withclue,Bentel rockers__qwen3.5-4b__Bentel_iter_3,medium_frequency_words_clue_no_critic,instance_00018,Request Count,3.0
322,wordle_withclue,Bentel rockers__qwen3.5-4b__Bentel_iter_3,medium_frequency_words_clue_no_critic,instance_00018,Parsed Request Count,3.0
323,wordle_withclue,Bentel rockers__qwen3.5-4b__Bentel_iter_3,medium_frequency_words_clue_no_critic,instance_00018,Violated Request Count,0.0
324,wordle_withclue,Bentel rockers__qwen3.5-4b__Bentel_iter_3,medium_frequency_words_clue_no_critic,instance_00018,Request Success Ratio,1.0
325,wordle_withclue,Bentel rockers__qwen3.5-4b__Bentel_iter_3,medium_frequency_words_clue_no_critic,instance_00018,Main Score,33.33
326,wordle_withclue,Bentel rockers__qwen3.5-4b__Bentel_iter_3,medium_frequency_words_clue_no_critic,instance_00018,Guess Repetitions,0.0
327,textmapworld,Bentel rockers__qwen3.5-4b__Bentel_iter_3,large_cycle,instance_00049,Success,0.0
328,textmapworld,Bentel rockers__qwen3.5-4b__Bentel_iter_3,large_cycle,instance_00049,Aborted,0.0
329,textmapworld,Bentel rockers__qwen3.5-4b__Bentel_iter_3,large_cycle,instance_00049,Lose,1.0
330,textmapworld,Bentel rockers__qwen3.5-4b__Bentel_iter_3,large_cycle,instance_00049,moves,6.0
331,textmapworld,Bentel rockers__qwen3.5-4b__Bentel_iter_3,large_cycle,instance_00049,valid_moves,6.0
332,textmapworld,Bentel rockers__qwen3.5-4b__Bentel_iter_3,large_cycle,instance_00049,invalid_moves,0.0
333,textmapworld,Bentel rockers__qwen3.5-4b__Bentel_iter_3,large_cycle,instance_00049,stopped,1.0
334,textmapworld,Bentel rockers__qwen3.5-4b__Bentel_iter_3,large_cycle,instance_00049,turns_limit,0.0
335,textmapworld,Bentel rockers__qwen3.5-4b__Bentel_iter_3,large_cycle,instance_00049,loops,0.0
336,textmapworld,Bentel rockers__qwen3.5-4b__Bentel_iter_3,large_cycle,instance_00049,number_visited,6.0
337,textmapworld,Bentel rockers__qwen3.5-4b__Bentel_iter_3,large_cycle,instance_00049,seen,8.0
338,textmapworld,Bentel rockers__qwen3.5-4b__Bentel_iter_3,large_cycle,instance_00049,efficiency,33.33333333333333
339,textmapworld,Bentel rockers__qwen3.5-4b__Bentel_iter_3,large_cycle,instance_00049,exploration,75.0
340,textmapworld,Bentel rockers__qwen3.5-4b__Bentel_iter_3,large_cycle,instance_00049,Main Score,46.153846153846146
341,textmapworld,Bentel rockers__qwen3.5-4b__Bentel_iter_3,small,instance_00006,Success,0.0
342,textmapworld,Bentel rockers__qwen3.5-4b__Bentel_iter_3,small,instance_00006,Aborted,0.0
343,textmapworld,Bentel rockers__qwen3.5-4b__Bentel_iter_3,small,instance_00006,Lose,1.0
344,textmapworld,Bentel rockers__qwen3.5-4b__Bentel_iter_3,small,instance_00006,moves,2.0
345,textmapworld,Bentel rockers__qwen3.5-4b__Bentel_iter_3,small,instance_00006,valid_moves,2.0
346,textmapworld,Bentel rockers__qwen3.5-4b__Bentel_iter_3,small,instance_00006,invalid_moves,0.0
347,textmapworld,Bentel rockers__qwen3.5-4b__Bentel_iter_3,small,instance_00006,stopped,1.0
348,textmapworld,Bentel rockers__qwen3.5-4b__Bentel_iter_3,small,instance_00006,turns_limit,0.0
349,textmapworld,Bentel rockers__qwen3.5-4b__Bentel_iter_3,small,instance_00006,loops,0.0
350,textmapworld,Bentel rockers__qwen3.5-4b__Bentel_iter_3,small,instance_00006,number_visited,2.0
351,textmapworld,Bentel rockers__qwen3.5-4b__Bentel_iter_3,small,instance_00006,seen,4.0
352,textmapworld,Bentel rockers__qwen3.5-4b__Bentel_iter_3,small,instance_00006,efficiency,0.0
353,textmapworld,Bentel rockers__qwen3.5-4b__Bentel_iter_3,small,instance_00006,exploration,50.0
354,textmapworld,Bentel rockers__qwen3.5-4b__Bentel_iter_3,small,instance_00006,Main Score,0.0
355,textmapworld,Bentel rockers__qwen3.5-4b__Bentel_iter_3,large,instance_00028,Success,0.0
356,textmapworld,Bentel rockers__qwen3.5-4b__Bentel_iter_3,large,instance_00028,Aborted,0.0
357,textmapworld,Bentel rockers__qwen3.5-4b__Bentel_iter_3,large,instance_00028,Lose,1.0
358,textmapworld,Bentel rockers__qwen3.5-4b__Bentel_iter_3,large,instance_00028,moves,2.0
359,textmapworld,Bentel rockers__qwen3.5-4b__Bentel_iter_3,large,instance_00028,valid_moves,2.0
360,textmapworld,Bentel rockers__qwen3.5-4b__Bentel_iter_3,large,instance_00028,invalid_moves,0.0
361,textmapworld,Bentel rockers__qwen3.5-4b__Bentel_iter_3,large,instance_00028,stopped,1.0
362,textmapworld,Bentel rockers__qwen3.5-4b__Bentel_iter_3,large,instance_00028,turns_limit,0.0
363,textmapworld,Bentel rockers__qwen3.5-4b__Bentel_iter_3,large,instance_00028,loops,0.0
364,textmapworld,Bentel rockers__qwen3.5-4b__Bentel_iter_3,large,instance_00028,number_visited,2.0
365,textmapworld,Bentel rockers__qwen3.5-4b__Bentel_iter_3,large,instance_00028,seen,4.0
366,textmapworld,Bentel rockers__qwen3.5-4b__Bentel_iter_3,large,instance_00028,efficiency,50.0
367,textmapworld,Bentel rockers__qwen3.5-4b__Bentel_iter_3,large,instance_00028,exploration,25.0
368,textmapworld,Bentel rockers__qwen3.5-4b__Bentel_iter_3,large,instance_00028,Main Score,33.333333333333336
369,textmapworld,Bentel rockers__qwen3.5-4b__Bentel_iter_3,medium_cycle,instance_00034,Success,0.0
370,textmapworld,Bentel rockers__qwen3.5-4b__Bentel_iter_3,medium_cycle,instance_00034,Aborted,0.0
371,textmapworld,Bentel rockers__qwen3.5-4b__Bentel_iter_3,medium_cycle,instance_00034,Lose,1.0
372,textmapworld,Bentel rockers__qwen3.5-4b__Bentel_iter_3,medium_cycle,instance_00034,moves,2.0
373,textmapworld,Bentel rockers__qwen3.5-4b__Bentel_iter_3,medium_cycle,instance_00034,valid_moves,2.0
374,textmapworld,Bentel rockers__qwen3.5-4b__Bentel_iter_3,medium_cycle,instance_00034,invalid_moves,0.0
375,textmapworld,Bentel rockers__qwen3.5-4b__Bentel_iter_3,medium_cycle,instance_00034,stopped,1.0
376,textmapworld,Bentel rockers__qwen3.5-4b__Bentel_iter_3,medium_cycle,instance_00034,turns_limit,0.0
377,textmapworld,Bentel rockers__qwen3.5-4b__Bentel_iter_3,medium_cycle,instance_00034,loops,0.0
378,textmapworld,Bentel rockers__qwen3.5-4b__Bentel_iter_3,medium_cycle,instance_00034,number_visited,2.0
379,textmapworld,Bentel rockers__qwen3.5-4b__Bentel_iter_3,medium_cycle,instance_00034,seen,3.0
380,textmapworld,Bentel rockers__qwen3.5-4b__Bentel_iter_3,medium_cycle,instance_00034,efficiency,50.0
381,textmapworld,Bentel rockers__qwen3.5-4b__Bentel_iter_3,medium_cycle,instance_00034,exploration,33.33333333333333
382,textmapworld,Bentel rockers__qwen3.5-4b__Bentel_iter_3,medium_cycle,instance_00034,Main Score,40.0
383,textmapworld,Bentel rockers__qwen3.5-4b__Bentel_iter_3,medium,instance_00010,Success,0.0
384,textmapworld,Bentel rockers__qwen3.5-4b__Bentel_iter_3,medium,instance_00010,Aborted,0.0
385,textmapworld,Bentel rockers__qwen3.5-4b__Bentel_iter_3,medium,instance_00010,Lose,1.0
386,textmapworld,Bentel rockers__qwen3.5-4b__Bentel_iter_3,medium,instance_00010,moves,3.0
387,textmapworld,Bentel rockers__qwen3.5-4b__Bentel_iter_3,medium,instance_00010,valid_moves,3.0
388,textmapworld,Bentel rockers__qwen3.5-4b__Bentel_iter_3,medium,instance_00010,invalid_moves,0.0
389,textmapworld,Bentel rockers__qwen3.5-4b__Bentel_iter_3,medium,instance_00010,stopped,1.0
390,textmapworld,Bentel rockers__qwen3.5-4b__Bentel_iter_3,medium,instance_00010,turns_limit,0.0
391,textmapworld,Bentel rockers__qwen3.5-4b__Bentel_iter_3,medium,instance_00010,loops,0.0
392,textmapworld,Bentel rockers__qwen3.5-4b__Bentel_iter_3,medium,instance_00010,number_visited,3.0
393,textmapworld,Bentel rockers__qwen3.5-4b__Bentel_iter_3,medium,instance_00010,seen,5.0
394,textmapworld,Bentel rockers__qwen3.5-4b__Bentel_iter_3,medium,instance_00010,efficiency,33.33333333333333
395,textmapworld,Bentel rockers__qwen3.5-4b__Bentel_iter_3,medium,instance_00010,exploration,50.0
396,textmapworld,Bentel rockers__qwen3.5-4b__Bentel_iter_3,medium,instance_00010,Main Score,40.0
397,referencegame,Bentel rockers__qwen3.5-4b__Bentel_iter_3,line_grids_columns,instance_00013,Generated Expression Length,140.0
398,referencegame,Bentel rockers__qwen3.5-4b__Bentel_iter_3,line_grids_columns,instance_00013,Generated Expression Number of Tokens,25.0
399,referencegame,Bentel rockers__qwen3.5-4b__Bentel_iter_3,line_grids_columns,instance_00013,Aborted at Player 1,0.0
400,referencegame,Bentel rockers__qwen3.5-4b__Bentel_iter_3,line_grids_columns,instance_00013,Aborted at Player 2,0.0
401,referencegame,Bentel rockers__qwen3.5-4b__Bentel_iter_3,line_grids_columns,instance_00013,Request Count,2.0
402,referencegame,Bentel rockers__qwen3.5-4b__Bentel_iter_3,line_grids_columns,instance_00013,Parsed Request Count,2.0
403,referencegame,Bentel rockers__qwen3.5-4b__Bentel_iter_3,line_grids_columns,instance_00013,Violated Request Count,0.0
404,referencegame,Bentel rockers__qwen3.5-4b__Bentel_iter_3,line_grids_columns,instance_00013,Aborted,0.0
405,referencegame,Bentel rockers__qwen3.5-4b__Bentel_iter_3,line_grids_columns,instance_00013,Success,1.0
406,referencegame,Bentel rockers__qwen3.5-4b__Bentel_iter_3,line_grids_columns,instance_00013,Lose,0.0
407,referencegame,Bentel rockers__qwen3.5-4b__Bentel_iter_3,line_grids_columns,instance_00013,Main Score,100.0
408,referencegame,Bentel rockers__qwen3.5-4b__Bentel_iter_3,line_grids_columns,instance_00013,Request Success Ratio,1.0
409,referencegame,Bentel rockers__qwen3.5-4b__Bentel_iter_3,number_grids,instance_00017,Generated Expression Length,257.0
410,referencegame,Bentel rockers__qwen3.5-4b__Bentel_iter_3,number_grids,instance_00017,Generated Expression Number of Tokens,47.0
411,referencegame,Bentel rockers__qwen3.5-4b__Bentel_iter_3,number_grids,instance_00017,Aborted at Player 1,0.0
412,referencegame,Bentel rockers__qwen3.5-4b__Bentel_iter_3,number_grids,instance_00017,Aborted at Player 2,0.0
413,referencegame,Bentel rockers__qwen3.5-4b__Bentel_iter_3,number_grids,instance_00017,Request Count,2.0
414,referencegame,Bentel rockers__qwen3.5-4b__Bentel_iter_3,number_grids,instance_00017,Parsed Request Count,2.0
415,referencegame,Bentel rockers__qwen3.5-4b__Bentel_iter_3,number_grids,instance_00017,Violated Request Count,0.0
416,referencegame,Bentel rockers__qwen3.5-4b__Bentel_iter_3,number_grids,instance_00017,Aborted,0.0
417,referencegame,Bentel rockers__qwen3.5-4b__Bentel_iter_3,number_grids,instance_00017,Success,1.0
418,referencegame,Bentel rockers__qwen3.5-4b__Bentel_iter_3,number_grids,instance_00017,Lose,0.0
419,referencegame,Bentel rockers__qwen3.5-4b__Bentel_iter_3,number_grids,instance_00017,Main Score,100.0
420,referencegame,Bentel rockers__qwen3.5-4b__Bentel_iter_3,number_grids,instance_00017,Request Success Ratio,1.0
421,referencegame,Bentel rockers__qwen3.5-4b__Bentel_iter_3,line_grids_rows,instance_00017,Generated Expression Length,149.0
422,referencegame,Bentel rockers__qwen3.5-4b__Bentel_iter_3,line_grids_rows,instance_00017,Generated Expression Number of Tokens,25.0
423,referencegame,Bentel rockers__qwen3.5-4b__Bentel_iter_3,line_grids_rows,instance_00017,Aborted at Player 1,0.0
424,referencegame,Bentel rockers__qwen3.5-4b__Bentel_iter_3,line_grids_rows,instance_00017,Aborted at Player 2,0.0
425,referencegame,Bentel rockers__qwen3.5-4b__Bentel_iter_3,line_grids_rows,instance_00017,Request Count,2.0
426,referencegame,Bentel rockers__qwen3.5-4b__Bentel_iter_3,line_grids_rows,instance_00017,Parsed Request Count,2.0
427,referencegame,Bentel rockers__qwen3.5-4b__Bentel_iter_3,line_grids_rows,instance_00017,Violated Request Count,0.0
428,referencegame,Bentel rockers__qwen3.5-4b__Bentel_iter_3,line_grids_rows,instance_00017,Aborted,0.0
429,referencegame,Bentel rockers__qwen3.5-4b__Bentel_iter_3,line_grids_rows,instance_00017,Success,1.0
430,referencegame,Bentel rockers__qwen3.5-4b__Bentel_iter_3,line_grids_rows,instance_00017,Lose,0.0
431,referencegame,Bentel rockers__qwen3.5-4b__Bentel_iter_3,line_grids_rows,instance_00017,Main Score,100.0
432,referencegame,Bentel rockers__qwen3.5-4b__Bentel_iter_3,line_grids_rows,instance_00017,Request Success Ratio,1.0
433,referencegame,Bentel rockers__qwen3.5-4b__Bentel_iter_3,letter_grids,instance_00012,Generated Expression Length,158.0
434,referencegame,Bentel rockers__qwen3.5-4b__Bentel_iter_3,letter_grids,instance_00012,Generated Expression Number of Tokens,30.0
435,referencegame,Bentel rockers__qwen3.5-4b__Bentel_iter_3,letter_grids,instance_00012,Aborted at Player 1,0.0
436,referencegame,Bentel rockers__qwen3.5-4b__Bentel_iter_3,letter_grids,instance_00012,Aborted at Player 2,0.0
437,referencegame,Bentel rockers__qwen3.5-4b__Bentel_iter_3,letter_grids,instance_00012,Request Count,2.0
438,referencegame,Bentel rockers__qwen3.5-4b__Bentel_iter_3,letter_grids,instance_00012,Parsed Request Count,2.0
439,referencegame,Bentel rockers__qwen3.5-4b__Bentel_iter_3,letter_grids,instance_00012,Violated Request Count,0.0
440,referencegame,Bentel rockers__qwen3.5-4b__Bentel_iter_3,letter_grids,instance_00012,Aborted,0.0
441,referencegame,Bentel rockers__qwen3.5-4b__Bentel_iter_3,letter_grids,instance_00012,Success,1.0
442,referencegame,Bentel rockers__qwen3.5-4b__Bentel_iter_3,letter_grids,instance_00012,Lose,0.0
443,referencegame,Bentel rockers__qwen3.5-4b__Bentel_iter_3,letter_grids,instance_00012,Main Score,100.0
444,referencegame,Bentel rockers__qwen3.5-4b__Bentel_iter_3,letter_grids,instance_00012,Request Success Ratio,1.0
445,adventuregame,Bentel rockers__qwen3.5-4b__Bentel_iter_3,new-words_home-delivery_medium_basic_medium,instance_00002,Violated Request Count,0.0
446,adventuregame,Bentel rockers__qwen3.5-4b__Bentel_iter_3,new-words_home-delivery_medium_basic_medium,instance_00002,Parsed Request Count,50.0
447,adventuregame,Bentel rockers__qwen3.5-4b__Bentel_iter_3,new-words_home-delivery_medium_basic_medium,instance_00002,Request Count,50.0
448,adventuregame,Bentel rockers__qwen3.5-4b__Bentel_iter_3,new-words_home-delivery_medium_basic_medium,instance_00002,Request Success Ratio,1.0
449,adventuregame,Bentel rockers__qwen3.5-4b__Bentel_iter_3,new-words_home-delivery_medium_basic_medium,instance_00002,hallucination_count,0.0
450,adventuregame,Bentel rockers__qwen3.5-4b__Bentel_iter_3,new-words_home-delivery_medium_basic_medium,instance_00002,action_parsing_fail,49.0
451,adventuregame,Bentel rockers__qwen3.5-4b__Bentel_iter_3,new-words_home-delivery_medium_basic_medium,instance_00002,action_resolution_fail,0.0
452,adventuregame,Bentel rockers__qwen3.5-4b__Bentel_iter_3,new-words_home-delivery_medium_basic_medium,instance_00002,lark_exception,0.0
453,adventuregame,Bentel rockers__qwen3.5-4b__Bentel_iter_3,new-words_home-delivery_medium_basic_medium,instance_00002,malformed_command,1.0
454,adventuregame,Bentel rockers__qwen3.5-4b__Bentel_iter_3,new-words_home-delivery_medium_basic_medium,instance_00002,undefined_action_verb,0.0
455,adventuregame,Bentel rockers__qwen3.5-4b__Bentel_iter_3,new-words_home-delivery_medium_basic_medium,instance_00002,undefined_action,0.0
456,adventuregame,Bentel rockers__qwen3.5-4b__Bentel_iter_3,new-words_home-delivery_medium_basic_medium,instance_00002,undefined_repr_str,48.0
457,adventuregame,Bentel rockers__qwen3.5-4b__Bentel_iter_3,new-words_home-delivery_medium_basic_medium,instance_00002,manipulating_room,0.0
458,adventuregame,Bentel rockers__qwen3.5-4b__Bentel_iter_3,new-words_home-delivery_medium_basic_medium,instance_00002,undefined_argument_type,0.0
459,adventuregame,Bentel rockers__qwen3.5-4b__Bentel_iter_3,new-words_home-delivery_medium_basic_medium,instance_00002,taking_from_inventory,0.0
460,adventuregame,Bentel rockers__qwen3.5-4b__Bentel_iter_3,new-words_home-delivery_medium_basic_medium,instance_00002,other_room_argument,0.0
461,adventuregame,Bentel rockers__qwen3.5-4b__Bentel_iter_3,new-words_home-delivery_medium_basic_medium,instance_00002,domain_trait_type_mismatch,0.0
462,adventuregame,Bentel rockers__qwen3.5-4b__Bentel_iter_3,new-words_home-delivery_medium_basic_medium,instance_00002,domain_type_discrepancy,0.0
463,adventuregame,Bentel rockers__qwen3.5-4b__Bentel_iter_3,new-words_home-delivery_medium_basic_medium,instance_00002,world_state_discrepancy,0.0
464,adventuregame,Bentel rockers__qwen3.5-4b__Bentel_iter_3,new-words_home-delivery_medium_basic_medium,instance_00002,entity_not_accessible,0.0
465,adventuregame,Bentel rockers__qwen3.5-4b__Bentel_iter_3,new-words_home-delivery_medium_basic_medium,instance_00002,entity_state_mismatch,0.0
466,adventuregame,Bentel rockers__qwen3.5-4b__Bentel_iter_3,new-words_home-delivery_medium_basic_medium,instance_00002,entity_trait_mismatch,0.0
467,adventuregame,Bentel rockers__qwen3.5-4b__Bentel_iter_3,new-words_home-delivery_medium_basic_medium,instance_00002,entity_already_inventory,0.0
468,adventuregame,Bentel rockers__qwen3.5-4b__Bentel_iter_3,new-words_home-delivery_medium_basic_medium,instance_00002,going_to_current_room,0.0
469,adventuregame,Bentel rockers__qwen3.5-4b__Bentel_iter_3,new-words_home-delivery_medium_basic_medium,instance_00002,no_exit_to,0.0
470,adventuregame,Bentel rockers__qwen3.5-4b__Bentel_iter_3,new-words_home-delivery_medium_basic_medium,instance_00002,inventory_limit_exceeded,0.0
471,adventuregame,Bentel rockers__qwen3.5-4b__Bentel_iter_3,new-words_home-delivery_medium_basic_medium,instance_00002,successful_actions,1.0
472,adventuregame,Bentel rockers__qwen3.5-4b__Bentel_iter_3,new-words_home-delivery_medium_basic_medium,instance_00002,turn_limit_loss,1.0
473,adventuregame,Bentel rockers__qwen3.5-4b__Bentel_iter_3,new-words_home-delivery_medium_basic_medium,instance_00002,turns_over_par,
474,adventuregame,Bentel rockers__qwen3.5-4b__Bentel_iter_3,new-words_home-delivery_medium_basic_medium,instance_00002,turn_ratio,
475,adventuregame,Bentel rockers__qwen3.5-4b__Bentel_iter_3,new-words_home-delivery_medium_basic_medium,instance_00002,finish_speed,
476,adventuregame,Bentel rockers__qwen3.5-4b__Bentel_iter_3,new-words_home-delivery_medium_basic_medium,instance_00002,achieved_goal_ratio,0.0
477,adventuregame,Bentel rockers__qwen3.5-4b__Bentel_iter_3,new-words_home-delivery_medium_basic_medium,instance_00002,Aborted,1.0
478,adventuregame,Bentel rockers__qwen3.5-4b__Bentel_iter_3,new-words_home-delivery_medium_basic_medium,instance_00002,Success,0.0
479,adventuregame,Bentel rockers__qwen3.5-4b__Bentel_iter_3,new-words_home-delivery_medium_basic_medium,instance_00002,Lose,0.0
480,adventuregame,Bentel rockers__qwen3.5-4b__Bentel_iter_3,new-words_home-delivery_medium_basic_medium,instance_00002,Main Score,
481,adventuregame,Bentel rockers__qwen3.5-4b__Bentel_iter_3,new-words_home-delivery_medium_basic_medium,instance_00002,plan_followed_ratio,0.0
482,adventuregame,Bentel rockers__qwen3.5-4b__Bentel_iter_3,new-words_home-delivery_medium_basic_medium,instance_00002,plan_average_viability_ratio,0.0
483,adventuregame,Bentel rockers__qwen3.5-4b__Bentel_iter_3,new-words_home-delivery_medium_basic_medium,instance_00002,bad_plan_follow_ratio,0.0
484,adventuregame,Bentel rockers__qwen3.5-4b__Bentel_iter_3,new-words_home-delivery_medium_basic_medium,instance_00002,bad_plan_dismiss_ratio,1.0
485,adventuregame,Bentel rockers__qwen3.5-4b__Bentel_iter_3,potion_brewing_basic_undefined,instance_00004,Violated Request Count,0.0
486,adventuregame,Bentel rockers__qwen3.5-4b__Bentel_iter_3,potion_brewing_basic_undefined,instance_00004,Parsed Request Count,100.0
487,adventuregame,Bentel rockers__qwen3.5-4b__Bentel_iter_3,potion_brewing_basic_undefined,instance_00004,Request Count,100.0
488,adventuregame,Bentel rockers__qwen3.5-4b__Bentel_iter_3,potion_brewing_basic_undefined,instance_00004,Request Success Ratio,1.0
489,adventuregame,Bentel rockers__qwen3.5-4b__Bentel_iter_3,potion_brewing_basic_undefined,instance_00004,hallucination_count,0.0
490,adventuregame,Bentel rockers__qwen3.5-4b__Bentel_iter_3,potion_brewing_basic_undefined,instance_00004,action_parsing_fail,89.0
491,adventuregame,Bentel rockers__qwen3.5-4b__Bentel_iter_3,potion_brewing_basic_undefined,instance_00004,action_resolution_fail,5.0
492,adventuregame,Bentel rockers__qwen3.5-4b__Bentel_iter_3,potion_brewing_basic_undefined,instance_00004,lark_exception,3.0
493,adventuregame,Bentel rockers__qwen3.5-4b__Bentel_iter_3,potion_brewing_basic_undefined,instance_00004,malformed_command,0.0
494,adventuregame,Bentel rockers__qwen3.5-4b__Bentel_iter_3,potion_brewing_basic_undefined,instance_00004,undefined_action_verb,0.0
495,adventuregame,Bentel rockers__qwen3.5-4b__Bentel_iter_3,potion_brewing_basic_undefined,instance_00004,undefined_action,0.0
496,adventuregame,Bentel rockers__qwen3.5-4b__Bentel_iter_3,potion_brewing_basic_undefined,instance_00004,undefined_repr_str,86.0
497,adventuregame,Bentel rockers__qwen3.5-4b__Bentel_iter_3,potion_brewing_basic_undefined,instance_00004,manipulating_room,0.0
498,adventuregame,Bentel rockers__qwen3.5-4b__Bentel_iter_3,potion_brewing_basic_undefined,instance_00004,undefined_argument_type,0.0
499,adventuregame,Bentel rockers__qwen3.5-4b__Bentel_iter_3,potion_brewing_basic_undefined,instance_00004,taking_from_inventory,0.0
500,adventuregame,Bentel rockers__qwen3.5-4b__Bentel_iter_3,potion_brewing_basic_undefined,instance_00004,other_room_argument,0.0
501,adventuregame,Bentel rockers__qwen3.5-4b__Bentel_iter_3,potion_brewing_basic_undefined,instance_00004,domain_trait_type_mismatch,0.0
502,adventuregame,Bentel rockers__qwen3.5-4b__Bentel_iter_3,potion_brewing_basic_undefined,instance_00004,domain_type_discrepancy,0.0
503,adventuregame,Bentel rockers__qwen3.5-4b__Bentel_iter_3,potion_brewing_basic_undefined,instance_00004,world_state_discrepancy,0.0
504,adventuregame,Bentel rockers__qwen3.5-4b__Bentel_iter_3,potion_brewing_basic_undefined,instance_00004,entity_not_accessible,0.0
505,adventuregame,Bentel rockers__qwen3.5-4b__Bentel_iter_3,potion_brewing_basic_undefined,instance_00004,entity_state_mismatch,1.0
506,adventuregame,Bentel rockers__qwen3.5-4b__Bentel_iter_3,potion_brewing_basic_undefined,instance_00004,entity_trait_mismatch,0.0
507,adventuregame,Bentel rockers__qwen3.5-4b__Bentel_iter_3,potion_brewing_basic_undefined,instance_00004,entity_already_inventory,3.0
508,adventuregame,Bentel rockers__qwen3.5-4b__Bentel_iter_3,potion_brewing_basic_undefined,instance_00004,going_to_current_room,0.0
509,adventuregame,Bentel rockers__qwen3.5-4b__Bentel_iter_3,potion_brewing_basic_undefined,instance_00004,no_exit_to,0.0
510,adventuregame,Bentel rockers__qwen3.5-4b__Bentel_iter_3,potion_brewing_basic_undefined,instance_00004,inventory_limit_exceeded,0.0
511,adventuregame,Bentel rockers__qwen3.5-4b__Bentel_iter_3,potion_brewing_basic_undefined,instance_00004,successful_actions,6.0
512,adventuregame,Bentel rockers__qwen3.5-4b__Bentel_iter_3,potion_brewing_basic_undefined,instance_00004,turn_limit_loss,1.0
513,adventuregame,Bentel rockers__qwen3.5-4b__Bentel_iter_3,potion_brewing_basic_undefined,instance_00004,turns_over_par,
514,adventuregame,Bentel rockers__qwen3.5-4b__Bentel_iter_3,potion_brewing_basic_undefined,instance_00004,turn_ratio,
515,adventuregame,Bentel rockers__qwen3.5-4b__Bentel_iter_3,potion_brewing_basic_undefined,instance_00004,finish_speed,
516,adventuregame,Bentel rockers__qwen3.5-4b__Bentel_iter_3,potion_brewing_basic_undefined,instance_00004,achieved_goal_ratio,0.0
517,adventuregame,Bentel rockers__qwen3.5-4b__Bentel_iter_3,potion_brewing_basic_undefined,instance_00004,Aborted,1.0
518,adventuregame,Bentel rockers__qwen3.5-4b__Bentel_iter_3,potion_brewing_basic_undefined,instance_00004,Success,0.0
519,adventuregame,Bentel rockers__qwen3.5-4b__Bentel_iter_3,potion_brewing_basic_undefined,instance_00004,Lose,0.0
520,adventuregame,Bentel rockers__qwen3.5-4b__Bentel_iter_3,potion_brewing_basic_undefined,instance_00004,Main Score,
521,adventuregame,Bentel rockers__qwen3.5-4b__Bentel_iter_3,potion_brewing_basic_undefined,instance_00004,plan_followed_ratio,0.0
522,adventuregame,Bentel rockers__qwen3.5-4b__Bentel_iter_3,potion_brewing_basic_undefined,instance_00004,plan_average_viability_ratio,0.0
523,adventuregame,Bentel rockers__qwen3.5-4b__Bentel_iter_3,potion_brewing_basic_undefined,instance_00004,bad_plan_follow_ratio,0.0
524,adventuregame,Bentel rockers__qwen3.5-4b__Bentel_iter_3,potion_brewing_basic_undefined,instance_00004,bad_plan_dismiss_ratio,1.0
525,adventuregame,Bentel rockers__qwen3.5-4b__Bentel_iter_3,new-words_home-delivery_easy_basic_easy,instance_00002,Violated Request Count,0.0
526,adventuregame,Bentel rockers__qwen3.5-4b__Bentel_iter_3,new-words_home-delivery_easy_basic_easy,instance_00002,Parsed Request Count,50.0
527,adventuregame,Bentel rockers__qwen3.5-4b__Bentel_iter_3,new-words_home-delivery_easy_basic_easy,instance_00002,Request Count,50.0
528,adventuregame,Bentel rockers__qwen3.5-4b__Bentel_iter_3,new-words_home-delivery_easy_basic_easy,instance_00002,Request Success Ratio,1.0
529,adventuregame,Bentel rockers__qwen3.5-4b__Bentel_iter_3,new-words_home-delivery_easy_basic_easy,instance_00002,hallucination_count,0.0
530,adventuregame,Bentel rockers__qwen3.5-4b__Bentel_iter_3,new-words_home-delivery_easy_basic_easy,instance_00002,action_parsing_fail,9.0
531,adventuregame,Bentel rockers__qwen3.5-4b__Bentel_iter_3,new-words_home-delivery_easy_basic_easy,instance_00002,action_resolution_fail,18.0
532,adventuregame,Bentel rockers__qwen3.5-4b__Bentel_iter_3,new-words_home-delivery_easy_basic_easy,instance_00002,lark_exception,0.0
533,adventuregame,Bentel rockers__qwen3.5-4b__Bentel_iter_3,new-words_home-delivery_easy_basic_easy,instance_00002,malformed_command,8.0
534,adventuregame,Bentel rockers__qwen3.5-4b__Bentel_iter_3,new-words_home-delivery_easy_basic_easy,instance_00002,undefined_action_verb,1.0
535,adventuregame,Bentel rockers__qwen3.5-4b__Bentel_iter_3,new-words_home-delivery_easy_basic_easy,instance_00002,undefined_action,0.0
536,adventuregame,Bentel rockers__qwen3.5-4b__Bentel_iter_3,new-words_home-delivery_easy_basic_easy,instance_00002,undefined_repr_str,0.0
537,adventuregame,Bentel rockers__qwen3.5-4b__Bentel_iter_3,new-words_home-delivery_easy_basic_easy,instance_00002,manipulating_room,0.0
538,adventuregame,Bentel rockers__qwen3.5-4b__Bentel_iter_3,new-words_home-delivery_easy_basic_easy,instance_00002,undefined_argument_type,0.0
539,adventuregame,Bentel rockers__qwen3.5-4b__Bentel_iter_3,new-words_home-delivery_easy_basic_easy,instance_00002,taking_from_inventory,0.0
540,adventuregame,Bentel rockers__qwen3.5-4b__Bentel_iter_3,new-words_home-delivery_easy_basic_easy,instance_00002,other_room_argument,0.0
541,adventuregame,Bentel rockers__qwen3.5-4b__Bentel_iter_3,new-words_home-delivery_easy_basic_easy,instance_00002,domain_trait_type_mismatch,0.0
542,adventuregame,Bentel rockers__qwen3.5-4b__Bentel_iter_3,new-words_home-delivery_easy_basic_easy,instance_00002,domain_type_discrepancy,0.0
543,adventuregame,Bentel rockers__qwen3.5-4b__Bentel_iter_3,new-words_home-delivery_easy_basic_easy,instance_00002,world_state_discrepancy,0.0
544,adventuregame,Bentel rockers__qwen3.5-4b__Bentel_iter_3,new-words_home-delivery_easy_basic_easy,instance_00002,entity_not_accessible,7.0
545,adventuregame,Bentel rockers__qwen3.5-4b__Bentel_iter_3,new-words_home-delivery_easy_basic_easy,instance_00002,entity_state_mismatch,1.0
546,adventuregame,Bentel rockers__qwen3.5-4b__Bentel_iter_3,new-words_home-delivery_easy_basic_easy,instance_00002,entity_trait_mismatch,0.0
547,adventuregame,Bentel rockers__qwen3.5-4b__Bentel_iter_3,new-words_home-delivery_easy_basic_easy,instance_00002,entity_already_inventory,0.0
548,adventuregame,Bentel rockers__qwen3.5-4b__Bentel_iter_3,new-words_home-delivery_easy_basic_easy,instance_00002,going_to_current_room,0.0
549,adventuregame,Bentel rockers__qwen3.5-4b__Bentel_iter_3,new-words_home-delivery_easy_basic_easy,instance_00002,no_exit_to,10.0
550,adventuregame,Bentel rockers__qwen3.5-4b__Bentel_iter_3,new-words_home-delivery_easy_basic_easy,instance_00002,inventory_limit_exceeded,0.0
551,adventuregame,Bentel rockers__qwen3.5-4b__Bentel_iter_3,new-words_home-delivery_easy_basic_easy,instance_00002,successful_actions,23.0
552,adventuregame,Bentel rockers__qwen3.5-4b__Bentel_iter_3,new-words_home-delivery_easy_basic_easy,instance_00002,turn_limit_loss,1.0
553,adventuregame,Bentel rockers__qwen3.5-4b__Bentel_iter_3,new-words_home-delivery_easy_basic_easy,instance_00002,turns_over_par,
554,adventuregame,Bentel rockers__qwen3.5-4b__Bentel_iter_3,new-words_home-delivery_easy_basic_easy,instance_00002,turn_ratio,
555,adventuregame,Bentel rockers__qwen3.5-4b__Bentel_iter_3,new-words_home-delivery_easy_basic_easy,instance_00002,finish_speed,
556,adventuregame,Bentel rockers__qwen3.5-4b__Bentel_iter_3,new-words_home-delivery_easy_basic_easy,instance_00002,achieved_goal_ratio,0.0
557,adventuregame,Bentel rockers__qwen3.5-4b__Bentel_iter_3,new-words_home-delivery_easy_basic_easy,instance_00002,Aborted,1.0
558,adventuregame,Bentel rockers__qwen3.5-4b__Bentel_iter_3,new-words_home-delivery_easy_basic_easy,instance_00002,Success,0.0
559,adventuregame,Bentel rockers__qwen3.5-4b__Bentel_iter_3,new-words_home-delivery_easy_basic_easy,instance_00002,Lose,0.0
560,adventuregame,Bentel rockers__qwen3.5-4b__Bentel_iter_3,new-words_home-delivery_easy_basic_easy,instance_00002,Main Score,
561,adventuregame,Bentel rockers__qwen3.5-4b__Bentel_iter_3,new-words_home-delivery_easy_basic_easy,instance_00002,plan_followed_ratio,0.0
562,adventuregame,Bentel rockers__qwen3.5-4b__Bentel_iter_3,new-words_home-delivery_easy_basic_easy,instance_00002,plan_average_viability_ratio,0.0
563,adventuregame,Bentel rockers__qwen3.5-4b__Bentel_iter_3,new-words_home-delivery_easy_basic_easy,instance_00002,bad_plan_follow_ratio,0.0
564,adventuregame,Bentel rockers__qwen3.5-4b__Bentel_iter_3,new-words_home-delivery_easy_basic_easy,instance_00002,bad_plan_dismiss_ratio,1.0
565,adventuregame,Bentel rockers__qwen3.5-4b__Bentel_iter_3,new-words_created_basic_hard,instance_00000,Violated Request Count,0.0
566,adventuregame,Bentel rockers__qwen3.5-4b__Bentel_iter_3,new-words_created_basic_hard,instance_00000,Parsed Request Count,50.0
567,adventuregame,Bentel rockers__qwen3.5-4b__Bentel_iter_3,new-words_created_basic_hard,instance_00000,Request Count,50.0
568,adventuregame,Bentel rockers__qwen3.5-4b__Bentel_iter_3,new-words_created_basic_hard,instance_00000,Request Success Ratio,1.0
569,adventuregame,Bentel rockers__qwen3.5-4b__Bentel_iter_3,new-words_created_basic_hard,instance_00000,hallucination_count,0.0
570,adventuregame,Bentel rockers__qwen3.5-4b__Bentel_iter_3,new-words_created_basic_hard,instance_00000,action_parsing_fail,48.0
571,adventuregame,Bentel rockers__qwen3.5-4b__Bentel_iter_3,new-words_created_basic_hard,instance_00000,action_resolution_fail,0.0
572,adventuregame,Bentel rockers__qwen3.5-4b__Bentel_iter_3,new-words_created_basic_hard,instance_00000,lark_exception,0.0
573,adventuregame,Bentel rockers__qwen3.5-4b__Bentel_iter_3,new-words_created_basic_hard,instance_00000,malformed_command,0.0
574,adventuregame,Bentel rockers__qwen3.5-4b__Bentel_iter_3,new-words_created_basic_hard,instance_00000,undefined_action_verb,48.0
575,adventuregame,Bentel rockers__qwen3.5-4b__Bentel_iter_3,new-words_created_basic_hard,instance_00000,undefined_action,0.0
576,adventuregame,Bentel rockers__qwen3.5-4b__Bentel_iter_3,new-words_created_basic_hard,instance_00000,undefined_repr_str,0.0
577,adventuregame,Bentel rockers__qwen3.5-4b__Bentel_iter_3,new-words_created_basic_hard,instance_00000,manipulating_room,0.0
578,adventuregame,Bentel rockers__qwen3.5-4b__Bentel_iter_3,new-words_created_basic_hard,instance_00000,undefined_argument_type,0.0
579,adventuregame,Bentel rockers__qwen3.5-4b__Bentel_iter_3,new-words_created_basic_hard,instance_00000,taking_from_inventory,0.0
580,adventuregame,Bentel rockers__qwen3.5-4b__Bentel_iter_3,new-words_created_basic_hard,instance_00000,other_room_argument,0.0
581,adventuregame,Bentel rockers__qwen3.5-4b__Bentel_iter_3,new-words_created_basic_hard,instance_00000,domain_trait_type_mismatch,0.0
582,adventuregame,Bentel rockers__qwen3.5-4b__Bentel_iter_3,new-words_created_basic_hard,instance_00000,domain_type_discrepancy,0.0
583,adventuregame,Bentel rockers__qwen3.5-4b__Bentel_iter_3,new-words_created_basic_hard,instance_00000,world_state_discrepancy,0.0
584,adventuregame,Bentel rockers__qwen3.5-4b__Bentel_iter_3,new-words_created_basic_hard,instance_00000,entity_not_accessible,0.0
585,adventuregame,Bentel rockers__qwen3.5-4b__Bentel_iter_3,new-words_created_basic_hard,instance_00000,entity_state_mismatch,0.0
586,adventuregame,Bentel rockers__qwen3.5-4b__Bentel_iter_3,new-words_created_basic_hard,instance_00000,entity_trait_mismatch,0.0
587,adventuregame,Bentel rockers__qwen3.5-4b__Bentel_iter_3,new-words_created_basic_hard,instance_00000,entity_already_inventory,0.0
588,adventuregame,Bentel rockers__qwen3.5-4b__Bentel_iter_3,new-words_created_basic_hard,instance_00000,going_to_current_room,0.0
589,adventuregame,Bentel rockers__qwen3.5-4b__Bentel_iter_3,new-words_created_basic_hard,instance_00000,no_exit_to,0.0
590,adventuregame,Bentel rockers__qwen3.5-4b__Bentel_iter_3,new-words_created_basic_hard,instance_00000,inventory_limit_exceeded,0.0
591,adventuregame,Bentel rockers__qwen3.5-4b__Bentel_iter_3,new-words_created_basic_hard,instance_00000,successful_actions,2.0
592,adventuregame,Bentel rockers__qwen3.5-4b__Bentel_iter_3,new-words_created_basic_hard,instance_00000,turn_limit_loss,1.0
593,adventuregame,Bentel rockers__qwen3.5-4b__Bentel_iter_3,new-words_created_basic_hard,instance_00000,turns_over_par,
594,adventuregame,Bentel rockers__qwen3.5-4b__Bentel_iter_3,new-words_created_basic_hard,instance_00000,turn_ratio,
595,adventuregame,Bentel rockers__qwen3.5-4b__Bentel_iter_3,new-words_created_basic_hard,instance_00000,finish_speed,
596,adventuregame,Bentel rockers__qwen3.5-4b__Bentel_iter_3,new-words_created_basic_hard,instance_00000,achieved_goal_ratio,0.0
597,adventuregame,Bentel rockers__qwen3.5-4b__Bentel_iter_3,new-words_created_basic_hard,instance_00000,Aborted,1.0
598,adventuregame,Bentel rockers__qwen3.5-4b__Bentel_iter_3,new-words_created_basic_hard,instance_00000,Success,0.0
599,adventuregame,Bentel rockers__qwen3.5-4b__Bentel_iter_3,new-words_created_basic_hard,instance_00000,Lose,0.0
600,adventuregame,Bentel rockers__qwen3.5-4b__Bentel_iter_3,new-words_created_basic_hard,instance_00000,Main Score,
601,adventuregame,Bentel rockers__qwen3.5-4b__Bentel_iter_3,new-words_created_basic_hard,instance_00000,plan_followed_ratio,0.0
602,adventuregame,Bentel rockers__qwen3.5-4b__Bentel_iter_3,new-words_created_basic_hard,instance_00000,plan_average_viability_ratio,0.0
603,adventuregame,Bentel rockers__qwen3.5-4b__Bentel_iter_3,new-words_created_basic_hard,instance_00000,bad_plan_follow_ratio,0.0
604,adventuregame,Bentel rockers__qwen3.5-4b__Bentel_iter_3,new-words_created_basic_hard,instance_00000,bad_plan_dismiss_ratio,1.0
605,adventuregame,Bentel rockers__qwen3.5-4b__Bentel_iter_3,home_deliver_three_basic_hard_invlimittwo,instance_00000,Violated Request Count,0.0
606,adventuregame,Bentel rockers__qwen3.5-4b__Bentel_iter_3,home_deliver_three_basic_hard_invlimittwo,instance_00000,Parsed Request Count,36.0
607,adventuregame,Bentel rockers__qwen3.5-4b__Bentel_iter_3,home_deliver_three_basic_hard_invlimittwo,instance_00000,Request Count,36.0
608,adventuregame,Bentel rockers__qwen3.5-4b__Bentel_iter_3,home_deliver_three_basic_hard_invlimittwo,instance_00000,Request Success Ratio,1.0
609,adventuregame,Bentel rockers__qwen3.5-4b__Bentel_iter_3,home_deliver_three_basic_hard_invlimittwo,instance_00000,hallucination_count,1.0
610,adventuregame,Bentel rockers__qwen3.5-4b__Bentel_iter_3,home_deliver_three_basic_hard_invlimittwo,instance_00000,action_parsing_fail,1.0
611,adventuregame,Bentel rockers__qwen3.5-4b__Bentel_iter_3,home_deliver_three_basic_hard_invlimittwo,instance_00000,action_resolution_fail,9.0
612,adventuregame,Bentel rockers__qwen3.5-4b__Bentel_iter_3,home_deliver_three_basic_hard_invlimittwo,instance_00000,lark_exception,0.0
613,adventuregame,Bentel rockers__qwen3.5-4b__Bentel_iter_3,home_deliver_three_basic_hard_invlimittwo,instance_00000,malformed_command,0.0
614,adventuregame,Bentel rockers__qwen3.5-4b__Bentel_iter_3,home_deliver_three_basic_hard_invlimittwo,instance_00000,undefined_action_verb,1.0
615,adventuregame,Bentel rockers__qwen3.5-4b__Bentel_iter_3,home_deliver_three_basic_hard_invlimittwo,instance_00000,undefined_action,0.0
616,adventuregame,Bentel rockers__qwen3.5-4b__Bentel_iter_3,home_deliver_three_basic_hard_invlimittwo,instance_00000,undefined_repr_str,0.0
617,adventuregame,Bentel rockers__qwen3.5-4b__Bentel_iter_3,home_deliver_three_basic_hard_invlimittwo,instance_00000,manipulating_room,0.0
618,adventuregame,Bentel rockers__qwen3.5-4b__Bentel_iter_3,home_deliver_three_basic_hard_invlimittwo,instance_00000,undefined_argument_type,0.0
619,adventuregame,Bentel rockers__qwen3.5-4b__Bentel_iter_3,home_deliver_three_basic_hard_invlimittwo,instance_00000,taking_from_inventory,0.0
620,adventuregame,Bentel rockers__qwen3.5-4b__Bentel_iter_3,home_deliver_three_basic_hard_invlimittwo,instance_00000,other_room_argument,0.0
621,adventuregame,Bentel rockers__qwen3.5-4b__Bentel_iter_3,home_deliver_three_basic_hard_invlimittwo,instance_00000,domain_trait_type_mismatch,0.0
622,adventuregame,Bentel rockers__qwen3.5-4b__Bentel_iter_3,home_deliver_three_basic_hard_invlimittwo,instance_00000,domain_type_discrepancy,0.0
623,adventuregame,Bentel rockers__qwen3.5-4b__Bentel_iter_3,home_deliver_three_basic_hard_invlimittwo,instance_00000,world_state_discrepancy,0.0
624,adventuregame,Bentel rockers__qwen3.5-4b__Bentel_iter_3,home_deliver_three_basic_hard_invlimittwo,instance_00000,entity_not_accessible,5.0
625,adventuregame,Bentel rockers__qwen3.5-4b__Bentel_iter_3,home_deliver_three_basic_hard_invlimittwo,instance_00000,entity_state_mismatch,0.0
626,adventuregame,Bentel rockers__qwen3.5-4b__Bentel_iter_3,home_deliver_three_basic_hard_invlimittwo,instance_00000,entity_trait_mismatch,0.0
627,adventuregame,Bentel rockers__qwen3.5-4b__Bentel_iter_3,home_deliver_three_basic_hard_invlimittwo,instance_00000,entity_already_inventory,0.0
628,adventuregame,Bentel rockers__qwen3.5-4b__Bentel_iter_3,home_deliver_three_basic_hard_invlimittwo,instance_00000,going_to_current_room,0.0
629,adventuregame,Bentel rockers__qwen3.5-4b__Bentel_iter_3,home_deliver_three_basic_hard_invlimittwo,instance_00000,no_exit_to,3.0
630,adventuregame,Bentel rockers__qwen3.5-4b__Bentel_iter_3,home_deliver_three_basic_hard_invlimittwo,instance_00000,inventory_limit_exceeded,1.0
631,adventuregame,Bentel rockers__qwen3.5-4b__Bentel_iter_3,home_deliver_three_basic_hard_invlimittwo,instance_00000,successful_actions,26.0
632,adventuregame,Bentel rockers__qwen3.5-4b__Bentel_iter_3,home_deliver_three_basic_hard_invlimittwo,instance_00000,turn_limit_loss,0.0
633,adventuregame,Bentel rockers__qwen3.5-4b__Bentel_iter_3,home_deliver_three_basic_hard_invlimittwo,instance_00000,turns_over_par,
634,adventuregame,Bentel rockers__qwen3.5-4b__Bentel_iter_3,home_deliver_three_basic_hard_invlimittwo,instance_00000,turn_ratio,
635,adventuregame,Bentel rockers__qwen3.5-4b__Bentel_iter_3,home_deliver_three_basic_hard_invlimittwo,instance_00000,finish_speed,
636,adventuregame,Bentel rockers__qwen3.5-4b__Bentel_iter_3,home_deliver_three_basic_hard_invlimittwo,instance_00000,achieved_goal_ratio,0.3333333333333333
637,adventuregame,Bentel rockers__qwen3.5-4b__Bentel_iter_3,home_deliver_three_basic_hard_invlimittwo,instance_00000,Aborted,0.0
638,adventuregame,Bentel rockers__qwen3.5-4b__Bentel_iter_3,home_deliver_three_basic_hard_invlimittwo,instance_00000,Success,0.0
639,adventuregame,Bentel rockers__qwen3.5-4b__Bentel_iter_3,home_deliver_three_basic_hard_invlimittwo,instance_00000,Lose,1.0
640,adventuregame,Bentel rockers__qwen3.5-4b__Bentel_iter_3,home_deliver_three_basic_hard_invlimittwo,instance_00000,Main Score,33.33333333333333
641,adventuregame,Bentel rockers__qwen3.5-4b__Bentel_iter_3,home_deliver_three_basic_hard_invlimittwo,instance_00000,plan_followed_ratio,0.0
642,adventuregame,Bentel rockers__qwen3.5-4b__Bentel_iter_3,home_deliver_three_basic_hard_invlimittwo,instance_00000,plan_average_viability_ratio,0.0
643,adventuregame,Bentel rockers__qwen3.5-4b__Bentel_iter_3,home_deliver_three_basic_hard_invlimittwo,instance_00000,bad_plan_follow_ratio,0.0
644,adventuregame,Bentel rockers__qwen3.5-4b__Bentel_iter_3,home_deliver_three_basic_hard_invlimittwo,instance_00000,bad_plan_dismiss_ratio,1.0
645,textmapworld_specificroom,Bentel rockers__qwen3.5-4b__Bentel_iter_3,on,instance_00000,Success,1.0
646,textmapworld_specificroom,Bentel rockers__qwen3.5-4b__Bentel_iter_3,on,instance_00000,Aborted,0.0
647,textmapworld_specificroom,Bentel rockers__qwen3.5-4b__Bentel_iter_3,on,instance_00000,Lose,0.0
648,textmapworld_specificroom,Bentel rockers__qwen3.5-4b__Bentel_iter_3,on,instance_00000,moves,0.0
649,textmapworld_specificroom,Bentel rockers__qwen3.5-4b__Bentel_iter_3,on,instance_00000,valid_moves,0.0
650,textmapworld_specificroom,Bentel rockers__qwen3.5-4b__Bentel_iter_3,on,instance_00000,invalid_moves,0.0
651,textmapworld_specificroom,Bentel rockers__qwen3.5-4b__Bentel_iter_3,on,instance_00000,stopped,1.0
652,textmapworld_specificroom,Bentel rockers__qwen3.5-4b__Bentel_iter_3,on,instance_00000,turns_limit,0.0
653,textmapworld_specificroom,Bentel rockers__qwen3.5-4b__Bentel_iter_3,on,instance_00000,loops,0.0
654,textmapworld_specificroom,Bentel rockers__qwen3.5-4b__Bentel_iter_3,on,instance_00000,number_visited,1.0
655,textmapworld_specificroom,Bentel rockers__qwen3.5-4b__Bentel_iter_3,on,instance_00000,seen,3.0
656,textmapworld_specificroom,Bentel rockers__qwen3.5-4b__Bentel_iter_3,on,instance_00000,efficiency,0.0
657,textmapworld_specificroom,Bentel rockers__qwen3.5-4b__Bentel_iter_3,on,instance_00000,exploration,12.5
658,textmapworld_specificroom,Bentel rockers__qwen3.5-4b__Bentel_iter_3,on,instance_00000,old_benchscore,0.0
659,textmapworld_specificroom,Bentel rockers__qwen3.5-4b__Bentel_iter_3,on,instance_00000,Main Score,100.0
660,textmapworld_specificroom,Bentel rockers__qwen3.5-4b__Bentel_iter_3,far,instance_00027,Success,0.0
661,textmapworld_specificroom,Bentel rockers__qwen3.5-4b__Bentel_iter_3,far,instance_00027,Aborted,0.0
662,textmapworld_specificroom,Bentel rockers__qwen3.5-4b__Bentel_iter_3,far,instance_00027,Lose,1.0
663,textmapworld_specificroom,Bentel rockers__qwen3.5-4b__Bentel_iter_3,far,instance_00027,moves,5.0
664,textmapworld_specificroom,Bentel rockers__qwen3.5-4b__Bentel_iter_3,far,instance_00027,valid_moves,5.0
665,textmapworld_specificroom,Bentel rockers__qwen3.5-4b__Bentel_iter_3,far,instance_00027,invalid_moves,0.0
666,textmapworld_specificroom,Bentel rockers__qwen3.5-4b__Bentel_iter_3,far,instance_00027,stopped,1.0
667,textmapworld_specificroom,Bentel rockers__qwen3.5-4b__Bentel_iter_3,far,instance_00027,turns_limit,0.0
668,textmapworld_specificroom,Bentel rockers__qwen3.5-4b__Bentel_iter_3,far,instance_00027,loops,0.0
669,textmapworld_specificroom,Bentel rockers__qwen3.5-4b__Bentel_iter_3,far,instance_00027,number_visited,3.0
670,textmapworld_specificroom,Bentel rockers__qwen3.5-4b__Bentel_iter_3,far,instance_00027,seen,4.0
671,textmapworld_specificroom,Bentel rockers__qwen3.5-4b__Bentel_iter_3,far,instance_00027,efficiency,80.0
672,textmapworld_specificroom,Bentel rockers__qwen3.5-4b__Bentel_iter_3,far,instance_00027,exploration,37.5
673,textmapworld_specificroom,Bentel rockers__qwen3.5-4b__Bentel_iter_3,far,instance_00027,old_benchscore,51.06382978723404
674,textmapworld_specificroom,Bentel rockers__qwen3.5-4b__Bentel_iter_3,far,instance_00027,Main Score,0.0
675,textmapworld_specificroom,Bentel rockers__qwen3.5-4b__Bentel_iter_3,close,instance_00017,Success,1.0
676,textmapworld_specificroom,Bentel rockers__qwen3.5-4b__Bentel_iter_3,close,instance_00017,Aborted,0.0
677,textmapworld_specificroom,Bentel rockers__qwen3.5-4b__Bentel_iter_3,close,instance_00017,Lose,0.0
678,textmapworld_specificroom,Bentel rockers__qwen3.5-4b__Bentel_iter_3,close,instance_00017,moves,18.0
679,textmapworld_specificroom,Bentel rockers__qwen3.5-4b__Bentel_iter_3,close,instance_00017,valid_moves,18.0
680,textmapworld_specificroom,Bentel rockers__qwen3.5-4b__Bentel_iter_3,close,instance_00017,invalid_moves,0.0
681,textmapworld_specificroom,Bentel rockers__qwen3.5-4b__Bentel_iter_3,close,instance_00017,stopped,1.0
682,textmapworld_specificroom,Bentel rockers__qwen3.5-4b__Bentel_iter_3,close,instance_00017,turns_limit,0.0
683,textmapworld_specificroom,Bentel rockers__qwen3.5-4b__Bentel_iter_3,close,instance_00017,loops,1.0
684,textmapworld_specificroom,Bentel rockers__qwen3.5-4b__Bentel_iter_3,close,instance_00017,number_visited,5.0
685,textmapworld_specificroom,Bentel rockers__qwen3.5-4b__Bentel_iter_3,close,instance_00017,seen,6.0
686,textmapworld_specificroom,Bentel rockers__qwen3.5-4b__Bentel_iter_3,close,instance_00017,efficiency,66.66666666666666
687,textmapworld_specificroom,Bentel rockers__qwen3.5-4b__Bentel_iter_3,close,instance_00017,exploration,62.5
688,textmapworld_specificroom,Bentel rockers__qwen3.5-4b__Bentel_iter_3,close,instance_00017,old_benchscore,64.51612903225806
689,textmapworld_specificroom,Bentel rockers__qwen3.5-4b__Bentel_iter_3,close,instance_00017,Main Score,100.0
690,imagegame,Bentel rockers__qwen3.5-4b__Bentel_iter_3,random_grids,instance_00014,Precision,80.0
691,imagegame,Bentel rockers__qwen3.5-4b__Bentel_iter_3,random_grids,instance_00014,Recall,80.0
692,imagegame,Bentel rockers__qwen3.5-4b__Bentel_iter_3,random_grids,instance_00014,F1,80.0
693,imagegame,Bentel rockers__qwen3.5-4b__Bentel_iter_3,random_grids,instance_00014,Main Score,80.0
694,imagegame,Bentel rockers__qwen3.5-4b__Bentel_iter_3,random_grids,instance_00014,Average Changed Cell Count,1.0
695,imagegame,Bentel rockers__qwen3.5-4b__Bentel_iter_3,random_grids,instance_00014,Average Generated Instruction Length,43.8
696,imagegame,Bentel rockers__qwen3.5-4b__Bentel_iter_3,random_grids,instance_00014,Average Generated Expression Number of Tokens,9.0
697,imagegame,Bentel rockers__qwen3.5-4b__Bentel_iter_3,random_grids,instance_00014,Success,0.0
698,imagegame,Bentel rockers__qwen3.5-4b__Bentel_iter_3,random_grids,instance_00014,Lose,1.0
699,imagegame,Bentel rockers__qwen3.5-4b__Bentel_iter_3,random_grids,instance_00014,Aborted,0.0
700,imagegame,Bentel rockers__qwen3.5-4b__Bentel_iter_3,random_grids,instance_00014,Request Count,32.0
701,imagegame,Bentel rockers__qwen3.5-4b__Bentel_iter_3,random_grids,instance_00014,Violated Request Count,0.0
702,imagegame,Bentel rockers__qwen3.5-4b__Bentel_iter_3,random_grids,instance_00014,Parsed Request Count,32.0
703,imagegame,Bentel rockers__qwen3.5-4b__Bentel_iter_3,random_grids,instance_00014,Request Success Ratio,1.0
704,imagegame,Bentel rockers__qwen3.5-4b__Bentel_iter_3,random_grids,instance_00016,Precision,67.0
705,imagegame,Bentel rockers__qwen3.5-4b__Bentel_iter_3,random_grids,instance_00016,Recall,75.0
706,imagegame,Bentel rockers__qwen3.5-4b__Bentel_iter_3,random_grids,instance_00016,F1,71.0
707,imagegame,Bentel rockers__qwen3.5-4b__Bentel_iter_3,random_grids,instance_00016,Main Score,71.0
708,imagegame,Bentel rockers__qwen3.5-4b__Bentel_iter_3,random_grids,instance_00016,Average Changed Cell Count,1.125
709,imagegame,Bentel rockers__qwen3.5-4b__Bentel_iter_3,random_grids,instance_00016,Average Generated Instruction Length,42.875
710,imagegame,Bentel rockers__qwen3.5-4b__Bentel_iter_3,random_grids,instance_00016,Average Generated Expression Number of Tokens,9.0
711,imagegame,Bentel rockers__qwen3.5-4b__Bentel_iter_3,random_grids,instance_00016,Success,0.0
712,imagegame,Bentel rockers__qwen3.5-4b__Bentel_iter_3,random_grids,instance_00016,Lose,1.0
713,imagegame,Bentel rockers__qwen3.5-4b__Bentel_iter_3,random_grids,instance_00016,Aborted,0.0
714,imagegame,Bentel rockers__qwen3.5-4b__Bentel_iter_3,random_grids,instance_00016,Request Count,50.0
715,imagegame,Bentel rockers__qwen3.5-4b__Bentel_iter_3,random_grids,instance_00016,Violated Request Count,0.0
716,imagegame,Bentel rockers__qwen3.5-4b__Bentel_iter_3,random_grids,instance_00016,Parsed Request Count,50.0
717,imagegame,Bentel rockers__qwen3.5-4b__Bentel_iter_3,random_grids,instance_00016,Request Success Ratio,1.0
718,imagegame,Bentel rockers__qwen3.5-4b__Bentel_iter_3,compact_grids,instance_00019,Precision,100.0
719,imagegame,Bentel rockers__qwen3.5-4b__Bentel_iter_3,compact_grids,instance_00019,Recall,87.0
720,imagegame,Bentel rockers__qwen3.5-4b__Bentel_iter_3,compact_grids,instance_00019,F1,93.0
721,imagegame,Bentel rockers__qwen3.5-4b__Bentel_iter_3,compact_grids,instance_00019,Main Score,93.0
722,imagegame,Bentel rockers__qwen3.5-4b__Bentel_iter_3,compact_grids,instance_00019,Average Changed Cell Count,1.0
723,imagegame,Bentel rockers__qwen3.5-4b__Bentel_iter_3,compact_grids,instance_00019,Average Generated Instruction Length,43.6923
724,imagegame,Bentel rockers__qwen3.5-4b__Bentel_iter_3,compact_grids,instance_00019,Average Generated Expression Number of Tokens,9.0
725,imagegame,Bentel rockers__qwen3.5-4b__Bentel_iter_3,compact_grids,instance_00019,Success,0.0
726,imagegame,Bentel rockers__qwen3.5-4b__Bentel_iter_3,compact_grids,instance_00019,Lose,1.0
727,imagegame,Bentel rockers__qwen3.5-4b__Bentel_iter_3,compact_grids,instance_00019,Aborted,0.0
728,imagegame,Bentel rockers__qwen3.5-4b__Bentel_iter_3,compact_grids,instance_00019,Request Count,80.0
729,imagegame,Bentel rockers__qwen3.5-4b__Bentel_iter_3,compact_grids,instance_00019,Violated Request Count,0.0
730,imagegame,Bentel rockers__qwen3.5-4b__Bentel_iter_3,compact_grids,instance_00019,Parsed Request Count,80.0
731,imagegame,Bentel rockers__qwen3.5-4b__Bentel_iter_3,compact_grids,instance_00019,Request Success Ratio,1.0
732,imagegame,Bentel rockers__qwen3.5-4b__Bentel_iter_3,compact_grids,instance_00002,Precision,75.0
733,imagegame,Bentel rockers__qwen3.5-4b__Bentel_iter_3,compact_grids,instance_00002,Recall,69.0
734,imagegame,Bentel rockers__qwen3.5-4b__Bentel_iter_3,compact_grids,instance_00002,F1,72.0
735,imagegame,Bentel rockers__qwen3.5-4b__Bentel_iter_3,compact_grids,instance_00002,Main Score,72.0
736,imagegame,Bentel rockers__qwen3.5-4b__Bentel_iter_3,compact_grids,instance_00002,Average Changed Cell Count,1.3333
737,imagegame,Bentel rockers__qwen3.5-4b__Bentel_iter_3,compact_grids,instance_00002,Average Generated Instruction Length,42.0
738,imagegame,Bentel rockers__qwen3.5-4b__Bentel_iter_3,compact_grids,instance_00002,Average Generated Expression Number of Tokens,9.0
739,imagegame,Bentel rockers__qwen3.5-4b__Bentel_iter_3,compact_grids,instance_00002,Success,0.0
740,imagegame,Bentel rockers__qwen3.5-4b__Bentel_iter_3,compact_grids,instance_00002,Lose,1.0
741,imagegame,Bentel rockers__qwen3.5-4b__Bentel_iter_3,compact_grids,instance_00002,Aborted,0.0
742,imagegame,Bentel rockers__qwen3.5-4b__Bentel_iter_3,compact_grids,instance_00002,Request Count,56.0
743,imagegame,Bentel rockers__qwen3.5-4b__Bentel_iter_3,compact_grids,instance_00002,Violated Request Count,0.0
744,imagegame,Bentel rockers__qwen3.5-4b__Bentel_iter_3,compact_grids,instance_00002,Parsed Request Count,56.0
745,imagegame,Bentel rockers__qwen3.5-4b__Bentel_iter_3,compact_grids,instance_00002,Request Success Ratio,1.0
746,textmapworld_graphreasoning,Bentel rockers__qwen3.5-4b__Bentel_iter_3,small,instance_00009,Success,0.0
747,textmapworld_graphreasoning,Bentel rockers__qwen3.5-4b__Bentel_iter_3,small,instance_00009,Aborted,0.0
748,textmapworld_graphreasoning,Bentel rockers__qwen3.5-4b__Bentel_iter_3,small,instance_00009,Lose,1.0
749,textmapworld_graphreasoning,Bentel rockers__qwen3.5-4b__Bentel_iter_3,small,instance_00009,moves,5.0
750,textmapworld_graphreasoning,Bentel rockers__qwen3.5-4b__Bentel_iter_3,small,instance_00009,valid_moves,5.0
751,textmapworld_graphreasoning,Bentel rockers__qwen3.5-4b__Bentel_iter_3,small,instance_00009,invalid_moves,0.0
752,textmapworld_graphreasoning,Bentel rockers__qwen3.5-4b__Bentel_iter_3,small,instance_00009,stopped,1.0
753,textmapworld_graphreasoning,Bentel rockers__qwen3.5-4b__Bentel_iter_3,small,instance_00009,turns_limit,0.0
754,textmapworld_graphreasoning,Bentel rockers__qwen3.5-4b__Bentel_iter_3,small,instance_00009,loops,0.0
755,textmapworld_graphreasoning,Bentel rockers__qwen3.5-4b__Bentel_iter_3,small,instance_00009,number_visited,3.0
756,textmapworld_graphreasoning,Bentel rockers__qwen3.5-4b__Bentel_iter_3,small,instance_00009,seen,4.0
757,textmapworld_graphreasoning,Bentel rockers__qwen3.5-4b__Bentel_iter_3,small,instance_00009,efficiency,60.0
758,textmapworld_graphreasoning,Bentel rockers__qwen3.5-4b__Bentel_iter_3,small,instance_00009,exploration,75.0
759,textmapworld_graphreasoning,Bentel rockers__qwen3.5-4b__Bentel_iter_3,small,instance_00009,graph_similarity,53.78828427399902
760,textmapworld_graphreasoning,Bentel rockers__qwen3.5-4b__Bentel_iter_3,small,instance_00009,Main Score,66.66666666666667
761,textmapworld_graphreasoning,Bentel rockers__qwen3.5-4b__Bentel_iter_3,large,instance_00028,Success,0.0
762,textmapworld_graphreasoning,Bentel rockers__qwen3.5-4b__Bentel_iter_3,large,instance_00028,Aborted,0.0
763,textmapworld_graphreasoning,Bentel rockers__qwen3.5-4b__Bentel_iter_3,large,instance_00028,Lose,1.0
764,textmapworld_graphreasoning,Bentel rockers__qwen3.5-4b__Bentel_iter_3,large,instance_00028,moves,11.0
765,textmapworld_graphreasoning,Bentel rockers__qwen3.5-4b__Bentel_iter_3,large,instance_00028,valid_moves,11.0
766,textmapworld_graphreasoning,Bentel rockers__qwen3.5-4b__Bentel_iter_3,large,instance_00028,invalid_moves,0.0
767,textmapworld_graphreasoning,Bentel rockers__qwen3.5-4b__Bentel_iter_3,large,instance_00028,stopped,1.0
768,textmapworld_graphreasoning,Bentel rockers__qwen3.5-4b__Bentel_iter_3,large,instance_00028,turns_limit,0.0
769,textmapworld_graphreasoning,Bentel rockers__qwen3.5-4b__Bentel_iter_3,large,instance_00028,loops,1.0
770,textmapworld_graphreasoning,Bentel rockers__qwen3.5-4b__Bentel_iter_3,large,instance_00028,number_visited,4.0
771,textmapworld_graphreasoning,Bentel rockers__qwen3.5-4b__Bentel_iter_3,large,instance_00028,seen,5.0
772,textmapworld_graphreasoning,Bentel rockers__qwen3.5-4b__Bentel_iter_3,large,instance_00028,efficiency,63.63636363636363
773,textmapworld_graphreasoning,Bentel rockers__qwen3.5-4b__Bentel_iter_3,large,instance_00028,exploration,50.0
774,textmapworld_graphreasoning,Bentel rockers__qwen3.5-4b__Bentel_iter_3,large,instance_00028,graph_similarity,1.3385701848569465
775,textmapworld_graphreasoning,Bentel rockers__qwen3.5-4b__Bentel_iter_3,large,instance_00028,Main Score,56.0
776,textmapworld_graphreasoning,Bentel rockers__qwen3.5-4b__Bentel_iter_3,medium,instance_00010,Success,0.0
777,textmapworld_graphreasoning,Bentel rockers__qwen3.5-4b__Bentel_iter_3,medium,instance_00010,Aborted,0.0
778,textmapworld_graphreasoning,Bentel rockers__qwen3.5-4b__Bentel_iter_3,medium,instance_00010,Lose,1.0
779,textmapworld_graphreasoning,Bentel rockers__qwen3.5-4b__Bentel_iter_3,medium,instance_00010,moves,3.0
780,textmapworld_graphreasoning,Bentel rockers__qwen3.5-4b__Bentel_iter_3,medium,instance_00010,valid_moves,3.0
781,textmapworld_graphreasoning,Bentel rockers__qwen3.5-4b__Bentel_iter_3,medium,instance_00010,invalid_moves,0.0
782,textmapworld_graphreasoning,Bentel rockers__qwen3.5-4b__Bentel_iter_3,medium,instance_00010,stopped,1.0
783,textmapworld_graphreasoning,Bentel rockers__qwen3.5-4b__Bentel_iter_3,medium,instance_00010,turns_limit,0.0
784,textmapworld_graphreasoning,Bentel rockers__qwen3.5-4b__Bentel_iter_3,medium,instance_00010,loops,1.0
785,textmapworld_graphreasoning,Bentel rockers__qwen3.5-4b__Bentel_iter_3,medium,instance_00010,number_visited,2.0
786,textmapworld_graphreasoning,Bentel rockers__qwen3.5-4b__Bentel_iter_3,medium,instance_00010,seen,3.0
787,textmapworld_graphreasoning,Bentel rockers__qwen3.5-4b__Bentel_iter_3,medium,instance_00010,efficiency,66.66666666666666
788,textmapworld_graphreasoning,Bentel rockers__qwen3.5-4b__Bentel_iter_3,medium,instance_00010,exploration,33.33333333333333
789,textmapworld_graphreasoning,Bentel rockers__qwen3.5-4b__Bentel_iter_3,medium,instance_00010,graph_similarity,3.5972419924183097
790,textmapworld_graphreasoning,Bentel rockers__qwen3.5-4b__Bentel_iter_3,medium,instance_00010,Main Score,44.44444444444444
791,codenames,Bentel rockers__qwen3.5-4b__Bentel_iter_3,association_difficult,instance_00000,experiment variable,Word Assignments
792,codenames,Bentel rockers__qwen3.5-4b__Bentel_iter_3,association_difficult,instance_00000,experiment name,association_difficult
793,codenames,Bentel rockers__qwen3.5-4b__Bentel_iter_3,association_difficult,instance_00000,Cluegiver strip words,0
794,codenames,Bentel rockers__qwen3.5-4b__Bentel_iter_3,association_difficult,instance_00000,Guesser strip words,0
795,codenames,Bentel rockers__qwen3.5-4b__Bentel_iter_3,association_difficult,instance_00000,Average Cluegiver Number of Targets,0
796,codenames,Bentel rockers__qwen3.5-4b__Bentel_iter_3,association_difficult,instance_00000,Average Cluegiver Team Precision,0
797,codenames,Bentel rockers__qwen3.5-4b__Bentel_iter_3,association_difficult,instance_00000,Average Cluegiver Team Recall,0.0
798,codenames,Bentel rockers__qwen3.5-4b__Bentel_iter_3,association_difficult,instance_00000,Average Cluegiver Team F1,0
799,codenames,Bentel rockers__qwen3.5-4b__Bentel_iter_3,association_difficult,instance_00000,Average Guesser Number of Guesses,0
800,codenames,Bentel rockers__qwen3.5-4b__Bentel_iter_3,association_difficult,instance_00000,Average Guesser Number of Revealed Words,0
801,codenames,Bentel rockers__qwen3.5-4b__Bentel_iter_3,association_difficult,instance_00000,Average Guesser Number of Unrevealed Guesses,0
802,codenames,Bentel rockers__qwen3.5-4b__Bentel_iter_3,association_difficult,instance_00000,Average Guesser Target Precision,0
803,codenames,Bentel rockers__qwen3.5-4b__Bentel_iter_3,association_difficult,instance_00000,Average Guesser Target Recall,0
804,codenames,Bentel rockers__qwen3.5-4b__Bentel_iter_3,association_difficult,instance_00000,Average Guesser Target F1,0
805,codenames,Bentel rockers__qwen3.5-4b__Bentel_iter_3,association_difficult,instance_00000,Average Guesser Team Precision,0
806,codenames,Bentel rockers__qwen3.5-4b__Bentel_iter_3,association_difficult,instance_00000,Average Guesser Team Recall,0.0
807,codenames,Bentel rockers__qwen3.5-4b__Bentel_iter_3,association_difficult,instance_00000,Average Guesser Team F1,0
808,codenames,Bentel rockers__qwen3.5-4b__Bentel_iter_3,association_difficult,instance_00000,Aborted,1
809,codenames,Bentel rockers__qwen3.5-4b__Bentel_iter_3,association_difficult,instance_00000,Lose,0
810,codenames,Bentel rockers__qwen3.5-4b__Bentel_iter_3,association_difficult,instance_00000,Success,0
811,codenames,Bentel rockers__qwen3.5-4b__Bentel_iter_3,association_difficult,instance_00000,Game ended through assassin,0
812,codenames,Bentel rockers__qwen3.5-4b__Bentel_iter_3,association_difficult,instance_00000,Episode Recall,0.0
813,codenames,Bentel rockers__qwen3.5-4b__Bentel_iter_3,association_difficult,instance_00000,Episode Negative Recall,1.0
814,codenames,Bentel rockers__qwen3.5-4b__Bentel_iter_3,association_difficult,instance_00000,Number of turns,1
815,codenames,Bentel rockers__qwen3.5-4b__Bentel_iter_3,association_difficult,instance_00000,Efficiency,0.0
816,codenames,Bentel rockers__qwen3.5-4b__Bentel_iter_3,association_difficult,instance_00000,Request Count,1
817,codenames,Bentel rockers__qwen3.5-4b__Bentel_iter_3,association_difficult,instance_00000,Parsed Request Count,0
818,codenames,Bentel rockers__qwen3.5-4b__Bentel_iter_3,association_difficult,instance_00000,Violated Request Count,1
819,codenames,Bentel rockers__qwen3.5-4b__Bentel_iter_3,association_difficult,instance_00000,Request Success Ratio,0.0
820,codenames,Bentel rockers__qwen3.5-4b__Bentel_iter_3,association_difficult,instance_00000,Main Score,
821,codenames,Bentel rockers__qwen3.5-4b__Bentel_iter_3,risk_low,instance_00008,experiment variable,Risk
822,codenames,Bentel rockers__qwen3.5-4b__Bentel_iter_3,risk_low,instance_00008,experiment name,risk_low
823,codenames,Bentel rockers__qwen3.5-4b__Bentel_iter_3,risk_low,instance_00008,Cluegiver strip words,0
824,codenames,Bentel rockers__qwen3.5-4b__Bentel_iter_3,risk_low,instance_00008,Guesser strip words,0
825,codenames,Bentel rockers__qwen3.5-4b__Bentel_iter_3,risk_low,instance_00008,Average Cluegiver Number of Targets,2.857
826,codenames,Bentel rockers__qwen3.5-4b__Bentel_iter_3,risk_low,instance_00008,Average Cluegiver Team Precision,1.0
827,codenames,Bentel rockers__qwen3.5-4b__Bentel_iter_3,risk_low,instance_00008,Average Cluegiver Team Recall,0.713
828,codenames,Bentel rockers__qwen3.5-4b__Bentel_iter_3,risk_low,instance_00008,Average Cluegiver Team F1,0.814
829,codenames,Bentel rockers__qwen3.5-4b__Bentel_iter_3,risk_low,instance_00008,Average Guesser Number of Guesses,2.714
830,codenames,Bentel rockers__qwen3.5-4b__Bentel_iter_3,risk_low,instance_00008,Average Guesser Number of Revealed Words,1.857
831,codenames,Bentel rockers__qwen3.5-4b__Bentel_iter_3,risk_low,instance_00008,Average Guesser Number of Unrevealed Guesses,0.857
832,codenames,Bentel rockers__qwen3.5-4b__Bentel_iter_3,risk_low,instance_00008,Average Guesser Target Precision,0.429
833,codenames,Bentel rockers__qwen3.5-4b__Bentel_iter_3,risk_low,instance_00008,Average Guesser Target Recall,0.386
834,codenames,Bentel rockers__qwen3.5-4b__Bentel_iter_3,risk_low,instance_00008,Average Guesser Target F1,0.403
835,codenames,Bentel rockers__qwen3.5-4b__Bentel_iter_3,risk_low,instance_00008,Average Guesser Team Precision,0.476
836,codenames,Bentel rockers__qwen3.5-4b__Bentel_iter_3,risk_low,instance_00008,Average Guesser Team Recall,0.249
837,codenames,Bentel rockers__qwen3.5-4b__Bentel_iter_3,risk_low,instance_00008,Average Guesser Team F1,0.315
838,codenames,Bentel rockers__qwen3.5-4b__Bentel_iter_3,risk_low,instance_00008,Aborted,1
839,codenames,Bentel rockers__qwen3.5-4b__Bentel_iter_3,risk_low,instance_00008,Lose,0
840,codenames,Bentel rockers__qwen3.5-4b__Bentel_iter_3,risk_low,instance_00008,Success,0
841,codenames,Bentel rockers__qwen3.5-4b__Bentel_iter_3,risk_low,instance_00008,Game ended through assassin,0
842,codenames,Bentel rockers__qwen3.5-4b__Bentel_iter_3,risk_low,instance_00008,Episode Recall,0.889
843,codenames,Bentel rockers__qwen3.5-4b__Bentel_iter_3,risk_low,instance_00008,Episode Negative Recall,0.688
844,codenames,Bentel rockers__qwen3.5-4b__Bentel_iter_3,risk_low,instance_00008,Number of turns,8
845,codenames,Bentel rockers__qwen3.5-4b__Bentel_iter_3,risk_low,instance_00008,Efficiency,1
846,codenames,Bentel rockers__qwen3.5-4b__Bentel_iter_3,risk_low,instance_00008,Request Count,14
847,codenames,Bentel rockers__qwen3.5-4b__Bentel_iter_3,risk_low,instance_00008,Parsed Request Count,13
848,codenames,Bentel rockers__qwen3.5-4b__Bentel_iter_3,risk_low,instance_00008,Violated Request Count,1
849,codenames,Bentel rockers__qwen3.5-4b__Bentel_iter_3,risk_low,instance_00008,Request Success Ratio,0.929
850,codenames,Bentel rockers__qwen3.5-4b__Bentel_iter_3,risk_low,instance_00008,Main Score,
851,codenames,Bentel rockers__qwen3.5-4b__Bentel_iter_3,ambiguous,instance_00001,experiment variable,Word Ambiguity
852,codenames,Bentel rockers__qwen3.5-4b__Bentel_iter_3,ambiguous,instance_00001,experiment name,ambiguous
853,codenames,Bentel rockers__qwen3.5-4b__Bentel_iter_3,ambiguous,instance_00001,Cluegiver strip words,0
854,codenames,Bentel rockers__qwen3.5-4b__Bentel_iter_3,ambiguous,instance_00001,Guesser strip words,0
855,codenames,Bentel rockers__qwen3.5-4b__Bentel_iter_3,ambiguous,instance_00001,Average Cluegiver Number of Targets,1.5
856,codenames,Bentel rockers__qwen3.5-4b__Bentel_iter_3,ambiguous,instance_00001,Average Cluegiver Team Precision,0.5
857,codenames,Bentel rockers__qwen3.5-4b__Bentel_iter_3,ambiguous,instance_00001,Average Cluegiver Team Recall,0.167
858,codenames,Bentel rockers__qwen3.5-4b__Bentel_iter_3,ambiguous,instance_00001,Average Cluegiver Team F1,0.25
859,codenames,Bentel rockers__qwen3.5-4b__Bentel_iter_3,ambiguous,instance_00001,Average Guesser Number of Guesses,1.5
860,codenames,Bentel rockers__qwen3.5-4b__Bentel_iter_3,ambiguous,instance_00001,Average Guesser Number of Revealed Words,0.5
861,codenames,Bentel rockers__qwen3.5-4b__Bentel_iter_3,ambiguous,instance_00001,Average Guesser Number of Unrevealed Guesses,1
862,codenames,Bentel rockers__qwen3.5-4b__Bentel_iter_3,ambiguous,instance_00001,Average Guesser Target Precision,0.0
863,codenames,Bentel rockers__qwen3.5-4b__Bentel_iter_3,ambiguous,instance_00001,Average Guesser Target Recall,0.0
864,codenames,Bentel rockers__qwen3.5-4b__Bentel_iter_3,ambiguous,instance_00001,Average Guesser Target F1,0
865,codenames,Bentel rockers__qwen3.5-4b__Bentel_iter_3,ambiguous,instance_00001,Average Guesser Team Precision,0.0
866,codenames,Bentel rockers__qwen3.5-4b__Bentel_iter_3,ambiguous,instance_00001,Average Guesser Team Recall,0.0
867,codenames,Bentel rockers__qwen3.5-4b__Bentel_iter_3,ambiguous,instance_00001,Average Guesser Team F1,0
868,codenames,Bentel rockers__qwen3.5-4b__Bentel_iter_3,ambiguous,instance_00001,Aborted,1
869,codenames,Bentel rockers__qwen3.5-4b__Bentel_iter_3,ambiguous,instance_00001,Lose,0
870,codenames,Bentel rockers__qwen3.5-4b__Bentel_iter_3,ambiguous,instance_00001,Success,0
871,codenames,Bentel rockers__qwen3.5-4b__Bentel_iter_3,ambiguous,instance_00001,Game ended through assassin,0
872,codenames,Bentel rockers__qwen3.5-4b__Bentel_iter_3,ambiguous,instance_00001,Episode Recall,0.0
873,codenames,Bentel rockers__qwen3.5-4b__Bentel_iter_3,ambiguous,instance_00001,Episode Negative Recall,0.938
874,codenames,Bentel rockers__qwen3.5-4b__Bentel_iter_3,ambiguous,instance_00001,Number of turns,2
875,codenames,Bentel rockers__qwen3.5-4b__Bentel_iter_3,ambiguous,instance_00001,Efficiency,0.75
876,codenames,Bentel rockers__qwen3.5-4b__Bentel_iter_3,ambiguous,instance_00001,Request Count,3
877,codenames,Bentel rockers__qwen3.5-4b__Bentel_iter_3,ambiguous,instance_00001,Parsed Request Count,2
878,codenames,Bentel rockers__qwen3.5-4b__Bentel_iter_3,ambiguous,instance_00001,Violated Request Count,1
879,codenames,Bentel rockers__qwen3.5-4b__Bentel_iter_3,ambiguous,instance_00001,Request Success Ratio,0.667
880,codenames,Bentel rockers__qwen3.5-4b__Bentel_iter_3,ambiguous,instance_00001,Main Score,
881,codenames,Bentel rockers__qwen3.5-4b__Bentel_iter_3,opponent_difficult,instance_00007,experiment variable,Opponent Difficulty
882,codenames,Bentel rockers__qwen3.5-4b__Bentel_iter_3,opponent_difficult,instance_00007,experiment name,opponent_difficult
883,codenames,Bentel rockers__qwen3.5-4b__Bentel_iter_3,opponent_difficult,instance_00007,Cluegiver strip words,0
884,codenames,Bentel rockers__qwen3.5-4b__Bentel_iter_3,opponent_difficult,instance_00007,Guesser strip words,0
885,codenames,Bentel rockers__qwen3.5-4b__Bentel_iter_3,opponent_difficult,instance_00007,Average Cluegiver Number of Targets,3
886,codenames,Bentel rockers__qwen3.5-4b__Bentel_iter_3,opponent_difficult,instance_00007,Average Cluegiver Team Precision,1.0
887,codenames,Bentel rockers__qwen3.5-4b__Bentel_iter_3,opponent_difficult,instance_00007,Average Cluegiver Team Recall,0.333
888,codenames,Bentel rockers__qwen3.5-4b__Bentel_iter_3,opponent_difficult,instance_00007,Average Cluegiver Team F1,0.5
889,codenames,Bentel rockers__qwen3.5-4b__Bentel_iter_3,opponent_difficult,instance_00007,Average Guesser Number of Guesses,0
890,codenames,Bentel rockers__qwen3.5-4b__Bentel_iter_3,opponent_difficult,instance_00007,Average Guesser Number of Revealed Words,0
891,codenames,Bentel rockers__qwen3.5-4b__Bentel_iter_3,opponent_difficult,instance_00007,Average Guesser Number of Unrevealed Guesses,0
892,codenames,Bentel rockers__qwen3.5-4b__Bentel_iter_3,opponent_difficult,instance_00007,Average Guesser Target Precision,0
893,codenames,Bentel rockers__qwen3.5-4b__Bentel_iter_3,opponent_difficult,instance_00007,Average Guesser Target Recall,0.0
894,codenames,Bentel rockers__qwen3.5-4b__Bentel_iter_3,opponent_difficult,instance_00007,Average Guesser Target F1,0
895,codenames,Bentel rockers__qwen3.5-4b__Bentel_iter_3,opponent_difficult,instance_00007,Average Guesser Team Precision,0
896,codenames,Bentel rockers__qwen3.5-4b__Bentel_iter_3,opponent_difficult,instance_00007,Average Guesser Team Recall,0.0
897,codenames,Bentel rockers__qwen3.5-4b__Bentel_iter_3,opponent_difficult,instance_00007,Average Guesser Team F1,0
898,codenames,Bentel rockers__qwen3.5-4b__Bentel_iter_3,opponent_difficult,instance_00007,Aborted,1
899,codenames,Bentel rockers__qwen3.5-4b__Bentel_iter_3,opponent_difficult,instance_00007,Lose,0
900,codenames,Bentel rockers__qwen3.5-4b__Bentel_iter_3,opponent_difficult,instance_00007,Success,0
901,codenames,Bentel rockers__qwen3.5-4b__Bentel_iter_3,opponent_difficult,instance_00007,Game ended through assassin,0
902,codenames,Bentel rockers__qwen3.5-4b__Bentel_iter_3,opponent_difficult,instance_00007,Episode Recall,0.0
903,codenames,Bentel rockers__qwen3.5-4b__Bentel_iter_3,opponent_difficult,instance_00007,Episode Negative Recall,1.0
904,codenames,Bentel rockers__qwen3.5-4b__Bentel_iter_3,opponent_difficult,instance_00007,Number of turns,2
905,codenames,Bentel rockers__qwen3.5-4b__Bentel_iter_3,opponent_difficult,instance_00007,Efficiency,0.0
906,codenames,Bentel rockers__qwen3.5-4b__Bentel_iter_3,opponent_difficult,instance_00007,Request Count,2
907,codenames,Bentel rockers__qwen3.5-4b__Bentel_iter_3,opponent_difficult,instance_00007,Parsed Request Count,1
908,codenames,Bentel rockers__qwen3.5-4b__Bentel_iter_3,opponent_difficult,instance_00007,Violated Request Count,1
909,codenames,Bentel rockers__qwen3.5-4b__Bentel_iter_3,opponent_difficult,instance_00007,Request Success Ratio,0.5
910,codenames,Bentel rockers__qwen3.5-4b__Bentel_iter_3,opponent_difficult,instance_00007,Main Score,
911,codenames,Bentel rockers__qwen3.5-4b__Bentel_iter_3,risk_high,instance_00009,experiment variable,Risk
912,codenames,Bentel rockers__qwen3.5-4b__Bentel_iter_3,risk_high,instance_00009,experiment name,risk_high
913,codenames,Bentel rockers__qwen3.5-4b__Bentel_iter_3,risk_high,instance_00009,Cluegiver strip words,0
914,codenames,Bentel rockers__qwen3.5-4b__Bentel_iter_3,risk_high,instance_00009,Guesser strip words,0
915,codenames,Bentel rockers__qwen3.5-4b__Bentel_iter_3,risk_high,instance_00009,Average Cluegiver Number of Targets,9
916,codenames,Bentel rockers__qwen3.5-4b__Bentel_iter_3,risk_high,instance_00009,Average Cluegiver Team Precision,1.0
917,codenames,Bentel rockers__qwen3.5-4b__Bentel_iter_3,risk_high,instance_00009,Average Cluegiver Team Recall,1.0
918,codenames,Bentel rockers__qwen3.5-4b__Bentel_iter_3,risk_high,instance_00009,Average Cluegiver Team F1,1.0
919,codenames,Bentel rockers__qwen3.5-4b__Bentel_iter_3,risk_high,instance_00009,Average Guesser Number of Guesses,0
920,codenames,Bentel rockers__qwen3.5-4b__Bentel_iter_3,risk_high,instance_00009,Average Guesser Number of Revealed Words,0
921,codenames,Bentel rockers__qwen3.5-4b__Bentel_iter_3,risk_high,instance_00009,Average Guesser Number of Unrevealed Guesses,0
922,codenames,Bentel rockers__qwen3.5-4b__Bentel_iter_3,risk_high,instance_00009,Average Guesser Target Precision,0
923,codenames,Bentel rockers__qwen3.5-4b__Bentel_iter_3,risk_high,instance_00009,Average Guesser Target Recall,0.0
924,codenames,Bentel rockers__qwen3.5-4b__Bentel_iter_3,risk_high,instance_00009,Average Guesser Target F1,0
925,codenames,Bentel rockers__qwen3.5-4b__Bentel_iter_3,risk_high,instance_00009,Average Guesser Team Precision,0
926,codenames,Bentel rockers__qwen3.5-4b__Bentel_iter_3,risk_high,instance_00009,Average Guesser Team Recall,0.0
927,codenames,Bentel rockers__qwen3.5-4b__Bentel_iter_3,risk_high,instance_00009,Average Guesser Team F1,0
928,codenames,Bentel rockers__qwen3.5-4b__Bentel_iter_3,risk_high,instance_00009,Aborted,1
929,codenames,Bentel rockers__qwen3.5-4b__Bentel_iter_3,risk_high,instance_00009,Lose,0
930,codenames,Bentel rockers__qwen3.5-4b__Bentel_iter_3,risk_high,instance_00009,Success,0
931,codenames,Bentel rockers__qwen3.5-4b__Bentel_iter_3,risk_high,instance_00009,Game ended through assassin,0
932,codenames,Bentel rockers__qwen3.5-4b__Bentel_iter_3,risk_high,instance_00009,Episode Recall,0.0
933,codenames,Bentel rockers__qwen3.5-4b__Bentel_iter_3,risk_high,instance_00009,Episode Negative Recall,1.0
934,codenames,Bentel rockers__qwen3.5-4b__Bentel_iter_3,risk_high,instance_00009,Number of turns,2
935,codenames,Bentel rockers__qwen3.5-4b__Bentel_iter_3,risk_high,instance_00009,Efficiency,0.0
936,codenames,Bentel rockers__qwen3.5-4b__Bentel_iter_3,risk_high,instance_00009,Request Count,2
937,codenames,Bentel rockers__qwen3.5-4b__Bentel_iter_3,risk_high,instance_00009,Parsed Request Count,1
938,codenames,Bentel rockers__qwen3.5-4b__Bentel_iter_3,risk_high,instance_00009,Violated Request Count,1
939,codenames,Bentel rockers__qwen3.5-4b__Bentel_iter_3,risk_high,instance_00009,Request Success Ratio,0.5
940,codenames,Bentel rockers__qwen3.5-4b__Bentel_iter_3,risk_high,instance_00009,Main Score,
941,codenames,Bentel rockers__qwen3.5-4b__Bentel_iter_3,abstract,instance_00007,experiment variable,Word Concreteness
942,codenames,Bentel rockers__qwen3.5-4b__Bentel_iter_3,abstract,instance_00007,experiment name,abstract
943,codenames,Bentel rockers__qwen3.5-4b__Bentel_iter_3,abstract,instance_00007,Cluegiver strip words,0
944,codenames,Bentel rockers__qwen3.5-4b__Bentel_iter_3,abstract,instance_00007,Guesser strip words,0
945,codenames,Bentel rockers__qwen3.5-4b__Bentel_iter_3,abstract,instance_00007,Average Cluegiver Number of Targets,2.6
946,codenames,Bentel rockers__qwen3.5-4b__Bentel_iter_3,abstract,instance_00007,Average Cluegiver Team Precision,1.0
947,codenames,Bentel rockers__qwen3.5-4b__Bentel_iter_3,abstract,instance_00007,Average Cluegiver Team Recall,0.667
948,codenames,Bentel rockers__qwen3.5-4b__Bentel_iter_3,abstract,instance_00007,Average Cluegiver Team F1,0.767
949,codenames,Bentel rockers__qwen3.5-4b__Bentel_iter_3,abstract,instance_00007,Average Guesser Number of Guesses,2.6
950,codenames,Bentel rockers__qwen3.5-4b__Bentel_iter_3,abstract,instance_00007,Average Guesser Number of Revealed Words,2.2
951,codenames,Bentel rockers__qwen3.5-4b__Bentel_iter_3,abstract,instance_00007,Average Guesser Number of Unrevealed Guesses,0.4
952,codenames,Bentel rockers__qwen3.5-4b__Bentel_iter_3,abstract,instance_00007,Average Guesser Target Precision,0.667
953,codenames,Bentel rockers__qwen3.5-4b__Bentel_iter_3,abstract,instance_00007,Average Guesser Target Recall,0.667
954,codenames,Bentel rockers__qwen3.5-4b__Bentel_iter_3,abstract,instance_00007,Average Guesser Target F1,0.667
955,codenames,Bentel rockers__qwen3.5-4b__Bentel_iter_3,abstract,instance_00007,Average Guesser Team Precision,0.733
956,codenames,Bentel rockers__qwen3.5-4b__Bentel_iter_3,abstract,instance_00007,Average Guesser Team Recall,0.5
957,codenames,Bentel rockers__qwen3.5-4b__Bentel_iter_3,abstract,instance_00007,Average Guesser Team F1,0.567
958,codenames,Bentel rockers__qwen3.5-4b__Bentel_iter_3,abstract,instance_00007,Aborted,0
959,codenames,Bentel rockers__qwen3.5-4b__Bentel_iter_3,abstract,instance_00007,Lose,0
960,codenames,Bentel rockers__qwen3.5-4b__Bentel_iter_3,abstract,instance_00007,Success,1
961,codenames,Bentel rockers__qwen3.5-4b__Bentel_iter_3,abstract,instance_00007,Game ended through assassin,0
962,codenames,Bentel rockers__qwen3.5-4b__Bentel_iter_3,abstract,instance_00007,Episode Recall,1.0
963,codenames,Bentel rockers__qwen3.5-4b__Bentel_iter_3,abstract,instance_00007,Episode Negative Recall,0.875
964,codenames,Bentel rockers__qwen3.5-4b__Bentel_iter_3,abstract,instance_00007,Number of turns,6
965,codenames,Bentel rockers__qwen3.5-4b__Bentel_iter_3,abstract,instance_00007,Efficiency,1
966,codenames,Bentel rockers__qwen3.5-4b__Bentel_iter_3,abstract,instance_00007,Request Count,10
967,codenames,Bentel rockers__qwen3.5-4b__Bentel_iter_3,abstract,instance_00007,Parsed Request Count,10
968,codenames,Bentel rockers__qwen3.5-4b__Bentel_iter_3,abstract,instance_00007,Violated Request Count,0
969,codenames,Bentel rockers__qwen3.5-4b__Bentel_iter_3,abstract,instance_00007,Request Success Ratio,1.0
970,codenames,Bentel rockers__qwen3.5-4b__Bentel_iter_3,abstract,instance_00007,Main Score,100
971,codenames,Bentel rockers__qwen3.5-4b__Bentel_iter_3,association_easy,instance_00009,experiment variable,Word Assignments
972,codenames,Bentel rockers__qwen3.5-4b__Bentel_iter_3,association_easy,instance_00009,experiment name,association_easy
973,codenames,Bentel rockers__qwen3.5-4b__Bentel_iter_3,association_easy,instance_00009,Cluegiver strip words,0
974,codenames,Bentel rockers__qwen3.5-4b__Bentel_iter_3,association_easy,instance_00009,Guesser strip words,0
975,codenames,Bentel rockers__qwen3.5-4b__Bentel_iter_3,association_easy,instance_00009,Average Cluegiver Number of Targets,3
976,codenames,Bentel rockers__qwen3.5-4b__Bentel_iter_3,association_easy,instance_00009,Average Cluegiver Team Precision,1.0
977,codenames,Bentel rockers__qwen3.5-4b__Bentel_iter_3,association_easy,instance_00009,Average Cluegiver Team Recall,0.596
978,codenames,Bentel rockers__qwen3.5-4b__Bentel_iter_3,association_easy,instance_00009,Average Cluegiver Team F1,0.717
979,codenames,Bentel rockers__qwen3.5-4b__Bentel_iter_3,association_easy,instance_00009,Average Guesser Number of Guesses,3
980,codenames,Bentel rockers__qwen3.5-4b__Bentel_iter_3,association_easy,instance_00009,Average Guesser Number of Revealed Words,2
981,codenames,Bentel rockers__qwen3.5-4b__Bentel_iter_3,association_easy,instance_00009,Average Guesser Number of Unrevealed Guesses,1
982,codenames,Bentel rockers__qwen3.5-4b__Bentel_iter_3,association_easy,instance_00009,Average Guesser Target Precision,0.583
983,codenames,Bentel rockers__qwen3.5-4b__Bentel_iter_3,association_easy,instance_00009,Average Guesser Target Recall,0.583
984,codenames,Bentel rockers__qwen3.5-4b__Bentel_iter_3,association_easy,instance_00009,Average Guesser Target F1,0.583
985,codenames,Bentel rockers__qwen3.5-4b__Bentel_iter_3,association_easy,instance_00009,Average Guesser Team Precision,0.583
986,codenames,Bentel rockers__qwen3.5-4b__Bentel_iter_3,association_easy,instance_00009,Average Guesser Team Recall,0.383
987,codenames,Bentel rockers__qwen3.5-4b__Bentel_iter_3,association_easy,instance_00009,Average Guesser Team F1,0.44
988,codenames,Bentel rockers__qwen3.5-4b__Bentel_iter_3,association_easy,instance_00009,Aborted,0
989,codenames,Bentel rockers__qwen3.5-4b__Bentel_iter_3,association_easy,instance_00009,Lose,0
990,codenames,Bentel rockers__qwen3.5-4b__Bentel_iter_3,association_easy,instance_00009,Success,1
991,codenames,Bentel rockers__qwen3.5-4b__Bentel_iter_3,association_easy,instance_00009,Game ended through assassin,0
992,codenames,Bentel rockers__qwen3.5-4b__Bentel_iter_3,association_easy,instance_00009,Episode Recall,1.0
993,codenames,Bentel rockers__qwen3.5-4b__Bentel_iter_3,association_easy,instance_00009,Episode Negative Recall,0.812
994,codenames,Bentel rockers__qwen3.5-4b__Bentel_iter_3,association_easy,instance_00009,Number of turns,7
995,codenames,Bentel rockers__qwen3.5-4b__Bentel_iter_3,association_easy,instance_00009,Efficiency,1
996,codenames,Bentel rockers__qwen3.5-4b__Bentel_iter_3,association_easy,instance_00009,Request Count,12
997,codenames,Bentel rockers__qwen3.5-4b__Bentel_iter_3,association_easy,instance_00009,Parsed Request Count,12
998,codenames,Bentel rockers__qwen3.5-4b__Bentel_iter_3,association_easy,instance_00009,Violated Request Count,0
999,codenames,Bentel rockers__qwen3.5-4b__Bentel_iter_3,association_easy,instance_00009,Request Success Ratio,1.0
1000,codenames,Bentel rockers__qwen3.5-4b__Bentel_iter_3,association_easy,instance_00009,Main Score,100
1001,codenames,Bentel rockers__qwen3.5-4b__Bentel_iter_3,opponent_easy,instance_00009,experiment variable,Opponent Difficulty
1002,codenames,Bentel rockers__qwen3.5-4b__Bentel_iter_3,opponent_easy,instance_00009,experiment name,opponent_easy
1003,codenames,Bentel rockers__qwen3.5-4b__Bentel_iter_3,opponent_easy,instance_00009,Cluegiver strip words,0
1004,codenames,Bentel rockers__qwen3.5-4b__Bentel_iter_3,opponent_easy,instance_00009,Guesser strip words,0
1005,codenames,Bentel rockers__qwen3.5-4b__Bentel_iter_3,opponent_easy,instance_00009,Average Cluegiver Number of Targets,5
1006,codenames,Bentel rockers__qwen3.5-4b__Bentel_iter_3,opponent_easy,instance_00009,Average Cluegiver Team Precision,1.0
1007,codenames,Bentel rockers__qwen3.5-4b__Bentel_iter_3,opponent_easy,instance_00009,Average Cluegiver Team Recall,0.556
1008,codenames,Bentel rockers__qwen3.5-4b__Bentel_iter_3,opponent_easy,instance_00009,Average Cluegiver Team F1,0.714
1009,codenames,Bentel rockers__qwen3.5-4b__Bentel_iter_3,opponent_easy,instance_00009,Average Guesser Number of Guesses,0
1010,codenames,Bentel rockers__qwen3.5-4b__Bentel_iter_3,opponent_easy,instance_00009,Average Guesser Number of Revealed Words,0
1011,codenames,Bentel rockers__qwen3.5-4b__Bentel_iter_3,opponent_easy,instance_00009,Average Guesser Number of Unrevealed Guesses,0
1012,codenames,Bentel rockers__qwen3.5-4b__Bentel_iter_3,opponent_easy,instance_00009,Average Guesser Target Precision,0
1013,codenames,Bentel rockers__qwen3.5-4b__Bentel_iter_3,opponent_easy,instance_00009,Average Guesser Target Recall,0.0
1014,codenames,Bentel rockers__qwen3.5-4b__Bentel_iter_3,opponent_easy,instance_00009,Average Guesser Target F1,0
1015,codenames,Bentel rockers__qwen3.5-4b__Bentel_iter_3,opponent_easy,instance_00009,Average Guesser Team Precision,0
1016,codenames,Bentel rockers__qwen3.5-4b__Bentel_iter_3,opponent_easy,instance_00009,Average Guesser Team Recall,0.0
1017,codenames,Bentel rockers__qwen3.5-4b__Bentel_iter_3,opponent_easy,instance_00009,Average Guesser Team F1,0
1018,codenames,Bentel rockers__qwen3.5-4b__Bentel_iter_3,opponent_easy,instance_00009,Aborted,1
1019,codenames,Bentel rockers__qwen3.5-4b__Bentel_iter_3,opponent_easy,instance_00009,Lose,0
1020,codenames,Bentel rockers__qwen3.5-4b__Bentel_iter_3,opponent_easy,instance_00009,Success,0
1021,codenames,Bentel rockers__qwen3.5-4b__Bentel_iter_3,opponent_easy,instance_00009,Game ended through assassin,0
1022,codenames,Bentel rockers__qwen3.5-4b__Bentel_iter_3,opponent_easy,instance_00009,Episode Recall,0.0
1023,codenames,Bentel rockers__qwen3.5-4b__Bentel_iter_3,opponent_easy,instance_00009,Episode Negative Recall,1.0
1024,codenames,Bentel rockers__qwen3.5-4b__Bentel_iter_3,opponent_easy,instance_00009,Number of turns,2
1025,codenames,Bentel rockers__qwen3.5-4b__Bentel_iter_3,opponent_easy,instance_00009,Efficiency,0.0
1026,codenames,Bentel rockers__qwen3.5-4b__Bentel_iter_3,opponent_easy,instance_00009,Request Count,2
1027,codenames,Bentel rockers__qwen3.5-4b__Bentel_iter_3,opponent_easy,instance_00009,Parsed Request Count,1
1028,codenames,Bentel rockers__qwen3.5-4b__Bentel_iter_3,opponent_easy,instance_00009,Violated Request Count,1
1029,codenames,Bentel rockers__qwen3.5-4b__Bentel_iter_3,opponent_easy,instance_00009,Request Success Ratio,0.5
1030,codenames,Bentel rockers__qwen3.5-4b__Bentel_iter_3,opponent_easy,instance_00009,Main Score,
1031,codenames,Bentel rockers__qwen3.5-4b__Bentel_iter_3,concrete,instance_00004,experiment variable,Word Concreteness
1032,codenames,Bentel rockers__qwen3.5-4b__Bentel_iter_3,concrete,instance_00004,experiment name,concrete
1033,codenames,Bentel rockers__qwen3.5-4b__Bentel_iter_3,concrete,instance_00004,Cluegiver strip words,0
1034,codenames,Bentel rockers__qwen3.5-4b__Bentel_iter_3,concrete,instance_00004,Guesser strip words,0
1035,codenames,Bentel rockers__qwen3.5-4b__Bentel_iter_3,concrete,instance_00004,Average Cluegiver Number of Targets,2.571
1036,codenames,Bentel rockers__qwen3.5-4b__Bentel_iter_3,concrete,instance_00004,Average Cluegiver Team Precision,1.0
1037,codenames,Bentel rockers__qwen3.5-4b__Bentel_iter_3,concrete,instance_00004,Average Cluegiver Team Recall,0.374
1038,codenames,Bentel rockers__qwen3.5-4b__Bentel_iter_3,concrete,instance_00004,Average Cluegiver Team F1,0.535
1039,codenames,Bentel rockers__qwen3.5-4b__Bentel_iter_3,concrete,instance_00004,Average Guesser Number of Guesses,2.286
1040,codenames,Bentel rockers__qwen3.5-4b__Bentel_iter_3,concrete,instance_00004,Average Guesser Number of Revealed Words,1.429
1041,codenames,Bentel rockers__qwen3.5-4b__Bentel_iter_3,concrete,instance_00004,Average Guesser Number of Unrevealed Guesses,0.857
1042,codenames,Bentel rockers__qwen3.5-4b__Bentel_iter_3,concrete,instance_00004,Average Guesser Target Precision,0.286
1043,codenames,Bentel rockers__qwen3.5-4b__Bentel_iter_3,concrete,instance_00004,Average Guesser Target Recall,0.262
1044,codenames,Bentel rockers__qwen3.5-4b__Bentel_iter_3,concrete,instance_00004,Average Guesser Target F1,0.271
1045,codenames,Bentel rockers__qwen3.5-4b__Bentel_iter_3,concrete,instance_00004,Average Guesser Team Precision,0.286
1046,codenames,Bentel rockers__qwen3.5-4b__Bentel_iter_3,concrete,instance_00004,Average Guesser Team Recall,0.1
1047,codenames,Bentel rockers__qwen3.5-4b__Bentel_iter_3,concrete,instance_00004,Average Guesser Team F1,0.148
1048,codenames,Bentel rockers__qwen3.5-4b__Bentel_iter_3,concrete,instance_00004,Aborted,0
1049,codenames,Bentel rockers__qwen3.5-4b__Bentel_iter_3,concrete,instance_00004,Lose,1
1050,codenames,Bentel rockers__qwen3.5-4b__Bentel_iter_3,concrete,instance_00004,Success,0
1051,codenames,Bentel rockers__qwen3.5-4b__Bentel_iter_3,concrete,instance_00004,Game ended through assassin,0
1052,codenames,Bentel rockers__qwen3.5-4b__Bentel_iter_3,concrete,instance_00004,Episode Recall,0.556
1053,codenames,Bentel rockers__qwen3.5-4b__Bentel_iter_3,concrete,instance_00004,Episode Negative Recall,0.688
1054,codenames,Bentel rockers__qwen3.5-4b__Bentel_iter_3,concrete,instance_00004,Number of turns,7
1055,codenames,Bentel rockers__qwen3.5-4b__Bentel_iter_3,concrete,instance_00004,Efficiency,1
1056,codenames,Bentel rockers__qwen3.5-4b__Bentel_iter_3,concrete,instance_00004,Request Count,13
1057,codenames,Bentel rockers__qwen3.5-4b__Bentel_iter_3,concrete,instance_00004,Parsed Request Count,13
1058,codenames,Bentel rockers__qwen3.5-4b__Bentel_iter_3,concrete,instance_00004,Violated Request Count,0
1059,codenames,Bentel rockers__qwen3.5-4b__Bentel_iter_3,concrete,instance_00004,Request Success Ratio,1.0
1060,codenames,Bentel rockers__qwen3.5-4b__Bentel_iter_3,concrete,instance_00004,Main Score,0
1061,codenames,Bentel rockers__qwen3.5-4b__Bentel_iter_3,unambiguous,instance_00002,experiment variable,Word Ambiguity
1062,codenames,Bentel rockers__qwen3.5-4b__Bentel_iter_3,unambiguous,instance_00002,experiment name,unambiguous
1063,codenames,Bentel rockers__qwen3.5-4b__Bentel_iter_3,unambiguous,instance_00002,Cluegiver strip words,0
1064,codenames,Bentel rockers__qwen3.5-4b__Bentel_iter_3,unambiguous,instance_00002,Guesser strip words,0
1065,codenames,Bentel rockers__qwen3.5-4b__Bentel_iter_3,unambiguous,instance_00002,Average Cluegiver Number of Targets,4.5
1066,codenames,Bentel rockers__qwen3.5-4b__Bentel_iter_3,unambiguous,instance_00002,Average Cluegiver Team Precision,0.5
1067,codenames,Bentel rockers__qwen3.5-4b__Bentel_iter_3,unambiguous,instance_00002,Average Cluegiver Team Recall,0.5
1068,codenames,Bentel rockers__qwen3.5-4b__Bentel_iter_3,unambiguous,instance_00002,Average Cluegiver Team F1,0.5
1069,codenames,Bentel rockers__qwen3.5-4b__Bentel_iter_3,unambiguous,instance_00002,Average Guesser Number of Guesses,4.5
1070,codenames,Bentel rockers__qwen3.5-4b__Bentel_iter_3,unambiguous,instance_00002,Average Guesser Number of Revealed Words,2
1071,codenames,Bentel rockers__qwen3.5-4b__Bentel_iter_3,unambiguous,instance_00002,Average Guesser Number of Unrevealed Guesses,2.5
1072,codenames,Bentel rockers__qwen3.5-4b__Bentel_iter_3,unambiguous,instance_00002,Average Guesser Target Precision,0.375
1073,codenames,Bentel rockers__qwen3.5-4b__Bentel_iter_3,unambiguous,instance_00002,Average Guesser Target Recall,0.167
1074,codenames,Bentel rockers__qwen3.5-4b__Bentel_iter_3,unambiguous,instance_00002,Average Guesser Target F1,0.231
1075,codenames,Bentel rockers__qwen3.5-4b__Bentel_iter_3,unambiguous,instance_00002,Average Guesser Team Precision,0.375
1076,codenames,Bentel rockers__qwen3.5-4b__Bentel_iter_3,unambiguous,instance_00002,Average Guesser Team Recall,0.167
1077,codenames,Bentel rockers__qwen3.5-4b__Bentel_iter_3,unambiguous,instance_00002,Average Guesser Team F1,0.231
1078,codenames,Bentel rockers__qwen3.5-4b__Bentel_iter_3,unambiguous,instance_00002,Aborted,1
1079,codenames,Bentel rockers__qwen3.5-4b__Bentel_iter_3,unambiguous,instance_00002,Lose,0
1080,codenames,Bentel rockers__qwen3.5-4b__Bentel_iter_3,unambiguous,instance_00002,Success,0
1081,codenames,Bentel rockers__qwen3.5-4b__Bentel_iter_3,unambiguous,instance_00002,Game ended through assassin,0
1082,codenames,Bentel rockers__qwen3.5-4b__Bentel_iter_3,unambiguous,instance_00002,Episode Recall,0.333
1083,codenames,Bentel rockers__qwen3.5-4b__Bentel_iter_3,unambiguous,instance_00002,Episode Negative Recall,0.938
1084,codenames,Bentel rockers__qwen3.5-4b__Bentel_iter_3,unambiguous,instance_00002,Number of turns,2
1085,codenames,Bentel rockers__qwen3.5-4b__Bentel_iter_3,unambiguous,instance_00002,Efficiency,1
1086,codenames,Bentel rockers__qwen3.5-4b__Bentel_iter_3,unambiguous,instance_00002,Request Count,3
1087,codenames,Bentel rockers__qwen3.5-4b__Bentel_iter_3,unambiguous,instance_00002,Parsed Request Count,2
1088,codenames,Bentel rockers__qwen3.5-4b__Bentel_iter_3,unambiguous,instance_00002,Violated Request Count,1
1089,codenames,Bentel rockers__qwen3.5-4b__Bentel_iter_3,unambiguous,instance_00002,Request Success Ratio,0.667
1090,codenames,Bentel rockers__qwen3.5-4b__Bentel_iter_3,unambiguous,instance_00002,Main Score,
1091,codenames,Bentel rockers__qwen3.5-4b__Bentel_iter_3,opponent_none,instance_00008,experiment variable,Opponent Difficulty
1092,codenames,Bentel rockers__qwen3.5-4b__Bentel_iter_3,opponent_none,instance_00008,experiment name,opponent_none
1093,codenames,Bentel rockers__qwen3.5-4b__Bentel_iter_3,opponent_none,instance_00008,Cluegiver strip words,0
1094,codenames,Bentel rockers__qwen3.5-4b__Bentel_iter_3,opponent_none,instance_00008,Guesser strip words,0
1095,codenames,Bentel rockers__qwen3.5-4b__Bentel_iter_3,opponent_none,instance_00008,Average Cluegiver Number of Targets,6
1096,codenames,Bentel rockers__qwen3.5-4b__Bentel_iter_3,opponent_none,instance_00008,Average Cluegiver Team Precision,1.0
1097,codenames,Bentel rockers__qwen3.5-4b__Bentel_iter_3,opponent_none,instance_00008,Average Cluegiver Team Recall,0.667
1098,codenames,Bentel rockers__qwen3.5-4b__Bentel_iter_3,opponent_none,instance_00008,Average Cluegiver Team F1,0.8
1099,codenames,Bentel rockers__qwen3.5-4b__Bentel_iter_3,opponent_none,instance_00008,Average Guesser Number of Guesses,0
1100,codenames,Bentel rockers__qwen3.5-4b__Bentel_iter_3,opponent_none,instance_00008,Average Guesser Number of Revealed Words,0
1101,codenames,Bentel rockers__qwen3.5-4b__Bentel_iter_3,opponent_none,instance_00008,Average Guesser Number of Unrevealed Guesses,0
1102,codenames,Bentel rockers__qwen3.5-4b__Bentel_iter_3,opponent_none,instance_00008,Average Guesser Target Precision,0
1103,codenames,Bentel rockers__qwen3.5-4b__Bentel_iter_3,opponent_none,instance_00008,Average Guesser Target Recall,0.0
1104,codenames,Bentel rockers__qwen3.5-4b__Bentel_iter_3,opponent_none,instance_00008,Average Guesser Target F1,0
1105,codenames,Bentel rockers__qwen3.5-4b__Bentel_iter_3,opponent_none,instance_00008,Average Guesser Team Precision,0
1106,codenames,Bentel rockers__qwen3.5-4b__Bentel_iter_3,opponent_none,instance_00008,Average Guesser Team Recall,0.0
1107,codenames,Bentel rockers__qwen3.5-4b__Bentel_iter_3,opponent_none,instance_00008,Average Guesser Team F1,0
1108,codenames,Bentel rockers__qwen3.5-4b__Bentel_iter_3,opponent_none,instance_00008,Aborted,1
1109,codenames,Bentel rockers__qwen3.5-4b__Bentel_iter_3,opponent_none,instance_00008,Lose,0
1110,codenames,Bentel rockers__qwen3.5-4b__Bentel_iter_3,opponent_none,instance_00008,Success,0
1111,codenames,Bentel rockers__qwen3.5-4b__Bentel_iter_3,opponent_none,instance_00008,Game ended through assassin,0
1112,codenames,Bentel rockers__qwen3.5-4b__Bentel_iter_3,opponent_none,instance_00008,Episode Recall,0.0
1113,codenames,Bentel rockers__qwen3.5-4b__Bentel_iter_3,opponent_none,instance_00008,Episode Negative Recall,1.0
1114,codenames,Bentel rockers__qwen3.5-4b__Bentel_iter_3,opponent_none,instance_00008,Number of turns,2
1115,codenames,Bentel rockers__qwen3.5-4b__Bentel_iter_3,opponent_none,instance_00008,Efficiency,0.0
1116,codenames,Bentel rockers__qwen3.5-4b__Bentel_iter_3,opponent_none,instance_00008,Request Count,2
1117,codenames,Bentel rockers__qwen3.5-4b__Bentel_iter_3,opponent_none,instance_00008,Parsed Request Count,1
1118,codenames,Bentel rockers__qwen3.5-4b__Bentel_iter_3,opponent_none,instance_00008,Violated Request Count,1
1119,codenames,Bentel rockers__qwen3.5-4b__Bentel_iter_3,opponent_none,instance_00008,Request Success Ratio,0.5
1120,codenames,Bentel rockers__qwen3.5-4b__Bentel_iter_3,opponent_none,instance_00008,Main Score,
1121,codenames,Bentel rockers__qwen3.5-4b__Bentel_iter_3,frequency_high,instance_00002,experiment variable,Word Frequency
1122,codenames,Bentel rockers__qwen3.5-4b__Bentel_iter_3,frequency_high,instance_00002,experiment name,frequency_high
1123,codenames,Bentel rockers__qwen3.5-4b__Bentel_iter_3,frequency_high,instance_00002,Cluegiver strip words,0
1124,codenames,Bentel rockers__qwen3.5-4b__Bentel_iter_3,frequency_high,instance_00002,Guesser strip words,0
1125,codenames,Bentel rockers__qwen3.5-4b__Bentel_iter_3,frequency_high,instance_00002,Average Cluegiver Number of Targets,1.5
1126,codenames,Bentel rockers__qwen3.5-4b__Bentel_iter_3,frequency_high,instance_00002,Average Cluegiver Team Precision,0.75
1127,codenames,Bentel rockers__qwen3.5-4b__Bentel_iter_3,frequency_high,instance_00002,Average Cluegiver Team Recall,0.167
1128,codenames,Bentel rockers__qwen3.5-4b__Bentel_iter_3,frequency_high,instance_00002,Average Cluegiver Team F1,0.266
1129,codenames,Bentel rockers__qwen3.5-4b__Bentel_iter_3,frequency_high,instance_00002,Average Guesser Number of Guesses,1.5
1130,codenames,Bentel rockers__qwen3.5-4b__Bentel_iter_3,frequency_high,instance_00002,Average Guesser Number of Revealed Words,0.75
1131,codenames,Bentel rockers__qwen3.5-4b__Bentel_iter_3,frequency_high,instance_00002,Average Guesser Number of Unrevealed Guesses,0.75
1132,codenames,Bentel rockers__qwen3.5-4b__Bentel_iter_3,frequency_high,instance_00002,Average Guesser Target Precision,0.25
1133,codenames,Bentel rockers__qwen3.5-4b__Bentel_iter_3,frequency_high,instance_00002,Average Guesser Target Recall,0.25
1134,codenames,Bentel rockers__qwen3.5-4b__Bentel_iter_3,frequency_high,instance_00002,Average Guesser Target F1,0.25
1135,codenames,Bentel rockers__qwen3.5-4b__Bentel_iter_3,frequency_high,instance_00002,Average Guesser Team Precision,0.25
1136,codenames,Bentel rockers__qwen3.5-4b__Bentel_iter_3,frequency_high,instance_00002,Average Guesser Team Recall,0.028
1137,codenames,Bentel rockers__qwen3.5-4b__Bentel_iter_3,frequency_high,instance_00002,Average Guesser Team F1,0.05
1138,codenames,Bentel rockers__qwen3.5-4b__Bentel_iter_3,frequency_high,instance_00002,Aborted,1
1139,codenames,Bentel rockers__qwen3.5-4b__Bentel_iter_3,frequency_high,instance_00002,Lose,0
1140,codenames,Bentel rockers__qwen3.5-4b__Bentel_iter_3,frequency_high,instance_00002,Success,0
1141,codenames,Bentel rockers__qwen3.5-4b__Bentel_iter_3,frequency_high,instance_00002,Game ended through assassin,0
1142,codenames,Bentel rockers__qwen3.5-4b__Bentel_iter_3,frequency_high,instance_00002,Episode Recall,0.111
1143,codenames,Bentel rockers__qwen3.5-4b__Bentel_iter_3,frequency_high,instance_00002,Episode Negative Recall,0.875
1144,codenames,Bentel rockers__qwen3.5-4b__Bentel_iter_3,frequency_high,instance_00002,Number of turns,4
1145,codenames,Bentel rockers__qwen3.5-4b__Bentel_iter_3,frequency_high,instance_00002,Efficiency,0.75
1146,codenames,Bentel rockers__qwen3.5-4b__Bentel_iter_3,frequency_high,instance_00002,Request Count,7
1147,codenames,Bentel rockers__qwen3.5-4b__Bentel_iter_3,frequency_high,instance_00002,Parsed Request Count,6
1148,codenames,Bentel rockers__qwen3.5-4b__Bentel_iter_3,frequency_high,instance_00002,Violated Request Count,1
1149,codenames,Bentel rockers__qwen3.5-4b__Bentel_iter_3,frequency_high,instance_00002,Request Success Ratio,0.857
1150,codenames,Bentel rockers__qwen3.5-4b__Bentel_iter_3,frequency_high,instance_00002,Main Score,
1151,codenames,Bentel rockers__qwen3.5-4b__Bentel_iter_3,frequency_low,instance_00004,experiment variable,Word Frequency
1152,codenames,Bentel rockers__qwen3.5-4b__Bentel_iter_3,frequency_low,instance_00004,experiment name,frequency_low
1153,codenames,Bentel rockers__qwen3.5-4b__Bentel_iter_3,frequency_low,instance_00004,Cluegiver strip words,0
1154,codenames,Bentel rockers__qwen3.5-4b__Bentel_iter_3,frequency_low,instance_00004,Guesser strip words,0
1155,codenames,Bentel rockers__qwen3.5-4b__Bentel_iter_3,frequency_low,instance_00004,Average Cluegiver Number of Targets,5
1156,codenames,Bentel rockers__qwen3.5-4b__Bentel_iter_3,frequency_low,instance_00004,Average Cluegiver Team Precision,1.0
1157,codenames,Bentel rockers__qwen3.5-4b__Bentel_iter_3,frequency_low,instance_00004,Average Cluegiver Team Recall,0.556
1158,codenames,Bentel rockers__qwen3.5-4b__Bentel_iter_3,frequency_low,instance_00004,Average Cluegiver Team F1,0.714
1159,codenames,Bentel rockers__qwen3.5-4b__Bentel_iter_3,frequency_low,instance_00004,Average Guesser Number of Guesses,0
1160,codenames,Bentel rockers__qwen3.5-4b__Bentel_iter_3,frequency_low,instance_00004,Average Guesser Number of Revealed Words,0
1161,codenames,Bentel rockers__qwen3.5-4b__Bentel_iter_3,frequency_low,instance_00004,Average Guesser Number of Unrevealed Guesses,0
1162,codenames,Bentel rockers__qwen3.5-4b__Bentel_iter_3,frequency_low,instance_00004,Average Guesser Target Precision,0
1163,codenames,Bentel rockers__qwen3.5-4b__Bentel_iter_3,frequency_low,instance_00004,Average Guesser Target Recall,0.0
1164,codenames,Bentel rockers__qwen3.5-4b__Bentel_iter_3,frequency_low,instance_00004,Average Guesser Target F1,0
1165,codenames,Bentel rockers__qwen3.5-4b__Bentel_iter_3,frequency_low,instance_00004,Average Guesser Team Precision,0
1166,codenames,Bentel rockers__qwen3.5-4b__Bentel_iter_3,frequency_low,instance_00004,Average Guesser Team Recall,0.0
1167,codenames,Bentel rockers__qwen3.5-4b__Bentel_iter_3,frequency_low,instance_00004,Average Guesser Team F1,0
1168,codenames,Bentel rockers__qwen3.5-4b__Bentel_iter_3,frequency_low,instance_00004,Aborted,1
1169,codenames,Bentel rockers__qwen3.5-4b__Bentel_iter_3,frequency_low,instance_00004,Lose,0
1170,codenames,Bentel rockers__qwen3.5-4b__Bentel_iter_3,frequency_low,instance_00004,Success,0
1171,codenames,Bentel rockers__qwen3.5-4b__Bentel_iter_3,frequency_low,instance_00004,Game ended through assassin,0
1172,codenames,Bentel rockers__qwen3.5-4b__Bentel_iter_3,frequency_low,instance_00004,Episode Recall,0.0
1173,codenames,Bentel rockers__qwen3.5-4b__Bentel_iter_3,frequency_low,instance_00004,Episode Negative Recall,1.0
1174,codenames,Bentel rockers__qwen3.5-4b__Bentel_iter_3,frequency_low,instance_00004,Number of turns,2
1175,codenames,Bentel rockers__qwen3.5-4b__Bentel_iter_3,frequency_low,instance_00004,Efficiency,0.0
1176,codenames,Bentel rockers__qwen3.5-4b__Bentel_iter_3,frequency_low,instance_00004,Request Count,2
1177,codenames,Bentel rockers__qwen3.5-4b__Bentel_iter_3,frequency_low,instance_00004,Parsed Request Count,1
1178,codenames,Bentel rockers__qwen3.5-4b__Bentel_iter_3,frequency_low,instance_00004,Violated Request Count,1
1179,codenames,Bentel rockers__qwen3.5-4b__Bentel_iter_3,frequency_low,instance_00004,Request Success Ratio,0.5
1180,codenames,Bentel rockers__qwen3.5-4b__Bentel_iter_3,frequency_low,instance_00004,Main Score,
1181,matchit_ascii,Bentel rockers__qwen3.5-4b__Bentel_iter_3,similar_grid_2,instance_00007,Violated Request Count,0
1182,matchit_ascii,Bentel rockers__qwen3.5-4b__Bentel_iter_3,similar_grid_2,instance_00007,Parsed Request Count,16
1183,matchit_ascii,Bentel rockers__qwen3.5-4b__Bentel_iter_3,similar_grid_2,instance_00007,Request Count,16
1184,matchit_ascii,Bentel rockers__qwen3.5-4b__Bentel_iter_3,similar_grid_2,instance_00007,Aborted,0
1185,matchit_ascii,Bentel rockers__qwen3.5-4b__Bentel_iter_3,similar_grid_2,instance_00007,Success,1
1186,matchit_ascii,Bentel rockers__qwen3.5-4b__Bentel_iter_3,similar_grid_2,instance_00007,Lose,0
1187,matchit_ascii,Bentel rockers__qwen3.5-4b__Bentel_iter_3,similar_grid_2,instance_00007,Main Score,100
1188,matchit_ascii,Bentel rockers__qwen3.5-4b__Bentel_iter_3,similar_grid_2,instance_00007,Player Score,100
1189,matchit_ascii,Bentel rockers__qwen3.5-4b__Bentel_iter_3,same_grid,instance_00002,Violated Request Count,0
1190,matchit_ascii,Bentel rockers__qwen3.5-4b__Bentel_iter_3,same_grid,instance_00002,Parsed Request Count,16
1191,matchit_ascii,Bentel rockers__qwen3.5-4b__Bentel_iter_3,same_grid,instance_00002,Request Count,16
1192,matchit_ascii,Bentel rockers__qwen3.5-4b__Bentel_iter_3,same_grid,instance_00002,Aborted,0
1193,matchit_ascii,Bentel rockers__qwen3.5-4b__Bentel_iter_3,same_grid,instance_00002,Success,1
1194,matchit_ascii,Bentel rockers__qwen3.5-4b__Bentel_iter_3,same_grid,instance_00002,Lose,0
1195,matchit_ascii,Bentel rockers__qwen3.5-4b__Bentel_iter_3,same_grid,instance_00002,Main Score,100
1196,matchit_ascii,Bentel rockers__qwen3.5-4b__Bentel_iter_3,same_grid,instance_00002,Player Score,100
1197,matchit_ascii,Bentel rockers__qwen3.5-4b__Bentel_iter_3,similar_grid_1,instance_00002,Violated Request Count,0
1198,matchit_ascii,Bentel rockers__qwen3.5-4b__Bentel_iter_3,similar_grid_1,instance_00002,Parsed Request Count,16
1199,matchit_ascii,Bentel rockers__qwen3.5-4b__Bentel_iter_3,similar_grid_1,instance_00002,Request Count,16
1200,matchit_ascii,Bentel rockers__qwen3.5-4b__Bentel_iter_3,similar_grid_1,instance_00002,Aborted,0
1201,matchit_ascii,Bentel rockers__qwen3.5-4b__Bentel_iter_3,similar_grid_1,instance_00002,Success,1
1202,matchit_ascii,Bentel rockers__qwen3.5-4b__Bentel_iter_3,similar_grid_1,instance_00002,Lose,0
1203,matchit_ascii,Bentel rockers__qwen3.5-4b__Bentel_iter_3,similar_grid_1,instance_00002,Main Score,100
1204,matchit_ascii,Bentel rockers__qwen3.5-4b__Bentel_iter_3,similar_grid_1,instance_00002,Player Score,100
1205,matchit_ascii,Bentel rockers__qwen3.5-4b__Bentel_iter_3,different_grid,instance_00002,Violated Request Count,0
1206,matchit_ascii,Bentel rockers__qwen3.5-4b__Bentel_iter_3,different_grid,instance_00002,Parsed Request Count,16
1207,matchit_ascii,Bentel rockers__qwen3.5-4b__Bentel_iter_3,different_grid,instance_00002,Request Count,16
1208,matchit_ascii,Bentel rockers__qwen3.5-4b__Bentel_iter_3,different_grid,instance_00002,Aborted,0
1209,matchit_ascii,Bentel rockers__qwen3.5-4b__Bentel_iter_3,different_grid,instance_00002,Success,1
1210,matchit_ascii,Bentel rockers__qwen3.5-4b__Bentel_iter_3,different_grid,instance_00002,Lose,0
1211,matchit_ascii,Bentel rockers__qwen3.5-4b__Bentel_iter_3,different_grid,instance_00002,Main Score,100
1212,matchit_ascii,Bentel rockers__qwen3.5-4b__Bentel_iter_3,different_grid,instance_00002,Player Score,100
1213,dond,Bentel rockers__qwen3.5-4b__Bentel_iter_3,coop_en,instance_00019,Played,1.0
1214,dond,Bentel rockers__qwen3.5-4b__Bentel_iter_3,coop_en,instance_00006,Played,1.0
1215,dond,Bentel rockers__qwen3.5-4b__Bentel_iter_3,semi_en,instance_00015,Played,1.0
1216,dond,Bentel rockers__qwen3.5-4b__Bentel_iter_3,semi_en,instance_00001,Played,1.0
1217,wordle,Bentel rockers__qwen3.5-4b__Bentel_iter_3,medium_frequency_words_no_clue_no_critic,instance_00014,Played,0.0
1218,wordle,Bentel rockers__qwen3.5-4b__Bentel_iter_3,medium_frequency_words_no_clue_no_critic,instance_00007,Played,0.0
1219,wordle,Bentel rockers__qwen3.5-4b__Bentel_iter_3,high_frequency_words_no_clue_no_critic,instance_00007,Played,0.0
1220,guesswhat,Bentel rockers__qwen3.5-4b__Bentel_iter_3,Abs_Level_3,instance_00008,Played,1.0
1221,guesswhat,Bentel rockers__qwen3.5-4b__Bentel_iter_3,Abs_Level_2,instance_00007,Played,1.0
1222,guesswhat,Bentel rockers__qwen3.5-4b__Bentel_iter_3,Abs_Level_1,instance_00002,Played,0.0
1223,guesswhat,Bentel rockers__qwen3.5-4b__Bentel_iter_3,Level_1,instance_00002,Played,1.0
1224,guesswhat,Bentel rockers__qwen3.5-4b__Bentel_iter_3,Level_2,instance_00009,Played,1.0
1225,guesswhat,Bentel rockers__qwen3.5-4b__Bentel_iter_3,Level_3,instance_00008,Played,1.0
1226,privateshared,Bentel rockers__qwen3.5-4b__Bentel_iter_3,things-places,instance_00003,Played,0.0
1227,privateshared,Bentel rockers__qwen3.5-4b__Bentel_iter_3,restaurant,instance_00007,Played,1.0
1228,privateshared,Bentel rockers__qwen3.5-4b__Bentel_iter_3,travel-booking,instance_00009,Played,1.0
1229,privateshared,Bentel rockers__qwen3.5-4b__Bentel_iter_3,job-interview,instance_00008,Played,1.0
1230,privateshared,Bentel rockers__qwen3.5-4b__Bentel_iter_3,letter-number,instance_00009,Played,1.0
1231,wordle_withcritic,Bentel rockers__qwen3.5-4b__Bentel_iter_3,medium_frequency_words_clue_with_critic,instance_00004,Played,0.0
1232,wordle_withcritic,Bentel rockers__qwen3.5-4b__Bentel_iter_3,medium_frequency_words_clue_with_critic,instance_00019,Played,0.0
1233,wordle_withcritic,Bentel rockers__qwen3.5-4b__Bentel_iter_3,high_frequency_words_clue_with_critic,instance_00002,Played,0.0
1234,taboo,Bentel rockers__qwen3.5-4b__Bentel_iter_3,high_en,instance_00016,Played,1.0
1235,taboo,Bentel rockers__qwen3.5-4b__Bentel_iter_3,high_en,instance_00010,Played,1.0
1236,taboo,Bentel rockers__qwen3.5-4b__Bentel_iter_3,low_en,instance_00018,Played,1.0
1237,taboo,Bentel rockers__qwen3.5-4b__Bentel_iter_3,low_en,instance_00012,Played,1.0
1238,taboo,Bentel rockers__qwen3.5-4b__Bentel_iter_3,medium_en,instance_00007,Played,1.0
1239,taboo,Bentel rockers__qwen3.5-4b__Bentel_iter_3,medium_en,instance_00010,Played,1.0
1240,wordle_withclue,Bentel rockers__qwen3.5-4b__Bentel_iter_3,high_frequency_words_clue_no_critic,instance_00009,Played,0.0
1241,wordle_withclue,Bentel rockers__qwen3.5-4b__Bentel_iter_3,medium_frequency_words_clue_no_critic,instance_00011,Played,0.0
1242,wordle_withclue,Bentel rockers__qwen3.5-4b__Bentel_iter_3,medium_frequency_words_clue_no_critic,instance_00018,Played,1.0
1243,textmapworld,Bentel rockers__qwen3.5-4b__Bentel_iter_3,large_cycle,instance_00049,Played,1.0
1244,textmapworld,Bentel rockers__qwen3.5-4b__Bentel_iter_3,small,instance_00006,Played,1.0
1245,textmapworld,Bentel rockers__qwen3.5-4b__Bentel_iter_3,large,instance_00028,Played,1.0
1246,textmapworld,Bentel rockers__qwen3.5-4b__Bentel_iter_3,medium_cycle,instance_00034,Played,1.0
1247,textmapworld,Bentel rockers__qwen3.5-4b__Bentel_iter_3,medium,instance_00010,Played,1.0
1248,referencegame,Bentel rockers__qwen3.5-4b__Bentel_iter_3,line_grids_columns,instance_00013,Played,1.0
1249,referencegame,Bentel rockers__qwen3.5-4b__Bentel_iter_3,number_grids,instance_00017,Played,1.0
1250,referencegame,Bentel rockers__qwen3.5-4b__Bentel_iter_3,line_grids_rows,instance_00017,Played,1.0
1251,referencegame,Bentel rockers__qwen3.5-4b__Bentel_iter_3,letter_grids,instance_00012,Played,1.0
1252,adventuregame,Bentel rockers__qwen3.5-4b__Bentel_iter_3,new-words_home-delivery_medium_basic_medium,instance_00002,Played,0.0
1253,adventuregame,Bentel rockers__qwen3.5-4b__Bentel_iter_3,potion_brewing_basic_undefined,instance_00004,Played,0.0
1254,adventuregame,Bentel rockers__qwen3.5-4b__Bentel_iter_3,new-words_home-delivery_easy_basic_easy,instance_00002,Played,0.0
1255,adventuregame,Bentel rockers__qwen3.5-4b__Bentel_iter_3,new-words_created_basic_hard,instance_00000,Played,0.0
1256,adventuregame,Bentel rockers__qwen3.5-4b__Bentel_iter_3,home_deliver_three_basic_hard_invlimittwo,instance_00000,Played,1.0
1257,textmapworld_specificroom,Bentel rockers__qwen3.5-4b__Bentel_iter_3,on,instance_00000,Played,1.0
1258,textmapworld_specificroom,Bentel rockers__qwen3.5-4b__Bentel_iter_3,far,instance_00027,Played,1.0
1259,textmapworld_specificroom,Bentel rockers__qwen3.5-4b__Bentel_iter_3,close,instance_00017,Played,1.0
1260,imagegame,Bentel rockers__qwen3.5-4b__Bentel_iter_3,random_grids,instance_00014,Played,1.0
1261,imagegame,Bentel rockers__qwen3.5-4b__Bentel_iter_3,random_grids,instance_00016,Played,1.0
1262,imagegame,Bentel rockers__qwen3.5-4b__Bentel_iter_3,compact_grids,instance_00019,Played,1.0
1263,imagegame,Bentel rockers__qwen3.5-4b__Bentel_iter_3,compact_grids,instance_00002,Played,1.0
1264,textmapworld_graphreasoning,Bentel rockers__qwen3.5-4b__Bentel_iter_3,small,instance_00009,Played,1.0
1265,textmapworld_graphreasoning,Bentel rockers__qwen3.5-4b__Bentel_iter_3,large,instance_00028,Played,1.0
1266,textmapworld_graphreasoning,Bentel rockers__qwen3.5-4b__Bentel_iter_3,medium,instance_00010,Played,1.0
1267,codenames,Bentel rockers__qwen3.5-4b__Bentel_iter_3,association_difficult,instance_00000,Played,0
1268,codenames,Bentel rockers__qwen3.5-4b__Bentel_iter_3,risk_low,instance_00008,Played,0
1269,codenames,Bentel rockers__qwen3.5-4b__Bentel_iter_3,ambiguous,instance_00001,Played,0
1270,codenames,Bentel rockers__qwen3.5-4b__Bentel_iter_3,opponent_difficult,instance_00007,Played,0
1271,codenames,Bentel rockers__qwen3.5-4b__Bentel_iter_3,risk_high,instance_00009,Played,0
1272,codenames,Bentel rockers__qwen3.5-4b__Bentel_iter_3,abstract,instance_00007,Played,1
1273,codenames,Bentel rockers__qwen3.5-4b__Bentel_iter_3,association_easy,instance_00009,Played,1
1274,codenames,Bentel rockers__qwen3.5-4b__Bentel_iter_3,opponent_easy,instance_00009,Played,0
1275,codenames,Bentel rockers__qwen3.5-4b__Bentel_iter_3,concrete,instance_00004,Played,1
1276,codenames,Bentel rockers__qwen3.5-4b__Bentel_iter_3,unambiguous,instance_00002,Played,0
1277,codenames,Bentel rockers__qwen3.5-4b__Bentel_iter_3,opponent_none,instance_00008,Played,0
1278,codenames,Bentel rockers__qwen3.5-4b__Bentel_iter_3,frequency_high,instance_00002,Played,0
1279,codenames,Bentel rockers__qwen3.5-4b__Bentel_iter_3,frequency_low,instance_00004,Played,0
1280,matchit_ascii,Bentel rockers__qwen3.5-4b__Bentel_iter_3,similar_grid_2,instance_00007,Played,1
1281,matchit_ascii,Bentel rockers__qwen3.5-4b__Bentel_iter_3,same_grid,instance_00002,Played,1
1282,matchit_ascii,Bentel rockers__qwen3.5-4b__Bentel_iter_3,similar_grid_1,instance_00002,Played,1
1283,matchit_ascii,Bentel rockers__qwen3.5-4b__Bentel_iter_3,different_grid,instance_00002,Played,1
