,game,model,experiment,episode,metric,value
0,dond,Dialogue Architects__qwen3.5-9b__SCoRe_Qwen3.5-9B,coop_en,instance_00019,Request Count,4.0
1,dond,Dialogue Architects__qwen3.5-9b__SCoRe_Qwen3.5-9B,coop_en,instance_00019,Parsed Request Count,4.0
2,dond,Dialogue Architects__qwen3.5-9b__SCoRe_Qwen3.5-9B,coop_en,instance_00019,Violated Request Count,0.0
3,dond,Dialogue Architects__qwen3.5-9b__SCoRe_Qwen3.5-9B,coop_en,instance_00019,Request Success Ratio,1.0
4,dond,Dialogue Architects__qwen3.5-9b__SCoRe_Qwen3.5-9B,coop_en,instance_00019,Aborted,0.0
5,dond,Dialogue Architects__qwen3.5-9b__SCoRe_Qwen3.5-9B,coop_en,instance_00019,Lose,1.0
6,dond,Dialogue Architects__qwen3.5-9b__SCoRe_Qwen3.5-9B,coop_en,instance_00019,Success,0.0
7,dond,Dialogue Architects__qwen3.5-9b__SCoRe_Qwen3.5-9B,coop_en,instance_00019,Main Score,0.0
8,dond,Dialogue Architects__qwen3.5-9b__SCoRe_Qwen3.5-9B,coop_en,instance_00019,Sum of Points,0.0
9,dond,Dialogue Architects__qwen3.5-9b__SCoRe_Qwen3.5-9B,coop_en,instance_00019,Pareto Optimal,0.0
10,dond,Dialogue Architects__qwen3.5-9b__SCoRe_Qwen3.5-9B,coop_en,instance_00006,Request Count,3.0
11,dond,Dialogue Architects__qwen3.5-9b__SCoRe_Qwen3.5-9B,coop_en,instance_00006,Parsed Request Count,3.0
12,dond,Dialogue Architects__qwen3.5-9b__SCoRe_Qwen3.5-9B,coop_en,instance_00006,Violated Request Count,0.0
13,dond,Dialogue Architects__qwen3.5-9b__SCoRe_Qwen3.5-9B,coop_en,instance_00006,Request Success Ratio,1.0
14,dond,Dialogue Architects__qwen3.5-9b__SCoRe_Qwen3.5-9B,coop_en,instance_00006,Aborted,0.0
15,dond,Dialogue Architects__qwen3.5-9b__SCoRe_Qwen3.5-9B,coop_en,instance_00006,Lose,1.0
16,dond,Dialogue Architects__qwen3.5-9b__SCoRe_Qwen3.5-9B,coop_en,instance_00006,Success,0.0
17,dond,Dialogue Architects__qwen3.5-9b__SCoRe_Qwen3.5-9B,coop_en,instance_00006,Main Score,0.0
18,dond,Dialogue Architects__qwen3.5-9b__SCoRe_Qwen3.5-9B,coop_en,instance_00006,Sum of Points,0.0
19,dond,Dialogue Architects__qwen3.5-9b__SCoRe_Qwen3.5-9B,coop_en,instance_00006,Pareto Optimal,0.0
20,dond,Dialogue Architects__qwen3.5-9b__SCoRe_Qwen3.5-9B,semi_en,instance_00015,Request Count,4.0
21,dond,Dialogue Architects__qwen3.5-9b__SCoRe_Qwen3.5-9B,semi_en,instance_00015,Parsed Request Count,4.0
22,dond,Dialogue Architects__qwen3.5-9b__SCoRe_Qwen3.5-9B,semi_en,instance_00015,Violated Request Count,0.0
23,dond,Dialogue Architects__qwen3.5-9b__SCoRe_Qwen3.5-9B,semi_en,instance_00015,Request Success Ratio,1.0
24,dond,Dialogue Architects__qwen3.5-9b__SCoRe_Qwen3.5-9B,semi_en,instance_00015,Aborted,1.0
25,dond,Dialogue Architects__qwen3.5-9b__SCoRe_Qwen3.5-9B,semi_en,instance_00015,Lose,0.0
26,dond,Dialogue Architects__qwen3.5-9b__SCoRe_Qwen3.5-9B,semi_en,instance_00015,Success,0.0
27,dond,Dialogue Architects__qwen3.5-9b__SCoRe_Qwen3.5-9B,semi_en,instance_00015,Main Score,
28,dond,Dialogue Architects__qwen3.5-9b__SCoRe_Qwen3.5-9B,semi_en,instance_00001,Request Count,4.0
29,dond,Dialogue Architects__qwen3.5-9b__SCoRe_Qwen3.5-9B,semi_en,instance_00001,Parsed Request Count,4.0
30,dond,Dialogue Architects__qwen3.5-9b__SCoRe_Qwen3.5-9B,semi_en,instance_00001,Violated Request Count,0.0
31,dond,Dialogue Architects__qwen3.5-9b__SCoRe_Qwen3.5-9B,semi_en,instance_00001,Request Success Ratio,1.0
32,dond,Dialogue Architects__qwen3.5-9b__SCoRe_Qwen3.5-9B,semi_en,instance_00001,Aborted,0.0
33,dond,Dialogue Architects__qwen3.5-9b__SCoRe_Qwen3.5-9B,semi_en,instance_00001,Lose,0.0
34,dond,Dialogue Architects__qwen3.5-9b__SCoRe_Qwen3.5-9B,semi_en,instance_00001,Success,1.0
35,dond,Dialogue Architects__qwen3.5-9b__SCoRe_Qwen3.5-9B,semi_en,instance_00001,Main Score,70.0
36,dond,Dialogue Architects__qwen3.5-9b__SCoRe_Qwen3.5-9B,semi_en,instance_00001,Sum of Points,0.6875
37,dond,Dialogue Architects__qwen3.5-9b__SCoRe_Qwen3.5-9B,semi_en,instance_00001,Pareto Optimal,0.0
38,wordle,Dialogue Architects__qwen3.5-9b__SCoRe_Qwen3.5-9B,medium_frequency_words_no_clue_no_critic,instance_00014,Aborted,0.0
39,wordle,Dialogue Architects__qwen3.5-9b__SCoRe_Qwen3.5-9B,medium_frequency_words_no_clue_no_critic,instance_00014,Lose,0.0
40,wordle,Dialogue Architects__qwen3.5-9b__SCoRe_Qwen3.5-9B,medium_frequency_words_no_clue_no_critic,instance_00014,Success,1.0
41,wordle,Dialogue Architects__qwen3.5-9b__SCoRe_Qwen3.5-9B,medium_frequency_words_no_clue_no_critic,instance_00014,Request Count,3.0
42,wordle,Dialogue Architects__qwen3.5-9b__SCoRe_Qwen3.5-9B,medium_frequency_words_no_clue_no_critic,instance_00014,Parsed Request Count,3.0
43,wordle,Dialogue Architects__qwen3.5-9b__SCoRe_Qwen3.5-9B,medium_frequency_words_no_clue_no_critic,instance_00014,Violated Request Count,0.0
44,wordle,Dialogue Architects__qwen3.5-9b__SCoRe_Qwen3.5-9B,medium_frequency_words_no_clue_no_critic,instance_00014,Request Success Ratio,1.0
45,wordle,Dialogue Architects__qwen3.5-9b__SCoRe_Qwen3.5-9B,medium_frequency_words_no_clue_no_critic,instance_00014,Main Score,100.0
46,wordle,Dialogue Architects__qwen3.5-9b__SCoRe_Qwen3.5-9B,medium_frequency_words_no_clue_no_critic,instance_00014,Guess Repetitions,0.0
47,wordle,Dialogue Architects__qwen3.5-9b__SCoRe_Qwen3.5-9B,medium_frequency_words_no_clue_no_critic,instance_00007,Aborted,0.0
48,wordle,Dialogue Architects__qwen3.5-9b__SCoRe_Qwen3.5-9B,medium_frequency_words_no_clue_no_critic,instance_00007,Lose,0.0
49,wordle,Dialogue Architects__qwen3.5-9b__SCoRe_Qwen3.5-9B,medium_frequency_words_no_clue_no_critic,instance_00007,Success,1.0
50,wordle,Dialogue Architects__qwen3.5-9b__SCoRe_Qwen3.5-9B,medium_frequency_words_no_clue_no_critic,instance_00007,Request Count,3.0
51,wordle,Dialogue Architects__qwen3.5-9b__SCoRe_Qwen3.5-9B,medium_frequency_words_no_clue_no_critic,instance_00007,Parsed Request Count,3.0
52,wordle,Dialogue Architects__qwen3.5-9b__SCoRe_Qwen3.5-9B,medium_frequency_words_no_clue_no_critic,instance_00007,Violated Request Count,0.0
53,wordle,Dialogue Architects__qwen3.5-9b__SCoRe_Qwen3.5-9B,medium_frequency_words_no_clue_no_critic,instance_00007,Request Success Ratio,1.0
54,wordle,Dialogue Architects__qwen3.5-9b__SCoRe_Qwen3.5-9B,medium_frequency_words_no_clue_no_critic,instance_00007,Main Score,100.0
55,wordle,Dialogue Architects__qwen3.5-9b__SCoRe_Qwen3.5-9B,medium_frequency_words_no_clue_no_critic,instance_00007,Guess Repetitions,0.0
56,wordle,Dialogue Architects__qwen3.5-9b__SCoRe_Qwen3.5-9B,high_frequency_words_no_clue_no_critic,instance_00007,Aborted,0.0
57,wordle,Dialogue Architects__qwen3.5-9b__SCoRe_Qwen3.5-9B,high_frequency_words_no_clue_no_critic,instance_00007,Lose,0.0
58,wordle,Dialogue Architects__qwen3.5-9b__SCoRe_Qwen3.5-9B,high_frequency_words_no_clue_no_critic,instance_00007,Success,1.0
59,wordle,Dialogue Architects__qwen3.5-9b__SCoRe_Qwen3.5-9B,high_frequency_words_no_clue_no_critic,instance_00007,Request Count,3.0
60,wordle,Dialogue Architects__qwen3.5-9b__SCoRe_Qwen3.5-9B,high_frequency_words_no_clue_no_critic,instance_00007,Parsed Request Count,3.0
61,wordle,Dialogue Architects__qwen3.5-9b__SCoRe_Qwen3.5-9B,high_frequency_words_no_clue_no_critic,instance_00007,Violated Request Count,0.0
62,wordle,Dialogue Architects__qwen3.5-9b__SCoRe_Qwen3.5-9B,high_frequency_words_no_clue_no_critic,instance_00007,Request Success Ratio,1.0
63,wordle,Dialogue Architects__qwen3.5-9b__SCoRe_Qwen3.5-9B,high_frequency_words_no_clue_no_critic,instance_00007,Main Score,100.0
64,wordle,Dialogue Architects__qwen3.5-9b__SCoRe_Qwen3.5-9B,high_frequency_words_no_clue_no_critic,instance_00007,Guess Repetitions,0.0
65,guesswhat,Dialogue Architects__qwen3.5-9b__SCoRe_Qwen3.5-9B,Abs_Level_3,instance_00008,Violated Request Count,1.0
66,guesswhat,Dialogue Architects__qwen3.5-9b__SCoRe_Qwen3.5-9B,Abs_Level_3,instance_00008,Parsed Request Count,0.0
67,guesswhat,Dialogue Architects__qwen3.5-9b__SCoRe_Qwen3.5-9B,Abs_Level_3,instance_00008,Request Count,1.0
68,guesswhat,Dialogue Architects__qwen3.5-9b__SCoRe_Qwen3.5-9B,Abs_Level_3,instance_00008,Request Success Ratio,0.0
69,guesswhat,Dialogue Architects__qwen3.5-9b__SCoRe_Qwen3.5-9B,Abs_Level_3,instance_00008,Aborted,1.0
70,guesswhat,Dialogue Architects__qwen3.5-9b__SCoRe_Qwen3.5-9B,Abs_Level_3,instance_00008,Main Score,
71,guesswhat,Dialogue Architects__qwen3.5-9b__SCoRe_Qwen3.5-9B,Abs_Level_3,instance_00008,Invalid format guesser response,0.0
72,guesswhat,Dialogue Architects__qwen3.5-9b__SCoRe_Qwen3.5-9B,Abs_Level_3,instance_00008,Invalid format answerer response,1.0
73,guesswhat,Dialogue Architects__qwen3.5-9b__SCoRe_Qwen3.5-9B,Abs_Level_3,instance_00008,Invalid content guesser response,0.0
74,guesswhat,Dialogue Architects__qwen3.5-9b__SCoRe_Qwen3.5-9B,Abs_Level_3,instance_00008,Invalid content answerer response,0.0
75,guesswhat,Dialogue Architects__qwen3.5-9b__SCoRe_Qwen3.5-9B,Abs_Level_2,instance_00007,Violated Request Count,1.0
76,guesswhat,Dialogue Architects__qwen3.5-9b__SCoRe_Qwen3.5-9B,Abs_Level_2,instance_00007,Parsed Request Count,0.0
77,guesswhat,Dialogue Architects__qwen3.5-9b__SCoRe_Qwen3.5-9B,Abs_Level_2,instance_00007,Request Count,1.0
78,guesswhat,Dialogue Architects__qwen3.5-9b__SCoRe_Qwen3.5-9B,Abs_Level_2,instance_00007,Request Success Ratio,0.0
79,guesswhat,Dialogue Architects__qwen3.5-9b__SCoRe_Qwen3.5-9B,Abs_Level_2,instance_00007,Aborted,1.0
80,guesswhat,Dialogue Architects__qwen3.5-9b__SCoRe_Qwen3.5-9B,Abs_Level_2,instance_00007,Main Score,
81,guesswhat,Dialogue Architects__qwen3.5-9b__SCoRe_Qwen3.5-9B,Abs_Level_2,instance_00007,Invalid format guesser response,0.0
82,guesswhat,Dialogue Architects__qwen3.5-9b__SCoRe_Qwen3.5-9B,Abs_Level_2,instance_00007,Invalid format answerer response,1.0
83,guesswhat,Dialogue Architects__qwen3.5-9b__SCoRe_Qwen3.5-9B,Abs_Level_2,instance_00007,Invalid content guesser response,0.0
84,guesswhat,Dialogue Architects__qwen3.5-9b__SCoRe_Qwen3.5-9B,Abs_Level_2,instance_00007,Invalid content answerer response,0.0
85,guesswhat,Dialogue Architects__qwen3.5-9b__SCoRe_Qwen3.5-9B,Abs_Level_1,instance_00002,Violated Request Count,1.0
86,guesswhat,Dialogue Architects__qwen3.5-9b__SCoRe_Qwen3.5-9B,Abs_Level_1,instance_00002,Parsed Request Count,0.0
87,guesswhat,Dialogue Architects__qwen3.5-9b__SCoRe_Qwen3.5-9B,Abs_Level_1,instance_00002,Request Count,1.0
88,guesswhat,Dialogue Architects__qwen3.5-9b__SCoRe_Qwen3.5-9B,Abs_Level_1,instance_00002,Request Success Ratio,0.0
89,guesswhat,Dialogue Architects__qwen3.5-9b__SCoRe_Qwen3.5-9B,Abs_Level_1,instance_00002,Aborted,1.0
90,guesswhat,Dialogue Architects__qwen3.5-9b__SCoRe_Qwen3.5-9B,Abs_Level_1,instance_00002,Main Score,
91,guesswhat,Dialogue Architects__qwen3.5-9b__SCoRe_Qwen3.5-9B,Abs_Level_1,instance_00002,Invalid format guesser response,0.0
92,guesswhat,Dialogue Architects__qwen3.5-9b__SCoRe_Qwen3.5-9B,Abs_Level_1,instance_00002,Invalid format answerer response,1.0
93,guesswhat,Dialogue Architects__qwen3.5-9b__SCoRe_Qwen3.5-9B,Abs_Level_1,instance_00002,Invalid content guesser response,0.0
94,guesswhat,Dialogue Architects__qwen3.5-9b__SCoRe_Qwen3.5-9B,Abs_Level_1,instance_00002,Invalid content answerer response,0.0
95,guesswhat,Dialogue Architects__qwen3.5-9b__SCoRe_Qwen3.5-9B,Level_1,instance_00002,Violated Request Count,1.0
96,guesswhat,Dialogue Architects__qwen3.5-9b__SCoRe_Qwen3.5-9B,Level_1,instance_00002,Parsed Request Count,0.0
97,guesswhat,Dialogue Architects__qwen3.5-9b__SCoRe_Qwen3.5-9B,Level_1,instance_00002,Request Count,1.0
98,guesswhat,Dialogue Architects__qwen3.5-9b__SCoRe_Qwen3.5-9B,Level_1,instance_00002,Request Success Ratio,0.0
99,guesswhat,Dialogue Architects__qwen3.5-9b__SCoRe_Qwen3.5-9B,Level_1,instance_00002,Aborted,1.0
100,guesswhat,Dialogue Architects__qwen3.5-9b__SCoRe_Qwen3.5-9B,Level_1,instance_00002,Main Score,
101,guesswhat,Dialogue Architects__qwen3.5-9b__SCoRe_Qwen3.5-9B,Level_1,instance_00002,Invalid format guesser response,0.0
102,guesswhat,Dialogue Architects__qwen3.5-9b__SCoRe_Qwen3.5-9B,Level_1,instance_00002,Invalid format answerer response,1.0
103,guesswhat,Dialogue Architects__qwen3.5-9b__SCoRe_Qwen3.5-9B,Level_1,instance_00002,Invalid content guesser response,0.0
104,guesswhat,Dialogue Architects__qwen3.5-9b__SCoRe_Qwen3.5-9B,Level_1,instance_00002,Invalid content answerer response,0.0
105,guesswhat,Dialogue Architects__qwen3.5-9b__SCoRe_Qwen3.5-9B,Level_2,instance_00009,Violated Request Count,1.0
106,guesswhat,Dialogue Architects__qwen3.5-9b__SCoRe_Qwen3.5-9B,Level_2,instance_00009,Parsed Request Count,0.0
107,guesswhat,Dialogue Architects__qwen3.5-9b__SCoRe_Qwen3.5-9B,Level_2,instance_00009,Request Count,1.0
108,guesswhat,Dialogue Architects__qwen3.5-9b__SCoRe_Qwen3.5-9B,Level_2,instance_00009,Request Success Ratio,0.0
109,guesswhat,Dialogue Architects__qwen3.5-9b__SCoRe_Qwen3.5-9B,Level_2,instance_00009,Aborted,1.0
110,guesswhat,Dialogue Architects__qwen3.5-9b__SCoRe_Qwen3.5-9B,Level_2,instance_00009,Main Score,
111,guesswhat,Dialogue Architects__qwen3.5-9b__SCoRe_Qwen3.5-9B,Level_2,instance_00009,Invalid format guesser response,0.0
112,guesswhat,Dialogue Architects__qwen3.5-9b__SCoRe_Qwen3.5-9B,Level_2,instance_00009,Invalid format answerer response,1.0
113,guesswhat,Dialogue Architects__qwen3.5-9b__SCoRe_Qwen3.5-9B,Level_2,instance_00009,Invalid content guesser response,0.0
114,guesswhat,Dialogue Architects__qwen3.5-9b__SCoRe_Qwen3.5-9B,Level_2,instance_00009,Invalid content answerer response,0.0
115,guesswhat,Dialogue Architects__qwen3.5-9b__SCoRe_Qwen3.5-9B,Level_3,instance_00008,Violated Request Count,1.0
116,guesswhat,Dialogue Architects__qwen3.5-9b__SCoRe_Qwen3.5-9B,Level_3,instance_00008,Parsed Request Count,0.0
117,guesswhat,Dialogue Architects__qwen3.5-9b__SCoRe_Qwen3.5-9B,Level_3,instance_00008,Request Count,1.0
118,guesswhat,Dialogue Architects__qwen3.5-9b__SCoRe_Qwen3.5-9B,Level_3,instance_00008,Request Success Ratio,0.0
119,guesswhat,Dialogue Architects__qwen3.5-9b__SCoRe_Qwen3.5-9B,Level_3,instance_00008,Aborted,1.0
120,guesswhat,Dialogue Architects__qwen3.5-9b__SCoRe_Qwen3.5-9B,Level_3,instance_00008,Main Score,
121,guesswhat,Dialogue Architects__qwen3.5-9b__SCoRe_Qwen3.5-9B,Level_3,instance_00008,Invalid format guesser response,0.0
122,guesswhat,Dialogue Architects__qwen3.5-9b__SCoRe_Qwen3.5-9B,Level_3,instance_00008,Invalid format answerer response,1.0
123,guesswhat,Dialogue Architects__qwen3.5-9b__SCoRe_Qwen3.5-9B,Level_3,instance_00008,Invalid content guesser response,0.0
124,guesswhat,Dialogue Architects__qwen3.5-9b__SCoRe_Qwen3.5-9B,Level_3,instance_00008,Invalid content answerer response,0.0
125,privateshared,Dialogue Architects__qwen3.5-9b__SCoRe_Qwen3.5-9B,things-places,instance_00003,Accuracy,
126,privateshared,Dialogue Architects__qwen3.5-9b__SCoRe_Qwen3.5-9B,things-places,instance_00003,Kappa,
127,privateshared,Dialogue Architects__qwen3.5-9b__SCoRe_Qwen3.5-9B,things-places,instance_00003,Truncated Kappa,
128,privateshared,Dialogue Architects__qwen3.5-9b__SCoRe_Qwen3.5-9B,things-places,instance_00003,Slot-Filling-Accuracy,
129,privateshared,Dialogue Architects__qwen3.5-9b__SCoRe_Qwen3.5-9B,things-places,instance_00003,Main Score,
130,privateshared,Dialogue Architects__qwen3.5-9b__SCoRe_Qwen3.5-9B,things-places,instance_00003,Aborted,1.0
131,privateshared,Dialogue Architects__qwen3.5-9b__SCoRe_Qwen3.5-9B,things-places,instance_00003,Lose,0.0
132,privateshared,Dialogue Architects__qwen3.5-9b__SCoRe_Qwen3.5-9B,things-places,instance_00003,Success,0.0
133,privateshared,Dialogue Architects__qwen3.5-9b__SCoRe_Qwen3.5-9B,things-places,instance_00003,Request Count,5.0
134,privateshared,Dialogue Architects__qwen3.5-9b__SCoRe_Qwen3.5-9B,things-places,instance_00003,Parsed Request Count,0.0
135,privateshared,Dialogue Architects__qwen3.5-9b__SCoRe_Qwen3.5-9B,things-places,instance_00003,Violated Request Count,5.0
136,privateshared,Dialogue Architects__qwen3.5-9b__SCoRe_Qwen3.5-9B,things-places,instance_00003,Request Success Ratio,0.0
137,privateshared,Dialogue Architects__qwen3.5-9b__SCoRe_Qwen3.5-9B,restaurant,instance_00007,Middle-Accuracy,0.6
138,privateshared,Dialogue Architects__qwen3.5-9b__SCoRe_Qwen3.5-9B,restaurant,instance_00007,Accuracy,0.7666666666666667
139,privateshared,Dialogue Architects__qwen3.5-9b__SCoRe_Qwen3.5-9B,restaurant,instance_00007,Kappa,0.5333333333333333
140,privateshared,Dialogue Architects__qwen3.5-9b__SCoRe_Qwen3.5-9B,restaurant,instance_00007,Truncated Kappa,0.5333333333333333
141,privateshared,Dialogue Architects__qwen3.5-9b__SCoRe_Qwen3.5-9B,restaurant,instance_00007,Slot-Filling-Accuracy,1.0
142,privateshared,Dialogue Architects__qwen3.5-9b__SCoRe_Qwen3.5-9B,restaurant,instance_00007,Main Score,69.56521739130436
143,privateshared,Dialogue Architects__qwen3.5-9b__SCoRe_Qwen3.5-9B,restaurant,instance_00007,Aborted,0.0
144,privateshared,Dialogue Architects__qwen3.5-9b__SCoRe_Qwen3.5-9B,restaurant,instance_00007,Lose,1.0
145,privateshared,Dialogue Architects__qwen3.5-9b__SCoRe_Qwen3.5-9B,restaurant,instance_00007,Success,0.0
146,privateshared,Dialogue Architects__qwen3.5-9b__SCoRe_Qwen3.5-9B,restaurant,instance_00007,Request Count,35.0
147,privateshared,Dialogue Architects__qwen3.5-9b__SCoRe_Qwen3.5-9B,restaurant,instance_00007,Parsed Request Count,35.0
148,privateshared,Dialogue Architects__qwen3.5-9b__SCoRe_Qwen3.5-9B,restaurant,instance_00007,Violated Request Count,0.0
149,privateshared,Dialogue Architects__qwen3.5-9b__SCoRe_Qwen3.5-9B,restaurant,instance_00007,Request Success Ratio,1.0
150,privateshared,Dialogue Architects__qwen3.5-9b__SCoRe_Qwen3.5-9B,travel-booking,instance_00009,Middle-Accuracy,0.6
151,privateshared,Dialogue Architects__qwen3.5-9b__SCoRe_Qwen3.5-9B,travel-booking,instance_00009,Accuracy,0.6
152,privateshared,Dialogue Architects__qwen3.5-9b__SCoRe_Qwen3.5-9B,travel-booking,instance_00009,Kappa,0.19999999999999996
153,privateshared,Dialogue Architects__qwen3.5-9b__SCoRe_Qwen3.5-9B,travel-booking,instance_00009,Truncated Kappa,0.19999999999999996
154,privateshared,Dialogue Architects__qwen3.5-9b__SCoRe_Qwen3.5-9B,travel-booking,instance_00009,Slot-Filling-Accuracy,1.0
155,privateshared,Dialogue Architects__qwen3.5-9b__SCoRe_Qwen3.5-9B,travel-booking,instance_00009,Main Score,33.33333333333333
156,privateshared,Dialogue Architects__qwen3.5-9b__SCoRe_Qwen3.5-9B,travel-booking,instance_00009,Aborted,0.0
157,privateshared,Dialogue Architects__qwen3.5-9b__SCoRe_Qwen3.5-9B,travel-booking,instance_00009,Lose,1.0
158,privateshared,Dialogue Architects__qwen3.5-9b__SCoRe_Qwen3.5-9B,travel-booking,instance_00009,Success,0.0
159,privateshared,Dialogue Architects__qwen3.5-9b__SCoRe_Qwen3.5-9B,travel-booking,instance_00009,Request Count,35.0
160,privateshared,Dialogue Architects__qwen3.5-9b__SCoRe_Qwen3.5-9B,travel-booking,instance_00009,Parsed Request Count,35.0
161,privateshared,Dialogue Architects__qwen3.5-9b__SCoRe_Qwen3.5-9B,travel-booking,instance_00009,Violated Request Count,0.0
162,privateshared,Dialogue Architects__qwen3.5-9b__SCoRe_Qwen3.5-9B,travel-booking,instance_00009,Request Success Ratio,1.0
163,privateshared,Dialogue Architects__qwen3.5-9b__SCoRe_Qwen3.5-9B,job-interview,instance_00008,Middle-Accuracy,0.4
164,privateshared,Dialogue Architects__qwen3.5-9b__SCoRe_Qwen3.5-9B,job-interview,instance_00008,Accuracy,0.4666666666666667
165,privateshared,Dialogue Architects__qwen3.5-9b__SCoRe_Qwen3.5-9B,job-interview,instance_00008,Kappa,-0.06666666666666665
166,privateshared,Dialogue Architects__qwen3.5-9b__SCoRe_Qwen3.5-9B,job-interview,instance_00008,Truncated Kappa,0.0
167,privateshared,Dialogue Architects__qwen3.5-9b__SCoRe_Qwen3.5-9B,job-interview,instance_00008,Slot-Filling-Accuracy,1.0
168,privateshared,Dialogue Architects__qwen3.5-9b__SCoRe_Qwen3.5-9B,job-interview,instance_00008,Main Score,0.0
169,privateshared,Dialogue Architects__qwen3.5-9b__SCoRe_Qwen3.5-9B,job-interview,instance_00008,Aborted,0.0
170,privateshared,Dialogue Architects__qwen3.5-9b__SCoRe_Qwen3.5-9B,job-interview,instance_00008,Lose,1.0
171,privateshared,Dialogue Architects__qwen3.5-9b__SCoRe_Qwen3.5-9B,job-interview,instance_00008,Success,0.0
172,privateshared,Dialogue Architects__qwen3.5-9b__SCoRe_Qwen3.5-9B,job-interview,instance_00008,Request Count,35.0
173,privateshared,Dialogue Architects__qwen3.5-9b__SCoRe_Qwen3.5-9B,job-interview,instance_00008,Parsed Request Count,35.0
174,privateshared,Dialogue Architects__qwen3.5-9b__SCoRe_Qwen3.5-9B,job-interview,instance_00008,Violated Request Count,0.0
175,privateshared,Dialogue Architects__qwen3.5-9b__SCoRe_Qwen3.5-9B,job-interview,instance_00008,Request Success Ratio,1.0
176,privateshared,Dialogue Architects__qwen3.5-9b__SCoRe_Qwen3.5-9B,letter-number,instance_00009,Middle-Accuracy,0.6
177,privateshared,Dialogue Architects__qwen3.5-9b__SCoRe_Qwen3.5-9B,letter-number,instance_00009,Accuracy,0.5
178,privateshared,Dialogue Architects__qwen3.5-9b__SCoRe_Qwen3.5-9B,letter-number,instance_00009,Kappa,0.0
179,privateshared,Dialogue Architects__qwen3.5-9b__SCoRe_Qwen3.5-9B,letter-number,instance_00009,Truncated Kappa,0.0
180,privateshared,Dialogue Architects__qwen3.5-9b__SCoRe_Qwen3.5-9B,letter-number,instance_00009,Slot-Filling-Accuracy,1.0
181,privateshared,Dialogue Architects__qwen3.5-9b__SCoRe_Qwen3.5-9B,letter-number,instance_00009,Main Score,0.0
182,privateshared,Dialogue Architects__qwen3.5-9b__SCoRe_Qwen3.5-9B,letter-number,instance_00009,Aborted,0.0
183,privateshared,Dialogue Architects__qwen3.5-9b__SCoRe_Qwen3.5-9B,letter-number,instance_00009,Lose,1.0
184,privateshared,Dialogue Architects__qwen3.5-9b__SCoRe_Qwen3.5-9B,letter-number,instance_00009,Success,0.0
185,privateshared,Dialogue Architects__qwen3.5-9b__SCoRe_Qwen3.5-9B,letter-number,instance_00009,Request Count,120.0
186,privateshared,Dialogue Architects__qwen3.5-9b__SCoRe_Qwen3.5-9B,letter-number,instance_00009,Parsed Request Count,120.0
187,privateshared,Dialogue Architects__qwen3.5-9b__SCoRe_Qwen3.5-9B,letter-number,instance_00009,Violated Request Count,0.0
188,privateshared,Dialogue Architects__qwen3.5-9b__SCoRe_Qwen3.5-9B,letter-number,instance_00009,Request Success Ratio,1.0
189,wordle_withcritic,Dialogue Architects__qwen3.5-9b__SCoRe_Qwen3.5-9B,medium_frequency_words_clue_with_critic,instance_00004,Aborted,1.0
190,wordle_withcritic,Dialogue Architects__qwen3.5-9b__SCoRe_Qwen3.5-9B,medium_frequency_words_clue_with_critic,instance_00004,Lose,0.0
191,wordle_withcritic,Dialogue Architects__qwen3.5-9b__SCoRe_Qwen3.5-9B,medium_frequency_words_clue_with_critic,instance_00004,Success,0.0
192,wordle_withcritic,Dialogue Architects__qwen3.5-9b__SCoRe_Qwen3.5-9B,medium_frequency_words_clue_with_critic,instance_00004,Request Count,1.0
193,wordle_withcritic,Dialogue Architects__qwen3.5-9b__SCoRe_Qwen3.5-9B,medium_frequency_words_clue_with_critic,instance_00004,Parsed Request Count,0.0
194,wordle_withcritic,Dialogue Architects__qwen3.5-9b__SCoRe_Qwen3.5-9B,medium_frequency_words_clue_with_critic,instance_00004,Violated Request Count,1.0
195,wordle_withcritic,Dialogue Architects__qwen3.5-9b__SCoRe_Qwen3.5-9B,medium_frequency_words_clue_with_critic,instance_00004,Request Success Ratio,0.0
196,wordle_withcritic,Dialogue Architects__qwen3.5-9b__SCoRe_Qwen3.5-9B,medium_frequency_words_clue_with_critic,instance_00004,Main Score,
197,wordle_withcritic,Dialogue Architects__qwen3.5-9b__SCoRe_Qwen3.5-9B,medium_frequency_words_clue_with_critic,instance_00004,Guess Repetitions,
198,wordle_withcritic,Dialogue Architects__qwen3.5-9b__SCoRe_Qwen3.5-9B,medium_frequency_words_clue_with_critic,instance_00004,Repetition-Guesser-On-Critic-Agreement,
199,wordle_withcritic,Dialogue Architects__qwen3.5-9b__SCoRe_Qwen3.5-9B,medium_frequency_words_clue_with_critic,instance_00004,Non-Repetition-Guesser-On-Critic-Agreement,
200,wordle_withcritic,Dialogue Architects__qwen3.5-9b__SCoRe_Qwen3.5-9B,medium_frequency_words_clue_with_critic,instance_00004,Repetition-Guesser-On-Critic-Disagreement,
201,wordle_withcritic,Dialogue Architects__qwen3.5-9b__SCoRe_Qwen3.5-9B,medium_frequency_words_clue_with_critic,instance_00004,Non-Repetition-Guesser-On-Critic-Disagreement,
202,wordle_withcritic,Dialogue Architects__qwen3.5-9b__SCoRe_Qwen3.5-9B,medium_frequency_words_clue_with_critic,instance_00019,Aborted,1.0
203,wordle_withcritic,Dialogue Architects__qwen3.5-9b__SCoRe_Qwen3.5-9B,medium_frequency_words_clue_with_critic,instance_00019,Lose,0.0
204,wordle_withcritic,Dialogue Architects__qwen3.5-9b__SCoRe_Qwen3.5-9B,medium_frequency_words_clue_with_critic,instance_00019,Success,0.0
205,wordle_withcritic,Dialogue Architects__qwen3.5-9b__SCoRe_Qwen3.5-9B,medium_frequency_words_clue_with_critic,instance_00019,Request Count,1.0
206,wordle_withcritic,Dialogue Architects__qwen3.5-9b__SCoRe_Qwen3.5-9B,medium_frequency_words_clue_with_critic,instance_00019,Parsed Request Count,0.0
207,wordle_withcritic,Dialogue Architects__qwen3.5-9b__SCoRe_Qwen3.5-9B,medium_frequency_words_clue_with_critic,instance_00019,Violated Request Count,1.0
208,wordle_withcritic,Dialogue Architects__qwen3.5-9b__SCoRe_Qwen3.5-9B,medium_frequency_words_clue_with_critic,instance_00019,Request Success Ratio,0.0
209,wordle_withcritic,Dialogue Architects__qwen3.5-9b__SCoRe_Qwen3.5-9B,medium_frequency_words_clue_with_critic,instance_00019,Main Score,
210,wordle_withcritic,Dialogue Architects__qwen3.5-9b__SCoRe_Qwen3.5-9B,medium_frequency_words_clue_with_critic,instance_00019,Guess Repetitions,
211,wordle_withcritic,Dialogue Architects__qwen3.5-9b__SCoRe_Qwen3.5-9B,medium_frequency_words_clue_with_critic,instance_00019,Repetition-Guesser-On-Critic-Agreement,
212,wordle_withcritic,Dialogue Architects__qwen3.5-9b__SCoRe_Qwen3.5-9B,medium_frequency_words_clue_with_critic,instance_00019,Non-Repetition-Guesser-On-Critic-Agreement,
213,wordle_withcritic,Dialogue Architects__qwen3.5-9b__SCoRe_Qwen3.5-9B,medium_frequency_words_clue_with_critic,instance_00019,Repetition-Guesser-On-Critic-Disagreement,
214,wordle_withcritic,Dialogue Architects__qwen3.5-9b__SCoRe_Qwen3.5-9B,medium_frequency_words_clue_with_critic,instance_00019,Non-Repetition-Guesser-On-Critic-Disagreement,
215,wordle_withcritic,Dialogue Architects__qwen3.5-9b__SCoRe_Qwen3.5-9B,high_frequency_words_clue_with_critic,instance_00002,Aborted,1.0
216,wordle_withcritic,Dialogue Architects__qwen3.5-9b__SCoRe_Qwen3.5-9B,high_frequency_words_clue_with_critic,instance_00002,Lose,0.0
217,wordle_withcritic,Dialogue Architects__qwen3.5-9b__SCoRe_Qwen3.5-9B,high_frequency_words_clue_with_critic,instance_00002,Success,0.0
218,wordle_withcritic,Dialogue Architects__qwen3.5-9b__SCoRe_Qwen3.5-9B,high_frequency_words_clue_with_critic,instance_00002,Request Count,3.0
219,wordle_withcritic,Dialogue Architects__qwen3.5-9b__SCoRe_Qwen3.5-9B,high_frequency_words_clue_with_critic,instance_00002,Parsed Request Count,2.0
220,wordle_withcritic,Dialogue Architects__qwen3.5-9b__SCoRe_Qwen3.5-9B,high_frequency_words_clue_with_critic,instance_00002,Violated Request Count,1.0
221,wordle_withcritic,Dialogue Architects__qwen3.5-9b__SCoRe_Qwen3.5-9B,high_frequency_words_clue_with_critic,instance_00002,Request Success Ratio,0.6666666666666666
222,wordle_withcritic,Dialogue Architects__qwen3.5-9b__SCoRe_Qwen3.5-9B,high_frequency_words_clue_with_critic,instance_00002,Main Score,
223,wordle_withcritic,Dialogue Architects__qwen3.5-9b__SCoRe_Qwen3.5-9B,high_frequency_words_clue_with_critic,instance_00002,Guess Repetitions,
224,wordle_withcritic,Dialogue Architects__qwen3.5-9b__SCoRe_Qwen3.5-9B,high_frequency_words_clue_with_critic,instance_00002,Repetition-Guesser-On-Critic-Agreement,
225,wordle_withcritic,Dialogue Architects__qwen3.5-9b__SCoRe_Qwen3.5-9B,high_frequency_words_clue_with_critic,instance_00002,Non-Repetition-Guesser-On-Critic-Agreement,
226,wordle_withcritic,Dialogue Architects__qwen3.5-9b__SCoRe_Qwen3.5-9B,high_frequency_words_clue_with_critic,instance_00002,Repetition-Guesser-On-Critic-Disagreement,
227,wordle_withcritic,Dialogue Architects__qwen3.5-9b__SCoRe_Qwen3.5-9B,high_frequency_words_clue_with_critic,instance_00002,Non-Repetition-Guesser-On-Critic-Disagreement,
228,taboo,Dialogue Architects__qwen3.5-9b__SCoRe_Qwen3.5-9B,high_en,instance_00016,Violated Request Count,0.0
229,taboo,Dialogue Architects__qwen3.5-9b__SCoRe_Qwen3.5-9B,high_en,instance_00016,Parsed Request Count,1.0
230,taboo,Dialogue Architects__qwen3.5-9b__SCoRe_Qwen3.5-9B,high_en,instance_00016,Request Count,1.0
231,taboo,Dialogue Architects__qwen3.5-9b__SCoRe_Qwen3.5-9B,high_en,instance_00016,Request Success Ratio,1.0
232,taboo,Dialogue Architects__qwen3.5-9b__SCoRe_Qwen3.5-9B,high_en,instance_00016,Aborted,0.0
233,taboo,Dialogue Architects__qwen3.5-9b__SCoRe_Qwen3.5-9B,high_en,instance_00016,Success,0.0
234,taboo,Dialogue Architects__qwen3.5-9b__SCoRe_Qwen3.5-9B,high_en,instance_00016,Lose,1.0
235,taboo,Dialogue Architects__qwen3.5-9b__SCoRe_Qwen3.5-9B,high_en,instance_00016,Main Score,0.0
236,taboo,Dialogue Architects__qwen3.5-9b__SCoRe_Qwen3.5-9B,high_en,instance_00016,Repetition-Guesser,0.0
237,taboo,Dialogue Architects__qwen3.5-9b__SCoRe_Qwen3.5-9B,high_en,instance_00016,Repetition-Describer,0.0
238,taboo,Dialogue Architects__qwen3.5-9b__SCoRe_Qwen3.5-9B,high_en,instance_00010,Violated Request Count,0.0
239,taboo,Dialogue Architects__qwen3.5-9b__SCoRe_Qwen3.5-9B,high_en,instance_00010,Parsed Request Count,3.0
240,taboo,Dialogue Architects__qwen3.5-9b__SCoRe_Qwen3.5-9B,high_en,instance_00010,Request Count,3.0
241,taboo,Dialogue Architects__qwen3.5-9b__SCoRe_Qwen3.5-9B,high_en,instance_00010,Request Success Ratio,1.0
242,taboo,Dialogue Architects__qwen3.5-9b__SCoRe_Qwen3.5-9B,high_en,instance_00010,Aborted,0.0
243,taboo,Dialogue Architects__qwen3.5-9b__SCoRe_Qwen3.5-9B,high_en,instance_00010,Success,1.0
244,taboo,Dialogue Architects__qwen3.5-9b__SCoRe_Qwen3.5-9B,high_en,instance_00010,Lose,0.0
245,taboo,Dialogue Architects__qwen3.5-9b__SCoRe_Qwen3.5-9B,high_en,instance_00010,Main Score,33.333333333333336
246,taboo,Dialogue Architects__qwen3.5-9b__SCoRe_Qwen3.5-9B,high_en,instance_00010,Repetition-Guesser,0.0
247,taboo,Dialogue Architects__qwen3.5-9b__SCoRe_Qwen3.5-9B,high_en,instance_00010,Repetition-Describer,0.0
248,taboo,Dialogue Architects__qwen3.5-9b__SCoRe_Qwen3.5-9B,low_en,instance_00018,Violated Request Count,0.0
249,taboo,Dialogue Architects__qwen3.5-9b__SCoRe_Qwen3.5-9B,low_en,instance_00018,Parsed Request Count,3.0
250,taboo,Dialogue Architects__qwen3.5-9b__SCoRe_Qwen3.5-9B,low_en,instance_00018,Request Count,3.0
251,taboo,Dialogue Architects__qwen3.5-9b__SCoRe_Qwen3.5-9B,low_en,instance_00018,Request Success Ratio,1.0
252,taboo,Dialogue Architects__qwen3.5-9b__SCoRe_Qwen3.5-9B,low_en,instance_00018,Aborted,0.0
253,taboo,Dialogue Architects__qwen3.5-9b__SCoRe_Qwen3.5-9B,low_en,instance_00018,Success,0.0
254,taboo,Dialogue Architects__qwen3.5-9b__SCoRe_Qwen3.5-9B,low_en,instance_00018,Lose,1.0
255,taboo,Dialogue Architects__qwen3.5-9b__SCoRe_Qwen3.5-9B,low_en,instance_00018,Main Score,0.0
256,taboo,Dialogue Architects__qwen3.5-9b__SCoRe_Qwen3.5-9B,low_en,instance_00018,Repetition-Guesser,0.0
257,taboo,Dialogue Architects__qwen3.5-9b__SCoRe_Qwen3.5-9B,low_en,instance_00018,Repetition-Describer,0.0
258,taboo,Dialogue Architects__qwen3.5-9b__SCoRe_Qwen3.5-9B,low_en,instance_00012,Violated Request Count,0.0
259,taboo,Dialogue Architects__qwen3.5-9b__SCoRe_Qwen3.5-9B,low_en,instance_00012,Parsed Request Count,1.0
260,taboo,Dialogue Architects__qwen3.5-9b__SCoRe_Qwen3.5-9B,low_en,instance_00012,Request Count,1.0
261,taboo,Dialogue Architects__qwen3.5-9b__SCoRe_Qwen3.5-9B,low_en,instance_00012,Request Success Ratio,1.0
262,taboo,Dialogue Architects__qwen3.5-9b__SCoRe_Qwen3.5-9B,low_en,instance_00012,Aborted,0.0
263,taboo,Dialogue Architects__qwen3.5-9b__SCoRe_Qwen3.5-9B,low_en,instance_00012,Success,1.0
264,taboo,Dialogue Architects__qwen3.5-9b__SCoRe_Qwen3.5-9B,low_en,instance_00012,Lose,0.0
265,taboo,Dialogue Architects__qwen3.5-9b__SCoRe_Qwen3.5-9B,low_en,instance_00012,Main Score,100.0
266,taboo,Dialogue Architects__qwen3.5-9b__SCoRe_Qwen3.5-9B,low_en,instance_00012,Repetition-Guesser,0.0
267,taboo,Dialogue Architects__qwen3.5-9b__SCoRe_Qwen3.5-9B,low_en,instance_00012,Repetition-Describer,0.0
268,taboo,Dialogue Architects__qwen3.5-9b__SCoRe_Qwen3.5-9B,medium_en,instance_00007,Violated Request Count,0.0
269,taboo,Dialogue Architects__qwen3.5-9b__SCoRe_Qwen3.5-9B,medium_en,instance_00007,Parsed Request Count,1.0
270,taboo,Dialogue Architects__qwen3.5-9b__SCoRe_Qwen3.5-9B,medium_en,instance_00007,Request Count,1.0
271,taboo,Dialogue Architects__qwen3.5-9b__SCoRe_Qwen3.5-9B,medium_en,instance_00007,Request Success Ratio,1.0
272,taboo,Dialogue Architects__qwen3.5-9b__SCoRe_Qwen3.5-9B,medium_en,instance_00007,Aborted,0.0
273,taboo,Dialogue Architects__qwen3.5-9b__SCoRe_Qwen3.5-9B,medium_en,instance_00007,Success,1.0
274,taboo,Dialogue Architects__qwen3.5-9b__SCoRe_Qwen3.5-9B,medium_en,instance_00007,Lose,0.0
275,taboo,Dialogue Architects__qwen3.5-9b__SCoRe_Qwen3.5-9B,medium_en,instance_00007,Main Score,100.0
276,taboo,Dialogue Architects__qwen3.5-9b__SCoRe_Qwen3.5-9B,medium_en,instance_00007,Repetition-Guesser,0.0
277,taboo,Dialogue Architects__qwen3.5-9b__SCoRe_Qwen3.5-9B,medium_en,instance_00007,Repetition-Describer,0.0
278,taboo,Dialogue Architects__qwen3.5-9b__SCoRe_Qwen3.5-9B,medium_en,instance_00010,Violated Request Count,0.0
279,taboo,Dialogue Architects__qwen3.5-9b__SCoRe_Qwen3.5-9B,medium_en,instance_00010,Parsed Request Count,1.0
280,taboo,Dialogue Architects__qwen3.5-9b__SCoRe_Qwen3.5-9B,medium_en,instance_00010,Request Count,1.0
281,taboo,Dialogue Architects__qwen3.5-9b__SCoRe_Qwen3.5-9B,medium_en,instance_00010,Request Success Ratio,1.0
282,taboo,Dialogue Architects__qwen3.5-9b__SCoRe_Qwen3.5-9B,medium_en,instance_00010,Aborted,0.0
283,taboo,Dialogue Architects__qwen3.5-9b__SCoRe_Qwen3.5-9B,medium_en,instance_00010,Success,0.0
284,taboo,Dialogue Architects__qwen3.5-9b__SCoRe_Qwen3.5-9B,medium_en,instance_00010,Lose,1.0
285,taboo,Dialogue Architects__qwen3.5-9b__SCoRe_Qwen3.5-9B,medium_en,instance_00010,Main Score,0.0
286,taboo,Dialogue Architects__qwen3.5-9b__SCoRe_Qwen3.5-9B,medium_en,instance_00010,Repetition-Guesser,0.0
287,taboo,Dialogue Architects__qwen3.5-9b__SCoRe_Qwen3.5-9B,medium_en,instance_00010,Repetition-Describer,0.0
288,wordle_withclue,Dialogue Architects__qwen3.5-9b__SCoRe_Qwen3.5-9B,high_frequency_words_clue_no_critic,instance_00009,Aborted,1.0
289,wordle_withclue,Dialogue Architects__qwen3.5-9b__SCoRe_Qwen3.5-9B,high_frequency_words_clue_no_critic,instance_00009,Lose,0.0
290,wordle_withclue,Dialogue Architects__qwen3.5-9b__SCoRe_Qwen3.5-9B,high_frequency_words_clue_no_critic,instance_00009,Success,0.0
291,wordle_withclue,Dialogue Architects__qwen3.5-9b__SCoRe_Qwen3.5-9B,high_frequency_words_clue_no_critic,instance_00009,Request Count,1.0
292,wordle_withclue,Dialogue Architects__qwen3.5-9b__SCoRe_Qwen3.5-9B,high_frequency_words_clue_no_critic,instance_00009,Parsed Request Count,0.0
293,wordle_withclue,Dialogue Architects__qwen3.5-9b__SCoRe_Qwen3.5-9B,high_frequency_words_clue_no_critic,instance_00009,Violated Request Count,1.0
294,wordle_withclue,Dialogue Architects__qwen3.5-9b__SCoRe_Qwen3.5-9B,high_frequency_words_clue_no_critic,instance_00009,Request Success Ratio,0.0
295,wordle_withclue,Dialogue Architects__qwen3.5-9b__SCoRe_Qwen3.5-9B,high_frequency_words_clue_no_critic,instance_00009,Main Score,
296,wordle_withclue,Dialogue Architects__qwen3.5-9b__SCoRe_Qwen3.5-9B,high_frequency_words_clue_no_critic,instance_00009,Guess Repetitions,
297,wordle_withclue,Dialogue Architects__qwen3.5-9b__SCoRe_Qwen3.5-9B,medium_frequency_words_clue_no_critic,instance_00011,Aborted,1.0
298,wordle_withclue,Dialogue Architects__qwen3.5-9b__SCoRe_Qwen3.5-9B,medium_frequency_words_clue_no_critic,instance_00011,Lose,0.0
299,wordle_withclue,Dialogue Architects__qwen3.5-9b__SCoRe_Qwen3.5-9B,medium_frequency_words_clue_no_critic,instance_00011,Success,0.0
300,wordle_withclue,Dialogue Architects__qwen3.5-9b__SCoRe_Qwen3.5-9B,medium_frequency_words_clue_no_critic,instance_00011,Request Count,1.0
301,wordle_withclue,Dialogue Architects__qwen3.5-9b__SCoRe_Qwen3.5-9B,medium_frequency_words_clue_no_critic,instance_00011,Parsed Request Count,0.0
302,wordle_withclue,Dialogue Architects__qwen3.5-9b__SCoRe_Qwen3.5-9B,medium_frequency_words_clue_no_critic,instance_00011,Violated Request Count,1.0
303,wordle_withclue,Dialogue Architects__qwen3.5-9b__SCoRe_Qwen3.5-9B,medium_frequency_words_clue_no_critic,instance_00011,Request Success Ratio,0.0
304,wordle_withclue,Dialogue Architects__qwen3.5-9b__SCoRe_Qwen3.5-9B,medium_frequency_words_clue_no_critic,instance_00011,Main Score,
305,wordle_withclue,Dialogue Architects__qwen3.5-9b__SCoRe_Qwen3.5-9B,medium_frequency_words_clue_no_critic,instance_00011,Guess Repetitions,
306,wordle_withclue,Dialogue Architects__qwen3.5-9b__SCoRe_Qwen3.5-9B,medium_frequency_words_clue_no_critic,instance_00018,Aborted,1.0
307,wordle_withclue,Dialogue Architects__qwen3.5-9b__SCoRe_Qwen3.5-9B,medium_frequency_words_clue_no_critic,instance_00018,Lose,0.0
308,wordle_withclue,Dialogue Architects__qwen3.5-9b__SCoRe_Qwen3.5-9B,medium_frequency_words_clue_no_critic,instance_00018,Success,0.0
309,wordle_withclue,Dialogue Architects__qwen3.5-9b__SCoRe_Qwen3.5-9B,medium_frequency_words_clue_no_critic,instance_00018,Request Count,4.0
310,wordle_withclue,Dialogue Architects__qwen3.5-9b__SCoRe_Qwen3.5-9B,medium_frequency_words_clue_no_critic,instance_00018,Parsed Request Count,3.0
311,wordle_withclue,Dialogue Architects__qwen3.5-9b__SCoRe_Qwen3.5-9B,medium_frequency_words_clue_no_critic,instance_00018,Violated Request Count,1.0
312,wordle_withclue,Dialogue Architects__qwen3.5-9b__SCoRe_Qwen3.5-9B,medium_frequency_words_clue_no_critic,instance_00018,Request Success Ratio,0.75
313,wordle_withclue,Dialogue Architects__qwen3.5-9b__SCoRe_Qwen3.5-9B,medium_frequency_words_clue_no_critic,instance_00018,Main Score,
314,wordle_withclue,Dialogue Architects__qwen3.5-9b__SCoRe_Qwen3.5-9B,medium_frequency_words_clue_no_critic,instance_00018,Guess Repetitions,
315,textmapworld,Dialogue Architects__qwen3.5-9b__SCoRe_Qwen3.5-9B,large_cycle,instance_00049,Success,0.0
316,textmapworld,Dialogue Architects__qwen3.5-9b__SCoRe_Qwen3.5-9B,large_cycle,instance_00049,Aborted,0.0
317,textmapworld,Dialogue Architects__qwen3.5-9b__SCoRe_Qwen3.5-9B,large_cycle,instance_00049,Lose,1.0
318,textmapworld,Dialogue Architects__qwen3.5-9b__SCoRe_Qwen3.5-9B,large_cycle,instance_00049,moves,10.0
319,textmapworld,Dialogue Architects__qwen3.5-9b__SCoRe_Qwen3.5-9B,large_cycle,instance_00049,valid_moves,10.0
320,textmapworld,Dialogue Architects__qwen3.5-9b__SCoRe_Qwen3.5-9B,large_cycle,instance_00049,invalid_moves,0.0
321,textmapworld,Dialogue Architects__qwen3.5-9b__SCoRe_Qwen3.5-9B,large_cycle,instance_00049,stopped,1.0
322,textmapworld,Dialogue Architects__qwen3.5-9b__SCoRe_Qwen3.5-9B,large_cycle,instance_00049,turns_limit,0.0
323,textmapworld,Dialogue Architects__qwen3.5-9b__SCoRe_Qwen3.5-9B,large_cycle,instance_00049,loops,0.0
324,textmapworld,Dialogue Architects__qwen3.5-9b__SCoRe_Qwen3.5-9B,large_cycle,instance_00049,number_visited,7.0
325,textmapworld,Dialogue Architects__qwen3.5-9b__SCoRe_Qwen3.5-9B,large_cycle,instance_00049,seen,8.0
326,textmapworld,Dialogue Architects__qwen3.5-9b__SCoRe_Qwen3.5-9B,large_cycle,instance_00049,efficiency,50.0
327,textmapworld,Dialogue Architects__qwen3.5-9b__SCoRe_Qwen3.5-9B,large_cycle,instance_00049,exploration,87.5
328,textmapworld,Dialogue Architects__qwen3.5-9b__SCoRe_Qwen3.5-9B,large_cycle,instance_00049,Main Score,63.63636363636363
329,textmapworld,Dialogue Architects__qwen3.5-9b__SCoRe_Qwen3.5-9B,small,instance_00006,Success,1.0
330,textmapworld,Dialogue Architects__qwen3.5-9b__SCoRe_Qwen3.5-9B,small,instance_00006,Aborted,0.0
331,textmapworld,Dialogue Architects__qwen3.5-9b__SCoRe_Qwen3.5-9B,small,instance_00006,Lose,0.0
332,textmapworld,Dialogue Architects__qwen3.5-9b__SCoRe_Qwen3.5-9B,small,instance_00006,moves,9.0
333,textmapworld,Dialogue Architects__qwen3.5-9b__SCoRe_Qwen3.5-9B,small,instance_00006,valid_moves,9.0
334,textmapworld,Dialogue Architects__qwen3.5-9b__SCoRe_Qwen3.5-9B,small,instance_00006,invalid_moves,0.0
335,textmapworld,Dialogue Architects__qwen3.5-9b__SCoRe_Qwen3.5-9B,small,instance_00006,stopped,1.0
336,textmapworld,Dialogue Architects__qwen3.5-9b__SCoRe_Qwen3.5-9B,small,instance_00006,turns_limit,0.0
337,textmapworld,Dialogue Architects__qwen3.5-9b__SCoRe_Qwen3.5-9B,small,instance_00006,loops,0.0
338,textmapworld,Dialogue Architects__qwen3.5-9b__SCoRe_Qwen3.5-9B,small,instance_00006,number_visited,4.0
339,textmapworld,Dialogue Architects__qwen3.5-9b__SCoRe_Qwen3.5-9B,small,instance_00006,seen,4.0
340,textmapworld,Dialogue Architects__qwen3.5-9b__SCoRe_Qwen3.5-9B,small,instance_00006,efficiency,44.44444444444444
341,textmapworld,Dialogue Architects__qwen3.5-9b__SCoRe_Qwen3.5-9B,small,instance_00006,exploration,100.0
342,textmapworld,Dialogue Architects__qwen3.5-9b__SCoRe_Qwen3.5-9B,small,instance_00006,Main Score,61.53846153846153
343,textmapworld,Dialogue Architects__qwen3.5-9b__SCoRe_Qwen3.5-9B,large,instance_00028,Success,0.0
344,textmapworld,Dialogue Architects__qwen3.5-9b__SCoRe_Qwen3.5-9B,large,instance_00028,Aborted,0.0
345,textmapworld,Dialogue Architects__qwen3.5-9b__SCoRe_Qwen3.5-9B,large,instance_00028,Lose,1.0
346,textmapworld,Dialogue Architects__qwen3.5-9b__SCoRe_Qwen3.5-9B,large,instance_00028,moves,16.0
347,textmapworld,Dialogue Architects__qwen3.5-9b__SCoRe_Qwen3.5-9B,large,instance_00028,valid_moves,16.0
348,textmapworld,Dialogue Architects__qwen3.5-9b__SCoRe_Qwen3.5-9B,large,instance_00028,invalid_moves,0.0
349,textmapworld,Dialogue Architects__qwen3.5-9b__SCoRe_Qwen3.5-9B,large,instance_00028,stopped,1.0
350,textmapworld,Dialogue Architects__qwen3.5-9b__SCoRe_Qwen3.5-9B,large,instance_00028,turns_limit,0.0
351,textmapworld,Dialogue Architects__qwen3.5-9b__SCoRe_Qwen3.5-9B,large,instance_00028,loops,0.0
352,textmapworld,Dialogue Architects__qwen3.5-9b__SCoRe_Qwen3.5-9B,large,instance_00028,number_visited,4.0
353,textmapworld,Dialogue Architects__qwen3.5-9b__SCoRe_Qwen3.5-9B,large,instance_00028,seen,5.0
354,textmapworld,Dialogue Architects__qwen3.5-9b__SCoRe_Qwen3.5-9B,large,instance_00028,efficiency,56.25
355,textmapworld,Dialogue Architects__qwen3.5-9b__SCoRe_Qwen3.5-9B,large,instance_00028,exploration,50.0
356,textmapworld,Dialogue Architects__qwen3.5-9b__SCoRe_Qwen3.5-9B,large,instance_00028,Main Score,52.94117647058823
357,textmapworld,Dialogue Architects__qwen3.5-9b__SCoRe_Qwen3.5-9B,medium_cycle,instance_00034,Success,0.0
358,textmapworld,Dialogue Architects__qwen3.5-9b__SCoRe_Qwen3.5-9B,medium_cycle,instance_00034,Aborted,0.0
359,textmapworld,Dialogue Architects__qwen3.5-9b__SCoRe_Qwen3.5-9B,medium_cycle,instance_00034,Lose,1.0
360,textmapworld,Dialogue Architects__qwen3.5-9b__SCoRe_Qwen3.5-9B,medium_cycle,instance_00034,moves,2.0
361,textmapworld,Dialogue Architects__qwen3.5-9b__SCoRe_Qwen3.5-9B,medium_cycle,instance_00034,valid_moves,2.0
362,textmapworld,Dialogue Architects__qwen3.5-9b__SCoRe_Qwen3.5-9B,medium_cycle,instance_00034,invalid_moves,0.0
363,textmapworld,Dialogue Architects__qwen3.5-9b__SCoRe_Qwen3.5-9B,medium_cycle,instance_00034,stopped,1.0
364,textmapworld,Dialogue Architects__qwen3.5-9b__SCoRe_Qwen3.5-9B,medium_cycle,instance_00034,turns_limit,0.0
365,textmapworld,Dialogue Architects__qwen3.5-9b__SCoRe_Qwen3.5-9B,medium_cycle,instance_00034,loops,0.0
366,textmapworld,Dialogue Architects__qwen3.5-9b__SCoRe_Qwen3.5-9B,medium_cycle,instance_00034,number_visited,2.0
367,textmapworld,Dialogue Architects__qwen3.5-9b__SCoRe_Qwen3.5-9B,medium_cycle,instance_00034,seen,3.0
368,textmapworld,Dialogue Architects__qwen3.5-9b__SCoRe_Qwen3.5-9B,medium_cycle,instance_00034,efficiency,50.0
369,textmapworld,Dialogue Architects__qwen3.5-9b__SCoRe_Qwen3.5-9B,medium_cycle,instance_00034,exploration,33.33333333333333
370,textmapworld,Dialogue Architects__qwen3.5-9b__SCoRe_Qwen3.5-9B,medium_cycle,instance_00034,Main Score,40.0
371,textmapworld,Dialogue Architects__qwen3.5-9b__SCoRe_Qwen3.5-9B,medium,instance_00010,Aborted,1.0
372,textmapworld,Dialogue Architects__qwen3.5-9b__SCoRe_Qwen3.5-9B,medium,instance_00010,Success,0.0
373,textmapworld,Dialogue Architects__qwen3.5-9b__SCoRe_Qwen3.5-9B,medium,instance_00010,Lose,0.0
374,textmapworld,Dialogue Architects__qwen3.5-9b__SCoRe_Qwen3.5-9B,medium,instance_00010,moves,
375,textmapworld,Dialogue Architects__qwen3.5-9b__SCoRe_Qwen3.5-9B,medium,instance_00010,valid_moves,
376,textmapworld,Dialogue Architects__qwen3.5-9b__SCoRe_Qwen3.5-9B,medium,instance_00010,invalid_moves,
377,textmapworld,Dialogue Architects__qwen3.5-9b__SCoRe_Qwen3.5-9B,medium,instance_00010,stopped,
378,textmapworld,Dialogue Architects__qwen3.5-9b__SCoRe_Qwen3.5-9B,medium,instance_00010,turns_limit,
379,textmapworld,Dialogue Architects__qwen3.5-9b__SCoRe_Qwen3.5-9B,medium,instance_00010,loops,
380,textmapworld,Dialogue Architects__qwen3.5-9b__SCoRe_Qwen3.5-9B,medium,instance_00010,number_visited,
381,textmapworld,Dialogue Architects__qwen3.5-9b__SCoRe_Qwen3.5-9B,medium,instance_00010,seen,
382,textmapworld,Dialogue Architects__qwen3.5-9b__SCoRe_Qwen3.5-9B,medium,instance_00010,efficiency,
383,textmapworld,Dialogue Architects__qwen3.5-9b__SCoRe_Qwen3.5-9B,medium,instance_00010,exploration,
384,textmapworld,Dialogue Architects__qwen3.5-9b__SCoRe_Qwen3.5-9B,medium,instance_00010,Main Score,
385,referencegame,Dialogue Architects__qwen3.5-9b__SCoRe_Qwen3.5-9B,random_grids,instance_00005,Generated Expression Length,391.0
386,referencegame,Dialogue Architects__qwen3.5-9b__SCoRe_Qwen3.5-9B,random_grids,instance_00005,Generated Expression Number of Tokens,69.0
387,referencegame,Dialogue Architects__qwen3.5-9b__SCoRe_Qwen3.5-9B,random_grids,instance_00005,Aborted at Player 1,0.0
388,referencegame,Dialogue Architects__qwen3.5-9b__SCoRe_Qwen3.5-9B,random_grids,instance_00005,Aborted at Player 2,0.0
389,referencegame,Dialogue Architects__qwen3.5-9b__SCoRe_Qwen3.5-9B,random_grids,instance_00005,Request Count,2.0
390,referencegame,Dialogue Architects__qwen3.5-9b__SCoRe_Qwen3.5-9B,random_grids,instance_00005,Parsed Request Count,2.0
391,referencegame,Dialogue Architects__qwen3.5-9b__SCoRe_Qwen3.5-9B,random_grids,instance_00005,Violated Request Count,0.0
392,referencegame,Dialogue Architects__qwen3.5-9b__SCoRe_Qwen3.5-9B,random_grids,instance_00005,Aborted,0.0
393,referencegame,Dialogue Architects__qwen3.5-9b__SCoRe_Qwen3.5-9B,random_grids,instance_00005,Success,0.0
394,referencegame,Dialogue Architects__qwen3.5-9b__SCoRe_Qwen3.5-9B,random_grids,instance_00005,Lose,1.0
395,referencegame,Dialogue Architects__qwen3.5-9b__SCoRe_Qwen3.5-9B,random_grids,instance_00005,Main Score,0.0
396,referencegame,Dialogue Architects__qwen3.5-9b__SCoRe_Qwen3.5-9B,random_grids,instance_00005,Request Success Ratio,1.0
397,referencegame,Dialogue Architects__qwen3.5-9b__SCoRe_Qwen3.5-9B,line_grids_columns,instance_00013,Generated Expression Length,163.0
398,referencegame,Dialogue Architects__qwen3.5-9b__SCoRe_Qwen3.5-9B,line_grids_columns,instance_00013,Generated Expression Number of Tokens,28.0
399,referencegame,Dialogue Architects__qwen3.5-9b__SCoRe_Qwen3.5-9B,line_grids_columns,instance_00013,Aborted at Player 1,0.0
400,referencegame,Dialogue Architects__qwen3.5-9b__SCoRe_Qwen3.5-9B,line_grids_columns,instance_00013,Aborted at Player 2,0.0
401,referencegame,Dialogue Architects__qwen3.5-9b__SCoRe_Qwen3.5-9B,line_grids_columns,instance_00013,Request Count,2.0
402,referencegame,Dialogue Architects__qwen3.5-9b__SCoRe_Qwen3.5-9B,line_grids_columns,instance_00013,Parsed Request Count,2.0
403,referencegame,Dialogue Architects__qwen3.5-9b__SCoRe_Qwen3.5-9B,line_grids_columns,instance_00013,Violated Request Count,0.0
404,referencegame,Dialogue Architects__qwen3.5-9b__SCoRe_Qwen3.5-9B,line_grids_columns,instance_00013,Aborted,0.0
405,referencegame,Dialogue Architects__qwen3.5-9b__SCoRe_Qwen3.5-9B,line_grids_columns,instance_00013,Success,1.0
406,referencegame,Dialogue Architects__qwen3.5-9b__SCoRe_Qwen3.5-9B,line_grids_columns,instance_00013,Lose,0.0
407,referencegame,Dialogue Architects__qwen3.5-9b__SCoRe_Qwen3.5-9B,line_grids_columns,instance_00013,Main Score,100.0
408,referencegame,Dialogue Architects__qwen3.5-9b__SCoRe_Qwen3.5-9B,line_grids_columns,instance_00013,Request Success Ratio,1.0
409,referencegame,Dialogue Architects__qwen3.5-9b__SCoRe_Qwen3.5-9B,number_grids,instance_00017,Generated Expression Length,244.0
410,referencegame,Dialogue Architects__qwen3.5-9b__SCoRe_Qwen3.5-9B,number_grids,instance_00017,Generated Expression Number of Tokens,48.0
411,referencegame,Dialogue Architects__qwen3.5-9b__SCoRe_Qwen3.5-9B,number_grids,instance_00017,Aborted at Player 1,0.0
412,referencegame,Dialogue Architects__qwen3.5-9b__SCoRe_Qwen3.5-9B,number_grids,instance_00017,Aborted at Player 2,0.0
413,referencegame,Dialogue Architects__qwen3.5-9b__SCoRe_Qwen3.5-9B,number_grids,instance_00017,Request Count,2.0
414,referencegame,Dialogue Architects__qwen3.5-9b__SCoRe_Qwen3.5-9B,number_grids,instance_00017,Parsed Request Count,2.0
415,referencegame,Dialogue Architects__qwen3.5-9b__SCoRe_Qwen3.5-9B,number_grids,instance_00017,Violated Request Count,0.0
416,referencegame,Dialogue Architects__qwen3.5-9b__SCoRe_Qwen3.5-9B,number_grids,instance_00017,Aborted,0.0
417,referencegame,Dialogue Architects__qwen3.5-9b__SCoRe_Qwen3.5-9B,number_grids,instance_00017,Success,0.0
418,referencegame,Dialogue Architects__qwen3.5-9b__SCoRe_Qwen3.5-9B,number_grids,instance_00017,Lose,1.0
419,referencegame,Dialogue Architects__qwen3.5-9b__SCoRe_Qwen3.5-9B,number_grids,instance_00017,Main Score,0.0
420,referencegame,Dialogue Architects__qwen3.5-9b__SCoRe_Qwen3.5-9B,number_grids,instance_00017,Request Success Ratio,1.0
421,referencegame,Dialogue Architects__qwen3.5-9b__SCoRe_Qwen3.5-9B,line_grids_rows,instance_00017,Generated Expression Length,156.0
422,referencegame,Dialogue Architects__qwen3.5-9b__SCoRe_Qwen3.5-9B,line_grids_rows,instance_00017,Generated Expression Number of Tokens,26.0
423,referencegame,Dialogue Architects__qwen3.5-9b__SCoRe_Qwen3.5-9B,line_grids_rows,instance_00017,Aborted at Player 1,0.0
424,referencegame,Dialogue Architects__qwen3.5-9b__SCoRe_Qwen3.5-9B,line_grids_rows,instance_00017,Aborted at Player 2,0.0
425,referencegame,Dialogue Architects__qwen3.5-9b__SCoRe_Qwen3.5-9B,line_grids_rows,instance_00017,Request Count,2.0
426,referencegame,Dialogue Architects__qwen3.5-9b__SCoRe_Qwen3.5-9B,line_grids_rows,instance_00017,Parsed Request Count,2.0
427,referencegame,Dialogue Architects__qwen3.5-9b__SCoRe_Qwen3.5-9B,line_grids_rows,instance_00017,Violated Request Count,0.0
428,referencegame,Dialogue Architects__qwen3.5-9b__SCoRe_Qwen3.5-9B,line_grids_rows,instance_00017,Aborted,0.0
429,referencegame,Dialogue Architects__qwen3.5-9b__SCoRe_Qwen3.5-9B,line_grids_rows,instance_00017,Success,1.0
430,referencegame,Dialogue Architects__qwen3.5-9b__SCoRe_Qwen3.5-9B,line_grids_rows,instance_00017,Lose,0.0
431,referencegame,Dialogue Architects__qwen3.5-9b__SCoRe_Qwen3.5-9B,line_grids_rows,instance_00017,Main Score,100.0
432,referencegame,Dialogue Architects__qwen3.5-9b__SCoRe_Qwen3.5-9B,line_grids_rows,instance_00017,Request Success Ratio,1.0
433,referencegame,Dialogue Architects__qwen3.5-9b__SCoRe_Qwen3.5-9B,letter_grids,instance_00012,Generated Expression Length,215.0
434,referencegame,Dialogue Architects__qwen3.5-9b__SCoRe_Qwen3.5-9B,letter_grids,instance_00012,Generated Expression Number of Tokens,39.0
435,referencegame,Dialogue Architects__qwen3.5-9b__SCoRe_Qwen3.5-9B,letter_grids,instance_00012,Aborted at Player 1,0.0
436,referencegame,Dialogue Architects__qwen3.5-9b__SCoRe_Qwen3.5-9B,letter_grids,instance_00012,Aborted at Player 2,0.0
437,referencegame,Dialogue Architects__qwen3.5-9b__SCoRe_Qwen3.5-9B,letter_grids,instance_00012,Request Count,2.0
438,referencegame,Dialogue Architects__qwen3.5-9b__SCoRe_Qwen3.5-9B,letter_grids,instance_00012,Parsed Request Count,2.0
439,referencegame,Dialogue Architects__qwen3.5-9b__SCoRe_Qwen3.5-9B,letter_grids,instance_00012,Violated Request Count,0.0
440,referencegame,Dialogue Architects__qwen3.5-9b__SCoRe_Qwen3.5-9B,letter_grids,instance_00012,Aborted,0.0
441,referencegame,Dialogue Architects__qwen3.5-9b__SCoRe_Qwen3.5-9B,letter_grids,instance_00012,Success,1.0
442,referencegame,Dialogue Architects__qwen3.5-9b__SCoRe_Qwen3.5-9B,letter_grids,instance_00012,Lose,0.0
443,referencegame,Dialogue Architects__qwen3.5-9b__SCoRe_Qwen3.5-9B,letter_grids,instance_00012,Main Score,100.0
444,referencegame,Dialogue Architects__qwen3.5-9b__SCoRe_Qwen3.5-9B,letter_grids,instance_00012,Request Success Ratio,1.0
445,adventuregame,Dialogue Architects__qwen3.5-9b__SCoRe_Qwen3.5-9B,new-words_home-delivery_medium_basic_medium,instance_00002,Violated Request Count,0.0
446,adventuregame,Dialogue Architects__qwen3.5-9b__SCoRe_Qwen3.5-9B,new-words_home-delivery_medium_basic_medium,instance_00002,Parsed Request Count,26.0
447,adventuregame,Dialogue Architects__qwen3.5-9b__SCoRe_Qwen3.5-9B,new-words_home-delivery_medium_basic_medium,instance_00002,Request Count,26.0
448,adventuregame,Dialogue Architects__qwen3.5-9b__SCoRe_Qwen3.5-9B,new-words_home-delivery_medium_basic_medium,instance_00002,Request Success Ratio,1.0
449,adventuregame,Dialogue Architects__qwen3.5-9b__SCoRe_Qwen3.5-9B,new-words_home-delivery_medium_basic_medium,instance_00002,hallucination_count,1.0
450,adventuregame,Dialogue Architects__qwen3.5-9b__SCoRe_Qwen3.5-9B,new-words_home-delivery_medium_basic_medium,instance_00002,action_parsing_fail,21.0
451,adventuregame,Dialogue Architects__qwen3.5-9b__SCoRe_Qwen3.5-9B,new-words_home-delivery_medium_basic_medium,instance_00002,action_resolution_fail,0.0
452,adventuregame,Dialogue Architects__qwen3.5-9b__SCoRe_Qwen3.5-9B,new-words_home-delivery_medium_basic_medium,instance_00002,lark_exception,0.0
453,adventuregame,Dialogue Architects__qwen3.5-9b__SCoRe_Qwen3.5-9B,new-words_home-delivery_medium_basic_medium,instance_00002,malformed_command,16.0
454,adventuregame,Dialogue Architects__qwen3.5-9b__SCoRe_Qwen3.5-9B,new-words_home-delivery_medium_basic_medium,instance_00002,undefined_action_verb,1.0
455,adventuregame,Dialogue Architects__qwen3.5-9b__SCoRe_Qwen3.5-9B,new-words_home-delivery_medium_basic_medium,instance_00002,undefined_action,0.0
456,adventuregame,Dialogue Architects__qwen3.5-9b__SCoRe_Qwen3.5-9B,new-words_home-delivery_medium_basic_medium,instance_00002,undefined_repr_str,4.0
457,adventuregame,Dialogue Architects__qwen3.5-9b__SCoRe_Qwen3.5-9B,new-words_home-delivery_medium_basic_medium,instance_00002,manipulating_room,0.0
458,adventuregame,Dialogue Architects__qwen3.5-9b__SCoRe_Qwen3.5-9B,new-words_home-delivery_medium_basic_medium,instance_00002,undefined_argument_type,0.0
459,adventuregame,Dialogue Architects__qwen3.5-9b__SCoRe_Qwen3.5-9B,new-words_home-delivery_medium_basic_medium,instance_00002,taking_from_inventory,0.0
460,adventuregame,Dialogue Architects__qwen3.5-9b__SCoRe_Qwen3.5-9B,new-words_home-delivery_medium_basic_medium,instance_00002,other_room_argument,0.0
461,adventuregame,Dialogue Architects__qwen3.5-9b__SCoRe_Qwen3.5-9B,new-words_home-delivery_medium_basic_medium,instance_00002,domain_trait_type_mismatch,0.0
462,adventuregame,Dialogue Architects__qwen3.5-9b__SCoRe_Qwen3.5-9B,new-words_home-delivery_medium_basic_medium,instance_00002,domain_type_discrepancy,0.0
463,adventuregame,Dialogue Architects__qwen3.5-9b__SCoRe_Qwen3.5-9B,new-words_home-delivery_medium_basic_medium,instance_00002,world_state_discrepancy,0.0
464,adventuregame,Dialogue Architects__qwen3.5-9b__SCoRe_Qwen3.5-9B,new-words_home-delivery_medium_basic_medium,instance_00002,entity_not_accessible,0.0
465,adventuregame,Dialogue Architects__qwen3.5-9b__SCoRe_Qwen3.5-9B,new-words_home-delivery_medium_basic_medium,instance_00002,entity_state_mismatch,0.0
466,adventuregame,Dialogue Architects__qwen3.5-9b__SCoRe_Qwen3.5-9B,new-words_home-delivery_medium_basic_medium,instance_00002,entity_trait_mismatch,0.0
467,adventuregame,Dialogue Architects__qwen3.5-9b__SCoRe_Qwen3.5-9B,new-words_home-delivery_medium_basic_medium,instance_00002,entity_already_inventory,0.0
468,adventuregame,Dialogue Architects__qwen3.5-9b__SCoRe_Qwen3.5-9B,new-words_home-delivery_medium_basic_medium,instance_00002,going_to_current_room,0.0
469,adventuregame,Dialogue Architects__qwen3.5-9b__SCoRe_Qwen3.5-9B,new-words_home-delivery_medium_basic_medium,instance_00002,no_exit_to,0.0
470,adventuregame,Dialogue Architects__qwen3.5-9b__SCoRe_Qwen3.5-9B,new-words_home-delivery_medium_basic_medium,instance_00002,inventory_limit_exceeded,0.0
471,adventuregame,Dialogue Architects__qwen3.5-9b__SCoRe_Qwen3.5-9B,new-words_home-delivery_medium_basic_medium,instance_00002,successful_actions,5.0
472,adventuregame,Dialogue Architects__qwen3.5-9b__SCoRe_Qwen3.5-9B,new-words_home-delivery_medium_basic_medium,instance_00002,turn_limit_loss,0.0
473,adventuregame,Dialogue Architects__qwen3.5-9b__SCoRe_Qwen3.5-9B,new-words_home-delivery_medium_basic_medium,instance_00002,turns_over_par,
474,adventuregame,Dialogue Architects__qwen3.5-9b__SCoRe_Qwen3.5-9B,new-words_home-delivery_medium_basic_medium,instance_00002,turn_ratio,
475,adventuregame,Dialogue Architects__qwen3.5-9b__SCoRe_Qwen3.5-9B,new-words_home-delivery_medium_basic_medium,instance_00002,finish_speed,
476,adventuregame,Dialogue Architects__qwen3.5-9b__SCoRe_Qwen3.5-9B,new-words_home-delivery_medium_basic_medium,instance_00002,achieved_goal_ratio,0.0
477,adventuregame,Dialogue Architects__qwen3.5-9b__SCoRe_Qwen3.5-9B,new-words_home-delivery_medium_basic_medium,instance_00002,Aborted,0.0
478,adventuregame,Dialogue Architects__qwen3.5-9b__SCoRe_Qwen3.5-9B,new-words_home-delivery_medium_basic_medium,instance_00002,Success,0.0
479,adventuregame,Dialogue Architects__qwen3.5-9b__SCoRe_Qwen3.5-9B,new-words_home-delivery_medium_basic_medium,instance_00002,Lose,1.0
480,adventuregame,Dialogue Architects__qwen3.5-9b__SCoRe_Qwen3.5-9B,new-words_home-delivery_medium_basic_medium,instance_00002,Main Score,0.0
481,adventuregame,Dialogue Architects__qwen3.5-9b__SCoRe_Qwen3.5-9B,new-words_home-delivery_medium_basic_medium,instance_00002,plan_followed_ratio,0.0
482,adventuregame,Dialogue Architects__qwen3.5-9b__SCoRe_Qwen3.5-9B,new-words_home-delivery_medium_basic_medium,instance_00002,plan_average_viability_ratio,0.0
483,adventuregame,Dialogue Architects__qwen3.5-9b__SCoRe_Qwen3.5-9B,new-words_home-delivery_medium_basic_medium,instance_00002,bad_plan_follow_ratio,0.0
484,adventuregame,Dialogue Architects__qwen3.5-9b__SCoRe_Qwen3.5-9B,new-words_home-delivery_medium_basic_medium,instance_00002,bad_plan_dismiss_ratio,1.0
485,adventuregame,Dialogue Architects__qwen3.5-9b__SCoRe_Qwen3.5-9B,potion_brewing_basic_undefined,instance_00004,Violated Request Count,0.0
486,adventuregame,Dialogue Architects__qwen3.5-9b__SCoRe_Qwen3.5-9B,potion_brewing_basic_undefined,instance_00004,Parsed Request Count,100.0
487,adventuregame,Dialogue Architects__qwen3.5-9b__SCoRe_Qwen3.5-9B,potion_brewing_basic_undefined,instance_00004,Request Count,100.0
488,adventuregame,Dialogue Architects__qwen3.5-9b__SCoRe_Qwen3.5-9B,potion_brewing_basic_undefined,instance_00004,Request Success Ratio,1.0
489,adventuregame,Dialogue Architects__qwen3.5-9b__SCoRe_Qwen3.5-9B,potion_brewing_basic_undefined,instance_00004,hallucination_count,0.0
490,adventuregame,Dialogue Architects__qwen3.5-9b__SCoRe_Qwen3.5-9B,potion_brewing_basic_undefined,instance_00004,action_parsing_fail,0.0
491,adventuregame,Dialogue Architects__qwen3.5-9b__SCoRe_Qwen3.5-9B,potion_brewing_basic_undefined,instance_00004,action_resolution_fail,30.0
492,adventuregame,Dialogue Architects__qwen3.5-9b__SCoRe_Qwen3.5-9B,potion_brewing_basic_undefined,instance_00004,lark_exception,0.0
493,adventuregame,Dialogue Architects__qwen3.5-9b__SCoRe_Qwen3.5-9B,potion_brewing_basic_undefined,instance_00004,malformed_command,0.0
494,adventuregame,Dialogue Architects__qwen3.5-9b__SCoRe_Qwen3.5-9B,potion_brewing_basic_undefined,instance_00004,undefined_action_verb,0.0
495,adventuregame,Dialogue Architects__qwen3.5-9b__SCoRe_Qwen3.5-9B,potion_brewing_basic_undefined,instance_00004,undefined_action,0.0
496,adventuregame,Dialogue Architects__qwen3.5-9b__SCoRe_Qwen3.5-9B,potion_brewing_basic_undefined,instance_00004,undefined_repr_str,0.0
497,adventuregame,Dialogue Architects__qwen3.5-9b__SCoRe_Qwen3.5-9B,potion_brewing_basic_undefined,instance_00004,manipulating_room,0.0
498,adventuregame,Dialogue Architects__qwen3.5-9b__SCoRe_Qwen3.5-9B,potion_brewing_basic_undefined,instance_00004,undefined_argument_type,0.0
499,adventuregame,Dialogue Architects__qwen3.5-9b__SCoRe_Qwen3.5-9B,potion_brewing_basic_undefined,instance_00004,taking_from_inventory,0.0
500,adventuregame,Dialogue Architects__qwen3.5-9b__SCoRe_Qwen3.5-9B,potion_brewing_basic_undefined,instance_00004,other_room_argument,0.0
501,adventuregame,Dialogue Architects__qwen3.5-9b__SCoRe_Qwen3.5-9B,potion_brewing_basic_undefined,instance_00004,domain_trait_type_mismatch,4.0
502,adventuregame,Dialogue Architects__qwen3.5-9b__SCoRe_Qwen3.5-9B,potion_brewing_basic_undefined,instance_00004,domain_type_discrepancy,0.0
503,adventuregame,Dialogue Architects__qwen3.5-9b__SCoRe_Qwen3.5-9B,potion_brewing_basic_undefined,instance_00004,world_state_discrepancy,0.0
504,adventuregame,Dialogue Architects__qwen3.5-9b__SCoRe_Qwen3.5-9B,potion_brewing_basic_undefined,instance_00004,entity_not_accessible,2.0
505,adventuregame,Dialogue Architects__qwen3.5-9b__SCoRe_Qwen3.5-9B,potion_brewing_basic_undefined,instance_00004,entity_state_mismatch,0.0
506,adventuregame,Dialogue Architects__qwen3.5-9b__SCoRe_Qwen3.5-9B,potion_brewing_basic_undefined,instance_00004,entity_trait_mismatch,0.0
507,adventuregame,Dialogue Architects__qwen3.5-9b__SCoRe_Qwen3.5-9B,potion_brewing_basic_undefined,instance_00004,entity_already_inventory,0.0
508,adventuregame,Dialogue Architects__qwen3.5-9b__SCoRe_Qwen3.5-9B,potion_brewing_basic_undefined,instance_00004,going_to_current_room,0.0
509,adventuregame,Dialogue Architects__qwen3.5-9b__SCoRe_Qwen3.5-9B,potion_brewing_basic_undefined,instance_00004,no_exit_to,7.0
510,adventuregame,Dialogue Architects__qwen3.5-9b__SCoRe_Qwen3.5-9B,potion_brewing_basic_undefined,instance_00004,inventory_limit_exceeded,16.0
511,adventuregame,Dialogue Architects__qwen3.5-9b__SCoRe_Qwen3.5-9B,potion_brewing_basic_undefined,instance_00004,successful_actions,70.0
512,adventuregame,Dialogue Architects__qwen3.5-9b__SCoRe_Qwen3.5-9B,potion_brewing_basic_undefined,instance_00004,turn_limit_loss,1.0
513,adventuregame,Dialogue Architects__qwen3.5-9b__SCoRe_Qwen3.5-9B,potion_brewing_basic_undefined,instance_00004,turns_over_par,
514,adventuregame,Dialogue Architects__qwen3.5-9b__SCoRe_Qwen3.5-9B,potion_brewing_basic_undefined,instance_00004,turn_ratio,
515,adventuregame,Dialogue Architects__qwen3.5-9b__SCoRe_Qwen3.5-9B,potion_brewing_basic_undefined,instance_00004,finish_speed,
516,adventuregame,Dialogue Architects__qwen3.5-9b__SCoRe_Qwen3.5-9B,potion_brewing_basic_undefined,instance_00004,achieved_goal_ratio,0.0
517,adventuregame,Dialogue Architects__qwen3.5-9b__SCoRe_Qwen3.5-9B,potion_brewing_basic_undefined,instance_00004,Aborted,1.0
518,adventuregame,Dialogue Architects__qwen3.5-9b__SCoRe_Qwen3.5-9B,potion_brewing_basic_undefined,instance_00004,Success,0.0
519,adventuregame,Dialogue Architects__qwen3.5-9b__SCoRe_Qwen3.5-9B,potion_brewing_basic_undefined,instance_00004,Lose,0.0
520,adventuregame,Dialogue Architects__qwen3.5-9b__SCoRe_Qwen3.5-9B,potion_brewing_basic_undefined,instance_00004,Main Score,
521,adventuregame,Dialogue Architects__qwen3.5-9b__SCoRe_Qwen3.5-9B,potion_brewing_basic_undefined,instance_00004,plan_followed_ratio,0.0
522,adventuregame,Dialogue Architects__qwen3.5-9b__SCoRe_Qwen3.5-9B,potion_brewing_basic_undefined,instance_00004,plan_average_viability_ratio,0.0
523,adventuregame,Dialogue Architects__qwen3.5-9b__SCoRe_Qwen3.5-9B,potion_brewing_basic_undefined,instance_00004,bad_plan_follow_ratio,0.0
524,adventuregame,Dialogue Architects__qwen3.5-9b__SCoRe_Qwen3.5-9B,potion_brewing_basic_undefined,instance_00004,bad_plan_dismiss_ratio,1.0
525,adventuregame,Dialogue Architects__qwen3.5-9b__SCoRe_Qwen3.5-9B,new-words_home-delivery_easy_basic_easy,instance_00002,Violated Request Count,0.0
526,adventuregame,Dialogue Architects__qwen3.5-9b__SCoRe_Qwen3.5-9B,new-words_home-delivery_easy_basic_easy,instance_00002,Parsed Request Count,16.0
527,adventuregame,Dialogue Architects__qwen3.5-9b__SCoRe_Qwen3.5-9B,new-words_home-delivery_easy_basic_easy,instance_00002,Request Count,16.0
528,adventuregame,Dialogue Architects__qwen3.5-9b__SCoRe_Qwen3.5-9B,new-words_home-delivery_easy_basic_easy,instance_00002,Request Success Ratio,1.0
529,adventuregame,Dialogue Architects__qwen3.5-9b__SCoRe_Qwen3.5-9B,new-words_home-delivery_easy_basic_easy,instance_00002,hallucination_count,1.0
530,adventuregame,Dialogue Architects__qwen3.5-9b__SCoRe_Qwen3.5-9B,new-words_home-delivery_easy_basic_easy,instance_00002,action_parsing_fail,1.0
531,adventuregame,Dialogue Architects__qwen3.5-9b__SCoRe_Qwen3.5-9B,new-words_home-delivery_easy_basic_easy,instance_00002,action_resolution_fail,1.0
532,adventuregame,Dialogue Architects__qwen3.5-9b__SCoRe_Qwen3.5-9B,new-words_home-delivery_easy_basic_easy,instance_00002,lark_exception,0.0
533,adventuregame,Dialogue Architects__qwen3.5-9b__SCoRe_Qwen3.5-9B,new-words_home-delivery_easy_basic_easy,instance_00002,malformed_command,0.0
534,adventuregame,Dialogue Architects__qwen3.5-9b__SCoRe_Qwen3.5-9B,new-words_home-delivery_easy_basic_easy,instance_00002,undefined_action_verb,0.0
535,adventuregame,Dialogue Architects__qwen3.5-9b__SCoRe_Qwen3.5-9B,new-words_home-delivery_easy_basic_easy,instance_00002,undefined_action,0.0
536,adventuregame,Dialogue Architects__qwen3.5-9b__SCoRe_Qwen3.5-9B,new-words_home-delivery_easy_basic_easy,instance_00002,undefined_repr_str,0.0
537,adventuregame,Dialogue Architects__qwen3.5-9b__SCoRe_Qwen3.5-9B,new-words_home-delivery_easy_basic_easy,instance_00002,manipulating_room,1.0
538,adventuregame,Dialogue Architects__qwen3.5-9b__SCoRe_Qwen3.5-9B,new-words_home-delivery_easy_basic_easy,instance_00002,undefined_argument_type,0.0
539,adventuregame,Dialogue Architects__qwen3.5-9b__SCoRe_Qwen3.5-9B,new-words_home-delivery_easy_basic_easy,instance_00002,taking_from_inventory,0.0
540,adventuregame,Dialogue Architects__qwen3.5-9b__SCoRe_Qwen3.5-9B,new-words_home-delivery_easy_basic_easy,instance_00002,other_room_argument,0.0
541,adventuregame,Dialogue Architects__qwen3.5-9b__SCoRe_Qwen3.5-9B,new-words_home-delivery_easy_basic_easy,instance_00002,domain_trait_type_mismatch,0.0
542,adventuregame,Dialogue Architects__qwen3.5-9b__SCoRe_Qwen3.5-9B,new-words_home-delivery_easy_basic_easy,instance_00002,domain_type_discrepancy,0.0
543,adventuregame,Dialogue Architects__qwen3.5-9b__SCoRe_Qwen3.5-9B,new-words_home-delivery_easy_basic_easy,instance_00002,world_state_discrepancy,0.0
544,adventuregame,Dialogue Architects__qwen3.5-9b__SCoRe_Qwen3.5-9B,new-words_home-delivery_easy_basic_easy,instance_00002,entity_not_accessible,0.0
545,adventuregame,Dialogue Architects__qwen3.5-9b__SCoRe_Qwen3.5-9B,new-words_home-delivery_easy_basic_easy,instance_00002,entity_state_mismatch,0.0
546,adventuregame,Dialogue Architects__qwen3.5-9b__SCoRe_Qwen3.5-9B,new-words_home-delivery_easy_basic_easy,instance_00002,entity_trait_mismatch,0.0
547,adventuregame,Dialogue Architects__qwen3.5-9b__SCoRe_Qwen3.5-9B,new-words_home-delivery_easy_basic_easy,instance_00002,entity_already_inventory,0.0
548,adventuregame,Dialogue Architects__qwen3.5-9b__SCoRe_Qwen3.5-9B,new-words_home-delivery_easy_basic_easy,instance_00002,going_to_current_room,0.0
549,adventuregame,Dialogue Architects__qwen3.5-9b__SCoRe_Qwen3.5-9B,new-words_home-delivery_easy_basic_easy,instance_00002,no_exit_to,1.0
550,adventuregame,Dialogue Architects__qwen3.5-9b__SCoRe_Qwen3.5-9B,new-words_home-delivery_easy_basic_easy,instance_00002,inventory_limit_exceeded,0.0
551,adventuregame,Dialogue Architects__qwen3.5-9b__SCoRe_Qwen3.5-9B,new-words_home-delivery_easy_basic_easy,instance_00002,successful_actions,14.0
552,adventuregame,Dialogue Architects__qwen3.5-9b__SCoRe_Qwen3.5-9B,new-words_home-delivery_easy_basic_easy,instance_00002,turn_limit_loss,0.0
553,adventuregame,Dialogue Architects__qwen3.5-9b__SCoRe_Qwen3.5-9B,new-words_home-delivery_easy_basic_easy,instance_00002,turns_over_par,
554,adventuregame,Dialogue Architects__qwen3.5-9b__SCoRe_Qwen3.5-9B,new-words_home-delivery_easy_basic_easy,instance_00002,turn_ratio,
555,adventuregame,Dialogue Architects__qwen3.5-9b__SCoRe_Qwen3.5-9B,new-words_home-delivery_easy_basic_easy,instance_00002,finish_speed,
556,adventuregame,Dialogue Architects__qwen3.5-9b__SCoRe_Qwen3.5-9B,new-words_home-delivery_easy_basic_easy,instance_00002,achieved_goal_ratio,0.0
557,adventuregame,Dialogue Architects__qwen3.5-9b__SCoRe_Qwen3.5-9B,new-words_home-delivery_easy_basic_easy,instance_00002,Aborted,0.0
558,adventuregame,Dialogue Architects__qwen3.5-9b__SCoRe_Qwen3.5-9B,new-words_home-delivery_easy_basic_easy,instance_00002,Success,0.0
559,adventuregame,Dialogue Architects__qwen3.5-9b__SCoRe_Qwen3.5-9B,new-words_home-delivery_easy_basic_easy,instance_00002,Lose,1.0
560,adventuregame,Dialogue Architects__qwen3.5-9b__SCoRe_Qwen3.5-9B,new-words_home-delivery_easy_basic_easy,instance_00002,Main Score,0.0
561,adventuregame,Dialogue Architects__qwen3.5-9b__SCoRe_Qwen3.5-9B,new-words_home-delivery_easy_basic_easy,instance_00002,plan_followed_ratio,0.0
562,adventuregame,Dialogue Architects__qwen3.5-9b__SCoRe_Qwen3.5-9B,new-words_home-delivery_easy_basic_easy,instance_00002,plan_average_viability_ratio,0.0
563,adventuregame,Dialogue Architects__qwen3.5-9b__SCoRe_Qwen3.5-9B,new-words_home-delivery_easy_basic_easy,instance_00002,bad_plan_follow_ratio,0.0
564,adventuregame,Dialogue Architects__qwen3.5-9b__SCoRe_Qwen3.5-9B,new-words_home-delivery_easy_basic_easy,instance_00002,bad_plan_dismiss_ratio,1.0
565,adventuregame,Dialogue Architects__qwen3.5-9b__SCoRe_Qwen3.5-9B,new-words_created_basic_hard,instance_00000,Violated Request Count,0.0
566,adventuregame,Dialogue Architects__qwen3.5-9b__SCoRe_Qwen3.5-9B,new-words_created_basic_hard,instance_00000,Parsed Request Count,6.0
567,adventuregame,Dialogue Architects__qwen3.5-9b__SCoRe_Qwen3.5-9B,new-words_created_basic_hard,instance_00000,Request Count,6.0
568,adventuregame,Dialogue Architects__qwen3.5-9b__SCoRe_Qwen3.5-9B,new-words_created_basic_hard,instance_00000,Request Success Ratio,1.0
569,adventuregame,Dialogue Architects__qwen3.5-9b__SCoRe_Qwen3.5-9B,new-words_created_basic_hard,instance_00000,hallucination_count,1.0
570,adventuregame,Dialogue Architects__qwen3.5-9b__SCoRe_Qwen3.5-9B,new-words_created_basic_hard,instance_00000,action_parsing_fail,1.0
571,adventuregame,Dialogue Architects__qwen3.5-9b__SCoRe_Qwen3.5-9B,new-words_created_basic_hard,instance_00000,action_resolution_fail,1.0
572,adventuregame,Dialogue Architects__qwen3.5-9b__SCoRe_Qwen3.5-9B,new-words_created_basic_hard,instance_00000,lark_exception,0.0
573,adventuregame,Dialogue Architects__qwen3.5-9b__SCoRe_Qwen3.5-9B,new-words_created_basic_hard,instance_00000,malformed_command,0.0
574,adventuregame,Dialogue Architects__qwen3.5-9b__SCoRe_Qwen3.5-9B,new-words_created_basic_hard,instance_00000,undefined_action_verb,1.0
575,adventuregame,Dialogue Architects__qwen3.5-9b__SCoRe_Qwen3.5-9B,new-words_created_basic_hard,instance_00000,undefined_action,0.0
576,adventuregame,Dialogue Architects__qwen3.5-9b__SCoRe_Qwen3.5-9B,new-words_created_basic_hard,instance_00000,undefined_repr_str,0.0
577,adventuregame,Dialogue Architects__qwen3.5-9b__SCoRe_Qwen3.5-9B,new-words_created_basic_hard,instance_00000,manipulating_room,0.0
578,adventuregame,Dialogue Architects__qwen3.5-9b__SCoRe_Qwen3.5-9B,new-words_created_basic_hard,instance_00000,undefined_argument_type,0.0
579,adventuregame,Dialogue Architects__qwen3.5-9b__SCoRe_Qwen3.5-9B,new-words_created_basic_hard,instance_00000,taking_from_inventory,0.0
580,adventuregame,Dialogue Architects__qwen3.5-9b__SCoRe_Qwen3.5-9B,new-words_created_basic_hard,instance_00000,other_room_argument,0.0
581,adventuregame,Dialogue Architects__qwen3.5-9b__SCoRe_Qwen3.5-9B,new-words_created_basic_hard,instance_00000,domain_trait_type_mismatch,0.0
582,adventuregame,Dialogue Architects__qwen3.5-9b__SCoRe_Qwen3.5-9B,new-words_created_basic_hard,instance_00000,domain_type_discrepancy,0.0
583,adventuregame,Dialogue Architects__qwen3.5-9b__SCoRe_Qwen3.5-9B,new-words_created_basic_hard,instance_00000,world_state_discrepancy,0.0
584,adventuregame,Dialogue Architects__qwen3.5-9b__SCoRe_Qwen3.5-9B,new-words_created_basic_hard,instance_00000,entity_not_accessible,0.0
585,adventuregame,Dialogue Architects__qwen3.5-9b__SCoRe_Qwen3.5-9B,new-words_created_basic_hard,instance_00000,entity_state_mismatch,1.0
586,adventuregame,Dialogue Architects__qwen3.5-9b__SCoRe_Qwen3.5-9B,new-words_created_basic_hard,instance_00000,entity_trait_mismatch,0.0
587,adventuregame,Dialogue Architects__qwen3.5-9b__SCoRe_Qwen3.5-9B,new-words_created_basic_hard,instance_00000,entity_already_inventory,0.0
588,adventuregame,Dialogue Architects__qwen3.5-9b__SCoRe_Qwen3.5-9B,new-words_created_basic_hard,instance_00000,going_to_current_room,0.0
589,adventuregame,Dialogue Architects__qwen3.5-9b__SCoRe_Qwen3.5-9B,new-words_created_basic_hard,instance_00000,no_exit_to,0.0
590,adventuregame,Dialogue Architects__qwen3.5-9b__SCoRe_Qwen3.5-9B,new-words_created_basic_hard,instance_00000,inventory_limit_exceeded,0.0
591,adventuregame,Dialogue Architects__qwen3.5-9b__SCoRe_Qwen3.5-9B,new-words_created_basic_hard,instance_00000,successful_actions,4.0
592,adventuregame,Dialogue Architects__qwen3.5-9b__SCoRe_Qwen3.5-9B,new-words_created_basic_hard,instance_00000,turn_limit_loss,0.0
593,adventuregame,Dialogue Architects__qwen3.5-9b__SCoRe_Qwen3.5-9B,new-words_created_basic_hard,instance_00000,turns_over_par,
594,adventuregame,Dialogue Architects__qwen3.5-9b__SCoRe_Qwen3.5-9B,new-words_created_basic_hard,instance_00000,turn_ratio,
595,adventuregame,Dialogue Architects__qwen3.5-9b__SCoRe_Qwen3.5-9B,new-words_created_basic_hard,instance_00000,finish_speed,
596,adventuregame,Dialogue Architects__qwen3.5-9b__SCoRe_Qwen3.5-9B,new-words_created_basic_hard,instance_00000,achieved_goal_ratio,0.3333333333333333
597,adventuregame,Dialogue Architects__qwen3.5-9b__SCoRe_Qwen3.5-9B,new-words_created_basic_hard,instance_00000,Aborted,0.0
598,adventuregame,Dialogue Architects__qwen3.5-9b__SCoRe_Qwen3.5-9B,new-words_created_basic_hard,instance_00000,Success,0.0
599,adventuregame,Dialogue Architects__qwen3.5-9b__SCoRe_Qwen3.5-9B,new-words_created_basic_hard,instance_00000,Lose,1.0
600,adventuregame,Dialogue Architects__qwen3.5-9b__SCoRe_Qwen3.5-9B,new-words_created_basic_hard,instance_00000,Main Score,33.33333333333333
601,adventuregame,Dialogue Architects__qwen3.5-9b__SCoRe_Qwen3.5-9B,new-words_created_basic_hard,instance_00000,plan_followed_ratio,0.0
602,adventuregame,Dialogue Architects__qwen3.5-9b__SCoRe_Qwen3.5-9B,new-words_created_basic_hard,instance_00000,plan_average_viability_ratio,0.0
603,adventuregame,Dialogue Architects__qwen3.5-9b__SCoRe_Qwen3.5-9B,new-words_created_basic_hard,instance_00000,bad_plan_follow_ratio,0.0
604,adventuregame,Dialogue Architects__qwen3.5-9b__SCoRe_Qwen3.5-9B,new-words_created_basic_hard,instance_00000,bad_plan_dismiss_ratio,1.0
605,adventuregame,Dialogue Architects__qwen3.5-9b__SCoRe_Qwen3.5-9B,home_deliver_three_basic_hard_invlimittwo,instance_00000,Violated Request Count,0.0
606,adventuregame,Dialogue Architects__qwen3.5-9b__SCoRe_Qwen3.5-9B,home_deliver_three_basic_hard_invlimittwo,instance_00000,Parsed Request Count,30.0
607,adventuregame,Dialogue Architects__qwen3.5-9b__SCoRe_Qwen3.5-9B,home_deliver_three_basic_hard_invlimittwo,instance_00000,Request Count,30.0
608,adventuregame,Dialogue Architects__qwen3.5-9b__SCoRe_Qwen3.5-9B,home_deliver_three_basic_hard_invlimittwo,instance_00000,Request Success Ratio,1.0
609,adventuregame,Dialogue Architects__qwen3.5-9b__SCoRe_Qwen3.5-9B,home_deliver_three_basic_hard_invlimittwo,instance_00000,hallucination_count,1.0
610,adventuregame,Dialogue Architects__qwen3.5-9b__SCoRe_Qwen3.5-9B,home_deliver_three_basic_hard_invlimittwo,instance_00000,action_parsing_fail,0.0
611,adventuregame,Dialogue Architects__qwen3.5-9b__SCoRe_Qwen3.5-9B,home_deliver_three_basic_hard_invlimittwo,instance_00000,action_resolution_fail,7.0
612,adventuregame,Dialogue Architects__qwen3.5-9b__SCoRe_Qwen3.5-9B,home_deliver_three_basic_hard_invlimittwo,instance_00000,lark_exception,0.0
613,adventuregame,Dialogue Architects__qwen3.5-9b__SCoRe_Qwen3.5-9B,home_deliver_three_basic_hard_invlimittwo,instance_00000,malformed_command,0.0
614,adventuregame,Dialogue Architects__qwen3.5-9b__SCoRe_Qwen3.5-9B,home_deliver_three_basic_hard_invlimittwo,instance_00000,undefined_action_verb,0.0
615,adventuregame,Dialogue Architects__qwen3.5-9b__SCoRe_Qwen3.5-9B,home_deliver_three_basic_hard_invlimittwo,instance_00000,undefined_action,0.0
616,adventuregame,Dialogue Architects__qwen3.5-9b__SCoRe_Qwen3.5-9B,home_deliver_three_basic_hard_invlimittwo,instance_00000,undefined_repr_str,0.0
617,adventuregame,Dialogue Architects__qwen3.5-9b__SCoRe_Qwen3.5-9B,home_deliver_three_basic_hard_invlimittwo,instance_00000,manipulating_room,0.0
618,adventuregame,Dialogue Architects__qwen3.5-9b__SCoRe_Qwen3.5-9B,home_deliver_three_basic_hard_invlimittwo,instance_00000,undefined_argument_type,0.0
619,adventuregame,Dialogue Architects__qwen3.5-9b__SCoRe_Qwen3.5-9B,home_deliver_three_basic_hard_invlimittwo,instance_00000,taking_from_inventory,0.0
620,adventuregame,Dialogue Architects__qwen3.5-9b__SCoRe_Qwen3.5-9B,home_deliver_three_basic_hard_invlimittwo,instance_00000,other_room_argument,0.0
621,adventuregame,Dialogue Architects__qwen3.5-9b__SCoRe_Qwen3.5-9B,home_deliver_three_basic_hard_invlimittwo,instance_00000,domain_trait_type_mismatch,0.0
622,adventuregame,Dialogue Architects__qwen3.5-9b__SCoRe_Qwen3.5-9B,home_deliver_three_basic_hard_invlimittwo,instance_00000,domain_type_discrepancy,0.0
623,adventuregame,Dialogue Architects__qwen3.5-9b__SCoRe_Qwen3.5-9B,home_deliver_three_basic_hard_invlimittwo,instance_00000,world_state_discrepancy,0.0
624,adventuregame,Dialogue Architects__qwen3.5-9b__SCoRe_Qwen3.5-9B,home_deliver_three_basic_hard_invlimittwo,instance_00000,entity_not_accessible,3.0
625,adventuregame,Dialogue Architects__qwen3.5-9b__SCoRe_Qwen3.5-9B,home_deliver_three_basic_hard_invlimittwo,instance_00000,entity_state_mismatch,0.0
626,adventuregame,Dialogue Architects__qwen3.5-9b__SCoRe_Qwen3.5-9B,home_deliver_three_basic_hard_invlimittwo,instance_00000,entity_trait_mismatch,0.0
627,adventuregame,Dialogue Architects__qwen3.5-9b__SCoRe_Qwen3.5-9B,home_deliver_three_basic_hard_invlimittwo,instance_00000,entity_already_inventory,0.0
628,adventuregame,Dialogue Architects__qwen3.5-9b__SCoRe_Qwen3.5-9B,home_deliver_three_basic_hard_invlimittwo,instance_00000,going_to_current_room,0.0
629,adventuregame,Dialogue Architects__qwen3.5-9b__SCoRe_Qwen3.5-9B,home_deliver_three_basic_hard_invlimittwo,instance_00000,no_exit_to,4.0
630,adventuregame,Dialogue Architects__qwen3.5-9b__SCoRe_Qwen3.5-9B,home_deliver_three_basic_hard_invlimittwo,instance_00000,inventory_limit_exceeded,0.0
631,adventuregame,Dialogue Architects__qwen3.5-9b__SCoRe_Qwen3.5-9B,home_deliver_three_basic_hard_invlimittwo,instance_00000,successful_actions,23.0
632,adventuregame,Dialogue Architects__qwen3.5-9b__SCoRe_Qwen3.5-9B,home_deliver_three_basic_hard_invlimittwo,instance_00000,turn_limit_loss,0.0
633,adventuregame,Dialogue Architects__qwen3.5-9b__SCoRe_Qwen3.5-9B,home_deliver_three_basic_hard_invlimittwo,instance_00000,turns_over_par,
634,adventuregame,Dialogue Architects__qwen3.5-9b__SCoRe_Qwen3.5-9B,home_deliver_three_basic_hard_invlimittwo,instance_00000,turn_ratio,
635,adventuregame,Dialogue Architects__qwen3.5-9b__SCoRe_Qwen3.5-9B,home_deliver_three_basic_hard_invlimittwo,instance_00000,finish_speed,
636,adventuregame,Dialogue Architects__qwen3.5-9b__SCoRe_Qwen3.5-9B,home_deliver_three_basic_hard_invlimittwo,instance_00000,achieved_goal_ratio,0.3333333333333333
637,adventuregame,Dialogue Architects__qwen3.5-9b__SCoRe_Qwen3.5-9B,home_deliver_three_basic_hard_invlimittwo,instance_00000,Aborted,0.0
638,adventuregame,Dialogue Architects__qwen3.5-9b__SCoRe_Qwen3.5-9B,home_deliver_three_basic_hard_invlimittwo,instance_00000,Success,0.0
639,adventuregame,Dialogue Architects__qwen3.5-9b__SCoRe_Qwen3.5-9B,home_deliver_three_basic_hard_invlimittwo,instance_00000,Lose,1.0
640,adventuregame,Dialogue Architects__qwen3.5-9b__SCoRe_Qwen3.5-9B,home_deliver_three_basic_hard_invlimittwo,instance_00000,Main Score,33.33333333333333
641,adventuregame,Dialogue Architects__qwen3.5-9b__SCoRe_Qwen3.5-9B,home_deliver_three_basic_hard_invlimittwo,instance_00000,plan_followed_ratio,0.0
642,adventuregame,Dialogue Architects__qwen3.5-9b__SCoRe_Qwen3.5-9B,home_deliver_three_basic_hard_invlimittwo,instance_00000,plan_average_viability_ratio,0.0
643,adventuregame,Dialogue Architects__qwen3.5-9b__SCoRe_Qwen3.5-9B,home_deliver_three_basic_hard_invlimittwo,instance_00000,bad_plan_follow_ratio,0.0
644,adventuregame,Dialogue Architects__qwen3.5-9b__SCoRe_Qwen3.5-9B,home_deliver_three_basic_hard_invlimittwo,instance_00000,bad_plan_dismiss_ratio,1.0
645,textmapworld_specificroom,Dialogue Architects__qwen3.5-9b__SCoRe_Qwen3.5-9B,on,instance_00000,Success,1.0
646,textmapworld_specificroom,Dialogue Architects__qwen3.5-9b__SCoRe_Qwen3.5-9B,on,instance_00000,Aborted,0.0
647,textmapworld_specificroom,Dialogue Architects__qwen3.5-9b__SCoRe_Qwen3.5-9B,on,instance_00000,Lose,0.0
648,textmapworld_specificroom,Dialogue Architects__qwen3.5-9b__SCoRe_Qwen3.5-9B,on,instance_00000,moves,0.0
649,textmapworld_specificroom,Dialogue Architects__qwen3.5-9b__SCoRe_Qwen3.5-9B,on,instance_00000,valid_moves,0.0
650,textmapworld_specificroom,Dialogue Architects__qwen3.5-9b__SCoRe_Qwen3.5-9B,on,instance_00000,invalid_moves,0.0
651,textmapworld_specificroom,Dialogue Architects__qwen3.5-9b__SCoRe_Qwen3.5-9B,on,instance_00000,stopped,1.0
652,textmapworld_specificroom,Dialogue Architects__qwen3.5-9b__SCoRe_Qwen3.5-9B,on,instance_00000,turns_limit,0.0
653,textmapworld_specificroom,Dialogue Architects__qwen3.5-9b__SCoRe_Qwen3.5-9B,on,instance_00000,loops,0.0
654,textmapworld_specificroom,Dialogue Architects__qwen3.5-9b__SCoRe_Qwen3.5-9B,on,instance_00000,number_visited,1.0
655,textmapworld_specificroom,Dialogue Architects__qwen3.5-9b__SCoRe_Qwen3.5-9B,on,instance_00000,seen,3.0
656,textmapworld_specificroom,Dialogue Architects__qwen3.5-9b__SCoRe_Qwen3.5-9B,on,instance_00000,efficiency,0.0
657,textmapworld_specificroom,Dialogue Architects__qwen3.5-9b__SCoRe_Qwen3.5-9B,on,instance_00000,exploration,12.5
658,textmapworld_specificroom,Dialogue Architects__qwen3.5-9b__SCoRe_Qwen3.5-9B,on,instance_00000,old_benchscore,0.0
659,textmapworld_specificroom,Dialogue Architects__qwen3.5-9b__SCoRe_Qwen3.5-9B,on,instance_00000,Main Score,100.0
660,textmapworld_specificroom,Dialogue Architects__qwen3.5-9b__SCoRe_Qwen3.5-9B,far,instance_00027,Aborted,1.0
661,textmapworld_specificroom,Dialogue Architects__qwen3.5-9b__SCoRe_Qwen3.5-9B,far,instance_00027,Success,0.0
662,textmapworld_specificroom,Dialogue Architects__qwen3.5-9b__SCoRe_Qwen3.5-9B,far,instance_00027,Lose,0.0
663,textmapworld_specificroom,Dialogue Architects__qwen3.5-9b__SCoRe_Qwen3.5-9B,far,instance_00027,moves,
664,textmapworld_specificroom,Dialogue Architects__qwen3.5-9b__SCoRe_Qwen3.5-9B,far,instance_00027,valid_moves,
665,textmapworld_specificroom,Dialogue Architects__qwen3.5-9b__SCoRe_Qwen3.5-9B,far,instance_00027,invalid_moves,
666,textmapworld_specificroom,Dialogue Architects__qwen3.5-9b__SCoRe_Qwen3.5-9B,far,instance_00027,stopped,
667,textmapworld_specificroom,Dialogue Architects__qwen3.5-9b__SCoRe_Qwen3.5-9B,far,instance_00027,turns_limit,
668,textmapworld_specificroom,Dialogue Architects__qwen3.5-9b__SCoRe_Qwen3.5-9B,far,instance_00027,loops,
669,textmapworld_specificroom,Dialogue Architects__qwen3.5-9b__SCoRe_Qwen3.5-9B,far,instance_00027,number_visited,
670,textmapworld_specificroom,Dialogue Architects__qwen3.5-9b__SCoRe_Qwen3.5-9B,far,instance_00027,seen,
671,textmapworld_specificroom,Dialogue Architects__qwen3.5-9b__SCoRe_Qwen3.5-9B,far,instance_00027,efficiency,
672,textmapworld_specificroom,Dialogue Architects__qwen3.5-9b__SCoRe_Qwen3.5-9B,far,instance_00027,exploration,
673,textmapworld_specificroom,Dialogue Architects__qwen3.5-9b__SCoRe_Qwen3.5-9B,far,instance_00027,old_benchscore,
674,textmapworld_specificroom,Dialogue Architects__qwen3.5-9b__SCoRe_Qwen3.5-9B,far,instance_00027,Main Score,
675,textmapworld_specificroom,Dialogue Architects__qwen3.5-9b__SCoRe_Qwen3.5-9B,close,instance_00017,Aborted,1.0
676,textmapworld_specificroom,Dialogue Architects__qwen3.5-9b__SCoRe_Qwen3.5-9B,close,instance_00017,Success,0.0
677,textmapworld_specificroom,Dialogue Architects__qwen3.5-9b__SCoRe_Qwen3.5-9B,close,instance_00017,Lose,0.0
678,textmapworld_specificroom,Dialogue Architects__qwen3.5-9b__SCoRe_Qwen3.5-9B,close,instance_00017,moves,
679,textmapworld_specificroom,Dialogue Architects__qwen3.5-9b__SCoRe_Qwen3.5-9B,close,instance_00017,valid_moves,
680,textmapworld_specificroom,Dialogue Architects__qwen3.5-9b__SCoRe_Qwen3.5-9B,close,instance_00017,invalid_moves,
681,textmapworld_specificroom,Dialogue Architects__qwen3.5-9b__SCoRe_Qwen3.5-9B,close,instance_00017,stopped,
682,textmapworld_specificroom,Dialogue Architects__qwen3.5-9b__SCoRe_Qwen3.5-9B,close,instance_00017,turns_limit,
683,textmapworld_specificroom,Dialogue Architects__qwen3.5-9b__SCoRe_Qwen3.5-9B,close,instance_00017,loops,
684,textmapworld_specificroom,Dialogue Architects__qwen3.5-9b__SCoRe_Qwen3.5-9B,close,instance_00017,number_visited,
685,textmapworld_specificroom,Dialogue Architects__qwen3.5-9b__SCoRe_Qwen3.5-9B,close,instance_00017,seen,
686,textmapworld_specificroom,Dialogue Architects__qwen3.5-9b__SCoRe_Qwen3.5-9B,close,instance_00017,efficiency,
687,textmapworld_specificroom,Dialogue Architects__qwen3.5-9b__SCoRe_Qwen3.5-9B,close,instance_00017,exploration,
688,textmapworld_specificroom,Dialogue Architects__qwen3.5-9b__SCoRe_Qwen3.5-9B,close,instance_00017,old_benchscore,
689,textmapworld_specificroom,Dialogue Architects__qwen3.5-9b__SCoRe_Qwen3.5-9B,close,instance_00017,Main Score,
690,imagegame,Dialogue Architects__qwen3.5-9b__SCoRe_Qwen3.5-9B,random_grids,instance_00014,Precision,
691,imagegame,Dialogue Architects__qwen3.5-9b__SCoRe_Qwen3.5-9B,random_grids,instance_00014,Recall,
692,imagegame,Dialogue Architects__qwen3.5-9b__SCoRe_Qwen3.5-9B,random_grids,instance_00014,F1,
693,imagegame,Dialogue Architects__qwen3.5-9b__SCoRe_Qwen3.5-9B,random_grids,instance_00014,Main Score,
694,imagegame,Dialogue Architects__qwen3.5-9b__SCoRe_Qwen3.5-9B,random_grids,instance_00014,Average Changed Cell Count,
695,imagegame,Dialogue Architects__qwen3.5-9b__SCoRe_Qwen3.5-9B,random_grids,instance_00014,Average Generated Instruction Length,
696,imagegame,Dialogue Architects__qwen3.5-9b__SCoRe_Qwen3.5-9B,random_grids,instance_00014,Average Generated Expression Number of Tokens,
697,imagegame,Dialogue Architects__qwen3.5-9b__SCoRe_Qwen3.5-9B,random_grids,instance_00014,Success,0.0
698,imagegame,Dialogue Architects__qwen3.5-9b__SCoRe_Qwen3.5-9B,random_grids,instance_00014,Lose,0.0
699,imagegame,Dialogue Architects__qwen3.5-9b__SCoRe_Qwen3.5-9B,random_grids,instance_00014,Aborted,1.0
700,imagegame,Dialogue Architects__qwen3.5-9b__SCoRe_Qwen3.5-9B,random_grids,instance_00014,Request Count,12.0
701,imagegame,Dialogue Architects__qwen3.5-9b__SCoRe_Qwen3.5-9B,random_grids,instance_00014,Violated Request Count,1.0
702,imagegame,Dialogue Architects__qwen3.5-9b__SCoRe_Qwen3.5-9B,random_grids,instance_00014,Parsed Request Count,11.0
703,imagegame,Dialogue Architects__qwen3.5-9b__SCoRe_Qwen3.5-9B,random_grids,instance_00014,Request Success Ratio,0.9167
704,imagegame,Dialogue Architects__qwen3.5-9b__SCoRe_Qwen3.5-9B,random_grids,instance_00016,Precision,88.0
705,imagegame,Dialogue Architects__qwen3.5-9b__SCoRe_Qwen3.5-9B,random_grids,instance_00016,Recall,88.0
706,imagegame,Dialogue Architects__qwen3.5-9b__SCoRe_Qwen3.5-9B,random_grids,instance_00016,F1,88.0
707,imagegame,Dialogue Architects__qwen3.5-9b__SCoRe_Qwen3.5-9B,random_grids,instance_00016,Main Score,88.0
708,imagegame,Dialogue Architects__qwen3.5-9b__SCoRe_Qwen3.5-9B,random_grids,instance_00016,Average Changed Cell Count,1.0
709,imagegame,Dialogue Architects__qwen3.5-9b__SCoRe_Qwen3.5-9B,random_grids,instance_00016,Average Generated Instruction Length,42.875
710,imagegame,Dialogue Architects__qwen3.5-9b__SCoRe_Qwen3.5-9B,random_grids,instance_00016,Average Generated Expression Number of Tokens,9.0
711,imagegame,Dialogue Architects__qwen3.5-9b__SCoRe_Qwen3.5-9B,random_grids,instance_00016,Success,0.0
712,imagegame,Dialogue Architects__qwen3.5-9b__SCoRe_Qwen3.5-9B,random_grids,instance_00016,Lose,1.0
713,imagegame,Dialogue Architects__qwen3.5-9b__SCoRe_Qwen3.5-9B,random_grids,instance_00016,Aborted,0.0
714,imagegame,Dialogue Architects__qwen3.5-9b__SCoRe_Qwen3.5-9B,random_grids,instance_00016,Request Count,50.0
715,imagegame,Dialogue Architects__qwen3.5-9b__SCoRe_Qwen3.5-9B,random_grids,instance_00016,Violated Request Count,0.0
716,imagegame,Dialogue Architects__qwen3.5-9b__SCoRe_Qwen3.5-9B,random_grids,instance_00016,Parsed Request Count,50.0
717,imagegame,Dialogue Architects__qwen3.5-9b__SCoRe_Qwen3.5-9B,random_grids,instance_00016,Request Success Ratio,1.0
718,imagegame,Dialogue Architects__qwen3.5-9b__SCoRe_Qwen3.5-9B,compact_grids,instance_00019,Precision,60.0
719,imagegame,Dialogue Architects__qwen3.5-9b__SCoRe_Qwen3.5-9B,compact_grids,instance_00019,Recall,100.0
720,imagegame,Dialogue Architects__qwen3.5-9b__SCoRe_Qwen3.5-9B,compact_grids,instance_00019,F1,75.0
721,imagegame,Dialogue Architects__qwen3.5-9b__SCoRe_Qwen3.5-9B,compact_grids,instance_00019,Main Score,75.0
722,imagegame,Dialogue Architects__qwen3.5-9b__SCoRe_Qwen3.5-9B,compact_grids,instance_00019,Average Changed Cell Count,1.0
723,imagegame,Dialogue Architects__qwen3.5-9b__SCoRe_Qwen3.5-9B,compact_grids,instance_00019,Average Generated Instruction Length,43.76
724,imagegame,Dialogue Architects__qwen3.5-9b__SCoRe_Qwen3.5-9B,compact_grids,instance_00019,Average Generated Expression Number of Tokens,9.0
725,imagegame,Dialogue Architects__qwen3.5-9b__SCoRe_Qwen3.5-9B,compact_grids,instance_00019,Success,0.0
726,imagegame,Dialogue Architects__qwen3.5-9b__SCoRe_Qwen3.5-9B,compact_grids,instance_00019,Lose,1.0
727,imagegame,Dialogue Architects__qwen3.5-9b__SCoRe_Qwen3.5-9B,compact_grids,instance_00019,Aborted,0.0
728,imagegame,Dialogue Architects__qwen3.5-9b__SCoRe_Qwen3.5-9B,compact_grids,instance_00019,Request Count,152.0
729,imagegame,Dialogue Architects__qwen3.5-9b__SCoRe_Qwen3.5-9B,compact_grids,instance_00019,Violated Request Count,0.0
730,imagegame,Dialogue Architects__qwen3.5-9b__SCoRe_Qwen3.5-9B,compact_grids,instance_00019,Parsed Request Count,152.0
731,imagegame,Dialogue Architects__qwen3.5-9b__SCoRe_Qwen3.5-9B,compact_grids,instance_00019,Request Success Ratio,1.0
732,imagegame,Dialogue Architects__qwen3.5-9b__SCoRe_Qwen3.5-9B,compact_grids,instance_00002,Precision,
733,imagegame,Dialogue Architects__qwen3.5-9b__SCoRe_Qwen3.5-9B,compact_grids,instance_00002,Recall,
734,imagegame,Dialogue Architects__qwen3.5-9b__SCoRe_Qwen3.5-9B,compact_grids,instance_00002,F1,
735,imagegame,Dialogue Architects__qwen3.5-9b__SCoRe_Qwen3.5-9B,compact_grids,instance_00002,Main Score,
736,imagegame,Dialogue Architects__qwen3.5-9b__SCoRe_Qwen3.5-9B,compact_grids,instance_00002,Average Changed Cell Count,
737,imagegame,Dialogue Architects__qwen3.5-9b__SCoRe_Qwen3.5-9B,compact_grids,instance_00002,Average Generated Instruction Length,
738,imagegame,Dialogue Architects__qwen3.5-9b__SCoRe_Qwen3.5-9B,compact_grids,instance_00002,Average Generated Expression Number of Tokens,
739,imagegame,Dialogue Architects__qwen3.5-9b__SCoRe_Qwen3.5-9B,compact_grids,instance_00002,Success,0.0
740,imagegame,Dialogue Architects__qwen3.5-9b__SCoRe_Qwen3.5-9B,compact_grids,instance_00002,Lose,0.0
741,imagegame,Dialogue Architects__qwen3.5-9b__SCoRe_Qwen3.5-9B,compact_grids,instance_00002,Aborted,1.0
742,imagegame,Dialogue Architects__qwen3.5-9b__SCoRe_Qwen3.5-9B,compact_grids,instance_00002,Request Count,12.0
743,imagegame,Dialogue Architects__qwen3.5-9b__SCoRe_Qwen3.5-9B,compact_grids,instance_00002,Violated Request Count,1.0
744,imagegame,Dialogue Architects__qwen3.5-9b__SCoRe_Qwen3.5-9B,compact_grids,instance_00002,Parsed Request Count,11.0
745,imagegame,Dialogue Architects__qwen3.5-9b__SCoRe_Qwen3.5-9B,compact_grids,instance_00002,Request Success Ratio,0.9167
746,textmapworld_graphreasoning,Dialogue Architects__qwen3.5-9b__SCoRe_Qwen3.5-9B,small,instance_00009,Success,0.0
747,textmapworld_graphreasoning,Dialogue Architects__qwen3.5-9b__SCoRe_Qwen3.5-9B,small,instance_00009,Aborted,0.0
748,textmapworld_graphreasoning,Dialogue Architects__qwen3.5-9b__SCoRe_Qwen3.5-9B,small,instance_00009,Lose,1.0
749,textmapworld_graphreasoning,Dialogue Architects__qwen3.5-9b__SCoRe_Qwen3.5-9B,small,instance_00009,moves,11.0
750,textmapworld_graphreasoning,Dialogue Architects__qwen3.5-9b__SCoRe_Qwen3.5-9B,small,instance_00009,valid_moves,11.0
751,textmapworld_graphreasoning,Dialogue Architects__qwen3.5-9b__SCoRe_Qwen3.5-9B,small,instance_00009,invalid_moves,0.0
752,textmapworld_graphreasoning,Dialogue Architects__qwen3.5-9b__SCoRe_Qwen3.5-9B,small,instance_00009,stopped,1.0
753,textmapworld_graphreasoning,Dialogue Architects__qwen3.5-9b__SCoRe_Qwen3.5-9B,small,instance_00009,turns_limit,0.0
754,textmapworld_graphreasoning,Dialogue Architects__qwen3.5-9b__SCoRe_Qwen3.5-9B,small,instance_00009,loops,7.0
755,textmapworld_graphreasoning,Dialogue Architects__qwen3.5-9b__SCoRe_Qwen3.5-9B,small,instance_00009,number_visited,3.0
756,textmapworld_graphreasoning,Dialogue Architects__qwen3.5-9b__SCoRe_Qwen3.5-9B,small,instance_00009,seen,4.0
757,textmapworld_graphreasoning,Dialogue Architects__qwen3.5-9b__SCoRe_Qwen3.5-9B,small,instance_00009,efficiency,45.45454545454545
758,textmapworld_graphreasoning,Dialogue Architects__qwen3.5-9b__SCoRe_Qwen3.5-9B,small,instance_00009,exploration,75.0
759,textmapworld_graphreasoning,Dialogue Architects__qwen3.5-9b__SCoRe_Qwen3.5-9B,small,instance_00009,graph_similarity,23.840584404423538
760,textmapworld_graphreasoning,Dialogue Architects__qwen3.5-9b__SCoRe_Qwen3.5-9B,small,instance_00009,Main Score,56.60377358490566
761,textmapworld_graphreasoning,Dialogue Architects__qwen3.5-9b__SCoRe_Qwen3.5-9B,large,instance_00028,Success,0.0
762,textmapworld_graphreasoning,Dialogue Architects__qwen3.5-9b__SCoRe_Qwen3.5-9B,large,instance_00028,Aborted,0.0
763,textmapworld_graphreasoning,Dialogue Architects__qwen3.5-9b__SCoRe_Qwen3.5-9B,large,instance_00028,Lose,1.0
764,textmapworld_graphreasoning,Dialogue Architects__qwen3.5-9b__SCoRe_Qwen3.5-9B,large,instance_00028,moves,4.0
765,textmapworld_graphreasoning,Dialogue Architects__qwen3.5-9b__SCoRe_Qwen3.5-9B,large,instance_00028,valid_moves,4.0
766,textmapworld_graphreasoning,Dialogue Architects__qwen3.5-9b__SCoRe_Qwen3.5-9B,large,instance_00028,invalid_moves,0.0
767,textmapworld_graphreasoning,Dialogue Architects__qwen3.5-9b__SCoRe_Qwen3.5-9B,large,instance_00028,stopped,1.0
768,textmapworld_graphreasoning,Dialogue Architects__qwen3.5-9b__SCoRe_Qwen3.5-9B,large,instance_00028,turns_limit,0.0
769,textmapworld_graphreasoning,Dialogue Architects__qwen3.5-9b__SCoRe_Qwen3.5-9B,large,instance_00028,loops,0.0
770,textmapworld_graphreasoning,Dialogue Architects__qwen3.5-9b__SCoRe_Qwen3.5-9B,large,instance_00028,number_visited,3.0
771,textmapworld_graphreasoning,Dialogue Architects__qwen3.5-9b__SCoRe_Qwen3.5-9B,large,instance_00028,seen,5.0
772,textmapworld_graphreasoning,Dialogue Architects__qwen3.5-9b__SCoRe_Qwen3.5-9B,large,instance_00028,efficiency,50.0
773,textmapworld_graphreasoning,Dialogue Architects__qwen3.5-9b__SCoRe_Qwen3.5-9B,large,instance_00028,exploration,37.5
774,textmapworld_graphreasoning,Dialogue Architects__qwen3.5-9b__SCoRe_Qwen3.5-9B,large,instance_00028,graph_similarity,0.49452463132693136
775,textmapworld_graphreasoning,Dialogue Architects__qwen3.5-9b__SCoRe_Qwen3.5-9B,large,instance_00028,Main Score,42.857142857142854
776,textmapworld_graphreasoning,Dialogue Architects__qwen3.5-9b__SCoRe_Qwen3.5-9B,medium,instance_00010,Success,0.0
777,textmapworld_graphreasoning,Dialogue Architects__qwen3.5-9b__SCoRe_Qwen3.5-9B,medium,instance_00010,Aborted,0.0
778,textmapworld_graphreasoning,Dialogue Architects__qwen3.5-9b__SCoRe_Qwen3.5-9B,medium,instance_00010,Lose,1.0
779,textmapworld_graphreasoning,Dialogue Architects__qwen3.5-9b__SCoRe_Qwen3.5-9B,medium,instance_00010,moves,7.0
780,textmapworld_graphreasoning,Dialogue Architects__qwen3.5-9b__SCoRe_Qwen3.5-9B,medium,instance_00010,valid_moves,7.0
781,textmapworld_graphreasoning,Dialogue Architects__qwen3.5-9b__SCoRe_Qwen3.5-9B,medium,instance_00010,invalid_moves,0.0
782,textmapworld_graphreasoning,Dialogue Architects__qwen3.5-9b__SCoRe_Qwen3.5-9B,medium,instance_00010,stopped,1.0
783,textmapworld_graphreasoning,Dialogue Architects__qwen3.5-9b__SCoRe_Qwen3.5-9B,medium,instance_00010,turns_limit,0.0
784,textmapworld_graphreasoning,Dialogue Architects__qwen3.5-9b__SCoRe_Qwen3.5-9B,medium,instance_00010,loops,1.0
785,textmapworld_graphreasoning,Dialogue Architects__qwen3.5-9b__SCoRe_Qwen3.5-9B,medium,instance_00010,number_visited,4.0
786,textmapworld_graphreasoning,Dialogue Architects__qwen3.5-9b__SCoRe_Qwen3.5-9B,medium,instance_00010,seen,5.0
787,textmapworld_graphreasoning,Dialogue Architects__qwen3.5-9b__SCoRe_Qwen3.5-9B,medium,instance_00010,efficiency,71.42857142857143
788,textmapworld_graphreasoning,Dialogue Architects__qwen3.5-9b__SCoRe_Qwen3.5-9B,medium,instance_00010,exploration,66.66666666666666
789,textmapworld_graphreasoning,Dialogue Architects__qwen3.5-9b__SCoRe_Qwen3.5-9B,medium,instance_00010,graph_similarity,5.862446150271272
790,textmapworld_graphreasoning,Dialogue Architects__qwen3.5-9b__SCoRe_Qwen3.5-9B,medium,instance_00010,Main Score,68.96551724137932
791,codenames,Dialogue Architects__qwen3.5-9b__SCoRe_Qwen3.5-9B,association_difficult,instance_00000,experiment variable,Word Assignments
792,codenames,Dialogue Architects__qwen3.5-9b__SCoRe_Qwen3.5-9B,association_difficult,instance_00000,experiment name,association_difficult
793,codenames,Dialogue Architects__qwen3.5-9b__SCoRe_Qwen3.5-9B,association_difficult,instance_00000,Cluegiver strip words,0
794,codenames,Dialogue Architects__qwen3.5-9b__SCoRe_Qwen3.5-9B,association_difficult,instance_00000,Guesser strip words,0
795,codenames,Dialogue Architects__qwen3.5-9b__SCoRe_Qwen3.5-9B,association_difficult,instance_00000,Average Cluegiver Number of Targets,0
796,codenames,Dialogue Architects__qwen3.5-9b__SCoRe_Qwen3.5-9B,association_difficult,instance_00000,Average Cluegiver Team Precision,0
797,codenames,Dialogue Architects__qwen3.5-9b__SCoRe_Qwen3.5-9B,association_difficult,instance_00000,Average Cluegiver Team Recall,0.0
798,codenames,Dialogue Architects__qwen3.5-9b__SCoRe_Qwen3.5-9B,association_difficult,instance_00000,Average Cluegiver Team F1,0
799,codenames,Dialogue Architects__qwen3.5-9b__SCoRe_Qwen3.5-9B,association_difficult,instance_00000,Average Guesser Number of Guesses,0
800,codenames,Dialogue Architects__qwen3.5-9b__SCoRe_Qwen3.5-9B,association_difficult,instance_00000,Average Guesser Number of Revealed Words,0
801,codenames,Dialogue Architects__qwen3.5-9b__SCoRe_Qwen3.5-9B,association_difficult,instance_00000,Average Guesser Number of Unrevealed Guesses,0
802,codenames,Dialogue Architects__qwen3.5-9b__SCoRe_Qwen3.5-9B,association_difficult,instance_00000,Average Guesser Target Precision,0
803,codenames,Dialogue Architects__qwen3.5-9b__SCoRe_Qwen3.5-9B,association_difficult,instance_00000,Average Guesser Target Recall,0
804,codenames,Dialogue Architects__qwen3.5-9b__SCoRe_Qwen3.5-9B,association_difficult,instance_00000,Average Guesser Target F1,0
805,codenames,Dialogue Architects__qwen3.5-9b__SCoRe_Qwen3.5-9B,association_difficult,instance_00000,Average Guesser Team Precision,0
806,codenames,Dialogue Architects__qwen3.5-9b__SCoRe_Qwen3.5-9B,association_difficult,instance_00000,Average Guesser Team Recall,0.0
807,codenames,Dialogue Architects__qwen3.5-9b__SCoRe_Qwen3.5-9B,association_difficult,instance_00000,Average Guesser Team F1,0
808,codenames,Dialogue Architects__qwen3.5-9b__SCoRe_Qwen3.5-9B,association_difficult,instance_00000,Aborted,1
809,codenames,Dialogue Architects__qwen3.5-9b__SCoRe_Qwen3.5-9B,association_difficult,instance_00000,Lose,0
810,codenames,Dialogue Architects__qwen3.5-9b__SCoRe_Qwen3.5-9B,association_difficult,instance_00000,Success,0
811,codenames,Dialogue Architects__qwen3.5-9b__SCoRe_Qwen3.5-9B,association_difficult,instance_00000,Game ended through assassin,0
812,codenames,Dialogue Architects__qwen3.5-9b__SCoRe_Qwen3.5-9B,association_difficult,instance_00000,Episode Recall,0.0
813,codenames,Dialogue Architects__qwen3.5-9b__SCoRe_Qwen3.5-9B,association_difficult,instance_00000,Episode Negative Recall,1.0
814,codenames,Dialogue Architects__qwen3.5-9b__SCoRe_Qwen3.5-9B,association_difficult,instance_00000,Number of turns,1
815,codenames,Dialogue Architects__qwen3.5-9b__SCoRe_Qwen3.5-9B,association_difficult,instance_00000,Efficiency,0.0
816,codenames,Dialogue Architects__qwen3.5-9b__SCoRe_Qwen3.5-9B,association_difficult,instance_00000,Request Count,1
817,codenames,Dialogue Architects__qwen3.5-9b__SCoRe_Qwen3.5-9B,association_difficult,instance_00000,Parsed Request Count,0
818,codenames,Dialogue Architects__qwen3.5-9b__SCoRe_Qwen3.5-9B,association_difficult,instance_00000,Violated Request Count,1
819,codenames,Dialogue Architects__qwen3.5-9b__SCoRe_Qwen3.5-9B,association_difficult,instance_00000,Request Success Ratio,0.0
820,codenames,Dialogue Architects__qwen3.5-9b__SCoRe_Qwen3.5-9B,association_difficult,instance_00000,Main Score,
821,codenames,Dialogue Architects__qwen3.5-9b__SCoRe_Qwen3.5-9B,risk_low,instance_00008,experiment variable,Risk
822,codenames,Dialogue Architects__qwen3.5-9b__SCoRe_Qwen3.5-9B,risk_low,instance_00008,experiment name,risk_low
823,codenames,Dialogue Architects__qwen3.5-9b__SCoRe_Qwen3.5-9B,risk_low,instance_00008,Cluegiver strip words,0
824,codenames,Dialogue Architects__qwen3.5-9b__SCoRe_Qwen3.5-9B,risk_low,instance_00008,Guesser strip words,0
825,codenames,Dialogue Architects__qwen3.5-9b__SCoRe_Qwen3.5-9B,risk_low,instance_00008,Average Cluegiver Number of Targets,0
826,codenames,Dialogue Architects__qwen3.5-9b__SCoRe_Qwen3.5-9B,risk_low,instance_00008,Average Cluegiver Team Precision,0
827,codenames,Dialogue Architects__qwen3.5-9b__SCoRe_Qwen3.5-9B,risk_low,instance_00008,Average Cluegiver Team Recall,0.0
828,codenames,Dialogue Architects__qwen3.5-9b__SCoRe_Qwen3.5-9B,risk_low,instance_00008,Average Cluegiver Team F1,0
829,codenames,Dialogue Architects__qwen3.5-9b__SCoRe_Qwen3.5-9B,risk_low,instance_00008,Average Guesser Number of Guesses,0
830,codenames,Dialogue Architects__qwen3.5-9b__SCoRe_Qwen3.5-9B,risk_low,instance_00008,Average Guesser Number of Revealed Words,0
831,codenames,Dialogue Architects__qwen3.5-9b__SCoRe_Qwen3.5-9B,risk_low,instance_00008,Average Guesser Number of Unrevealed Guesses,0
832,codenames,Dialogue Architects__qwen3.5-9b__SCoRe_Qwen3.5-9B,risk_low,instance_00008,Average Guesser Target Precision,0
833,codenames,Dialogue Architects__qwen3.5-9b__SCoRe_Qwen3.5-9B,risk_low,instance_00008,Average Guesser Target Recall,0
834,codenames,Dialogue Architects__qwen3.5-9b__SCoRe_Qwen3.5-9B,risk_low,instance_00008,Average Guesser Target F1,0
835,codenames,Dialogue Architects__qwen3.5-9b__SCoRe_Qwen3.5-9B,risk_low,instance_00008,Average Guesser Team Precision,0
836,codenames,Dialogue Architects__qwen3.5-9b__SCoRe_Qwen3.5-9B,risk_low,instance_00008,Average Guesser Team Recall,0.0
837,codenames,Dialogue Architects__qwen3.5-9b__SCoRe_Qwen3.5-9B,risk_low,instance_00008,Average Guesser Team F1,0
838,codenames,Dialogue Architects__qwen3.5-9b__SCoRe_Qwen3.5-9B,risk_low,instance_00008,Aborted,1
839,codenames,Dialogue Architects__qwen3.5-9b__SCoRe_Qwen3.5-9B,risk_low,instance_00008,Lose,0
840,codenames,Dialogue Architects__qwen3.5-9b__SCoRe_Qwen3.5-9B,risk_low,instance_00008,Success,0
841,codenames,Dialogue Architects__qwen3.5-9b__SCoRe_Qwen3.5-9B,risk_low,instance_00008,Game ended through assassin,0
842,codenames,Dialogue Architects__qwen3.5-9b__SCoRe_Qwen3.5-9B,risk_low,instance_00008,Episode Recall,0.0
843,codenames,Dialogue Architects__qwen3.5-9b__SCoRe_Qwen3.5-9B,risk_low,instance_00008,Episode Negative Recall,1.0
844,codenames,Dialogue Architects__qwen3.5-9b__SCoRe_Qwen3.5-9B,risk_low,instance_00008,Number of turns,1
845,codenames,Dialogue Architects__qwen3.5-9b__SCoRe_Qwen3.5-9B,risk_low,instance_00008,Efficiency,0.0
846,codenames,Dialogue Architects__qwen3.5-9b__SCoRe_Qwen3.5-9B,risk_low,instance_00008,Request Count,1
847,codenames,Dialogue Architects__qwen3.5-9b__SCoRe_Qwen3.5-9B,risk_low,instance_00008,Parsed Request Count,0
848,codenames,Dialogue Architects__qwen3.5-9b__SCoRe_Qwen3.5-9B,risk_low,instance_00008,Violated Request Count,1
849,codenames,Dialogue Architects__qwen3.5-9b__SCoRe_Qwen3.5-9B,risk_low,instance_00008,Request Success Ratio,0.0
850,codenames,Dialogue Architects__qwen3.5-9b__SCoRe_Qwen3.5-9B,risk_low,instance_00008,Main Score,
851,codenames,Dialogue Architects__qwen3.5-9b__SCoRe_Qwen3.5-9B,ambiguous,instance_00001,experiment variable,Word Ambiguity
852,codenames,Dialogue Architects__qwen3.5-9b__SCoRe_Qwen3.5-9B,ambiguous,instance_00001,experiment name,ambiguous
853,codenames,Dialogue Architects__qwen3.5-9b__SCoRe_Qwen3.5-9B,ambiguous,instance_00001,Cluegiver strip words,0
854,codenames,Dialogue Architects__qwen3.5-9b__SCoRe_Qwen3.5-9B,ambiguous,instance_00001,Guesser strip words,0
855,codenames,Dialogue Architects__qwen3.5-9b__SCoRe_Qwen3.5-9B,ambiguous,instance_00001,Average Cluegiver Number of Targets,0
856,codenames,Dialogue Architects__qwen3.5-9b__SCoRe_Qwen3.5-9B,ambiguous,instance_00001,Average Cluegiver Team Precision,0
857,codenames,Dialogue Architects__qwen3.5-9b__SCoRe_Qwen3.5-9B,ambiguous,instance_00001,Average Cluegiver Team Recall,0.0
858,codenames,Dialogue Architects__qwen3.5-9b__SCoRe_Qwen3.5-9B,ambiguous,instance_00001,Average Cluegiver Team F1,0
859,codenames,Dialogue Architects__qwen3.5-9b__SCoRe_Qwen3.5-9B,ambiguous,instance_00001,Average Guesser Number of Guesses,0
860,codenames,Dialogue Architects__qwen3.5-9b__SCoRe_Qwen3.5-9B,ambiguous,instance_00001,Average Guesser Number of Revealed Words,0
861,codenames,Dialogue Architects__qwen3.5-9b__SCoRe_Qwen3.5-9B,ambiguous,instance_00001,Average Guesser Number of Unrevealed Guesses,0
862,codenames,Dialogue Architects__qwen3.5-9b__SCoRe_Qwen3.5-9B,ambiguous,instance_00001,Average Guesser Target Precision,0
863,codenames,Dialogue Architects__qwen3.5-9b__SCoRe_Qwen3.5-9B,ambiguous,instance_00001,Average Guesser Target Recall,0
864,codenames,Dialogue Architects__qwen3.5-9b__SCoRe_Qwen3.5-9B,ambiguous,instance_00001,Average Guesser Target F1,0
865,codenames,Dialogue Architects__qwen3.5-9b__SCoRe_Qwen3.5-9B,ambiguous,instance_00001,Average Guesser Team Precision,0
866,codenames,Dialogue Architects__qwen3.5-9b__SCoRe_Qwen3.5-9B,ambiguous,instance_00001,Average Guesser Team Recall,0.0
867,codenames,Dialogue Architects__qwen3.5-9b__SCoRe_Qwen3.5-9B,ambiguous,instance_00001,Average Guesser Team F1,0
868,codenames,Dialogue Architects__qwen3.5-9b__SCoRe_Qwen3.5-9B,ambiguous,instance_00001,Aborted,1
869,codenames,Dialogue Architects__qwen3.5-9b__SCoRe_Qwen3.5-9B,ambiguous,instance_00001,Lose,0
870,codenames,Dialogue Architects__qwen3.5-9b__SCoRe_Qwen3.5-9B,ambiguous,instance_00001,Success,0
871,codenames,Dialogue Architects__qwen3.5-9b__SCoRe_Qwen3.5-9B,ambiguous,instance_00001,Game ended through assassin,0
872,codenames,Dialogue Architects__qwen3.5-9b__SCoRe_Qwen3.5-9B,ambiguous,instance_00001,Episode Recall,0.0
873,codenames,Dialogue Architects__qwen3.5-9b__SCoRe_Qwen3.5-9B,ambiguous,instance_00001,Episode Negative Recall,1.0
874,codenames,Dialogue Architects__qwen3.5-9b__SCoRe_Qwen3.5-9B,ambiguous,instance_00001,Number of turns,1
875,codenames,Dialogue Architects__qwen3.5-9b__SCoRe_Qwen3.5-9B,ambiguous,instance_00001,Efficiency,0.0
876,codenames,Dialogue Architects__qwen3.5-9b__SCoRe_Qwen3.5-9B,ambiguous,instance_00001,Request Count,1
877,codenames,Dialogue Architects__qwen3.5-9b__SCoRe_Qwen3.5-9B,ambiguous,instance_00001,Parsed Request Count,0
878,codenames,Dialogue Architects__qwen3.5-9b__SCoRe_Qwen3.5-9B,ambiguous,instance_00001,Violated Request Count,1
879,codenames,Dialogue Architects__qwen3.5-9b__SCoRe_Qwen3.5-9B,ambiguous,instance_00001,Request Success Ratio,0.0
880,codenames,Dialogue Architects__qwen3.5-9b__SCoRe_Qwen3.5-9B,ambiguous,instance_00001,Main Score,
881,codenames,Dialogue Architects__qwen3.5-9b__SCoRe_Qwen3.5-9B,opponent_difficult,instance_00007,experiment variable,Opponent Difficulty
882,codenames,Dialogue Architects__qwen3.5-9b__SCoRe_Qwen3.5-9B,opponent_difficult,instance_00007,experiment name,opponent_difficult
883,codenames,Dialogue Architects__qwen3.5-9b__SCoRe_Qwen3.5-9B,opponent_difficult,instance_00007,Cluegiver strip words,0
884,codenames,Dialogue Architects__qwen3.5-9b__SCoRe_Qwen3.5-9B,opponent_difficult,instance_00007,Guesser strip words,0
885,codenames,Dialogue Architects__qwen3.5-9b__SCoRe_Qwen3.5-9B,opponent_difficult,instance_00007,Average Cluegiver Number of Targets,0
886,codenames,Dialogue Architects__qwen3.5-9b__SCoRe_Qwen3.5-9B,opponent_difficult,instance_00007,Average Cluegiver Team Precision,0
887,codenames,Dialogue Architects__qwen3.5-9b__SCoRe_Qwen3.5-9B,opponent_difficult,instance_00007,Average Cluegiver Team Recall,0.0
888,codenames,Dialogue Architects__qwen3.5-9b__SCoRe_Qwen3.5-9B,opponent_difficult,instance_00007,Average Cluegiver Team F1,0
889,codenames,Dialogue Architects__qwen3.5-9b__SCoRe_Qwen3.5-9B,opponent_difficult,instance_00007,Average Guesser Number of Guesses,0
890,codenames,Dialogue Architects__qwen3.5-9b__SCoRe_Qwen3.5-9B,opponent_difficult,instance_00007,Average Guesser Number of Revealed Words,0
891,codenames,Dialogue Architects__qwen3.5-9b__SCoRe_Qwen3.5-9B,opponent_difficult,instance_00007,Average Guesser Number of Unrevealed Guesses,0
892,codenames,Dialogue Architects__qwen3.5-9b__SCoRe_Qwen3.5-9B,opponent_difficult,instance_00007,Average Guesser Target Precision,0
893,codenames,Dialogue Architects__qwen3.5-9b__SCoRe_Qwen3.5-9B,opponent_difficult,instance_00007,Average Guesser Target Recall,0
894,codenames,Dialogue Architects__qwen3.5-9b__SCoRe_Qwen3.5-9B,opponent_difficult,instance_00007,Average Guesser Target F1,0
895,codenames,Dialogue Architects__qwen3.5-9b__SCoRe_Qwen3.5-9B,opponent_difficult,instance_00007,Average Guesser Team Precision,0
896,codenames,Dialogue Architects__qwen3.5-9b__SCoRe_Qwen3.5-9B,opponent_difficult,instance_00007,Average Guesser Team Recall,0.0
897,codenames,Dialogue Architects__qwen3.5-9b__SCoRe_Qwen3.5-9B,opponent_difficult,instance_00007,Average Guesser Team F1,0
898,codenames,Dialogue Architects__qwen3.5-9b__SCoRe_Qwen3.5-9B,opponent_difficult,instance_00007,Aborted,1
899,codenames,Dialogue Architects__qwen3.5-9b__SCoRe_Qwen3.5-9B,opponent_difficult,instance_00007,Lose,0
900,codenames,Dialogue Architects__qwen3.5-9b__SCoRe_Qwen3.5-9B,opponent_difficult,instance_00007,Success,0
901,codenames,Dialogue Architects__qwen3.5-9b__SCoRe_Qwen3.5-9B,opponent_difficult,instance_00007,Game ended through assassin,0
902,codenames,Dialogue Architects__qwen3.5-9b__SCoRe_Qwen3.5-9B,opponent_difficult,instance_00007,Episode Recall,0.0
903,codenames,Dialogue Architects__qwen3.5-9b__SCoRe_Qwen3.5-9B,opponent_difficult,instance_00007,Episode Negative Recall,1.0
904,codenames,Dialogue Architects__qwen3.5-9b__SCoRe_Qwen3.5-9B,opponent_difficult,instance_00007,Number of turns,1
905,codenames,Dialogue Architects__qwen3.5-9b__SCoRe_Qwen3.5-9B,opponent_difficult,instance_00007,Efficiency,0.0
906,codenames,Dialogue Architects__qwen3.5-9b__SCoRe_Qwen3.5-9B,opponent_difficult,instance_00007,Request Count,1
907,codenames,Dialogue Architects__qwen3.5-9b__SCoRe_Qwen3.5-9B,opponent_difficult,instance_00007,Parsed Request Count,0
908,codenames,Dialogue Architects__qwen3.5-9b__SCoRe_Qwen3.5-9B,opponent_difficult,instance_00007,Violated Request Count,1
909,codenames,Dialogue Architects__qwen3.5-9b__SCoRe_Qwen3.5-9B,opponent_difficult,instance_00007,Request Success Ratio,0.0
910,codenames,Dialogue Architects__qwen3.5-9b__SCoRe_Qwen3.5-9B,opponent_difficult,instance_00007,Main Score,
911,codenames,Dialogue Architects__qwen3.5-9b__SCoRe_Qwen3.5-9B,risk_high,instance_00009,experiment variable,Risk
912,codenames,Dialogue Architects__qwen3.5-9b__SCoRe_Qwen3.5-9B,risk_high,instance_00009,experiment name,risk_high
913,codenames,Dialogue Architects__qwen3.5-9b__SCoRe_Qwen3.5-9B,risk_high,instance_00009,Cluegiver strip words,0
914,codenames,Dialogue Architects__qwen3.5-9b__SCoRe_Qwen3.5-9B,risk_high,instance_00009,Guesser strip words,0
915,codenames,Dialogue Architects__qwen3.5-9b__SCoRe_Qwen3.5-9B,risk_high,instance_00009,Average Cluegiver Number of Targets,0
916,codenames,Dialogue Architects__qwen3.5-9b__SCoRe_Qwen3.5-9B,risk_high,instance_00009,Average Cluegiver Team Precision,0
917,codenames,Dialogue Architects__qwen3.5-9b__SCoRe_Qwen3.5-9B,risk_high,instance_00009,Average Cluegiver Team Recall,0.0
918,codenames,Dialogue Architects__qwen3.5-9b__SCoRe_Qwen3.5-9B,risk_high,instance_00009,Average Cluegiver Team F1,0
919,codenames,Dialogue Architects__qwen3.5-9b__SCoRe_Qwen3.5-9B,risk_high,instance_00009,Average Guesser Number of Guesses,0
920,codenames,Dialogue Architects__qwen3.5-9b__SCoRe_Qwen3.5-9B,risk_high,instance_00009,Average Guesser Number of Revealed Words,0
921,codenames,Dialogue Architects__qwen3.5-9b__SCoRe_Qwen3.5-9B,risk_high,instance_00009,Average Guesser Number of Unrevealed Guesses,0
922,codenames,Dialogue Architects__qwen3.5-9b__SCoRe_Qwen3.5-9B,risk_high,instance_00009,Average Guesser Target Precision,0
923,codenames,Dialogue Architects__qwen3.5-9b__SCoRe_Qwen3.5-9B,risk_high,instance_00009,Average Guesser Target Recall,0
924,codenames,Dialogue Architects__qwen3.5-9b__SCoRe_Qwen3.5-9B,risk_high,instance_00009,Average Guesser Target F1,0
925,codenames,Dialogue Architects__qwen3.5-9b__SCoRe_Qwen3.5-9B,risk_high,instance_00009,Average Guesser Team Precision,0
926,codenames,Dialogue Architects__qwen3.5-9b__SCoRe_Qwen3.5-9B,risk_high,instance_00009,Average Guesser Team Recall,0.0
927,codenames,Dialogue Architects__qwen3.5-9b__SCoRe_Qwen3.5-9B,risk_high,instance_00009,Average Guesser Team F1,0
928,codenames,Dialogue Architects__qwen3.5-9b__SCoRe_Qwen3.5-9B,risk_high,instance_00009,Aborted,1
929,codenames,Dialogue Architects__qwen3.5-9b__SCoRe_Qwen3.5-9B,risk_high,instance_00009,Lose,0
930,codenames,Dialogue Architects__qwen3.5-9b__SCoRe_Qwen3.5-9B,risk_high,instance_00009,Success,0
931,codenames,Dialogue Architects__qwen3.5-9b__SCoRe_Qwen3.5-9B,risk_high,instance_00009,Game ended through assassin,0
932,codenames,Dialogue Architects__qwen3.5-9b__SCoRe_Qwen3.5-9B,risk_high,instance_00009,Episode Recall,0.0
933,codenames,Dialogue Architects__qwen3.5-9b__SCoRe_Qwen3.5-9B,risk_high,instance_00009,Episode Negative Recall,1.0
934,codenames,Dialogue Architects__qwen3.5-9b__SCoRe_Qwen3.5-9B,risk_high,instance_00009,Number of turns,1
935,codenames,Dialogue Architects__qwen3.5-9b__SCoRe_Qwen3.5-9B,risk_high,instance_00009,Efficiency,0.0
936,codenames,Dialogue Architects__qwen3.5-9b__SCoRe_Qwen3.5-9B,risk_high,instance_00009,Request Count,1
937,codenames,Dialogue Architects__qwen3.5-9b__SCoRe_Qwen3.5-9B,risk_high,instance_00009,Parsed Request Count,0
938,codenames,Dialogue Architects__qwen3.5-9b__SCoRe_Qwen3.5-9B,risk_high,instance_00009,Violated Request Count,1
939,codenames,Dialogue Architects__qwen3.5-9b__SCoRe_Qwen3.5-9B,risk_high,instance_00009,Request Success Ratio,0.0
940,codenames,Dialogue Architects__qwen3.5-9b__SCoRe_Qwen3.5-9B,risk_high,instance_00009,Main Score,
941,codenames,Dialogue Architects__qwen3.5-9b__SCoRe_Qwen3.5-9B,abstract,instance_00007,experiment variable,Word Concreteness
942,codenames,Dialogue Architects__qwen3.5-9b__SCoRe_Qwen3.5-9B,abstract,instance_00007,experiment name,abstract
943,codenames,Dialogue Architects__qwen3.5-9b__SCoRe_Qwen3.5-9B,abstract,instance_00007,Cluegiver strip words,0
944,codenames,Dialogue Architects__qwen3.5-9b__SCoRe_Qwen3.5-9B,abstract,instance_00007,Guesser strip words,0
945,codenames,Dialogue Architects__qwen3.5-9b__SCoRe_Qwen3.5-9B,abstract,instance_00007,Average Cluegiver Number of Targets,0
946,codenames,Dialogue Architects__qwen3.5-9b__SCoRe_Qwen3.5-9B,abstract,instance_00007,Average Cluegiver Team Precision,0
947,codenames,Dialogue Architects__qwen3.5-9b__SCoRe_Qwen3.5-9B,abstract,instance_00007,Average Cluegiver Team Recall,0.0
948,codenames,Dialogue Architects__qwen3.5-9b__SCoRe_Qwen3.5-9B,abstract,instance_00007,Average Cluegiver Team F1,0
949,codenames,Dialogue Architects__qwen3.5-9b__SCoRe_Qwen3.5-9B,abstract,instance_00007,Average Guesser Number of Guesses,0
950,codenames,Dialogue Architects__qwen3.5-9b__SCoRe_Qwen3.5-9B,abstract,instance_00007,Average Guesser Number of Revealed Words,0
951,codenames,Dialogue Architects__qwen3.5-9b__SCoRe_Qwen3.5-9B,abstract,instance_00007,Average Guesser Number of Unrevealed Guesses,0
952,codenames,Dialogue Architects__qwen3.5-9b__SCoRe_Qwen3.5-9B,abstract,instance_00007,Average Guesser Target Precision,0
953,codenames,Dialogue Architects__qwen3.5-9b__SCoRe_Qwen3.5-9B,abstract,instance_00007,Average Guesser Target Recall,0
954,codenames,Dialogue Architects__qwen3.5-9b__SCoRe_Qwen3.5-9B,abstract,instance_00007,Average Guesser Target F1,0
955,codenames,Dialogue Architects__qwen3.5-9b__SCoRe_Qwen3.5-9B,abstract,instance_00007,Average Guesser Team Precision,0
956,codenames,Dialogue Architects__qwen3.5-9b__SCoRe_Qwen3.5-9B,abstract,instance_00007,Average Guesser Team Recall,0.0
957,codenames,Dialogue Architects__qwen3.5-9b__SCoRe_Qwen3.5-9B,abstract,instance_00007,Average Guesser Team F1,0
958,codenames,Dialogue Architects__qwen3.5-9b__SCoRe_Qwen3.5-9B,abstract,instance_00007,Aborted,1
959,codenames,Dialogue Architects__qwen3.5-9b__SCoRe_Qwen3.5-9B,abstract,instance_00007,Lose,0
960,codenames,Dialogue Architects__qwen3.5-9b__SCoRe_Qwen3.5-9B,abstract,instance_00007,Success,0
961,codenames,Dialogue Architects__qwen3.5-9b__SCoRe_Qwen3.5-9B,abstract,instance_00007,Game ended through assassin,0
962,codenames,Dialogue Architects__qwen3.5-9b__SCoRe_Qwen3.5-9B,abstract,instance_00007,Episode Recall,0.0
963,codenames,Dialogue Architects__qwen3.5-9b__SCoRe_Qwen3.5-9B,abstract,instance_00007,Episode Negative Recall,1.0
964,codenames,Dialogue Architects__qwen3.5-9b__SCoRe_Qwen3.5-9B,abstract,instance_00007,Number of turns,1
965,codenames,Dialogue Architects__qwen3.5-9b__SCoRe_Qwen3.5-9B,abstract,instance_00007,Efficiency,0.0
966,codenames,Dialogue Architects__qwen3.5-9b__SCoRe_Qwen3.5-9B,abstract,instance_00007,Request Count,1
967,codenames,Dialogue Architects__qwen3.5-9b__SCoRe_Qwen3.5-9B,abstract,instance_00007,Parsed Request Count,0
968,codenames,Dialogue Architects__qwen3.5-9b__SCoRe_Qwen3.5-9B,abstract,instance_00007,Violated Request Count,1
969,codenames,Dialogue Architects__qwen3.5-9b__SCoRe_Qwen3.5-9B,abstract,instance_00007,Request Success Ratio,0.0
970,codenames,Dialogue Architects__qwen3.5-9b__SCoRe_Qwen3.5-9B,abstract,instance_00007,Main Score,
971,codenames,Dialogue Architects__qwen3.5-9b__SCoRe_Qwen3.5-9B,association_easy,instance_00009,experiment variable,Word Assignments
972,codenames,Dialogue Architects__qwen3.5-9b__SCoRe_Qwen3.5-9B,association_easy,instance_00009,experiment name,association_easy
973,codenames,Dialogue Architects__qwen3.5-9b__SCoRe_Qwen3.5-9B,association_easy,instance_00009,Cluegiver strip words,0
974,codenames,Dialogue Architects__qwen3.5-9b__SCoRe_Qwen3.5-9B,association_easy,instance_00009,Guesser strip words,0
975,codenames,Dialogue Architects__qwen3.5-9b__SCoRe_Qwen3.5-9B,association_easy,instance_00009,Average Cluegiver Number of Targets,0
976,codenames,Dialogue Architects__qwen3.5-9b__SCoRe_Qwen3.5-9B,association_easy,instance_00009,Average Cluegiver Team Precision,0
977,codenames,Dialogue Architects__qwen3.5-9b__SCoRe_Qwen3.5-9B,association_easy,instance_00009,Average Cluegiver Team Recall,0.0
978,codenames,Dialogue Architects__qwen3.5-9b__SCoRe_Qwen3.5-9B,association_easy,instance_00009,Average Cluegiver Team F1,0
979,codenames,Dialogue Architects__qwen3.5-9b__SCoRe_Qwen3.5-9B,association_easy,instance_00009,Average Guesser Number of Guesses,0
980,codenames,Dialogue Architects__qwen3.5-9b__SCoRe_Qwen3.5-9B,association_easy,instance_00009,Average Guesser Number of Revealed Words,0
981,codenames,Dialogue Architects__qwen3.5-9b__SCoRe_Qwen3.5-9B,association_easy,instance_00009,Average Guesser Number of Unrevealed Guesses,0
982,codenames,Dialogue Architects__qwen3.5-9b__SCoRe_Qwen3.5-9B,association_easy,instance_00009,Average Guesser Target Precision,0
983,codenames,Dialogue Architects__qwen3.5-9b__SCoRe_Qwen3.5-9B,association_easy,instance_00009,Average Guesser Target Recall,0
984,codenames,Dialogue Architects__qwen3.5-9b__SCoRe_Qwen3.5-9B,association_easy,instance_00009,Average Guesser Target F1,0
985,codenames,Dialogue Architects__qwen3.5-9b__SCoRe_Qwen3.5-9B,association_easy,instance_00009,Average Guesser Team Precision,0
986,codenames,Dialogue Architects__qwen3.5-9b__SCoRe_Qwen3.5-9B,association_easy,instance_00009,Average Guesser Team Recall,0.0
987,codenames,Dialogue Architects__qwen3.5-9b__SCoRe_Qwen3.5-9B,association_easy,instance_00009,Average Guesser Team F1,0
988,codenames,Dialogue Architects__qwen3.5-9b__SCoRe_Qwen3.5-9B,association_easy,instance_00009,Aborted,1
989,codenames,Dialogue Architects__qwen3.5-9b__SCoRe_Qwen3.5-9B,association_easy,instance_00009,Lose,0
990,codenames,Dialogue Architects__qwen3.5-9b__SCoRe_Qwen3.5-9B,association_easy,instance_00009,Success,0
991,codenames,Dialogue Architects__qwen3.5-9b__SCoRe_Qwen3.5-9B,association_easy,instance_00009,Game ended through assassin,0
992,codenames,Dialogue Architects__qwen3.5-9b__SCoRe_Qwen3.5-9B,association_easy,instance_00009,Episode Recall,0.0
993,codenames,Dialogue Architects__qwen3.5-9b__SCoRe_Qwen3.5-9B,association_easy,instance_00009,Episode Negative Recall,1.0
994,codenames,Dialogue Architects__qwen3.5-9b__SCoRe_Qwen3.5-9B,association_easy,instance_00009,Number of turns,1
995,codenames,Dialogue Architects__qwen3.5-9b__SCoRe_Qwen3.5-9B,association_easy,instance_00009,Efficiency,0.0
996,codenames,Dialogue Architects__qwen3.5-9b__SCoRe_Qwen3.5-9B,association_easy,instance_00009,Request Count,1
997,codenames,Dialogue Architects__qwen3.5-9b__SCoRe_Qwen3.5-9B,association_easy,instance_00009,Parsed Request Count,0
998,codenames,Dialogue Architects__qwen3.5-9b__SCoRe_Qwen3.5-9B,association_easy,instance_00009,Violated Request Count,1
999,codenames,Dialogue Architects__qwen3.5-9b__SCoRe_Qwen3.5-9B,association_easy,instance_00009,Request Success Ratio,0.0
1000,codenames,Dialogue Architects__qwen3.5-9b__SCoRe_Qwen3.5-9B,association_easy,instance_00009,Main Score,
1001,codenames,Dialogue Architects__qwen3.5-9b__SCoRe_Qwen3.5-9B,opponent_easy,instance_00009,experiment variable,Opponent Difficulty
1002,codenames,Dialogue Architects__qwen3.5-9b__SCoRe_Qwen3.5-9B,opponent_easy,instance_00009,experiment name,opponent_easy
1003,codenames,Dialogue Architects__qwen3.5-9b__SCoRe_Qwen3.5-9B,opponent_easy,instance_00009,Cluegiver strip words,0
1004,codenames,Dialogue Architects__qwen3.5-9b__SCoRe_Qwen3.5-9B,opponent_easy,instance_00009,Guesser strip words,0
1005,codenames,Dialogue Architects__qwen3.5-9b__SCoRe_Qwen3.5-9B,opponent_easy,instance_00009,Average Cluegiver Number of Targets,0
1006,codenames,Dialogue Architects__qwen3.5-9b__SCoRe_Qwen3.5-9B,opponent_easy,instance_00009,Average Cluegiver Team Precision,0
1007,codenames,Dialogue Architects__qwen3.5-9b__SCoRe_Qwen3.5-9B,opponent_easy,instance_00009,Average Cluegiver Team Recall,0.0
1008,codenames,Dialogue Architects__qwen3.5-9b__SCoRe_Qwen3.5-9B,opponent_easy,instance_00009,Average Cluegiver Team F1,0
1009,codenames,Dialogue Architects__qwen3.5-9b__SCoRe_Qwen3.5-9B,opponent_easy,instance_00009,Average Guesser Number of Guesses,0
1010,codenames,Dialogue Architects__qwen3.5-9b__SCoRe_Qwen3.5-9B,opponent_easy,instance_00009,Average Guesser Number of Revealed Words,0
1011,codenames,Dialogue Architects__qwen3.5-9b__SCoRe_Qwen3.5-9B,opponent_easy,instance_00009,Average Guesser Number of Unrevealed Guesses,0
1012,codenames,Dialogue Architects__qwen3.5-9b__SCoRe_Qwen3.5-9B,opponent_easy,instance_00009,Average Guesser Target Precision,0
1013,codenames,Dialogue Architects__qwen3.5-9b__SCoRe_Qwen3.5-9B,opponent_easy,instance_00009,Average Guesser Target Recall,0
1014,codenames,Dialogue Architects__qwen3.5-9b__SCoRe_Qwen3.5-9B,opponent_easy,instance_00009,Average Guesser Target F1,0
1015,codenames,Dialogue Architects__qwen3.5-9b__SCoRe_Qwen3.5-9B,opponent_easy,instance_00009,Average Guesser Team Precision,0
1016,codenames,Dialogue Architects__qwen3.5-9b__SCoRe_Qwen3.5-9B,opponent_easy,instance_00009,Average Guesser Team Recall,0.0
1017,codenames,Dialogue Architects__qwen3.5-9b__SCoRe_Qwen3.5-9B,opponent_easy,instance_00009,Average Guesser Team F1,0
1018,codenames,Dialogue Architects__qwen3.5-9b__SCoRe_Qwen3.5-9B,opponent_easy,instance_00009,Aborted,1
1019,codenames,Dialogue Architects__qwen3.5-9b__SCoRe_Qwen3.5-9B,opponent_easy,instance_00009,Lose,0
1020,codenames,Dialogue Architects__qwen3.5-9b__SCoRe_Qwen3.5-9B,opponent_easy,instance_00009,Success,0
1021,codenames,Dialogue Architects__qwen3.5-9b__SCoRe_Qwen3.5-9B,opponent_easy,instance_00009,Game ended through assassin,0
1022,codenames,Dialogue Architects__qwen3.5-9b__SCoRe_Qwen3.5-9B,opponent_easy,instance_00009,Episode Recall,0.0
1023,codenames,Dialogue Architects__qwen3.5-9b__SCoRe_Qwen3.5-9B,opponent_easy,instance_00009,Episode Negative Recall,1.0
1024,codenames,Dialogue Architects__qwen3.5-9b__SCoRe_Qwen3.5-9B,opponent_easy,instance_00009,Number of turns,1
1025,codenames,Dialogue Architects__qwen3.5-9b__SCoRe_Qwen3.5-9B,opponent_easy,instance_00009,Efficiency,0.0
1026,codenames,Dialogue Architects__qwen3.5-9b__SCoRe_Qwen3.5-9B,opponent_easy,instance_00009,Request Count,1
1027,codenames,Dialogue Architects__qwen3.5-9b__SCoRe_Qwen3.5-9B,opponent_easy,instance_00009,Parsed Request Count,0
1028,codenames,Dialogue Architects__qwen3.5-9b__SCoRe_Qwen3.5-9B,opponent_easy,instance_00009,Violated Request Count,1
1029,codenames,Dialogue Architects__qwen3.5-9b__SCoRe_Qwen3.5-9B,opponent_easy,instance_00009,Request Success Ratio,0.0
1030,codenames,Dialogue Architects__qwen3.5-9b__SCoRe_Qwen3.5-9B,opponent_easy,instance_00009,Main Score,
1031,codenames,Dialogue Architects__qwen3.5-9b__SCoRe_Qwen3.5-9B,concrete,instance_00004,experiment variable,Word Concreteness
1032,codenames,Dialogue Architects__qwen3.5-9b__SCoRe_Qwen3.5-9B,concrete,instance_00004,experiment name,concrete
1033,codenames,Dialogue Architects__qwen3.5-9b__SCoRe_Qwen3.5-9B,concrete,instance_00004,Cluegiver strip words,0
1034,codenames,Dialogue Architects__qwen3.5-9b__SCoRe_Qwen3.5-9B,concrete,instance_00004,Guesser strip words,0
1035,codenames,Dialogue Architects__qwen3.5-9b__SCoRe_Qwen3.5-9B,concrete,instance_00004,Average Cluegiver Number of Targets,0
1036,codenames,Dialogue Architects__qwen3.5-9b__SCoRe_Qwen3.5-9B,concrete,instance_00004,Average Cluegiver Team Precision,0
1037,codenames,Dialogue Architects__qwen3.5-9b__SCoRe_Qwen3.5-9B,concrete,instance_00004,Average Cluegiver Team Recall,0.0
1038,codenames,Dialogue Architects__qwen3.5-9b__SCoRe_Qwen3.5-9B,concrete,instance_00004,Average Cluegiver Team F1,0
1039,codenames,Dialogue Architects__qwen3.5-9b__SCoRe_Qwen3.5-9B,concrete,instance_00004,Average Guesser Number of Guesses,0
1040,codenames,Dialogue Architects__qwen3.5-9b__SCoRe_Qwen3.5-9B,concrete,instance_00004,Average Guesser Number of Revealed Words,0
1041,codenames,Dialogue Architects__qwen3.5-9b__SCoRe_Qwen3.5-9B,concrete,instance_00004,Average Guesser Number of Unrevealed Guesses,0
1042,codenames,Dialogue Architects__qwen3.5-9b__SCoRe_Qwen3.5-9B,concrete,instance_00004,Average Guesser Target Precision,0
1043,codenames,Dialogue Architects__qwen3.5-9b__SCoRe_Qwen3.5-9B,concrete,instance_00004,Average Guesser Target Recall,0
1044,codenames,Dialogue Architects__qwen3.5-9b__SCoRe_Qwen3.5-9B,concrete,instance_00004,Average Guesser Target F1,0
1045,codenames,Dialogue Architects__qwen3.5-9b__SCoRe_Qwen3.5-9B,concrete,instance_00004,Average Guesser Team Precision,0
1046,codenames,Dialogue Architects__qwen3.5-9b__SCoRe_Qwen3.5-9B,concrete,instance_00004,Average Guesser Team Recall,0.0
1047,codenames,Dialogue Architects__qwen3.5-9b__SCoRe_Qwen3.5-9B,concrete,instance_00004,Average Guesser Team F1,0
1048,codenames,Dialogue Architects__qwen3.5-9b__SCoRe_Qwen3.5-9B,concrete,instance_00004,Aborted,1
1049,codenames,Dialogue Architects__qwen3.5-9b__SCoRe_Qwen3.5-9B,concrete,instance_00004,Lose,0
1050,codenames,Dialogue Architects__qwen3.5-9b__SCoRe_Qwen3.5-9B,concrete,instance_00004,Success,0
1051,codenames,Dialogue Architects__qwen3.5-9b__SCoRe_Qwen3.5-9B,concrete,instance_00004,Game ended through assassin,0
1052,codenames,Dialogue Architects__qwen3.5-9b__SCoRe_Qwen3.5-9B,concrete,instance_00004,Episode Recall,0.0
1053,codenames,Dialogue Architects__qwen3.5-9b__SCoRe_Qwen3.5-9B,concrete,instance_00004,Episode Negative Recall,1.0
1054,codenames,Dialogue Architects__qwen3.5-9b__SCoRe_Qwen3.5-9B,concrete,instance_00004,Number of turns,1
1055,codenames,Dialogue Architects__qwen3.5-9b__SCoRe_Qwen3.5-9B,concrete,instance_00004,Efficiency,0.0
1056,codenames,Dialogue Architects__qwen3.5-9b__SCoRe_Qwen3.5-9B,concrete,instance_00004,Request Count,1
1057,codenames,Dialogue Architects__qwen3.5-9b__SCoRe_Qwen3.5-9B,concrete,instance_00004,Parsed Request Count,0
1058,codenames,Dialogue Architects__qwen3.5-9b__SCoRe_Qwen3.5-9B,concrete,instance_00004,Violated Request Count,1
1059,codenames,Dialogue Architects__qwen3.5-9b__SCoRe_Qwen3.5-9B,concrete,instance_00004,Request Success Ratio,0.0
1060,codenames,Dialogue Architects__qwen3.5-9b__SCoRe_Qwen3.5-9B,concrete,instance_00004,Main Score,
1061,codenames,Dialogue Architects__qwen3.5-9b__SCoRe_Qwen3.5-9B,unambiguous,instance_00002,experiment variable,Word Ambiguity
1062,codenames,Dialogue Architects__qwen3.5-9b__SCoRe_Qwen3.5-9B,unambiguous,instance_00002,experiment name,unambiguous
1063,codenames,Dialogue Architects__qwen3.5-9b__SCoRe_Qwen3.5-9B,unambiguous,instance_00002,Cluegiver strip words,0
1064,codenames,Dialogue Architects__qwen3.5-9b__SCoRe_Qwen3.5-9B,unambiguous,instance_00002,Guesser strip words,0
1065,codenames,Dialogue Architects__qwen3.5-9b__SCoRe_Qwen3.5-9B,unambiguous,instance_00002,Average Cluegiver Number of Targets,0
1066,codenames,Dialogue Architects__qwen3.5-9b__SCoRe_Qwen3.5-9B,unambiguous,instance_00002,Average Cluegiver Team Precision,0
1067,codenames,Dialogue Architects__qwen3.5-9b__SCoRe_Qwen3.5-9B,unambiguous,instance_00002,Average Cluegiver Team Recall,0.0
1068,codenames,Dialogue Architects__qwen3.5-9b__SCoRe_Qwen3.5-9B,unambiguous,instance_00002,Average Cluegiver Team F1,0
1069,codenames,Dialogue Architects__qwen3.5-9b__SCoRe_Qwen3.5-9B,unambiguous,instance_00002,Average Guesser Number of Guesses,0
1070,codenames,Dialogue Architects__qwen3.5-9b__SCoRe_Qwen3.5-9B,unambiguous,instance_00002,Average Guesser Number of Revealed Words,0
1071,codenames,Dialogue Architects__qwen3.5-9b__SCoRe_Qwen3.5-9B,unambiguous,instance_00002,Average Guesser Number of Unrevealed Guesses,0
1072,codenames,Dialogue Architects__qwen3.5-9b__SCoRe_Qwen3.5-9B,unambiguous,instance_00002,Average Guesser Target Precision,0
1073,codenames,Dialogue Architects__qwen3.5-9b__SCoRe_Qwen3.5-9B,unambiguous,instance_00002,Average Guesser Target Recall,0
1074,codenames,Dialogue Architects__qwen3.5-9b__SCoRe_Qwen3.5-9B,unambiguous,instance_00002,Average Guesser Target F1,0
1075,codenames,Dialogue Architects__qwen3.5-9b__SCoRe_Qwen3.5-9B,unambiguous,instance_00002,Average Guesser Team Precision,0
1076,codenames,Dialogue Architects__qwen3.5-9b__SCoRe_Qwen3.5-9B,unambiguous,instance_00002,Average Guesser Team Recall,0.0
1077,codenames,Dialogue Architects__qwen3.5-9b__SCoRe_Qwen3.5-9B,unambiguous,instance_00002,Average Guesser Team F1,0
1078,codenames,Dialogue Architects__qwen3.5-9b__SCoRe_Qwen3.5-9B,unambiguous,instance_00002,Aborted,1
1079,codenames,Dialogue Architects__qwen3.5-9b__SCoRe_Qwen3.5-9B,unambiguous,instance_00002,Lose,0
1080,codenames,Dialogue Architects__qwen3.5-9b__SCoRe_Qwen3.5-9B,unambiguous,instance_00002,Success,0
1081,codenames,Dialogue Architects__qwen3.5-9b__SCoRe_Qwen3.5-9B,unambiguous,instance_00002,Game ended through assassin,0
1082,codenames,Dialogue Architects__qwen3.5-9b__SCoRe_Qwen3.5-9B,unambiguous,instance_00002,Episode Recall,0.0
1083,codenames,Dialogue Architects__qwen3.5-9b__SCoRe_Qwen3.5-9B,unambiguous,instance_00002,Episode Negative Recall,1.0
1084,codenames,Dialogue Architects__qwen3.5-9b__SCoRe_Qwen3.5-9B,unambiguous,instance_00002,Number of turns,1
1085,codenames,Dialogue Architects__qwen3.5-9b__SCoRe_Qwen3.5-9B,unambiguous,instance_00002,Efficiency,0.0
1086,codenames,Dialogue Architects__qwen3.5-9b__SCoRe_Qwen3.5-9B,unambiguous,instance_00002,Request Count,1
1087,codenames,Dialogue Architects__qwen3.5-9b__SCoRe_Qwen3.5-9B,unambiguous,instance_00002,Parsed Request Count,0
1088,codenames,Dialogue Architects__qwen3.5-9b__SCoRe_Qwen3.5-9B,unambiguous,instance_00002,Violated Request Count,1
1089,codenames,Dialogue Architects__qwen3.5-9b__SCoRe_Qwen3.5-9B,unambiguous,instance_00002,Request Success Ratio,0.0
1090,codenames,Dialogue Architects__qwen3.5-9b__SCoRe_Qwen3.5-9B,unambiguous,instance_00002,Main Score,
1091,codenames,Dialogue Architects__qwen3.5-9b__SCoRe_Qwen3.5-9B,opponent_none,instance_00008,experiment variable,Opponent Difficulty
1092,codenames,Dialogue Architects__qwen3.5-9b__SCoRe_Qwen3.5-9B,opponent_none,instance_00008,experiment name,opponent_none
1093,codenames,Dialogue Architects__qwen3.5-9b__SCoRe_Qwen3.5-9B,opponent_none,instance_00008,Cluegiver strip words,0
1094,codenames,Dialogue Architects__qwen3.5-9b__SCoRe_Qwen3.5-9B,opponent_none,instance_00008,Guesser strip words,0
1095,codenames,Dialogue Architects__qwen3.5-9b__SCoRe_Qwen3.5-9B,opponent_none,instance_00008,Average Cluegiver Number of Targets,0
1096,codenames,Dialogue Architects__qwen3.5-9b__SCoRe_Qwen3.5-9B,opponent_none,instance_00008,Average Cluegiver Team Precision,0
1097,codenames,Dialogue Architects__qwen3.5-9b__SCoRe_Qwen3.5-9B,opponent_none,instance_00008,Average Cluegiver Team Recall,0.0
1098,codenames,Dialogue Architects__qwen3.5-9b__SCoRe_Qwen3.5-9B,opponent_none,instance_00008,Average Cluegiver Team F1,0
1099,codenames,Dialogue Architects__qwen3.5-9b__SCoRe_Qwen3.5-9B,opponent_none,instance_00008,Average Guesser Number of Guesses,0
1100,codenames,Dialogue Architects__qwen3.5-9b__SCoRe_Qwen3.5-9B,opponent_none,instance_00008,Average Guesser Number of Revealed Words,0
1101,codenames,Dialogue Architects__qwen3.5-9b__SCoRe_Qwen3.5-9B,opponent_none,instance_00008,Average Guesser Number of Unrevealed Guesses,0
1102,codenames,Dialogue Architects__qwen3.5-9b__SCoRe_Qwen3.5-9B,opponent_none,instance_00008,Average Guesser Target Precision,0
1103,codenames,Dialogue Architects__qwen3.5-9b__SCoRe_Qwen3.5-9B,opponent_none,instance_00008,Average Guesser Target Recall,0
1104,codenames,Dialogue Architects__qwen3.5-9b__SCoRe_Qwen3.5-9B,opponent_none,instance_00008,Average Guesser Target F1,0
1105,codenames,Dialogue Architects__qwen3.5-9b__SCoRe_Qwen3.5-9B,opponent_none,instance_00008,Average Guesser Team Precision,0
1106,codenames,Dialogue Architects__qwen3.5-9b__SCoRe_Qwen3.5-9B,opponent_none,instance_00008,Average Guesser Team Recall,0.0
1107,codenames,Dialogue Architects__qwen3.5-9b__SCoRe_Qwen3.5-9B,opponent_none,instance_00008,Average Guesser Team F1,0
1108,codenames,Dialogue Architects__qwen3.5-9b__SCoRe_Qwen3.5-9B,opponent_none,instance_00008,Aborted,1
1109,codenames,Dialogue Architects__qwen3.5-9b__SCoRe_Qwen3.5-9B,opponent_none,instance_00008,Lose,0
1110,codenames,Dialogue Architects__qwen3.5-9b__SCoRe_Qwen3.5-9B,opponent_none,instance_00008,Success,0
1111,codenames,Dialogue Architects__qwen3.5-9b__SCoRe_Qwen3.5-9B,opponent_none,instance_00008,Game ended through assassin,0
1112,codenames,Dialogue Architects__qwen3.5-9b__SCoRe_Qwen3.5-9B,opponent_none,instance_00008,Episode Recall,0.0
1113,codenames,Dialogue Architects__qwen3.5-9b__SCoRe_Qwen3.5-9B,opponent_none,instance_00008,Episode Negative Recall,1.0
1114,codenames,Dialogue Architects__qwen3.5-9b__SCoRe_Qwen3.5-9B,opponent_none,instance_00008,Number of turns,1
1115,codenames,Dialogue Architects__qwen3.5-9b__SCoRe_Qwen3.5-9B,opponent_none,instance_00008,Efficiency,0.0
1116,codenames,Dialogue Architects__qwen3.5-9b__SCoRe_Qwen3.5-9B,opponent_none,instance_00008,Request Count,1
1117,codenames,Dialogue Architects__qwen3.5-9b__SCoRe_Qwen3.5-9B,opponent_none,instance_00008,Parsed Request Count,0
1118,codenames,Dialogue Architects__qwen3.5-9b__SCoRe_Qwen3.5-9B,opponent_none,instance_00008,Violated Request Count,1
1119,codenames,Dialogue Architects__qwen3.5-9b__SCoRe_Qwen3.5-9B,opponent_none,instance_00008,Request Success Ratio,0.0
1120,codenames,Dialogue Architects__qwen3.5-9b__SCoRe_Qwen3.5-9B,opponent_none,instance_00008,Main Score,
1121,codenames,Dialogue Architects__qwen3.5-9b__SCoRe_Qwen3.5-9B,frequency_high,instance_00002,experiment variable,Word Frequency
1122,codenames,Dialogue Architects__qwen3.5-9b__SCoRe_Qwen3.5-9B,frequency_high,instance_00002,experiment name,frequency_high
1123,codenames,Dialogue Architects__qwen3.5-9b__SCoRe_Qwen3.5-9B,frequency_high,instance_00002,Cluegiver strip words,0
1124,codenames,Dialogue Architects__qwen3.5-9b__SCoRe_Qwen3.5-9B,frequency_high,instance_00002,Guesser strip words,0
1125,codenames,Dialogue Architects__qwen3.5-9b__SCoRe_Qwen3.5-9B,frequency_high,instance_00002,Average Cluegiver Number of Targets,0
1126,codenames,Dialogue Architects__qwen3.5-9b__SCoRe_Qwen3.5-9B,frequency_high,instance_00002,Average Cluegiver Team Precision,0
1127,codenames,Dialogue Architects__qwen3.5-9b__SCoRe_Qwen3.5-9B,frequency_high,instance_00002,Average Cluegiver Team Recall,0.0
1128,codenames,Dialogue Architects__qwen3.5-9b__SCoRe_Qwen3.5-9B,frequency_high,instance_00002,Average Cluegiver Team F1,0
1129,codenames,Dialogue Architects__qwen3.5-9b__SCoRe_Qwen3.5-9B,frequency_high,instance_00002,Average Guesser Number of Guesses,0
1130,codenames,Dialogue Architects__qwen3.5-9b__SCoRe_Qwen3.5-9B,frequency_high,instance_00002,Average Guesser Number of Revealed Words,0
1131,codenames,Dialogue Architects__qwen3.5-9b__SCoRe_Qwen3.5-9B,frequency_high,instance_00002,Average Guesser Number of Unrevealed Guesses,0
1132,codenames,Dialogue Architects__qwen3.5-9b__SCoRe_Qwen3.5-9B,frequency_high,instance_00002,Average Guesser Target Precision,0
1133,codenames,Dialogue Architects__qwen3.5-9b__SCoRe_Qwen3.5-9B,frequency_high,instance_00002,Average Guesser Target Recall,0
1134,codenames,Dialogue Architects__qwen3.5-9b__SCoRe_Qwen3.5-9B,frequency_high,instance_00002,Average Guesser Target F1,0
1135,codenames,Dialogue Architects__qwen3.5-9b__SCoRe_Qwen3.5-9B,frequency_high,instance_00002,Average Guesser Team Precision,0
1136,codenames,Dialogue Architects__qwen3.5-9b__SCoRe_Qwen3.5-9B,frequency_high,instance_00002,Average Guesser Team Recall,0.0
1137,codenames,Dialogue Architects__qwen3.5-9b__SCoRe_Qwen3.5-9B,frequency_high,instance_00002,Average Guesser Team F1,0
1138,codenames,Dialogue Architects__qwen3.5-9b__SCoRe_Qwen3.5-9B,frequency_high,instance_00002,Aborted,1
1139,codenames,Dialogue Architects__qwen3.5-9b__SCoRe_Qwen3.5-9B,frequency_high,instance_00002,Lose,0
1140,codenames,Dialogue Architects__qwen3.5-9b__SCoRe_Qwen3.5-9B,frequency_high,instance_00002,Success,0
1141,codenames,Dialogue Architects__qwen3.5-9b__SCoRe_Qwen3.5-9B,frequency_high,instance_00002,Game ended through assassin,0
1142,codenames,Dialogue Architects__qwen3.5-9b__SCoRe_Qwen3.5-9B,frequency_high,instance_00002,Episode Recall,0.0
1143,codenames,Dialogue Architects__qwen3.5-9b__SCoRe_Qwen3.5-9B,frequency_high,instance_00002,Episode Negative Recall,1.0
1144,codenames,Dialogue Architects__qwen3.5-9b__SCoRe_Qwen3.5-9B,frequency_high,instance_00002,Number of turns,1
1145,codenames,Dialogue Architects__qwen3.5-9b__SCoRe_Qwen3.5-9B,frequency_high,instance_00002,Efficiency,0.0
1146,codenames,Dialogue Architects__qwen3.5-9b__SCoRe_Qwen3.5-9B,frequency_high,instance_00002,Request Count,1
1147,codenames,Dialogue Architects__qwen3.5-9b__SCoRe_Qwen3.5-9B,frequency_high,instance_00002,Parsed Request Count,0
1148,codenames,Dialogue Architects__qwen3.5-9b__SCoRe_Qwen3.5-9B,frequency_high,instance_00002,Violated Request Count,1
1149,codenames,Dialogue Architects__qwen3.5-9b__SCoRe_Qwen3.5-9B,frequency_high,instance_00002,Request Success Ratio,0.0
1150,codenames,Dialogue Architects__qwen3.5-9b__SCoRe_Qwen3.5-9B,frequency_high,instance_00002,Main Score,
1151,codenames,Dialogue Architects__qwen3.5-9b__SCoRe_Qwen3.5-9B,frequency_low,instance_00004,experiment variable,Word Frequency
1152,codenames,Dialogue Architects__qwen3.5-9b__SCoRe_Qwen3.5-9B,frequency_low,instance_00004,experiment name,frequency_low
1153,codenames,Dialogue Architects__qwen3.5-9b__SCoRe_Qwen3.5-9B,frequency_low,instance_00004,Cluegiver strip words,0
1154,codenames,Dialogue Architects__qwen3.5-9b__SCoRe_Qwen3.5-9B,frequency_low,instance_00004,Guesser strip words,0
1155,codenames,Dialogue Architects__qwen3.5-9b__SCoRe_Qwen3.5-9B,frequency_low,instance_00004,Average Cluegiver Number of Targets,0
1156,codenames,Dialogue Architects__qwen3.5-9b__SCoRe_Qwen3.5-9B,frequency_low,instance_00004,Average Cluegiver Team Precision,0
1157,codenames,Dialogue Architects__qwen3.5-9b__SCoRe_Qwen3.5-9B,frequency_low,instance_00004,Average Cluegiver Team Recall,0.0
1158,codenames,Dialogue Architects__qwen3.5-9b__SCoRe_Qwen3.5-9B,frequency_low,instance_00004,Average Cluegiver Team F1,0
1159,codenames,Dialogue Architects__qwen3.5-9b__SCoRe_Qwen3.5-9B,frequency_low,instance_00004,Average Guesser Number of Guesses,0
1160,codenames,Dialogue Architects__qwen3.5-9b__SCoRe_Qwen3.5-9B,frequency_low,instance_00004,Average Guesser Number of Revealed Words,0
1161,codenames,Dialogue Architects__qwen3.5-9b__SCoRe_Qwen3.5-9B,frequency_low,instance_00004,Average Guesser Number of Unrevealed Guesses,0
1162,codenames,Dialogue Architects__qwen3.5-9b__SCoRe_Qwen3.5-9B,frequency_low,instance_00004,Average Guesser Target Precision,0
1163,codenames,Dialogue Architects__qwen3.5-9b__SCoRe_Qwen3.5-9B,frequency_low,instance_00004,Average Guesser Target Recall,0
1164,codenames,Dialogue Architects__qwen3.5-9b__SCoRe_Qwen3.5-9B,frequency_low,instance_00004,Average Guesser Target F1,0
1165,codenames,Dialogue Architects__qwen3.5-9b__SCoRe_Qwen3.5-9B,frequency_low,instance_00004,Average Guesser Team Precision,0
1166,codenames,Dialogue Architects__qwen3.5-9b__SCoRe_Qwen3.5-9B,frequency_low,instance_00004,Average Guesser Team Recall,0.0
1167,codenames,Dialogue Architects__qwen3.5-9b__SCoRe_Qwen3.5-9B,frequency_low,instance_00004,Average Guesser Team F1,0
1168,codenames,Dialogue Architects__qwen3.5-9b__SCoRe_Qwen3.5-9B,frequency_low,instance_00004,Aborted,1
1169,codenames,Dialogue Architects__qwen3.5-9b__SCoRe_Qwen3.5-9B,frequency_low,instance_00004,Lose,0
1170,codenames,Dialogue Architects__qwen3.5-9b__SCoRe_Qwen3.5-9B,frequency_low,instance_00004,Success,0
1171,codenames,Dialogue Architects__qwen3.5-9b__SCoRe_Qwen3.5-9B,frequency_low,instance_00004,Game ended through assassin,0
1172,codenames,Dialogue Architects__qwen3.5-9b__SCoRe_Qwen3.5-9B,frequency_low,instance_00004,Episode Recall,0.0
1173,codenames,Dialogue Architects__qwen3.5-9b__SCoRe_Qwen3.5-9B,frequency_low,instance_00004,Episode Negative Recall,1.0
1174,codenames,Dialogue Architects__qwen3.5-9b__SCoRe_Qwen3.5-9B,frequency_low,instance_00004,Number of turns,1
1175,codenames,Dialogue Architects__qwen3.5-9b__SCoRe_Qwen3.5-9B,frequency_low,instance_00004,Efficiency,0.0
1176,codenames,Dialogue Architects__qwen3.5-9b__SCoRe_Qwen3.5-9B,frequency_low,instance_00004,Request Count,1
1177,codenames,Dialogue Architects__qwen3.5-9b__SCoRe_Qwen3.5-9B,frequency_low,instance_00004,Parsed Request Count,0
1178,codenames,Dialogue Architects__qwen3.5-9b__SCoRe_Qwen3.5-9B,frequency_low,instance_00004,Violated Request Count,1
1179,codenames,Dialogue Architects__qwen3.5-9b__SCoRe_Qwen3.5-9B,frequency_low,instance_00004,Request Success Ratio,0.0
1180,codenames,Dialogue Architects__qwen3.5-9b__SCoRe_Qwen3.5-9B,frequency_low,instance_00004,Main Score,
1181,matchit_ascii,Dialogue Architects__qwen3.5-9b__SCoRe_Qwen3.5-9B,similar_grid_2,instance_00007,Violated Request Count,0
1182,matchit_ascii,Dialogue Architects__qwen3.5-9b__SCoRe_Qwen3.5-9B,similar_grid_2,instance_00007,Parsed Request Count,16
1183,matchit_ascii,Dialogue Architects__qwen3.5-9b__SCoRe_Qwen3.5-9B,similar_grid_2,instance_00007,Request Count,16
1184,matchit_ascii,Dialogue Architects__qwen3.5-9b__SCoRe_Qwen3.5-9B,similar_grid_2,instance_00007,Aborted,0
1185,matchit_ascii,Dialogue Architects__qwen3.5-9b__SCoRe_Qwen3.5-9B,similar_grid_2,instance_00007,Success,1
1186,matchit_ascii,Dialogue Architects__qwen3.5-9b__SCoRe_Qwen3.5-9B,similar_grid_2,instance_00007,Lose,0
1187,matchit_ascii,Dialogue Architects__qwen3.5-9b__SCoRe_Qwen3.5-9B,similar_grid_2,instance_00007,Main Score,100
1188,matchit_ascii,Dialogue Architects__qwen3.5-9b__SCoRe_Qwen3.5-9B,similar_grid_2,instance_00007,Player Score,100
1189,matchit_ascii,Dialogue Architects__qwen3.5-9b__SCoRe_Qwen3.5-9B,same_grid,instance_00002,Violated Request Count,0
1190,matchit_ascii,Dialogue Architects__qwen3.5-9b__SCoRe_Qwen3.5-9B,same_grid,instance_00002,Parsed Request Count,16
1191,matchit_ascii,Dialogue Architects__qwen3.5-9b__SCoRe_Qwen3.5-9B,same_grid,instance_00002,Request Count,16
1192,matchit_ascii,Dialogue Architects__qwen3.5-9b__SCoRe_Qwen3.5-9B,same_grid,instance_00002,Aborted,0
1193,matchit_ascii,Dialogue Architects__qwen3.5-9b__SCoRe_Qwen3.5-9B,same_grid,instance_00002,Success,1
1194,matchit_ascii,Dialogue Architects__qwen3.5-9b__SCoRe_Qwen3.5-9B,same_grid,instance_00002,Lose,0
1195,matchit_ascii,Dialogue Architects__qwen3.5-9b__SCoRe_Qwen3.5-9B,same_grid,instance_00002,Main Score,100
1196,matchit_ascii,Dialogue Architects__qwen3.5-9b__SCoRe_Qwen3.5-9B,same_grid,instance_00002,Player Score,100
1197,matchit_ascii,Dialogue Architects__qwen3.5-9b__SCoRe_Qwen3.5-9B,similar_grid_1,instance_00002,Violated Request Count,0
1198,matchit_ascii,Dialogue Architects__qwen3.5-9b__SCoRe_Qwen3.5-9B,similar_grid_1,instance_00002,Parsed Request Count,16
1199,matchit_ascii,Dialogue Architects__qwen3.5-9b__SCoRe_Qwen3.5-9B,similar_grid_1,instance_00002,Request Count,16
1200,matchit_ascii,Dialogue Architects__qwen3.5-9b__SCoRe_Qwen3.5-9B,similar_grid_1,instance_00002,Aborted,0
1201,matchit_ascii,Dialogue Architects__qwen3.5-9b__SCoRe_Qwen3.5-9B,similar_grid_1,instance_00002,Success,0
1202,matchit_ascii,Dialogue Architects__qwen3.5-9b__SCoRe_Qwen3.5-9B,similar_grid_1,instance_00002,Lose,1
1203,matchit_ascii,Dialogue Architects__qwen3.5-9b__SCoRe_Qwen3.5-9B,similar_grid_1,instance_00002,Main Score,0
1204,matchit_ascii,Dialogue Architects__qwen3.5-9b__SCoRe_Qwen3.5-9B,similar_grid_1,instance_00002,Player Score,50
1205,matchit_ascii,Dialogue Architects__qwen3.5-9b__SCoRe_Qwen3.5-9B,different_grid,instance_00002,Violated Request Count,0
1206,matchit_ascii,Dialogue Architects__qwen3.5-9b__SCoRe_Qwen3.5-9B,different_grid,instance_00002,Parsed Request Count,16
1207,matchit_ascii,Dialogue Architects__qwen3.5-9b__SCoRe_Qwen3.5-9B,different_grid,instance_00002,Request Count,16
1208,matchit_ascii,Dialogue Architects__qwen3.5-9b__SCoRe_Qwen3.5-9B,different_grid,instance_00002,Aborted,0
1209,matchit_ascii,Dialogue Architects__qwen3.5-9b__SCoRe_Qwen3.5-9B,different_grid,instance_00002,Success,1
1210,matchit_ascii,Dialogue Architects__qwen3.5-9b__SCoRe_Qwen3.5-9B,different_grid,instance_00002,Lose,0
1211,matchit_ascii,Dialogue Architects__qwen3.5-9b__SCoRe_Qwen3.5-9B,different_grid,instance_00002,Main Score,100
1212,matchit_ascii,Dialogue Architects__qwen3.5-9b__SCoRe_Qwen3.5-9B,different_grid,instance_00002,Player Score,100
1213,dond,Dialogue Architects__qwen3.5-9b__SCoRe_Qwen3.5-9B,coop_en,instance_00019,Played,1.0
1214,dond,Dialogue Architects__qwen3.5-9b__SCoRe_Qwen3.5-9B,coop_en,instance_00006,Played,1.0
1215,dond,Dialogue Architects__qwen3.5-9b__SCoRe_Qwen3.5-9B,semi_en,instance_00015,Played,0.0
1216,dond,Dialogue Architects__qwen3.5-9b__SCoRe_Qwen3.5-9B,semi_en,instance_00001,Played,1.0
1217,wordle,Dialogue Architects__qwen3.5-9b__SCoRe_Qwen3.5-9B,medium_frequency_words_no_clue_no_critic,instance_00014,Played,1.0
1218,wordle,Dialogue Architects__qwen3.5-9b__SCoRe_Qwen3.5-9B,medium_frequency_words_no_clue_no_critic,instance_00007,Played,1.0
1219,wordle,Dialogue Architects__qwen3.5-9b__SCoRe_Qwen3.5-9B,high_frequency_words_no_clue_no_critic,instance_00007,Played,1.0
1220,guesswhat,Dialogue Architects__qwen3.5-9b__SCoRe_Qwen3.5-9B,Abs_Level_3,instance_00008,Played,0.0
1221,guesswhat,Dialogue Architects__qwen3.5-9b__SCoRe_Qwen3.5-9B,Abs_Level_2,instance_00007,Played,0.0
1222,guesswhat,Dialogue Architects__qwen3.5-9b__SCoRe_Qwen3.5-9B,Abs_Level_1,instance_00002,Played,0.0
1223,guesswhat,Dialogue Architects__qwen3.5-9b__SCoRe_Qwen3.5-9B,Level_1,instance_00002,Played,0.0
1224,guesswhat,Dialogue Architects__qwen3.5-9b__SCoRe_Qwen3.5-9B,Level_2,instance_00009,Played,0.0
1225,guesswhat,Dialogue Architects__qwen3.5-9b__SCoRe_Qwen3.5-9B,Level_3,instance_00008,Played,0.0
1226,privateshared,Dialogue Architects__qwen3.5-9b__SCoRe_Qwen3.5-9B,things-places,instance_00003,Played,0.0
1227,privateshared,Dialogue Architects__qwen3.5-9b__SCoRe_Qwen3.5-9B,restaurant,instance_00007,Played,1.0
1228,privateshared,Dialogue Architects__qwen3.5-9b__SCoRe_Qwen3.5-9B,travel-booking,instance_00009,Played,1.0
1229,privateshared,Dialogue Architects__qwen3.5-9b__SCoRe_Qwen3.5-9B,job-interview,instance_00008,Played,1.0
1230,privateshared,Dialogue Architects__qwen3.5-9b__SCoRe_Qwen3.5-9B,letter-number,instance_00009,Played,1.0
1231,wordle_withcritic,Dialogue Architects__qwen3.5-9b__SCoRe_Qwen3.5-9B,medium_frequency_words_clue_with_critic,instance_00004,Played,0.0
1232,wordle_withcritic,Dialogue Architects__qwen3.5-9b__SCoRe_Qwen3.5-9B,medium_frequency_words_clue_with_critic,instance_00019,Played,0.0
1233,wordle_withcritic,Dialogue Architects__qwen3.5-9b__SCoRe_Qwen3.5-9B,high_frequency_words_clue_with_critic,instance_00002,Played,0.0
1234,taboo,Dialogue Architects__qwen3.5-9b__SCoRe_Qwen3.5-9B,high_en,instance_00016,Played,1.0
1235,taboo,Dialogue Architects__qwen3.5-9b__SCoRe_Qwen3.5-9B,high_en,instance_00010,Played,1.0
1236,taboo,Dialogue Architects__qwen3.5-9b__SCoRe_Qwen3.5-9B,low_en,instance_00018,Played,1.0
1237,taboo,Dialogue Architects__qwen3.5-9b__SCoRe_Qwen3.5-9B,low_en,instance_00012,Played,1.0
1238,taboo,Dialogue Architects__qwen3.5-9b__SCoRe_Qwen3.5-9B,medium_en,instance_00007,Played,1.0
1239,taboo,Dialogue Architects__qwen3.5-9b__SCoRe_Qwen3.5-9B,medium_en,instance_00010,Played,1.0
1240,wordle_withclue,Dialogue Architects__qwen3.5-9b__SCoRe_Qwen3.5-9B,high_frequency_words_clue_no_critic,instance_00009,Played,0.0
1241,wordle_withclue,Dialogue Architects__qwen3.5-9b__SCoRe_Qwen3.5-9B,medium_frequency_words_clue_no_critic,instance_00011,Played,0.0
1242,wordle_withclue,Dialogue Architects__qwen3.5-9b__SCoRe_Qwen3.5-9B,medium_frequency_words_clue_no_critic,instance_00018,Played,0.0
1243,textmapworld,Dialogue Architects__qwen3.5-9b__SCoRe_Qwen3.5-9B,large_cycle,instance_00049,Played,1.0
1244,textmapworld,Dialogue Architects__qwen3.5-9b__SCoRe_Qwen3.5-9B,small,instance_00006,Played,1.0
1245,textmapworld,Dialogue Architects__qwen3.5-9b__SCoRe_Qwen3.5-9B,large,instance_00028,Played,1.0
1246,textmapworld,Dialogue Architects__qwen3.5-9b__SCoRe_Qwen3.5-9B,medium_cycle,instance_00034,Played,1.0
1247,textmapworld,Dialogue Architects__qwen3.5-9b__SCoRe_Qwen3.5-9B,medium,instance_00010,Played,0.0
1248,referencegame,Dialogue Architects__qwen3.5-9b__SCoRe_Qwen3.5-9B,random_grids,instance_00005,Played,1.0
1249,referencegame,Dialogue Architects__qwen3.5-9b__SCoRe_Qwen3.5-9B,line_grids_columns,instance_00013,Played,1.0
1250,referencegame,Dialogue Architects__qwen3.5-9b__SCoRe_Qwen3.5-9B,number_grids,instance_00017,Played,1.0
1251,referencegame,Dialogue Architects__qwen3.5-9b__SCoRe_Qwen3.5-9B,line_grids_rows,instance_00017,Played,1.0
1252,referencegame,Dialogue Architects__qwen3.5-9b__SCoRe_Qwen3.5-9B,letter_grids,instance_00012,Played,1.0
1253,adventuregame,Dialogue Architects__qwen3.5-9b__SCoRe_Qwen3.5-9B,new-words_home-delivery_medium_basic_medium,instance_00002,Played,1.0
1254,adventuregame,Dialogue Architects__qwen3.5-9b__SCoRe_Qwen3.5-9B,potion_brewing_basic_undefined,instance_00004,Played,0.0
1255,adventuregame,Dialogue Architects__qwen3.5-9b__SCoRe_Qwen3.5-9B,new-words_home-delivery_easy_basic_easy,instance_00002,Played,1.0
1256,adventuregame,Dialogue Architects__qwen3.5-9b__SCoRe_Qwen3.5-9B,new-words_created_basic_hard,instance_00000,Played,1.0
1257,adventuregame,Dialogue Architects__qwen3.5-9b__SCoRe_Qwen3.5-9B,home_deliver_three_basic_hard_invlimittwo,instance_00000,Played,1.0
1258,textmapworld_specificroom,Dialogue Architects__qwen3.5-9b__SCoRe_Qwen3.5-9B,on,instance_00000,Played,1.0
1259,textmapworld_specificroom,Dialogue Architects__qwen3.5-9b__SCoRe_Qwen3.5-9B,far,instance_00027,Played,0.0
1260,textmapworld_specificroom,Dialogue Architects__qwen3.5-9b__SCoRe_Qwen3.5-9B,close,instance_00017,Played,0.0
1261,imagegame,Dialogue Architects__qwen3.5-9b__SCoRe_Qwen3.5-9B,random_grids,instance_00014,Played,0.0
1262,imagegame,Dialogue Architects__qwen3.5-9b__SCoRe_Qwen3.5-9B,random_grids,instance_00016,Played,1.0
1263,imagegame,Dialogue Architects__qwen3.5-9b__SCoRe_Qwen3.5-9B,compact_grids,instance_00019,Played,1.0
1264,imagegame,Dialogue Architects__qwen3.5-9b__SCoRe_Qwen3.5-9B,compact_grids,instance_00002,Played,0.0
1265,textmapworld_graphreasoning,Dialogue Architects__qwen3.5-9b__SCoRe_Qwen3.5-9B,small,instance_00009,Played,1.0
1266,textmapworld_graphreasoning,Dialogue Architects__qwen3.5-9b__SCoRe_Qwen3.5-9B,large,instance_00028,Played,1.0
1267,textmapworld_graphreasoning,Dialogue Architects__qwen3.5-9b__SCoRe_Qwen3.5-9B,medium,instance_00010,Played,1.0
1268,codenames,Dialogue Architects__qwen3.5-9b__SCoRe_Qwen3.5-9B,association_difficult,instance_00000,Played,0
1269,codenames,Dialogue Architects__qwen3.5-9b__SCoRe_Qwen3.5-9B,risk_low,instance_00008,Played,0
1270,codenames,Dialogue Architects__qwen3.5-9b__SCoRe_Qwen3.5-9B,ambiguous,instance_00001,Played,0
1271,codenames,Dialogue Architects__qwen3.5-9b__SCoRe_Qwen3.5-9B,opponent_difficult,instance_00007,Played,0
1272,codenames,Dialogue Architects__qwen3.5-9b__SCoRe_Qwen3.5-9B,risk_high,instance_00009,Played,0
1273,codenames,Dialogue Architects__qwen3.5-9b__SCoRe_Qwen3.5-9B,abstract,instance_00007,Played,0
1274,codenames,Dialogue Architects__qwen3.5-9b__SCoRe_Qwen3.5-9B,association_easy,instance_00009,Played,0
1275,codenames,Dialogue Architects__qwen3.5-9b__SCoRe_Qwen3.5-9B,opponent_easy,instance_00009,Played,0
1276,codenames,Dialogue Architects__qwen3.5-9b__SCoRe_Qwen3.5-9B,concrete,instance_00004,Played,0
1277,codenames,Dialogue Architects__qwen3.5-9b__SCoRe_Qwen3.5-9B,unambiguous,instance_00002,Played,0
1278,codenames,Dialogue Architects__qwen3.5-9b__SCoRe_Qwen3.5-9B,opponent_none,instance_00008,Played,0
1279,codenames,Dialogue Architects__qwen3.5-9b__SCoRe_Qwen3.5-9B,frequency_high,instance_00002,Played,0
1280,codenames,Dialogue Architects__qwen3.5-9b__SCoRe_Qwen3.5-9B,frequency_low,instance_00004,Played,0
1281,matchit_ascii,Dialogue Architects__qwen3.5-9b__SCoRe_Qwen3.5-9B,similar_grid_2,instance_00007,Played,1
1282,matchit_ascii,Dialogue Architects__qwen3.5-9b__SCoRe_Qwen3.5-9B,same_grid,instance_00002,Played,1
1283,matchit_ascii,Dialogue Architects__qwen3.5-9b__SCoRe_Qwen3.5-9B,similar_grid_1,instance_00002,Played,1
1284,matchit_ascii,Dialogue Architects__qwen3.5-9b__SCoRe_Qwen3.5-9B,different_grid,instance_00002,Played,1
