{
  "meta": {},
  "players": {},
  "turn scores": {
    "0": {
      "efficient_move": 1,
      "similarity": 0.18221023888012056
    },
    "1": {
      "efficient_move": 1,
      "similarity": 0.49452463132693136
    },
    "2": {
      "efficient_move": 1,
      "similarity": 1.3385701848569465
    },
    "3": {
      "efficient_move": 1,
      "similarity": 1.3385701848569465
    },
    "4": {
      "efficient_move": 1,
      "similarity": 3.5972419924183097
    },
    "5": {
      "efficient_move": 1,
      "similarity": 9.485174635513328
    },
    "6": {
      "efficient_move": 1,
      "similarity": 15.17163600424869
    },
    "7": {
      "efficient_move": 1,
      "similarity": 36.48510476127127
    },
    "8": {
      "efficient_move": 0,
      "similarity": 75.50813375962908
    },
    "9": {
      "efficient_move": 0,
      "similarity": 75.50813375962908
    },
    "10": {
      "efficient_move": 0,
      "similarity": 75.50813375962908
    },
    "11": {
      "efficient_move": 0,
      "similarity": 75.50813375962908
    },
    "12": {
      "efficient_move": 0,
      "similarity": 75.50813375962908
    },
    "13": {
      "efficient_move": 0,
      "similarity": 75.50813375962908
    },
    "14": {
      "efficient_move": 0,
      "similarity": 75.50813375962908
    },
    "15": {
      "efficient_move": 0,
      "similarity": 75.50813375962908
    }
  },
  "episode scores": {
    "Success": 1,
    "Aborted": 0,
    "Lose": 0,
    "moves": 16,
    "valid_moves": 16,
    "invalid_moves": 0,
    "stopped": 1,
    "turns_limit": 0,
    "loops": 1,
    "number_visited": 8,
    "seen": 8,
    "efficiency": 50.0,
    "exploration": 100.0,
    "graph_similarity": 75.50813375962908,
    "Main Score": 66.66666666666667
  }
}