{
  "meta": {},
  "players": {},
  "turn scores": {
    "0": {
      "efficient_move": 1,
      "similarity": 1.3385701848569465
    },
    "1": {
      "efficient_move": 1,
      "similarity": 3.5972419924183097
    },
    "2": {
      "efficient_move": 1,
      "similarity": 3.5972419924183097
    },
    "3": {
      "efficient_move": 0,
      "similarity": 9.485174635513328
    },
    "4": {
      "efficient_move": 1,
      "similarity": 9.485174635513328
    },
    "5": {
      "efficient_move": 0,
      "similarity": 9.485174635513328
    },
    "6": {
      "efficient_move": 0,
      "similarity": 15.17163600424869
    },
    "7": {
      "efficient_move": 1,
      "similarity": 23.840584404423538
    },
    "8": {
      "efficient_move": 1,
      "similarity": 53.78828427399902
    },
    "9": {
      "efficient_move": 0,
      "similarity": 53.78828427399902
    },
    "10": {
      "efficient_move": 1,
      "similarity": 53.78828427399902
    },
    "11": {
      "efficient_move": 0,
      "similarity": 53.78828427399902
    }
  },
  "episode scores": {
    "Success": 0,
    "Aborted": 0,
    "Lose": 1,
    "moves": 12,
    "valid_moves": 12,
    "invalid_moves": 0,
    "stopped": 1,
    "turns_limit": 0,
    "loops": 1,
    "number_visited": 5,
    "seen": 6,
    "efficiency": 58.333333333333336,
    "exploration": 83.33333333333334,
    "graph_similarity": 53.78828427399902,
    "Main Score": 68.62745098039217
  }
}