,game,model,experiment,episode,metric,value
0,mmlu_pro,Bentel rockers__qwen3.5-4b__Bentel_iter_3,mmlu_pro_business,instance_00149,Aborted,0.0
1,mmlu_pro,Bentel rockers__qwen3.5-4b__Bentel_iter_3,mmlu_pro_business,instance_00149,Lose,0.0
2,mmlu_pro,Bentel rockers__qwen3.5-4b__Bentel_iter_3,mmlu_pro_business,instance_00149,Success,1.0
3,mmlu_pro,Bentel rockers__qwen3.5-4b__Bentel_iter_3,mmlu_pro_business,instance_00149,Request Count,1.0
4,mmlu_pro,Bentel rockers__qwen3.5-4b__Bentel_iter_3,mmlu_pro_business,instance_00149,Parsed Request Count,1.0
5,mmlu_pro,Bentel rockers__qwen3.5-4b__Bentel_iter_3,mmlu_pro_business,instance_00149,Violated Request Count,0.0
6,mmlu_pro,Bentel rockers__qwen3.5-4b__Bentel_iter_3,mmlu_pro_business,instance_00149,Request Success Ratio,1.0
7,mmlu_pro,Bentel rockers__qwen3.5-4b__Bentel_iter_3,mmlu_pro_business,instance_00149,Main Score,100.0
8,mmlu_pro,Bentel rockers__qwen3.5-4b__Bentel_iter_3,mmlu_pro_business,instance_00107,Aborted,0.0
9,mmlu_pro,Bentel rockers__qwen3.5-4b__Bentel_iter_3,mmlu_pro_business,instance_00107,Lose,1.0
10,mmlu_pro,Bentel rockers__qwen3.5-4b__Bentel_iter_3,mmlu_pro_business,instance_00107,Success,0.0
11,mmlu_pro,Bentel rockers__qwen3.5-4b__Bentel_iter_3,mmlu_pro_business,instance_00107,Request Count,1.0
12,mmlu_pro,Bentel rockers__qwen3.5-4b__Bentel_iter_3,mmlu_pro_business,instance_00107,Parsed Request Count,1.0
13,mmlu_pro,Bentel rockers__qwen3.5-4b__Bentel_iter_3,mmlu_pro_business,instance_00107,Violated Request Count,0.0
14,mmlu_pro,Bentel rockers__qwen3.5-4b__Bentel_iter_3,mmlu_pro_business,instance_00107,Request Success Ratio,1.0
15,mmlu_pro,Bentel rockers__qwen3.5-4b__Bentel_iter_3,mmlu_pro_business,instance_00107,Main Score,0.0
16,mmlu_pro,Bentel rockers__qwen3.5-4b__Bentel_iter_3,mmlu_pro_business,instance_00681,Aborted,0.0
17,mmlu_pro,Bentel rockers__qwen3.5-4b__Bentel_iter_3,mmlu_pro_business,instance_00681,Lose,1.0
18,mmlu_pro,Bentel rockers__qwen3.5-4b__Bentel_iter_3,mmlu_pro_business,instance_00681,Success,0.0
19,mmlu_pro,Bentel rockers__qwen3.5-4b__Bentel_iter_3,mmlu_pro_business,instance_00681,Request Count,1.0
20,mmlu_pro,Bentel rockers__qwen3.5-4b__Bentel_iter_3,mmlu_pro_business,instance_00681,Parsed Request Count,1.0
21,mmlu_pro,Bentel rockers__qwen3.5-4b__Bentel_iter_3,mmlu_pro_business,instance_00681,Violated Request Count,0.0
22,mmlu_pro,Bentel rockers__qwen3.5-4b__Bentel_iter_3,mmlu_pro_business,instance_00681,Request Success Ratio,1.0
23,mmlu_pro,Bentel rockers__qwen3.5-4b__Bentel_iter_3,mmlu_pro_business,instance_00681,Main Score,0.0
24,mmlu_pro,Bentel rockers__qwen3.5-4b__Bentel_iter_3,mmlu_pro_business,instance_00375,Aborted,0.0
25,mmlu_pro,Bentel rockers__qwen3.5-4b__Bentel_iter_3,mmlu_pro_business,instance_00375,Lose,1.0
26,mmlu_pro,Bentel rockers__qwen3.5-4b__Bentel_iter_3,mmlu_pro_business,instance_00375,Success,0.0
27,mmlu_pro,Bentel rockers__qwen3.5-4b__Bentel_iter_3,mmlu_pro_business,instance_00375,Request Count,1.0
28,mmlu_pro,Bentel rockers__qwen3.5-4b__Bentel_iter_3,mmlu_pro_business,instance_00375,Parsed Request Count,1.0
29,mmlu_pro,Bentel rockers__qwen3.5-4b__Bentel_iter_3,mmlu_pro_business,instance_00375,Violated Request Count,0.0
30,mmlu_pro,Bentel rockers__qwen3.5-4b__Bentel_iter_3,mmlu_pro_business,instance_00375,Request Success Ratio,1.0
31,mmlu_pro,Bentel rockers__qwen3.5-4b__Bentel_iter_3,mmlu_pro_business,instance_00375,Main Score,0.0
32,mmlu_pro,Bentel rockers__qwen3.5-4b__Bentel_iter_3,mmlu_pro_business,instance_00495,Aborted,0.0
33,mmlu_pro,Bentel rockers__qwen3.5-4b__Bentel_iter_3,mmlu_pro_business,instance_00495,Lose,1.0
34,mmlu_pro,Bentel rockers__qwen3.5-4b__Bentel_iter_3,mmlu_pro_business,instance_00495,Success,0.0
35,mmlu_pro,Bentel rockers__qwen3.5-4b__Bentel_iter_3,mmlu_pro_business,instance_00495,Request Count,1.0
36,mmlu_pro,Bentel rockers__qwen3.5-4b__Bentel_iter_3,mmlu_pro_business,instance_00495,Parsed Request Count,1.0
37,mmlu_pro,Bentel rockers__qwen3.5-4b__Bentel_iter_3,mmlu_pro_business,instance_00495,Violated Request Count,0.0
38,mmlu_pro,Bentel rockers__qwen3.5-4b__Bentel_iter_3,mmlu_pro_business,instance_00495,Request Success Ratio,1.0
39,mmlu_pro,Bentel rockers__qwen3.5-4b__Bentel_iter_3,mmlu_pro_business,instance_00495,Main Score,0.0
40,mmlu_pro,Bentel rockers__qwen3.5-4b__Bentel_iter_3,mmlu_pro_business,instance_00740,Aborted,0.0
41,mmlu_pro,Bentel rockers__qwen3.5-4b__Bentel_iter_3,mmlu_pro_business,instance_00740,Lose,1.0
42,mmlu_pro,Bentel rockers__qwen3.5-4b__Bentel_iter_3,mmlu_pro_business,instance_00740,Success,0.0
43,mmlu_pro,Bentel rockers__qwen3.5-4b__Bentel_iter_3,mmlu_pro_business,instance_00740,Request Count,1.0
44,mmlu_pro,Bentel rockers__qwen3.5-4b__Bentel_iter_3,mmlu_pro_business,instance_00740,Parsed Request Count,1.0
45,mmlu_pro,Bentel rockers__qwen3.5-4b__Bentel_iter_3,mmlu_pro_business,instance_00740,Violated Request Count,0.0
46,mmlu_pro,Bentel rockers__qwen3.5-4b__Bentel_iter_3,mmlu_pro_business,instance_00740,Request Success Ratio,1.0
47,mmlu_pro,Bentel rockers__qwen3.5-4b__Bentel_iter_3,mmlu_pro_business,instance_00740,Main Score,0.0
48,mmlu_pro,Bentel rockers__qwen3.5-4b__Bentel_iter_3,mmlu_pro_business,instance_00346,Aborted,0.0
49,mmlu_pro,Bentel rockers__qwen3.5-4b__Bentel_iter_3,mmlu_pro_business,instance_00346,Lose,1.0
50,mmlu_pro,Bentel rockers__qwen3.5-4b__Bentel_iter_3,mmlu_pro_business,instance_00346,Success,0.0
51,mmlu_pro,Bentel rockers__qwen3.5-4b__Bentel_iter_3,mmlu_pro_business,instance_00346,Request Count,1.0
52,mmlu_pro,Bentel rockers__qwen3.5-4b__Bentel_iter_3,mmlu_pro_business,instance_00346,Parsed Request Count,1.0
53,mmlu_pro,Bentel rockers__qwen3.5-4b__Bentel_iter_3,mmlu_pro_business,instance_00346,Violated Request Count,0.0
54,mmlu_pro,Bentel rockers__qwen3.5-4b__Bentel_iter_3,mmlu_pro_business,instance_00346,Request Success Ratio,1.0
55,mmlu_pro,Bentel rockers__qwen3.5-4b__Bentel_iter_3,mmlu_pro_business,instance_00346,Main Score,0.0
56,mmlu_pro,Bentel rockers__qwen3.5-4b__Bentel_iter_3,mmlu_pro_chemistry,instance_00288,Aborted,0.0
57,mmlu_pro,Bentel rockers__qwen3.5-4b__Bentel_iter_3,mmlu_pro_chemistry,instance_00288,Lose,1.0
58,mmlu_pro,Bentel rockers__qwen3.5-4b__Bentel_iter_3,mmlu_pro_chemistry,instance_00288,Success,0.0
59,mmlu_pro,Bentel rockers__qwen3.5-4b__Bentel_iter_3,mmlu_pro_chemistry,instance_00288,Request Count,1.0
60,mmlu_pro,Bentel rockers__qwen3.5-4b__Bentel_iter_3,mmlu_pro_chemistry,instance_00288,Parsed Request Count,1.0
61,mmlu_pro,Bentel rockers__qwen3.5-4b__Bentel_iter_3,mmlu_pro_chemistry,instance_00288,Violated Request Count,0.0
62,mmlu_pro,Bentel rockers__qwen3.5-4b__Bentel_iter_3,mmlu_pro_chemistry,instance_00288,Request Success Ratio,1.0
63,mmlu_pro,Bentel rockers__qwen3.5-4b__Bentel_iter_3,mmlu_pro_chemistry,instance_00288,Main Score,0.0
64,mmlu_pro,Bentel rockers__qwen3.5-4b__Bentel_iter_3,mmlu_pro_chemistry,instance_00362,Aborted,0.0
65,mmlu_pro,Bentel rockers__qwen3.5-4b__Bentel_iter_3,mmlu_pro_chemistry,instance_00362,Lose,0.0
66,mmlu_pro,Bentel rockers__qwen3.5-4b__Bentel_iter_3,mmlu_pro_chemistry,instance_00362,Success,1.0
67,mmlu_pro,Bentel rockers__qwen3.5-4b__Bentel_iter_3,mmlu_pro_chemistry,instance_00362,Request Count,1.0
68,mmlu_pro,Bentel rockers__qwen3.5-4b__Bentel_iter_3,mmlu_pro_chemistry,instance_00362,Parsed Request Count,1.0
69,mmlu_pro,Bentel rockers__qwen3.5-4b__Bentel_iter_3,mmlu_pro_chemistry,instance_00362,Violated Request Count,0.0
70,mmlu_pro,Bentel rockers__qwen3.5-4b__Bentel_iter_3,mmlu_pro_chemistry,instance_00362,Request Success Ratio,1.0
71,mmlu_pro,Bentel rockers__qwen3.5-4b__Bentel_iter_3,mmlu_pro_chemistry,instance_00362,Main Score,100.0
72,mmlu_pro,Bentel rockers__qwen3.5-4b__Bentel_iter_3,mmlu_pro_chemistry,instance_01094,Aborted,0.0
73,mmlu_pro,Bentel rockers__qwen3.5-4b__Bentel_iter_3,mmlu_pro_chemistry,instance_01094,Lose,1.0
74,mmlu_pro,Bentel rockers__qwen3.5-4b__Bentel_iter_3,mmlu_pro_chemistry,instance_01094,Success,0.0
75,mmlu_pro,Bentel rockers__qwen3.5-4b__Bentel_iter_3,mmlu_pro_chemistry,instance_01094,Request Count,1.0
76,mmlu_pro,Bentel rockers__qwen3.5-4b__Bentel_iter_3,mmlu_pro_chemistry,instance_01094,Parsed Request Count,1.0
77,mmlu_pro,Bentel rockers__qwen3.5-4b__Bentel_iter_3,mmlu_pro_chemistry,instance_01094,Violated Request Count,0.0
78,mmlu_pro,Bentel rockers__qwen3.5-4b__Bentel_iter_3,mmlu_pro_chemistry,instance_01094,Request Success Ratio,1.0
79,mmlu_pro,Bentel rockers__qwen3.5-4b__Bentel_iter_3,mmlu_pro_chemistry,instance_01094,Main Score,0.0
80,mmlu_pro,Bentel rockers__qwen3.5-4b__Bentel_iter_3,mmlu_pro_chemistry,instance_00973,Aborted,0.0
81,mmlu_pro,Bentel rockers__qwen3.5-4b__Bentel_iter_3,mmlu_pro_chemistry,instance_00973,Lose,1.0
82,mmlu_pro,Bentel rockers__qwen3.5-4b__Bentel_iter_3,mmlu_pro_chemistry,instance_00973,Success,0.0
83,mmlu_pro,Bentel rockers__qwen3.5-4b__Bentel_iter_3,mmlu_pro_chemistry,instance_00973,Request Count,1.0
84,mmlu_pro,Bentel rockers__qwen3.5-4b__Bentel_iter_3,mmlu_pro_chemistry,instance_00973,Parsed Request Count,1.0
85,mmlu_pro,Bentel rockers__qwen3.5-4b__Bentel_iter_3,mmlu_pro_chemistry,instance_00973,Violated Request Count,0.0
86,mmlu_pro,Bentel rockers__qwen3.5-4b__Bentel_iter_3,mmlu_pro_chemistry,instance_00973,Request Success Ratio,1.0
87,mmlu_pro,Bentel rockers__qwen3.5-4b__Bentel_iter_3,mmlu_pro_chemistry,instance_00973,Main Score,0.0
88,mmlu_pro,Bentel rockers__qwen3.5-4b__Bentel_iter_3,mmlu_pro_chemistry,instance_00290,Aborted,0.0
89,mmlu_pro,Bentel rockers__qwen3.5-4b__Bentel_iter_3,mmlu_pro_chemistry,instance_00290,Lose,1.0
90,mmlu_pro,Bentel rockers__qwen3.5-4b__Bentel_iter_3,mmlu_pro_chemistry,instance_00290,Success,0.0
91,mmlu_pro,Bentel rockers__qwen3.5-4b__Bentel_iter_3,mmlu_pro_chemistry,instance_00290,Request Count,1.0
92,mmlu_pro,Bentel rockers__qwen3.5-4b__Bentel_iter_3,mmlu_pro_chemistry,instance_00290,Parsed Request Count,1.0
93,mmlu_pro,Bentel rockers__qwen3.5-4b__Bentel_iter_3,mmlu_pro_chemistry,instance_00290,Violated Request Count,0.0
94,mmlu_pro,Bentel rockers__qwen3.5-4b__Bentel_iter_3,mmlu_pro_chemistry,instance_00290,Request Success Ratio,1.0
95,mmlu_pro,Bentel rockers__qwen3.5-4b__Bentel_iter_3,mmlu_pro_chemistry,instance_00290,Main Score,0.0
96,mmlu_pro,Bentel rockers__qwen3.5-4b__Bentel_iter_3,mmlu_pro_chemistry,instance_00890,Aborted,0.0
97,mmlu_pro,Bentel rockers__qwen3.5-4b__Bentel_iter_3,mmlu_pro_chemistry,instance_00890,Lose,1.0
98,mmlu_pro,Bentel rockers__qwen3.5-4b__Bentel_iter_3,mmlu_pro_chemistry,instance_00890,Success,0.0
99,mmlu_pro,Bentel rockers__qwen3.5-4b__Bentel_iter_3,mmlu_pro_chemistry,instance_00890,Request Count,1.0
100,mmlu_pro,Bentel rockers__qwen3.5-4b__Bentel_iter_3,mmlu_pro_chemistry,instance_00890,Parsed Request Count,1.0
101,mmlu_pro,Bentel rockers__qwen3.5-4b__Bentel_iter_3,mmlu_pro_chemistry,instance_00890,Violated Request Count,0.0
102,mmlu_pro,Bentel rockers__qwen3.5-4b__Bentel_iter_3,mmlu_pro_chemistry,instance_00890,Request Success Ratio,1.0
103,mmlu_pro,Bentel rockers__qwen3.5-4b__Bentel_iter_3,mmlu_pro_chemistry,instance_00890,Main Score,0.0
104,mmlu_pro,Bentel rockers__qwen3.5-4b__Bentel_iter_3,mmlu_pro_chemistry,instance_00565,Aborted,0.0
105,mmlu_pro,Bentel rockers__qwen3.5-4b__Bentel_iter_3,mmlu_pro_chemistry,instance_00565,Lose,1.0
106,mmlu_pro,Bentel rockers__qwen3.5-4b__Bentel_iter_3,mmlu_pro_chemistry,instance_00565,Success,0.0
107,mmlu_pro,Bentel rockers__qwen3.5-4b__Bentel_iter_3,mmlu_pro_chemistry,instance_00565,Request Count,1.0
108,mmlu_pro,Bentel rockers__qwen3.5-4b__Bentel_iter_3,mmlu_pro_chemistry,instance_00565,Parsed Request Count,1.0
109,mmlu_pro,Bentel rockers__qwen3.5-4b__Bentel_iter_3,mmlu_pro_chemistry,instance_00565,Violated Request Count,0.0
110,mmlu_pro,Bentel rockers__qwen3.5-4b__Bentel_iter_3,mmlu_pro_chemistry,instance_00565,Request Success Ratio,1.0
111,mmlu_pro,Bentel rockers__qwen3.5-4b__Bentel_iter_3,mmlu_pro_chemistry,instance_00565,Main Score,0.0
112,mmlu_pro,Bentel rockers__qwen3.5-4b__Bentel_iter_3,mmlu_pro_chemistry,instance_00595,Aborted,0.0
113,mmlu_pro,Bentel rockers__qwen3.5-4b__Bentel_iter_3,mmlu_pro_chemistry,instance_00595,Lose,0.0
114,mmlu_pro,Bentel rockers__qwen3.5-4b__Bentel_iter_3,mmlu_pro_chemistry,instance_00595,Success,1.0
115,mmlu_pro,Bentel rockers__qwen3.5-4b__Bentel_iter_3,mmlu_pro_chemistry,instance_00595,Request Count,1.0
116,mmlu_pro,Bentel rockers__qwen3.5-4b__Bentel_iter_3,mmlu_pro_chemistry,instance_00595,Parsed Request Count,1.0
117,mmlu_pro,Bentel rockers__qwen3.5-4b__Bentel_iter_3,mmlu_pro_chemistry,instance_00595,Violated Request Count,0.0
118,mmlu_pro,Bentel rockers__qwen3.5-4b__Bentel_iter_3,mmlu_pro_chemistry,instance_00595,Request Success Ratio,1.0
119,mmlu_pro,Bentel rockers__qwen3.5-4b__Bentel_iter_3,mmlu_pro_chemistry,instance_00595,Main Score,100.0
120,mmlu_pro,Bentel rockers__qwen3.5-4b__Bentel_iter_3,mmlu_pro_chemistry,instance_00002,Aborted,0.0
121,mmlu_pro,Bentel rockers__qwen3.5-4b__Bentel_iter_3,mmlu_pro_chemistry,instance_00002,Lose,1.0
122,mmlu_pro,Bentel rockers__qwen3.5-4b__Bentel_iter_3,mmlu_pro_chemistry,instance_00002,Success,0.0
123,mmlu_pro,Bentel rockers__qwen3.5-4b__Bentel_iter_3,mmlu_pro_chemistry,instance_00002,Request Count,1.0
124,mmlu_pro,Bentel rockers__qwen3.5-4b__Bentel_iter_3,mmlu_pro_chemistry,instance_00002,Parsed Request Count,1.0
125,mmlu_pro,Bentel rockers__qwen3.5-4b__Bentel_iter_3,mmlu_pro_chemistry,instance_00002,Violated Request Count,0.0
126,mmlu_pro,Bentel rockers__qwen3.5-4b__Bentel_iter_3,mmlu_pro_chemistry,instance_00002,Request Success Ratio,1.0
127,mmlu_pro,Bentel rockers__qwen3.5-4b__Bentel_iter_3,mmlu_pro_chemistry,instance_00002,Main Score,0.0
128,mmlu_pro,Bentel rockers__qwen3.5-4b__Bentel_iter_3,mmlu_pro_chemistry,instance_01025,Aborted,0.0
129,mmlu_pro,Bentel rockers__qwen3.5-4b__Bentel_iter_3,mmlu_pro_chemistry,instance_01025,Lose,0.0
130,mmlu_pro,Bentel rockers__qwen3.5-4b__Bentel_iter_3,mmlu_pro_chemistry,instance_01025,Success,1.0
131,mmlu_pro,Bentel rockers__qwen3.5-4b__Bentel_iter_3,mmlu_pro_chemistry,instance_01025,Request Count,1.0
132,mmlu_pro,Bentel rockers__qwen3.5-4b__Bentel_iter_3,mmlu_pro_chemistry,instance_01025,Parsed Request Count,1.0
133,mmlu_pro,Bentel rockers__qwen3.5-4b__Bentel_iter_3,mmlu_pro_chemistry,instance_01025,Violated Request Count,0.0
134,mmlu_pro,Bentel rockers__qwen3.5-4b__Bentel_iter_3,mmlu_pro_chemistry,instance_01025,Request Success Ratio,1.0
135,mmlu_pro,Bentel rockers__qwen3.5-4b__Bentel_iter_3,mmlu_pro_chemistry,instance_01025,Main Score,100.0
136,mmlu_pro,Bentel rockers__qwen3.5-4b__Bentel_iter_3,mmlu_pro_chemistry,instance_01090,Aborted,0.0
137,mmlu_pro,Bentel rockers__qwen3.5-4b__Bentel_iter_3,mmlu_pro_chemistry,instance_01090,Lose,1.0
138,mmlu_pro,Bentel rockers__qwen3.5-4b__Bentel_iter_3,mmlu_pro_chemistry,instance_01090,Success,0.0
139,mmlu_pro,Bentel rockers__qwen3.5-4b__Bentel_iter_3,mmlu_pro_chemistry,instance_01090,Request Count,1.0
140,mmlu_pro,Bentel rockers__qwen3.5-4b__Bentel_iter_3,mmlu_pro_chemistry,instance_01090,Parsed Request Count,1.0
141,mmlu_pro,Bentel rockers__qwen3.5-4b__Bentel_iter_3,mmlu_pro_chemistry,instance_01090,Violated Request Count,0.0
142,mmlu_pro,Bentel rockers__qwen3.5-4b__Bentel_iter_3,mmlu_pro_chemistry,instance_01090,Request Success Ratio,1.0
143,mmlu_pro,Bentel rockers__qwen3.5-4b__Bentel_iter_3,mmlu_pro_chemistry,instance_01090,Main Score,0.0
144,mmlu_pro,Bentel rockers__qwen3.5-4b__Bentel_iter_3,mmlu_pro_biology,instance_00004,Aborted,0.0
145,mmlu_pro,Bentel rockers__qwen3.5-4b__Bentel_iter_3,mmlu_pro_biology,instance_00004,Lose,0.0
146,mmlu_pro,Bentel rockers__qwen3.5-4b__Bentel_iter_3,mmlu_pro_biology,instance_00004,Success,1.0
147,mmlu_pro,Bentel rockers__qwen3.5-4b__Bentel_iter_3,mmlu_pro_biology,instance_00004,Request Count,1.0
148,mmlu_pro,Bentel rockers__qwen3.5-4b__Bentel_iter_3,mmlu_pro_biology,instance_00004,Parsed Request Count,1.0
149,mmlu_pro,Bentel rockers__qwen3.5-4b__Bentel_iter_3,mmlu_pro_biology,instance_00004,Violated Request Count,0.0
150,mmlu_pro,Bentel rockers__qwen3.5-4b__Bentel_iter_3,mmlu_pro_biology,instance_00004,Request Success Ratio,1.0
151,mmlu_pro,Bentel rockers__qwen3.5-4b__Bentel_iter_3,mmlu_pro_biology,instance_00004,Main Score,100.0
152,mmlu_pro,Bentel rockers__qwen3.5-4b__Bentel_iter_3,mmlu_pro_biology,instance_00374,Aborted,0.0
153,mmlu_pro,Bentel rockers__qwen3.5-4b__Bentel_iter_3,mmlu_pro_biology,instance_00374,Lose,1.0
154,mmlu_pro,Bentel rockers__qwen3.5-4b__Bentel_iter_3,mmlu_pro_biology,instance_00374,Success,0.0
155,mmlu_pro,Bentel rockers__qwen3.5-4b__Bentel_iter_3,mmlu_pro_biology,instance_00374,Request Count,1.0
156,mmlu_pro,Bentel rockers__qwen3.5-4b__Bentel_iter_3,mmlu_pro_biology,instance_00374,Parsed Request Count,1.0
157,mmlu_pro,Bentel rockers__qwen3.5-4b__Bentel_iter_3,mmlu_pro_biology,instance_00374,Violated Request Count,0.0
158,mmlu_pro,Bentel rockers__qwen3.5-4b__Bentel_iter_3,mmlu_pro_biology,instance_00374,Request Success Ratio,1.0
159,mmlu_pro,Bentel rockers__qwen3.5-4b__Bentel_iter_3,mmlu_pro_biology,instance_00374,Main Score,0.0
160,mmlu_pro,Bentel rockers__qwen3.5-4b__Bentel_iter_3,mmlu_pro_biology,instance_00076,Aborted,0.0
161,mmlu_pro,Bentel rockers__qwen3.5-4b__Bentel_iter_3,mmlu_pro_biology,instance_00076,Lose,0.0
162,mmlu_pro,Bentel rockers__qwen3.5-4b__Bentel_iter_3,mmlu_pro_biology,instance_00076,Success,1.0
163,mmlu_pro,Bentel rockers__qwen3.5-4b__Bentel_iter_3,mmlu_pro_biology,instance_00076,Request Count,1.0
164,mmlu_pro,Bentel rockers__qwen3.5-4b__Bentel_iter_3,mmlu_pro_biology,instance_00076,Parsed Request Count,1.0
165,mmlu_pro,Bentel rockers__qwen3.5-4b__Bentel_iter_3,mmlu_pro_biology,instance_00076,Violated Request Count,0.0
166,mmlu_pro,Bentel rockers__qwen3.5-4b__Bentel_iter_3,mmlu_pro_biology,instance_00076,Request Success Ratio,1.0
167,mmlu_pro,Bentel rockers__qwen3.5-4b__Bentel_iter_3,mmlu_pro_biology,instance_00076,Main Score,100.0
168,mmlu_pro,Bentel rockers__qwen3.5-4b__Bentel_iter_3,mmlu_pro_biology,instance_00640,Aborted,0.0
169,mmlu_pro,Bentel rockers__qwen3.5-4b__Bentel_iter_3,mmlu_pro_biology,instance_00640,Lose,0.0
170,mmlu_pro,Bentel rockers__qwen3.5-4b__Bentel_iter_3,mmlu_pro_biology,instance_00640,Success,1.0
171,mmlu_pro,Bentel rockers__qwen3.5-4b__Bentel_iter_3,mmlu_pro_biology,instance_00640,Request Count,1.0
172,mmlu_pro,Bentel rockers__qwen3.5-4b__Bentel_iter_3,mmlu_pro_biology,instance_00640,Parsed Request Count,1.0
173,mmlu_pro,Bentel rockers__qwen3.5-4b__Bentel_iter_3,mmlu_pro_biology,instance_00640,Violated Request Count,0.0
174,mmlu_pro,Bentel rockers__qwen3.5-4b__Bentel_iter_3,mmlu_pro_biology,instance_00640,Request Success Ratio,1.0
175,mmlu_pro,Bentel rockers__qwen3.5-4b__Bentel_iter_3,mmlu_pro_biology,instance_00640,Main Score,100.0
176,mmlu_pro,Bentel rockers__qwen3.5-4b__Bentel_iter_3,mmlu_pro_biology,instance_00154,Aborted,0.0
177,mmlu_pro,Bentel rockers__qwen3.5-4b__Bentel_iter_3,mmlu_pro_biology,instance_00154,Lose,0.0
178,mmlu_pro,Bentel rockers__qwen3.5-4b__Bentel_iter_3,mmlu_pro_biology,instance_00154,Success,1.0
179,mmlu_pro,Bentel rockers__qwen3.5-4b__Bentel_iter_3,mmlu_pro_biology,instance_00154,Request Count,1.0
180,mmlu_pro,Bentel rockers__qwen3.5-4b__Bentel_iter_3,mmlu_pro_biology,instance_00154,Parsed Request Count,1.0
181,mmlu_pro,Bentel rockers__qwen3.5-4b__Bentel_iter_3,mmlu_pro_biology,instance_00154,Violated Request Count,0.0
182,mmlu_pro,Bentel rockers__qwen3.5-4b__Bentel_iter_3,mmlu_pro_biology,instance_00154,Request Success Ratio,1.0
183,mmlu_pro,Bentel rockers__qwen3.5-4b__Bentel_iter_3,mmlu_pro_biology,instance_00154,Main Score,100.0
184,mmlu_pro,Bentel rockers__qwen3.5-4b__Bentel_iter_3,mmlu_pro_biology,instance_00130,Aborted,0.0
185,mmlu_pro,Bentel rockers__qwen3.5-4b__Bentel_iter_3,mmlu_pro_biology,instance_00130,Lose,0.0
186,mmlu_pro,Bentel rockers__qwen3.5-4b__Bentel_iter_3,mmlu_pro_biology,instance_00130,Success,1.0
187,mmlu_pro,Bentel rockers__qwen3.5-4b__Bentel_iter_3,mmlu_pro_biology,instance_00130,Request Count,1.0
188,mmlu_pro,Bentel rockers__qwen3.5-4b__Bentel_iter_3,mmlu_pro_biology,instance_00130,Parsed Request Count,1.0
189,mmlu_pro,Bentel rockers__qwen3.5-4b__Bentel_iter_3,mmlu_pro_biology,instance_00130,Violated Request Count,0.0
190,mmlu_pro,Bentel rockers__qwen3.5-4b__Bentel_iter_3,mmlu_pro_biology,instance_00130,Request Success Ratio,1.0
191,mmlu_pro,Bentel rockers__qwen3.5-4b__Bentel_iter_3,mmlu_pro_biology,instance_00130,Main Score,100.0
192,mmlu_pro,Bentel rockers__qwen3.5-4b__Bentel_iter_3,mmlu_pro_biology,instance_00152,Aborted,0.0
193,mmlu_pro,Bentel rockers__qwen3.5-4b__Bentel_iter_3,mmlu_pro_biology,instance_00152,Lose,0.0
194,mmlu_pro,Bentel rockers__qwen3.5-4b__Bentel_iter_3,mmlu_pro_biology,instance_00152,Success,1.0
195,mmlu_pro,Bentel rockers__qwen3.5-4b__Bentel_iter_3,mmlu_pro_biology,instance_00152,Request Count,1.0
196,mmlu_pro,Bentel rockers__qwen3.5-4b__Bentel_iter_3,mmlu_pro_biology,instance_00152,Parsed Request Count,1.0
197,mmlu_pro,Bentel rockers__qwen3.5-4b__Bentel_iter_3,mmlu_pro_biology,instance_00152,Violated Request Count,0.0
198,mmlu_pro,Bentel rockers__qwen3.5-4b__Bentel_iter_3,mmlu_pro_biology,instance_00152,Request Success Ratio,1.0
199,mmlu_pro,Bentel rockers__qwen3.5-4b__Bentel_iter_3,mmlu_pro_biology,instance_00152,Main Score,100.0
200,mmlu_pro,Bentel rockers__qwen3.5-4b__Bentel_iter_3,mmlu_pro_computer_science,instance_00145,Aborted,0.0
201,mmlu_pro,Bentel rockers__qwen3.5-4b__Bentel_iter_3,mmlu_pro_computer_science,instance_00145,Lose,0.0
202,mmlu_pro,Bentel rockers__qwen3.5-4b__Bentel_iter_3,mmlu_pro_computer_science,instance_00145,Success,1.0
203,mmlu_pro,Bentel rockers__qwen3.5-4b__Bentel_iter_3,mmlu_pro_computer_science,instance_00145,Request Count,1.0
204,mmlu_pro,Bentel rockers__qwen3.5-4b__Bentel_iter_3,mmlu_pro_computer_science,instance_00145,Parsed Request Count,1.0
205,mmlu_pro,Bentel rockers__qwen3.5-4b__Bentel_iter_3,mmlu_pro_computer_science,instance_00145,Violated Request Count,0.0
206,mmlu_pro,Bentel rockers__qwen3.5-4b__Bentel_iter_3,mmlu_pro_computer_science,instance_00145,Request Success Ratio,1.0
207,mmlu_pro,Bentel rockers__qwen3.5-4b__Bentel_iter_3,mmlu_pro_computer_science,instance_00145,Main Score,100.0
208,mmlu_pro,Bentel rockers__qwen3.5-4b__Bentel_iter_3,mmlu_pro_computer_science,instance_00084,Aborted,0.0
209,mmlu_pro,Bentel rockers__qwen3.5-4b__Bentel_iter_3,mmlu_pro_computer_science,instance_00084,Lose,0.0
210,mmlu_pro,Bentel rockers__qwen3.5-4b__Bentel_iter_3,mmlu_pro_computer_science,instance_00084,Success,1.0
211,mmlu_pro,Bentel rockers__qwen3.5-4b__Bentel_iter_3,mmlu_pro_computer_science,instance_00084,Request Count,1.0
212,mmlu_pro,Bentel rockers__qwen3.5-4b__Bentel_iter_3,mmlu_pro_computer_science,instance_00084,Parsed Request Count,1.0
213,mmlu_pro,Bentel rockers__qwen3.5-4b__Bentel_iter_3,mmlu_pro_computer_science,instance_00084,Violated Request Count,0.0
214,mmlu_pro,Bentel rockers__qwen3.5-4b__Bentel_iter_3,mmlu_pro_computer_science,instance_00084,Request Success Ratio,1.0
215,mmlu_pro,Bentel rockers__qwen3.5-4b__Bentel_iter_3,mmlu_pro_computer_science,instance_00084,Main Score,100.0
216,mmlu_pro,Bentel rockers__qwen3.5-4b__Bentel_iter_3,mmlu_pro_computer_science,instance_00022,Aborted,0.0
217,mmlu_pro,Bentel rockers__qwen3.5-4b__Bentel_iter_3,mmlu_pro_computer_science,instance_00022,Lose,0.0
218,mmlu_pro,Bentel rockers__qwen3.5-4b__Bentel_iter_3,mmlu_pro_computer_science,instance_00022,Success,1.0
219,mmlu_pro,Bentel rockers__qwen3.5-4b__Bentel_iter_3,mmlu_pro_computer_science,instance_00022,Request Count,1.0
220,mmlu_pro,Bentel rockers__qwen3.5-4b__Bentel_iter_3,mmlu_pro_computer_science,instance_00022,Parsed Request Count,1.0
221,mmlu_pro,Bentel rockers__qwen3.5-4b__Bentel_iter_3,mmlu_pro_computer_science,instance_00022,Violated Request Count,0.0
222,mmlu_pro,Bentel rockers__qwen3.5-4b__Bentel_iter_3,mmlu_pro_computer_science,instance_00022,Request Success Ratio,1.0
223,mmlu_pro,Bentel rockers__qwen3.5-4b__Bentel_iter_3,mmlu_pro_computer_science,instance_00022,Main Score,100.0
224,mmlu_pro,Bentel rockers__qwen3.5-4b__Bentel_iter_3,mmlu_pro_computer_science,instance_00299,Aborted,0.0
225,mmlu_pro,Bentel rockers__qwen3.5-4b__Bentel_iter_3,mmlu_pro_computer_science,instance_00299,Lose,1.0
226,mmlu_pro,Bentel rockers__qwen3.5-4b__Bentel_iter_3,mmlu_pro_computer_science,instance_00299,Success,0.0
227,mmlu_pro,Bentel rockers__qwen3.5-4b__Bentel_iter_3,mmlu_pro_computer_science,instance_00299,Request Count,1.0
228,mmlu_pro,Bentel rockers__qwen3.5-4b__Bentel_iter_3,mmlu_pro_computer_science,instance_00299,Parsed Request Count,1.0
229,mmlu_pro,Bentel rockers__qwen3.5-4b__Bentel_iter_3,mmlu_pro_computer_science,instance_00299,Violated Request Count,0.0
230,mmlu_pro,Bentel rockers__qwen3.5-4b__Bentel_iter_3,mmlu_pro_computer_science,instance_00299,Request Success Ratio,1.0
231,mmlu_pro,Bentel rockers__qwen3.5-4b__Bentel_iter_3,mmlu_pro_computer_science,instance_00299,Main Score,0.0
232,mmlu_pro,Bentel rockers__qwen3.5-4b__Bentel_iter_3,mmlu_pro_economics,instance_00639,Aborted,0.0
233,mmlu_pro,Bentel rockers__qwen3.5-4b__Bentel_iter_3,mmlu_pro_economics,instance_00639,Lose,1.0
234,mmlu_pro,Bentel rockers__qwen3.5-4b__Bentel_iter_3,mmlu_pro_economics,instance_00639,Success,0.0
235,mmlu_pro,Bentel rockers__qwen3.5-4b__Bentel_iter_3,mmlu_pro_economics,instance_00639,Request Count,1.0
236,mmlu_pro,Bentel rockers__qwen3.5-4b__Bentel_iter_3,mmlu_pro_economics,instance_00639,Parsed Request Count,1.0
237,mmlu_pro,Bentel rockers__qwen3.5-4b__Bentel_iter_3,mmlu_pro_economics,instance_00639,Violated Request Count,0.0
238,mmlu_pro,Bentel rockers__qwen3.5-4b__Bentel_iter_3,mmlu_pro_economics,instance_00639,Request Success Ratio,1.0
239,mmlu_pro,Bentel rockers__qwen3.5-4b__Bentel_iter_3,mmlu_pro_economics,instance_00639,Main Score,0.0
240,mmlu_pro,Bentel rockers__qwen3.5-4b__Bentel_iter_3,mmlu_pro_economics,instance_00778,Aborted,0.0
241,mmlu_pro,Bentel rockers__qwen3.5-4b__Bentel_iter_3,mmlu_pro_economics,instance_00778,Lose,0.0
242,mmlu_pro,Bentel rockers__qwen3.5-4b__Bentel_iter_3,mmlu_pro_economics,instance_00778,Success,1.0
243,mmlu_pro,Bentel rockers__qwen3.5-4b__Bentel_iter_3,mmlu_pro_economics,instance_00778,Request Count,1.0
244,mmlu_pro,Bentel rockers__qwen3.5-4b__Bentel_iter_3,mmlu_pro_economics,instance_00778,Parsed Request Count,1.0
245,mmlu_pro,Bentel rockers__qwen3.5-4b__Bentel_iter_3,mmlu_pro_economics,instance_00778,Violated Request Count,0.0
246,mmlu_pro,Bentel rockers__qwen3.5-4b__Bentel_iter_3,mmlu_pro_economics,instance_00778,Request Success Ratio,1.0
247,mmlu_pro,Bentel rockers__qwen3.5-4b__Bentel_iter_3,mmlu_pro_economics,instance_00778,Main Score,100.0
248,mmlu_pro,Bentel rockers__qwen3.5-4b__Bentel_iter_3,mmlu_pro_economics,instance_00202,Aborted,0.0
249,mmlu_pro,Bentel rockers__qwen3.5-4b__Bentel_iter_3,mmlu_pro_economics,instance_00202,Lose,0.0
250,mmlu_pro,Bentel rockers__qwen3.5-4b__Bentel_iter_3,mmlu_pro_economics,instance_00202,Success,1.0
251,mmlu_pro,Bentel rockers__qwen3.5-4b__Bentel_iter_3,mmlu_pro_economics,instance_00202,Request Count,1.0
252,mmlu_pro,Bentel rockers__qwen3.5-4b__Bentel_iter_3,mmlu_pro_economics,instance_00202,Parsed Request Count,1.0
253,mmlu_pro,Bentel rockers__qwen3.5-4b__Bentel_iter_3,mmlu_pro_economics,instance_00202,Violated Request Count,0.0
254,mmlu_pro,Bentel rockers__qwen3.5-4b__Bentel_iter_3,mmlu_pro_economics,instance_00202,Request Success Ratio,1.0
255,mmlu_pro,Bentel rockers__qwen3.5-4b__Bentel_iter_3,mmlu_pro_economics,instance_00202,Main Score,100.0
256,mmlu_pro,Bentel rockers__qwen3.5-4b__Bentel_iter_3,mmlu_pro_economics,instance_00681,Aborted,0.0
257,mmlu_pro,Bentel rockers__qwen3.5-4b__Bentel_iter_3,mmlu_pro_economics,instance_00681,Lose,0.0
258,mmlu_pro,Bentel rockers__qwen3.5-4b__Bentel_iter_3,mmlu_pro_economics,instance_00681,Success,1.0
259,mmlu_pro,Bentel rockers__qwen3.5-4b__Bentel_iter_3,mmlu_pro_economics,instance_00681,Request Count,1.0
260,mmlu_pro,Bentel rockers__qwen3.5-4b__Bentel_iter_3,mmlu_pro_economics,instance_00681,Parsed Request Count,1.0
261,mmlu_pro,Bentel rockers__qwen3.5-4b__Bentel_iter_3,mmlu_pro_economics,instance_00681,Violated Request Count,0.0
262,mmlu_pro,Bentel rockers__qwen3.5-4b__Bentel_iter_3,mmlu_pro_economics,instance_00681,Request Success Ratio,1.0
263,mmlu_pro,Bentel rockers__qwen3.5-4b__Bentel_iter_3,mmlu_pro_economics,instance_00681,Main Score,100.0
264,mmlu_pro,Bentel rockers__qwen3.5-4b__Bentel_iter_3,mmlu_pro_economics,instance_00372,Aborted,0.0
265,mmlu_pro,Bentel rockers__qwen3.5-4b__Bentel_iter_3,mmlu_pro_economics,instance_00372,Lose,0.0
266,mmlu_pro,Bentel rockers__qwen3.5-4b__Bentel_iter_3,mmlu_pro_economics,instance_00372,Success,1.0
267,mmlu_pro,Bentel rockers__qwen3.5-4b__Bentel_iter_3,mmlu_pro_economics,instance_00372,Request Count,1.0
268,mmlu_pro,Bentel rockers__qwen3.5-4b__Bentel_iter_3,mmlu_pro_economics,instance_00372,Parsed Request Count,1.0
269,mmlu_pro,Bentel rockers__qwen3.5-4b__Bentel_iter_3,mmlu_pro_economics,instance_00372,Violated Request Count,0.0
270,mmlu_pro,Bentel rockers__qwen3.5-4b__Bentel_iter_3,mmlu_pro_economics,instance_00372,Request Success Ratio,1.0
271,mmlu_pro,Bentel rockers__qwen3.5-4b__Bentel_iter_3,mmlu_pro_economics,instance_00372,Main Score,100.0
272,mmlu_pro,Bentel rockers__qwen3.5-4b__Bentel_iter_3,mmlu_pro_economics,instance_00171,Aborted,0.0
273,mmlu_pro,Bentel rockers__qwen3.5-4b__Bentel_iter_3,mmlu_pro_economics,instance_00171,Lose,0.0
274,mmlu_pro,Bentel rockers__qwen3.5-4b__Bentel_iter_3,mmlu_pro_economics,instance_00171,Success,1.0
275,mmlu_pro,Bentel rockers__qwen3.5-4b__Bentel_iter_3,mmlu_pro_economics,instance_00171,Request Count,1.0
276,mmlu_pro,Bentel rockers__qwen3.5-4b__Bentel_iter_3,mmlu_pro_economics,instance_00171,Parsed Request Count,1.0
277,mmlu_pro,Bentel rockers__qwen3.5-4b__Bentel_iter_3,mmlu_pro_economics,instance_00171,Violated Request Count,0.0
278,mmlu_pro,Bentel rockers__qwen3.5-4b__Bentel_iter_3,mmlu_pro_economics,instance_00171,Request Success Ratio,1.0
279,mmlu_pro,Bentel rockers__qwen3.5-4b__Bentel_iter_3,mmlu_pro_economics,instance_00171,Main Score,100.0
280,mmlu_pro,Bentel rockers__qwen3.5-4b__Bentel_iter_3,mmlu_pro_economics,instance_00139,Aborted,0.0
281,mmlu_pro,Bentel rockers__qwen3.5-4b__Bentel_iter_3,mmlu_pro_economics,instance_00139,Lose,0.0
282,mmlu_pro,Bentel rockers__qwen3.5-4b__Bentel_iter_3,mmlu_pro_economics,instance_00139,Success,1.0
283,mmlu_pro,Bentel rockers__qwen3.5-4b__Bentel_iter_3,mmlu_pro_economics,instance_00139,Request Count,1.0
284,mmlu_pro,Bentel rockers__qwen3.5-4b__Bentel_iter_3,mmlu_pro_economics,instance_00139,Parsed Request Count,1.0
285,mmlu_pro,Bentel rockers__qwen3.5-4b__Bentel_iter_3,mmlu_pro_economics,instance_00139,Violated Request Count,0.0
286,mmlu_pro,Bentel rockers__qwen3.5-4b__Bentel_iter_3,mmlu_pro_economics,instance_00139,Request Success Ratio,1.0
287,mmlu_pro,Bentel rockers__qwen3.5-4b__Bentel_iter_3,mmlu_pro_economics,instance_00139,Main Score,100.0
288,mmlu_pro,Bentel rockers__qwen3.5-4b__Bentel_iter_3,mmlu_pro_economics,instance_00222,Aborted,0.0
289,mmlu_pro,Bentel rockers__qwen3.5-4b__Bentel_iter_3,mmlu_pro_economics,instance_00222,Lose,1.0
290,mmlu_pro,Bentel rockers__qwen3.5-4b__Bentel_iter_3,mmlu_pro_economics,instance_00222,Success,0.0
291,mmlu_pro,Bentel rockers__qwen3.5-4b__Bentel_iter_3,mmlu_pro_economics,instance_00222,Request Count,1.0
292,mmlu_pro,Bentel rockers__qwen3.5-4b__Bentel_iter_3,mmlu_pro_economics,instance_00222,Parsed Request Count,1.0
293,mmlu_pro,Bentel rockers__qwen3.5-4b__Bentel_iter_3,mmlu_pro_economics,instance_00222,Violated Request Count,0.0
294,mmlu_pro,Bentel rockers__qwen3.5-4b__Bentel_iter_3,mmlu_pro_economics,instance_00222,Request Success Ratio,1.0
295,mmlu_pro,Bentel rockers__qwen3.5-4b__Bentel_iter_3,mmlu_pro_economics,instance_00222,Main Score,0.0
296,mmlu_pro,Bentel rockers__qwen3.5-4b__Bentel_iter_3,mmlu_pro_engineering,instance_00763,Aborted,0.0
297,mmlu_pro,Bentel rockers__qwen3.5-4b__Bentel_iter_3,mmlu_pro_engineering,instance_00763,Lose,0.0
298,mmlu_pro,Bentel rockers__qwen3.5-4b__Bentel_iter_3,mmlu_pro_engineering,instance_00763,Success,1.0
299,mmlu_pro,Bentel rockers__qwen3.5-4b__Bentel_iter_3,mmlu_pro_engineering,instance_00763,Request Count,1.0
300,mmlu_pro,Bentel rockers__qwen3.5-4b__Bentel_iter_3,mmlu_pro_engineering,instance_00763,Parsed Request Count,1.0
301,mmlu_pro,Bentel rockers__qwen3.5-4b__Bentel_iter_3,mmlu_pro_engineering,instance_00763,Violated Request Count,0.0
302,mmlu_pro,Bentel rockers__qwen3.5-4b__Bentel_iter_3,mmlu_pro_engineering,instance_00763,Request Success Ratio,1.0
303,mmlu_pro,Bentel rockers__qwen3.5-4b__Bentel_iter_3,mmlu_pro_engineering,instance_00763,Main Score,100.0
304,mmlu_pro,Bentel rockers__qwen3.5-4b__Bentel_iter_3,mmlu_pro_engineering,instance_00911,Aborted,0.0
305,mmlu_pro,Bentel rockers__qwen3.5-4b__Bentel_iter_3,mmlu_pro_engineering,instance_00911,Lose,1.0
306,mmlu_pro,Bentel rockers__qwen3.5-4b__Bentel_iter_3,mmlu_pro_engineering,instance_00911,Success,0.0
307,mmlu_pro,Bentel rockers__qwen3.5-4b__Bentel_iter_3,mmlu_pro_engineering,instance_00911,Request Count,1.0
308,mmlu_pro,Bentel rockers__qwen3.5-4b__Bentel_iter_3,mmlu_pro_engineering,instance_00911,Parsed Request Count,1.0
309,mmlu_pro,Bentel rockers__qwen3.5-4b__Bentel_iter_3,mmlu_pro_engineering,instance_00911,Violated Request Count,0.0
310,mmlu_pro,Bentel rockers__qwen3.5-4b__Bentel_iter_3,mmlu_pro_engineering,instance_00911,Request Success Ratio,1.0
311,mmlu_pro,Bentel rockers__qwen3.5-4b__Bentel_iter_3,mmlu_pro_engineering,instance_00911,Main Score,0.0
312,mmlu_pro,Bentel rockers__qwen3.5-4b__Bentel_iter_3,mmlu_pro_engineering,instance_00863,Aborted,0.0
313,mmlu_pro,Bentel rockers__qwen3.5-4b__Bentel_iter_3,mmlu_pro_engineering,instance_00863,Lose,1.0
314,mmlu_pro,Bentel rockers__qwen3.5-4b__Bentel_iter_3,mmlu_pro_engineering,instance_00863,Success,0.0
315,mmlu_pro,Bentel rockers__qwen3.5-4b__Bentel_iter_3,mmlu_pro_engineering,instance_00863,Request Count,1.0
316,mmlu_pro,Bentel rockers__qwen3.5-4b__Bentel_iter_3,mmlu_pro_engineering,instance_00863,Parsed Request Count,1.0
317,mmlu_pro,Bentel rockers__qwen3.5-4b__Bentel_iter_3,mmlu_pro_engineering,instance_00863,Violated Request Count,0.0
318,mmlu_pro,Bentel rockers__qwen3.5-4b__Bentel_iter_3,mmlu_pro_engineering,instance_00863,Request Success Ratio,1.0
319,mmlu_pro,Bentel rockers__qwen3.5-4b__Bentel_iter_3,mmlu_pro_engineering,instance_00863,Main Score,0.0
320,mmlu_pro,Bentel rockers__qwen3.5-4b__Bentel_iter_3,mmlu_pro_engineering,instance_00440,Aborted,0.0
321,mmlu_pro,Bentel rockers__qwen3.5-4b__Bentel_iter_3,mmlu_pro_engineering,instance_00440,Lose,1.0
322,mmlu_pro,Bentel rockers__qwen3.5-4b__Bentel_iter_3,mmlu_pro_engineering,instance_00440,Success,0.0
323,mmlu_pro,Bentel rockers__qwen3.5-4b__Bentel_iter_3,mmlu_pro_engineering,instance_00440,Request Count,1.0
324,mmlu_pro,Bentel rockers__qwen3.5-4b__Bentel_iter_3,mmlu_pro_engineering,instance_00440,Parsed Request Count,1.0
325,mmlu_pro,Bentel rockers__qwen3.5-4b__Bentel_iter_3,mmlu_pro_engineering,instance_00440,Violated Request Count,0.0
326,mmlu_pro,Bentel rockers__qwen3.5-4b__Bentel_iter_3,mmlu_pro_engineering,instance_00440,Request Success Ratio,1.0
327,mmlu_pro,Bentel rockers__qwen3.5-4b__Bentel_iter_3,mmlu_pro_engineering,instance_00440,Main Score,0.0
328,mmlu_pro,Bentel rockers__qwen3.5-4b__Bentel_iter_3,mmlu_pro_engineering,instance_00065,Aborted,0.0
329,mmlu_pro,Bentel rockers__qwen3.5-4b__Bentel_iter_3,mmlu_pro_engineering,instance_00065,Lose,1.0
330,mmlu_pro,Bentel rockers__qwen3.5-4b__Bentel_iter_3,mmlu_pro_engineering,instance_00065,Success,0.0
331,mmlu_pro,Bentel rockers__qwen3.5-4b__Bentel_iter_3,mmlu_pro_engineering,instance_00065,Request Count,1.0
332,mmlu_pro,Bentel rockers__qwen3.5-4b__Bentel_iter_3,mmlu_pro_engineering,instance_00065,Parsed Request Count,1.0
333,mmlu_pro,Bentel rockers__qwen3.5-4b__Bentel_iter_3,mmlu_pro_engineering,instance_00065,Violated Request Count,0.0
334,mmlu_pro,Bentel rockers__qwen3.5-4b__Bentel_iter_3,mmlu_pro_engineering,instance_00065,Request Success Ratio,1.0
335,mmlu_pro,Bentel rockers__qwen3.5-4b__Bentel_iter_3,mmlu_pro_engineering,instance_00065,Main Score,0.0
336,mmlu_pro,Bentel rockers__qwen3.5-4b__Bentel_iter_3,mmlu_pro_engineering,instance_00817,Aborted,0.0
337,mmlu_pro,Bentel rockers__qwen3.5-4b__Bentel_iter_3,mmlu_pro_engineering,instance_00817,Lose,1.0
338,mmlu_pro,Bentel rockers__qwen3.5-4b__Bentel_iter_3,mmlu_pro_engineering,instance_00817,Success,0.0
339,mmlu_pro,Bentel rockers__qwen3.5-4b__Bentel_iter_3,mmlu_pro_engineering,instance_00817,Request Count,1.0
340,mmlu_pro,Bentel rockers__qwen3.5-4b__Bentel_iter_3,mmlu_pro_engineering,instance_00817,Parsed Request Count,1.0
341,mmlu_pro,Bentel rockers__qwen3.5-4b__Bentel_iter_3,mmlu_pro_engineering,instance_00817,Violated Request Count,0.0
342,mmlu_pro,Bentel rockers__qwen3.5-4b__Bentel_iter_3,mmlu_pro_engineering,instance_00817,Request Success Ratio,1.0
343,mmlu_pro,Bentel rockers__qwen3.5-4b__Bentel_iter_3,mmlu_pro_engineering,instance_00817,Main Score,0.0
344,mmlu_pro,Bentel rockers__qwen3.5-4b__Bentel_iter_3,mmlu_pro_engineering,instance_00773,Aborted,0.0
345,mmlu_pro,Bentel rockers__qwen3.5-4b__Bentel_iter_3,mmlu_pro_engineering,instance_00773,Lose,0.0
346,mmlu_pro,Bentel rockers__qwen3.5-4b__Bentel_iter_3,mmlu_pro_engineering,instance_00773,Success,1.0
347,mmlu_pro,Bentel rockers__qwen3.5-4b__Bentel_iter_3,mmlu_pro_engineering,instance_00773,Request Count,1.0
348,mmlu_pro,Bentel rockers__qwen3.5-4b__Bentel_iter_3,mmlu_pro_engineering,instance_00773,Parsed Request Count,1.0
349,mmlu_pro,Bentel rockers__qwen3.5-4b__Bentel_iter_3,mmlu_pro_engineering,instance_00773,Violated Request Count,0.0
350,mmlu_pro,Bentel rockers__qwen3.5-4b__Bentel_iter_3,mmlu_pro_engineering,instance_00773,Request Success Ratio,1.0
351,mmlu_pro,Bentel rockers__qwen3.5-4b__Bentel_iter_3,mmlu_pro_engineering,instance_00773,Main Score,100.0
352,mmlu_pro,Bentel rockers__qwen3.5-4b__Bentel_iter_3,mmlu_pro_engineering,instance_00585,Aborted,0.0
353,mmlu_pro,Bentel rockers__qwen3.5-4b__Bentel_iter_3,mmlu_pro_engineering,instance_00585,Lose,0.0
354,mmlu_pro,Bentel rockers__qwen3.5-4b__Bentel_iter_3,mmlu_pro_engineering,instance_00585,Success,1.0
355,mmlu_pro,Bentel rockers__qwen3.5-4b__Bentel_iter_3,mmlu_pro_engineering,instance_00585,Request Count,1.0
356,mmlu_pro,Bentel rockers__qwen3.5-4b__Bentel_iter_3,mmlu_pro_engineering,instance_00585,Parsed Request Count,1.0
357,mmlu_pro,Bentel rockers__qwen3.5-4b__Bentel_iter_3,mmlu_pro_engineering,instance_00585,Violated Request Count,0.0
358,mmlu_pro,Bentel rockers__qwen3.5-4b__Bentel_iter_3,mmlu_pro_engineering,instance_00585,Request Success Ratio,1.0
359,mmlu_pro,Bentel rockers__qwen3.5-4b__Bentel_iter_3,mmlu_pro_engineering,instance_00585,Main Score,100.0
360,mmlu_pro,Bentel rockers__qwen3.5-4b__Bentel_iter_3,mmlu_pro_engineering,instance_00029,Aborted,0.0
361,mmlu_pro,Bentel rockers__qwen3.5-4b__Bentel_iter_3,mmlu_pro_engineering,instance_00029,Lose,1.0
362,mmlu_pro,Bentel rockers__qwen3.5-4b__Bentel_iter_3,mmlu_pro_engineering,instance_00029,Success,0.0
363,mmlu_pro,Bentel rockers__qwen3.5-4b__Bentel_iter_3,mmlu_pro_engineering,instance_00029,Request Count,1.0
364,mmlu_pro,Bentel rockers__qwen3.5-4b__Bentel_iter_3,mmlu_pro_engineering,instance_00029,Parsed Request Count,1.0
365,mmlu_pro,Bentel rockers__qwen3.5-4b__Bentel_iter_3,mmlu_pro_engineering,instance_00029,Violated Request Count,0.0
366,mmlu_pro,Bentel rockers__qwen3.5-4b__Bentel_iter_3,mmlu_pro_engineering,instance_00029,Request Success Ratio,1.0
367,mmlu_pro,Bentel rockers__qwen3.5-4b__Bentel_iter_3,mmlu_pro_engineering,instance_00029,Main Score,0.0
368,mmlu_pro,Bentel rockers__qwen3.5-4b__Bentel_iter_3,mmlu_pro_other,instance_00535,Aborted,0.0
369,mmlu_pro,Bentel rockers__qwen3.5-4b__Bentel_iter_3,mmlu_pro_other,instance_00535,Lose,1.0
370,mmlu_pro,Bentel rockers__qwen3.5-4b__Bentel_iter_3,mmlu_pro_other,instance_00535,Success,0.0
371,mmlu_pro,Bentel rockers__qwen3.5-4b__Bentel_iter_3,mmlu_pro_other,instance_00535,Request Count,1.0
372,mmlu_pro,Bentel rockers__qwen3.5-4b__Bentel_iter_3,mmlu_pro_other,instance_00535,Parsed Request Count,1.0
373,mmlu_pro,Bentel rockers__qwen3.5-4b__Bentel_iter_3,mmlu_pro_other,instance_00535,Violated Request Count,0.0
374,mmlu_pro,Bentel rockers__qwen3.5-4b__Bentel_iter_3,mmlu_pro_other,instance_00535,Request Success Ratio,1.0
375,mmlu_pro,Bentel rockers__qwen3.5-4b__Bentel_iter_3,mmlu_pro_other,instance_00535,Main Score,0.0
376,mmlu_pro,Bentel rockers__qwen3.5-4b__Bentel_iter_3,mmlu_pro_other,instance_00315,Aborted,0.0
377,mmlu_pro,Bentel rockers__qwen3.5-4b__Bentel_iter_3,mmlu_pro_other,instance_00315,Lose,0.0
378,mmlu_pro,Bentel rockers__qwen3.5-4b__Bentel_iter_3,mmlu_pro_other,instance_00315,Success,1.0
379,mmlu_pro,Bentel rockers__qwen3.5-4b__Bentel_iter_3,mmlu_pro_other,instance_00315,Request Count,1.0
380,mmlu_pro,Bentel rockers__qwen3.5-4b__Bentel_iter_3,mmlu_pro_other,instance_00315,Parsed Request Count,1.0
381,mmlu_pro,Bentel rockers__qwen3.5-4b__Bentel_iter_3,mmlu_pro_other,instance_00315,Violated Request Count,0.0
382,mmlu_pro,Bentel rockers__qwen3.5-4b__Bentel_iter_3,mmlu_pro_other,instance_00315,Request Success Ratio,1.0
383,mmlu_pro,Bentel rockers__qwen3.5-4b__Bentel_iter_3,mmlu_pro_other,instance_00315,Main Score,100.0
384,mmlu_pro,Bentel rockers__qwen3.5-4b__Bentel_iter_3,mmlu_pro_other,instance_00099,Aborted,0.0
385,mmlu_pro,Bentel rockers__qwen3.5-4b__Bentel_iter_3,mmlu_pro_other,instance_00099,Lose,1.0
386,mmlu_pro,Bentel rockers__qwen3.5-4b__Bentel_iter_3,mmlu_pro_other,instance_00099,Success,0.0
387,mmlu_pro,Bentel rockers__qwen3.5-4b__Bentel_iter_3,mmlu_pro_other,instance_00099,Request Count,1.0
388,mmlu_pro,Bentel rockers__qwen3.5-4b__Bentel_iter_3,mmlu_pro_other,instance_00099,Parsed Request Count,1.0
389,mmlu_pro,Bentel rockers__qwen3.5-4b__Bentel_iter_3,mmlu_pro_other,instance_00099,Violated Request Count,0.0
390,mmlu_pro,Bentel rockers__qwen3.5-4b__Bentel_iter_3,mmlu_pro_other,instance_00099,Request Success Ratio,1.0
391,mmlu_pro,Bentel rockers__qwen3.5-4b__Bentel_iter_3,mmlu_pro_other,instance_00099,Main Score,0.0
392,mmlu_pro,Bentel rockers__qwen3.5-4b__Bentel_iter_3,mmlu_pro_other,instance_00084,Aborted,0.0
393,mmlu_pro,Bentel rockers__qwen3.5-4b__Bentel_iter_3,mmlu_pro_other,instance_00084,Lose,0.0
394,mmlu_pro,Bentel rockers__qwen3.5-4b__Bentel_iter_3,mmlu_pro_other,instance_00084,Success,1.0
395,mmlu_pro,Bentel rockers__qwen3.5-4b__Bentel_iter_3,mmlu_pro_other,instance_00084,Request Count,1.0
396,mmlu_pro,Bentel rockers__qwen3.5-4b__Bentel_iter_3,mmlu_pro_other,instance_00084,Parsed Request Count,1.0
397,mmlu_pro,Bentel rockers__qwen3.5-4b__Bentel_iter_3,mmlu_pro_other,instance_00084,Violated Request Count,0.0
398,mmlu_pro,Bentel rockers__qwen3.5-4b__Bentel_iter_3,mmlu_pro_other,instance_00084,Request Success Ratio,1.0
399,mmlu_pro,Bentel rockers__qwen3.5-4b__Bentel_iter_3,mmlu_pro_other,instance_00084,Main Score,100.0
400,mmlu_pro,Bentel rockers__qwen3.5-4b__Bentel_iter_3,mmlu_pro_other,instance_00324,Aborted,0.0
401,mmlu_pro,Bentel rockers__qwen3.5-4b__Bentel_iter_3,mmlu_pro_other,instance_00324,Lose,1.0
402,mmlu_pro,Bentel rockers__qwen3.5-4b__Bentel_iter_3,mmlu_pro_other,instance_00324,Success,0.0
403,mmlu_pro,Bentel rockers__qwen3.5-4b__Bentel_iter_3,mmlu_pro_other,instance_00324,Request Count,1.0
404,mmlu_pro,Bentel rockers__qwen3.5-4b__Bentel_iter_3,mmlu_pro_other,instance_00324,Parsed Request Count,1.0
405,mmlu_pro,Bentel rockers__qwen3.5-4b__Bentel_iter_3,mmlu_pro_other,instance_00324,Violated Request Count,0.0
406,mmlu_pro,Bentel rockers__qwen3.5-4b__Bentel_iter_3,mmlu_pro_other,instance_00324,Request Success Ratio,1.0
407,mmlu_pro,Bentel rockers__qwen3.5-4b__Bentel_iter_3,mmlu_pro_other,instance_00324,Main Score,0.0
408,mmlu_pro,Bentel rockers__qwen3.5-4b__Bentel_iter_3,mmlu_pro_other,instance_00020,Aborted,0.0
409,mmlu_pro,Bentel rockers__qwen3.5-4b__Bentel_iter_3,mmlu_pro_other,instance_00020,Lose,1.0
410,mmlu_pro,Bentel rockers__qwen3.5-4b__Bentel_iter_3,mmlu_pro_other,instance_00020,Success,0.0
411,mmlu_pro,Bentel rockers__qwen3.5-4b__Bentel_iter_3,mmlu_pro_other,instance_00020,Request Count,1.0
412,mmlu_pro,Bentel rockers__qwen3.5-4b__Bentel_iter_3,mmlu_pro_other,instance_00020,Parsed Request Count,1.0
413,mmlu_pro,Bentel rockers__qwen3.5-4b__Bentel_iter_3,mmlu_pro_other,instance_00020,Violated Request Count,0.0
414,mmlu_pro,Bentel rockers__qwen3.5-4b__Bentel_iter_3,mmlu_pro_other,instance_00020,Request Success Ratio,1.0
415,mmlu_pro,Bentel rockers__qwen3.5-4b__Bentel_iter_3,mmlu_pro_other,instance_00020,Main Score,0.0
416,mmlu_pro,Bentel rockers__qwen3.5-4b__Bentel_iter_3,mmlu_pro_other,instance_00511,Aborted,0.0
417,mmlu_pro,Bentel rockers__qwen3.5-4b__Bentel_iter_3,mmlu_pro_other,instance_00511,Lose,1.0
418,mmlu_pro,Bentel rockers__qwen3.5-4b__Bentel_iter_3,mmlu_pro_other,instance_00511,Success,0.0
419,mmlu_pro,Bentel rockers__qwen3.5-4b__Bentel_iter_3,mmlu_pro_other,instance_00511,Request Count,1.0
420,mmlu_pro,Bentel rockers__qwen3.5-4b__Bentel_iter_3,mmlu_pro_other,instance_00511,Parsed Request Count,1.0
421,mmlu_pro,Bentel rockers__qwen3.5-4b__Bentel_iter_3,mmlu_pro_other,instance_00511,Violated Request Count,0.0
422,mmlu_pro,Bentel rockers__qwen3.5-4b__Bentel_iter_3,mmlu_pro_other,instance_00511,Request Success Ratio,1.0
423,mmlu_pro,Bentel rockers__qwen3.5-4b__Bentel_iter_3,mmlu_pro_other,instance_00511,Main Score,0.0
424,mmlu_pro,Bentel rockers__qwen3.5-4b__Bentel_iter_3,mmlu_pro_other,instance_00101,Aborted,0.0
425,mmlu_pro,Bentel rockers__qwen3.5-4b__Bentel_iter_3,mmlu_pro_other,instance_00101,Lose,0.0
426,mmlu_pro,Bentel rockers__qwen3.5-4b__Bentel_iter_3,mmlu_pro_other,instance_00101,Success,1.0
427,mmlu_pro,Bentel rockers__qwen3.5-4b__Bentel_iter_3,mmlu_pro_other,instance_00101,Request Count,1.0
428,mmlu_pro,Bentel rockers__qwen3.5-4b__Bentel_iter_3,mmlu_pro_other,instance_00101,Parsed Request Count,1.0
429,mmlu_pro,Bentel rockers__qwen3.5-4b__Bentel_iter_3,mmlu_pro_other,instance_00101,Violated Request Count,0.0
430,mmlu_pro,Bentel rockers__qwen3.5-4b__Bentel_iter_3,mmlu_pro_other,instance_00101,Request Success Ratio,1.0
431,mmlu_pro,Bentel rockers__qwen3.5-4b__Bentel_iter_3,mmlu_pro_other,instance_00101,Main Score,100.0
432,mmlu_pro,Bentel rockers__qwen3.5-4b__Bentel_iter_3,mmlu_pro_other,instance_00163,Aborted,0.0
433,mmlu_pro,Bentel rockers__qwen3.5-4b__Bentel_iter_3,mmlu_pro_other,instance_00163,Lose,0.0
434,mmlu_pro,Bentel rockers__qwen3.5-4b__Bentel_iter_3,mmlu_pro_other,instance_00163,Success,1.0
435,mmlu_pro,Bentel rockers__qwen3.5-4b__Bentel_iter_3,mmlu_pro_other,instance_00163,Request Count,1.0
436,mmlu_pro,Bentel rockers__qwen3.5-4b__Bentel_iter_3,mmlu_pro_other,instance_00163,Parsed Request Count,1.0
437,mmlu_pro,Bentel rockers__qwen3.5-4b__Bentel_iter_3,mmlu_pro_other,instance_00163,Violated Request Count,0.0
438,mmlu_pro,Bentel rockers__qwen3.5-4b__Bentel_iter_3,mmlu_pro_other,instance_00163,Request Success Ratio,1.0
439,mmlu_pro,Bentel rockers__qwen3.5-4b__Bentel_iter_3,mmlu_pro_other,instance_00163,Main Score,100.0
440,mmlu_pro,Bentel rockers__qwen3.5-4b__Bentel_iter_3,mmlu_pro_law,instance_00011,Aborted,0.0
441,mmlu_pro,Bentel rockers__qwen3.5-4b__Bentel_iter_3,mmlu_pro_law,instance_00011,Lose,1.0
442,mmlu_pro,Bentel rockers__qwen3.5-4b__Bentel_iter_3,mmlu_pro_law,instance_00011,Success,0.0
443,mmlu_pro,Bentel rockers__qwen3.5-4b__Bentel_iter_3,mmlu_pro_law,instance_00011,Request Count,1.0
444,mmlu_pro,Bentel rockers__qwen3.5-4b__Bentel_iter_3,mmlu_pro_law,instance_00011,Parsed Request Count,1.0
445,mmlu_pro,Bentel rockers__qwen3.5-4b__Bentel_iter_3,mmlu_pro_law,instance_00011,Violated Request Count,0.0
446,mmlu_pro,Bentel rockers__qwen3.5-4b__Bentel_iter_3,mmlu_pro_law,instance_00011,Request Success Ratio,1.0
447,mmlu_pro,Bentel rockers__qwen3.5-4b__Bentel_iter_3,mmlu_pro_law,instance_00011,Main Score,0.0
448,mmlu_pro,Bentel rockers__qwen3.5-4b__Bentel_iter_3,mmlu_pro_law,instance_00419,Aborted,0.0
449,mmlu_pro,Bentel rockers__qwen3.5-4b__Bentel_iter_3,mmlu_pro_law,instance_00419,Lose,0.0
450,mmlu_pro,Bentel rockers__qwen3.5-4b__Bentel_iter_3,mmlu_pro_law,instance_00419,Success,1.0
451,mmlu_pro,Bentel rockers__qwen3.5-4b__Bentel_iter_3,mmlu_pro_law,instance_00419,Request Count,1.0
452,mmlu_pro,Bentel rockers__qwen3.5-4b__Bentel_iter_3,mmlu_pro_law,instance_00419,Parsed Request Count,1.0
453,mmlu_pro,Bentel rockers__qwen3.5-4b__Bentel_iter_3,mmlu_pro_law,instance_00419,Violated Request Count,0.0
454,mmlu_pro,Bentel rockers__qwen3.5-4b__Bentel_iter_3,mmlu_pro_law,instance_00419,Request Success Ratio,1.0
455,mmlu_pro,Bentel rockers__qwen3.5-4b__Bentel_iter_3,mmlu_pro_law,instance_00419,Main Score,100.0
456,mmlu_pro,Bentel rockers__qwen3.5-4b__Bentel_iter_3,mmlu_pro_law,instance_00933,Aborted,0.0
457,mmlu_pro,Bentel rockers__qwen3.5-4b__Bentel_iter_3,mmlu_pro_law,instance_00933,Lose,1.0
458,mmlu_pro,Bentel rockers__qwen3.5-4b__Bentel_iter_3,mmlu_pro_law,instance_00933,Success,0.0
459,mmlu_pro,Bentel rockers__qwen3.5-4b__Bentel_iter_3,mmlu_pro_law,instance_00933,Request Count,1.0
460,mmlu_pro,Bentel rockers__qwen3.5-4b__Bentel_iter_3,mmlu_pro_law,instance_00933,Parsed Request Count,1.0
461,mmlu_pro,Bentel rockers__qwen3.5-4b__Bentel_iter_3,mmlu_pro_law,instance_00933,Violated Request Count,0.0
462,mmlu_pro,Bentel rockers__qwen3.5-4b__Bentel_iter_3,mmlu_pro_law,instance_00933,Request Success Ratio,1.0
463,mmlu_pro,Bentel rockers__qwen3.5-4b__Bentel_iter_3,mmlu_pro_law,instance_00933,Main Score,0.0
464,mmlu_pro,Bentel rockers__qwen3.5-4b__Bentel_iter_3,mmlu_pro_law,instance_00474,Aborted,0.0
465,mmlu_pro,Bentel rockers__qwen3.5-4b__Bentel_iter_3,mmlu_pro_law,instance_00474,Lose,0.0
466,mmlu_pro,Bentel rockers__qwen3.5-4b__Bentel_iter_3,mmlu_pro_law,instance_00474,Success,1.0
467,mmlu_pro,Bentel rockers__qwen3.5-4b__Bentel_iter_3,mmlu_pro_law,instance_00474,Request Count,1.0
468,mmlu_pro,Bentel rockers__qwen3.5-4b__Bentel_iter_3,mmlu_pro_law,instance_00474,Parsed Request Count,1.0
469,mmlu_pro,Bentel rockers__qwen3.5-4b__Bentel_iter_3,mmlu_pro_law,instance_00474,Violated Request Count,0.0
470,mmlu_pro,Bentel rockers__qwen3.5-4b__Bentel_iter_3,mmlu_pro_law,instance_00474,Request Success Ratio,1.0
471,mmlu_pro,Bentel rockers__qwen3.5-4b__Bentel_iter_3,mmlu_pro_law,instance_00474,Main Score,100.0
472,mmlu_pro,Bentel rockers__qwen3.5-4b__Bentel_iter_3,mmlu_pro_law,instance_00211,Aborted,0.0
473,mmlu_pro,Bentel rockers__qwen3.5-4b__Bentel_iter_3,mmlu_pro_law,instance_00211,Lose,0.0
474,mmlu_pro,Bentel rockers__qwen3.5-4b__Bentel_iter_3,mmlu_pro_law,instance_00211,Success,1.0
475,mmlu_pro,Bentel rockers__qwen3.5-4b__Bentel_iter_3,mmlu_pro_law,instance_00211,Request Count,1.0
476,mmlu_pro,Bentel rockers__qwen3.5-4b__Bentel_iter_3,mmlu_pro_law,instance_00211,Parsed Request Count,1.0
477,mmlu_pro,Bentel rockers__qwen3.5-4b__Bentel_iter_3,mmlu_pro_law,instance_00211,Violated Request Count,0.0
478,mmlu_pro,Bentel rockers__qwen3.5-4b__Bentel_iter_3,mmlu_pro_law,instance_00211,Request Success Ratio,1.0
479,mmlu_pro,Bentel rockers__qwen3.5-4b__Bentel_iter_3,mmlu_pro_law,instance_00211,Main Score,100.0
480,mmlu_pro,Bentel rockers__qwen3.5-4b__Bentel_iter_3,mmlu_pro_law,instance_00203,Aborted,0.0
481,mmlu_pro,Bentel rockers__qwen3.5-4b__Bentel_iter_3,mmlu_pro_law,instance_00203,Lose,0.0
482,mmlu_pro,Bentel rockers__qwen3.5-4b__Bentel_iter_3,mmlu_pro_law,instance_00203,Success,1.0
483,mmlu_pro,Bentel rockers__qwen3.5-4b__Bentel_iter_3,mmlu_pro_law,instance_00203,Request Count,1.0
484,mmlu_pro,Bentel rockers__qwen3.5-4b__Bentel_iter_3,mmlu_pro_law,instance_00203,Parsed Request Count,1.0
485,mmlu_pro,Bentel rockers__qwen3.5-4b__Bentel_iter_3,mmlu_pro_law,instance_00203,Violated Request Count,0.0
486,mmlu_pro,Bentel rockers__qwen3.5-4b__Bentel_iter_3,mmlu_pro_law,instance_00203,Request Success Ratio,1.0
487,mmlu_pro,Bentel rockers__qwen3.5-4b__Bentel_iter_3,mmlu_pro_law,instance_00203,Main Score,100.0
488,mmlu_pro,Bentel rockers__qwen3.5-4b__Bentel_iter_3,mmlu_pro_law,instance_00901,Aborted,0.0
489,mmlu_pro,Bentel rockers__qwen3.5-4b__Bentel_iter_3,mmlu_pro_law,instance_00901,Lose,0.0
490,mmlu_pro,Bentel rockers__qwen3.5-4b__Bentel_iter_3,mmlu_pro_law,instance_00901,Success,1.0
491,mmlu_pro,Bentel rockers__qwen3.5-4b__Bentel_iter_3,mmlu_pro_law,instance_00901,Request Count,1.0
492,mmlu_pro,Bentel rockers__qwen3.5-4b__Bentel_iter_3,mmlu_pro_law,instance_00901,Parsed Request Count,1.0
493,mmlu_pro,Bentel rockers__qwen3.5-4b__Bentel_iter_3,mmlu_pro_law,instance_00901,Violated Request Count,0.0
494,mmlu_pro,Bentel rockers__qwen3.5-4b__Bentel_iter_3,mmlu_pro_law,instance_00901,Request Success Ratio,1.0
495,mmlu_pro,Bentel rockers__qwen3.5-4b__Bentel_iter_3,mmlu_pro_law,instance_00901,Main Score,100.0
496,mmlu_pro,Bentel rockers__qwen3.5-4b__Bentel_iter_3,mmlu_pro_law,instance_00783,Aborted,0.0
497,mmlu_pro,Bentel rockers__qwen3.5-4b__Bentel_iter_3,mmlu_pro_law,instance_00783,Lose,0.0
498,mmlu_pro,Bentel rockers__qwen3.5-4b__Bentel_iter_3,mmlu_pro_law,instance_00783,Success,1.0
499,mmlu_pro,Bentel rockers__qwen3.5-4b__Bentel_iter_3,mmlu_pro_law,instance_00783,Request Count,1.0
500,mmlu_pro,Bentel rockers__qwen3.5-4b__Bentel_iter_3,mmlu_pro_law,instance_00783,Parsed Request Count,1.0
501,mmlu_pro,Bentel rockers__qwen3.5-4b__Bentel_iter_3,mmlu_pro_law,instance_00783,Violated Request Count,0.0
502,mmlu_pro,Bentel rockers__qwen3.5-4b__Bentel_iter_3,mmlu_pro_law,instance_00783,Request Success Ratio,1.0
503,mmlu_pro,Bentel rockers__qwen3.5-4b__Bentel_iter_3,mmlu_pro_law,instance_00783,Main Score,100.0
504,mmlu_pro,Bentel rockers__qwen3.5-4b__Bentel_iter_3,mmlu_pro_law,instance_00697,Aborted,0.0
505,mmlu_pro,Bentel rockers__qwen3.5-4b__Bentel_iter_3,mmlu_pro_law,instance_00697,Lose,0.0
506,mmlu_pro,Bentel rockers__qwen3.5-4b__Bentel_iter_3,mmlu_pro_law,instance_00697,Success,1.0
507,mmlu_pro,Bentel rockers__qwen3.5-4b__Bentel_iter_3,mmlu_pro_law,instance_00697,Request Count,1.0
508,mmlu_pro,Bentel rockers__qwen3.5-4b__Bentel_iter_3,mmlu_pro_law,instance_00697,Parsed Request Count,1.0
509,mmlu_pro,Bentel rockers__qwen3.5-4b__Bentel_iter_3,mmlu_pro_law,instance_00697,Violated Request Count,0.0
510,mmlu_pro,Bentel rockers__qwen3.5-4b__Bentel_iter_3,mmlu_pro_law,instance_00697,Request Success Ratio,1.0
511,mmlu_pro,Bentel rockers__qwen3.5-4b__Bentel_iter_3,mmlu_pro_law,instance_00697,Main Score,100.0
512,mmlu_pro,Bentel rockers__qwen3.5-4b__Bentel_iter_3,mmlu_pro_law,instance_00139,Aborted,0.0
513,mmlu_pro,Bentel rockers__qwen3.5-4b__Bentel_iter_3,mmlu_pro_law,instance_00139,Lose,1.0
514,mmlu_pro,Bentel rockers__qwen3.5-4b__Bentel_iter_3,mmlu_pro_law,instance_00139,Success,0.0
515,mmlu_pro,Bentel rockers__qwen3.5-4b__Bentel_iter_3,mmlu_pro_law,instance_00139,Request Count,1.0
516,mmlu_pro,Bentel rockers__qwen3.5-4b__Bentel_iter_3,mmlu_pro_law,instance_00139,Parsed Request Count,1.0
517,mmlu_pro,Bentel rockers__qwen3.5-4b__Bentel_iter_3,mmlu_pro_law,instance_00139,Violated Request Count,0.0
518,mmlu_pro,Bentel rockers__qwen3.5-4b__Bentel_iter_3,mmlu_pro_law,instance_00139,Request Success Ratio,1.0
519,mmlu_pro,Bentel rockers__qwen3.5-4b__Bentel_iter_3,mmlu_pro_law,instance_00139,Main Score,0.0
520,mmlu_pro,Bentel rockers__qwen3.5-4b__Bentel_iter_3,mmlu_pro_law,instance_00981,Aborted,0.0
521,mmlu_pro,Bentel rockers__qwen3.5-4b__Bentel_iter_3,mmlu_pro_law,instance_00981,Lose,0.0
522,mmlu_pro,Bentel rockers__qwen3.5-4b__Bentel_iter_3,mmlu_pro_law,instance_00981,Success,1.0
523,mmlu_pro,Bentel rockers__qwen3.5-4b__Bentel_iter_3,mmlu_pro_law,instance_00981,Request Count,1.0
524,mmlu_pro,Bentel rockers__qwen3.5-4b__Bentel_iter_3,mmlu_pro_law,instance_00981,Parsed Request Count,1.0
525,mmlu_pro,Bentel rockers__qwen3.5-4b__Bentel_iter_3,mmlu_pro_law,instance_00981,Violated Request Count,0.0
526,mmlu_pro,Bentel rockers__qwen3.5-4b__Bentel_iter_3,mmlu_pro_law,instance_00981,Request Success Ratio,1.0
527,mmlu_pro,Bentel rockers__qwen3.5-4b__Bentel_iter_3,mmlu_pro_law,instance_00981,Main Score,100.0
528,mmlu_pro,Bentel rockers__qwen3.5-4b__Bentel_iter_3,mmlu_pro_psychology,instance_00554,Aborted,0.0
529,mmlu_pro,Bentel rockers__qwen3.5-4b__Bentel_iter_3,mmlu_pro_psychology,instance_00554,Lose,0.0
530,mmlu_pro,Bentel rockers__qwen3.5-4b__Bentel_iter_3,mmlu_pro_psychology,instance_00554,Success,1.0
531,mmlu_pro,Bentel rockers__qwen3.5-4b__Bentel_iter_3,mmlu_pro_psychology,instance_00554,Request Count,1.0
532,mmlu_pro,Bentel rockers__qwen3.5-4b__Bentel_iter_3,mmlu_pro_psychology,instance_00554,Parsed Request Count,1.0
533,mmlu_pro,Bentel rockers__qwen3.5-4b__Bentel_iter_3,mmlu_pro_psychology,instance_00554,Violated Request Count,0.0
534,mmlu_pro,Bentel rockers__qwen3.5-4b__Bentel_iter_3,mmlu_pro_psychology,instance_00554,Request Success Ratio,1.0
535,mmlu_pro,Bentel rockers__qwen3.5-4b__Bentel_iter_3,mmlu_pro_psychology,instance_00554,Main Score,100.0
536,mmlu_pro,Bentel rockers__qwen3.5-4b__Bentel_iter_3,mmlu_pro_psychology,instance_00024,Aborted,0.0
537,mmlu_pro,Bentel rockers__qwen3.5-4b__Bentel_iter_3,mmlu_pro_psychology,instance_00024,Lose,1.0
538,mmlu_pro,Bentel rockers__qwen3.5-4b__Bentel_iter_3,mmlu_pro_psychology,instance_00024,Success,0.0
539,mmlu_pro,Bentel rockers__qwen3.5-4b__Bentel_iter_3,mmlu_pro_psychology,instance_00024,Request Count,1.0
540,mmlu_pro,Bentel rockers__qwen3.5-4b__Bentel_iter_3,mmlu_pro_psychology,instance_00024,Parsed Request Count,1.0
541,mmlu_pro,Bentel rockers__qwen3.5-4b__Bentel_iter_3,mmlu_pro_psychology,instance_00024,Violated Request Count,0.0
542,mmlu_pro,Bentel rockers__qwen3.5-4b__Bentel_iter_3,mmlu_pro_psychology,instance_00024,Request Success Ratio,1.0
543,mmlu_pro,Bentel rockers__qwen3.5-4b__Bentel_iter_3,mmlu_pro_psychology,instance_00024,Main Score,0.0
544,mmlu_pro,Bentel rockers__qwen3.5-4b__Bentel_iter_3,mmlu_pro_psychology,instance_00539,Aborted,0.0
545,mmlu_pro,Bentel rockers__qwen3.5-4b__Bentel_iter_3,mmlu_pro_psychology,instance_00539,Lose,1.0
546,mmlu_pro,Bentel rockers__qwen3.5-4b__Bentel_iter_3,mmlu_pro_psychology,instance_00539,Success,0.0
547,mmlu_pro,Bentel rockers__qwen3.5-4b__Bentel_iter_3,mmlu_pro_psychology,instance_00539,Request Count,1.0
548,mmlu_pro,Bentel rockers__qwen3.5-4b__Bentel_iter_3,mmlu_pro_psychology,instance_00539,Parsed Request Count,1.0
549,mmlu_pro,Bentel rockers__qwen3.5-4b__Bentel_iter_3,mmlu_pro_psychology,instance_00539,Violated Request Count,0.0
550,mmlu_pro,Bentel rockers__qwen3.5-4b__Bentel_iter_3,mmlu_pro_psychology,instance_00539,Request Success Ratio,1.0
551,mmlu_pro,Bentel rockers__qwen3.5-4b__Bentel_iter_3,mmlu_pro_psychology,instance_00539,Main Score,0.0
552,mmlu_pro,Bentel rockers__qwen3.5-4b__Bentel_iter_3,mmlu_pro_psychology,instance_00505,Aborted,0.0
553,mmlu_pro,Bentel rockers__qwen3.5-4b__Bentel_iter_3,mmlu_pro_psychology,instance_00505,Lose,0.0
554,mmlu_pro,Bentel rockers__qwen3.5-4b__Bentel_iter_3,mmlu_pro_psychology,instance_00505,Success,1.0
555,mmlu_pro,Bentel rockers__qwen3.5-4b__Bentel_iter_3,mmlu_pro_psychology,instance_00505,Request Count,1.0
556,mmlu_pro,Bentel rockers__qwen3.5-4b__Bentel_iter_3,mmlu_pro_psychology,instance_00505,Parsed Request Count,1.0
557,mmlu_pro,Bentel rockers__qwen3.5-4b__Bentel_iter_3,mmlu_pro_psychology,instance_00505,Violated Request Count,0.0
558,mmlu_pro,Bentel rockers__qwen3.5-4b__Bentel_iter_3,mmlu_pro_psychology,instance_00505,Request Success Ratio,1.0
559,mmlu_pro,Bentel rockers__qwen3.5-4b__Bentel_iter_3,mmlu_pro_psychology,instance_00505,Main Score,100.0
560,mmlu_pro,Bentel rockers__qwen3.5-4b__Bentel_iter_3,mmlu_pro_psychology,instance_00612,Aborted,0.0
561,mmlu_pro,Bentel rockers__qwen3.5-4b__Bentel_iter_3,mmlu_pro_psychology,instance_00612,Lose,0.0
562,mmlu_pro,Bentel rockers__qwen3.5-4b__Bentel_iter_3,mmlu_pro_psychology,instance_00612,Success,1.0
563,mmlu_pro,Bentel rockers__qwen3.5-4b__Bentel_iter_3,mmlu_pro_psychology,instance_00612,Request Count,1.0
564,mmlu_pro,Bentel rockers__qwen3.5-4b__Bentel_iter_3,mmlu_pro_psychology,instance_00612,Parsed Request Count,1.0
565,mmlu_pro,Bentel rockers__qwen3.5-4b__Bentel_iter_3,mmlu_pro_psychology,instance_00612,Violated Request Count,0.0
566,mmlu_pro,Bentel rockers__qwen3.5-4b__Bentel_iter_3,mmlu_pro_psychology,instance_00612,Request Success Ratio,1.0
567,mmlu_pro,Bentel rockers__qwen3.5-4b__Bentel_iter_3,mmlu_pro_psychology,instance_00612,Main Score,100.0
568,mmlu_pro,Bentel rockers__qwen3.5-4b__Bentel_iter_3,mmlu_pro_psychology,instance_00257,Aborted,0.0
569,mmlu_pro,Bentel rockers__qwen3.5-4b__Bentel_iter_3,mmlu_pro_psychology,instance_00257,Lose,0.0
570,mmlu_pro,Bentel rockers__qwen3.5-4b__Bentel_iter_3,mmlu_pro_psychology,instance_00257,Success,1.0
571,mmlu_pro,Bentel rockers__qwen3.5-4b__Bentel_iter_3,mmlu_pro_psychology,instance_00257,Request Count,1.0
572,mmlu_pro,Bentel rockers__qwen3.5-4b__Bentel_iter_3,mmlu_pro_psychology,instance_00257,Parsed Request Count,1.0
573,mmlu_pro,Bentel rockers__qwen3.5-4b__Bentel_iter_3,mmlu_pro_psychology,instance_00257,Violated Request Count,0.0
574,mmlu_pro,Bentel rockers__qwen3.5-4b__Bentel_iter_3,mmlu_pro_psychology,instance_00257,Request Success Ratio,1.0
575,mmlu_pro,Bentel rockers__qwen3.5-4b__Bentel_iter_3,mmlu_pro_psychology,instance_00257,Main Score,100.0
576,mmlu_pro,Bentel rockers__qwen3.5-4b__Bentel_iter_3,mmlu_pro_psychology,instance_00734,Aborted,0.0
577,mmlu_pro,Bentel rockers__qwen3.5-4b__Bentel_iter_3,mmlu_pro_psychology,instance_00734,Lose,0.0
578,mmlu_pro,Bentel rockers__qwen3.5-4b__Bentel_iter_3,mmlu_pro_psychology,instance_00734,Success,1.0
579,mmlu_pro,Bentel rockers__qwen3.5-4b__Bentel_iter_3,mmlu_pro_psychology,instance_00734,Request Count,1.0
580,mmlu_pro,Bentel rockers__qwen3.5-4b__Bentel_iter_3,mmlu_pro_psychology,instance_00734,Parsed Request Count,1.0
581,mmlu_pro,Bentel rockers__qwen3.5-4b__Bentel_iter_3,mmlu_pro_psychology,instance_00734,Violated Request Count,0.0
582,mmlu_pro,Bentel rockers__qwen3.5-4b__Bentel_iter_3,mmlu_pro_psychology,instance_00734,Request Success Ratio,1.0
583,mmlu_pro,Bentel rockers__qwen3.5-4b__Bentel_iter_3,mmlu_pro_psychology,instance_00734,Main Score,100.0
584,mmlu_pro,Bentel rockers__qwen3.5-4b__Bentel_iter_3,mmlu_pro_math,instance_00245,Aborted,0.0
585,mmlu_pro,Bentel rockers__qwen3.5-4b__Bentel_iter_3,mmlu_pro_math,instance_00245,Lose,1.0
586,mmlu_pro,Bentel rockers__qwen3.5-4b__Bentel_iter_3,mmlu_pro_math,instance_00245,Success,0.0
587,mmlu_pro,Bentel rockers__qwen3.5-4b__Bentel_iter_3,mmlu_pro_math,instance_00245,Request Count,1.0
588,mmlu_pro,Bentel rockers__qwen3.5-4b__Bentel_iter_3,mmlu_pro_math,instance_00245,Parsed Request Count,1.0
589,mmlu_pro,Bentel rockers__qwen3.5-4b__Bentel_iter_3,mmlu_pro_math,instance_00245,Violated Request Count,0.0
590,mmlu_pro,Bentel rockers__qwen3.5-4b__Bentel_iter_3,mmlu_pro_math,instance_00245,Request Success Ratio,1.0
591,mmlu_pro,Bentel rockers__qwen3.5-4b__Bentel_iter_3,mmlu_pro_math,instance_00245,Main Score,0.0
592,mmlu_pro,Bentel rockers__qwen3.5-4b__Bentel_iter_3,mmlu_pro_math,instance_00610,Aborted,0.0
593,mmlu_pro,Bentel rockers__qwen3.5-4b__Bentel_iter_3,mmlu_pro_math,instance_00610,Lose,0.0
594,mmlu_pro,Bentel rockers__qwen3.5-4b__Bentel_iter_3,mmlu_pro_math,instance_00610,Success,1.0
595,mmlu_pro,Bentel rockers__qwen3.5-4b__Bentel_iter_3,mmlu_pro_math,instance_00610,Request Count,1.0
596,mmlu_pro,Bentel rockers__qwen3.5-4b__Bentel_iter_3,mmlu_pro_math,instance_00610,Parsed Request Count,1.0
597,mmlu_pro,Bentel rockers__qwen3.5-4b__Bentel_iter_3,mmlu_pro_math,instance_00610,Violated Request Count,0.0
598,mmlu_pro,Bentel rockers__qwen3.5-4b__Bentel_iter_3,mmlu_pro_math,instance_00610,Request Success Ratio,1.0
599,mmlu_pro,Bentel rockers__qwen3.5-4b__Bentel_iter_3,mmlu_pro_math,instance_00610,Main Score,100.0
600,mmlu_pro,Bentel rockers__qwen3.5-4b__Bentel_iter_3,mmlu_pro_math,instance_00868,Aborted,0.0
601,mmlu_pro,Bentel rockers__qwen3.5-4b__Bentel_iter_3,mmlu_pro_math,instance_00868,Lose,0.0
602,mmlu_pro,Bentel rockers__qwen3.5-4b__Bentel_iter_3,mmlu_pro_math,instance_00868,Success,1.0
603,mmlu_pro,Bentel rockers__qwen3.5-4b__Bentel_iter_3,mmlu_pro_math,instance_00868,Request Count,1.0
604,mmlu_pro,Bentel rockers__qwen3.5-4b__Bentel_iter_3,mmlu_pro_math,instance_00868,Parsed Request Count,1.0
605,mmlu_pro,Bentel rockers__qwen3.5-4b__Bentel_iter_3,mmlu_pro_math,instance_00868,Violated Request Count,0.0
606,mmlu_pro,Bentel rockers__qwen3.5-4b__Bentel_iter_3,mmlu_pro_math,instance_00868,Request Success Ratio,1.0
607,mmlu_pro,Bentel rockers__qwen3.5-4b__Bentel_iter_3,mmlu_pro_math,instance_00868,Main Score,100.0
608,mmlu_pro,Bentel rockers__qwen3.5-4b__Bentel_iter_3,mmlu_pro_math,instance_00624,Aborted,0.0
609,mmlu_pro,Bentel rockers__qwen3.5-4b__Bentel_iter_3,mmlu_pro_math,instance_00624,Lose,1.0
610,mmlu_pro,Bentel rockers__qwen3.5-4b__Bentel_iter_3,mmlu_pro_math,instance_00624,Success,0.0
611,mmlu_pro,Bentel rockers__qwen3.5-4b__Bentel_iter_3,mmlu_pro_math,instance_00624,Request Count,1.0
612,mmlu_pro,Bentel rockers__qwen3.5-4b__Bentel_iter_3,mmlu_pro_math,instance_00624,Parsed Request Count,1.0
613,mmlu_pro,Bentel rockers__qwen3.5-4b__Bentel_iter_3,mmlu_pro_math,instance_00624,Violated Request Count,0.0
614,mmlu_pro,Bentel rockers__qwen3.5-4b__Bentel_iter_3,mmlu_pro_math,instance_00624,Request Success Ratio,1.0
615,mmlu_pro,Bentel rockers__qwen3.5-4b__Bentel_iter_3,mmlu_pro_math,instance_00624,Main Score,0.0
616,mmlu_pro,Bentel rockers__qwen3.5-4b__Bentel_iter_3,mmlu_pro_math,instance_00336,Aborted,0.0
617,mmlu_pro,Bentel rockers__qwen3.5-4b__Bentel_iter_3,mmlu_pro_math,instance_00336,Lose,1.0
618,mmlu_pro,Bentel rockers__qwen3.5-4b__Bentel_iter_3,mmlu_pro_math,instance_00336,Success,0.0
619,mmlu_pro,Bentel rockers__qwen3.5-4b__Bentel_iter_3,mmlu_pro_math,instance_00336,Request Count,1.0
620,mmlu_pro,Bentel rockers__qwen3.5-4b__Bentel_iter_3,mmlu_pro_math,instance_00336,Parsed Request Count,1.0
621,mmlu_pro,Bentel rockers__qwen3.5-4b__Bentel_iter_3,mmlu_pro_math,instance_00336,Violated Request Count,0.0
622,mmlu_pro,Bentel rockers__qwen3.5-4b__Bentel_iter_3,mmlu_pro_math,instance_00336,Request Success Ratio,1.0
623,mmlu_pro,Bentel rockers__qwen3.5-4b__Bentel_iter_3,mmlu_pro_math,instance_00336,Main Score,0.0
624,mmlu_pro,Bentel rockers__qwen3.5-4b__Bentel_iter_3,mmlu_pro_math,instance_00115,Aborted,0.0
625,mmlu_pro,Bentel rockers__qwen3.5-4b__Bentel_iter_3,mmlu_pro_math,instance_00115,Lose,1.0
626,mmlu_pro,Bentel rockers__qwen3.5-4b__Bentel_iter_3,mmlu_pro_math,instance_00115,Success,0.0
627,mmlu_pro,Bentel rockers__qwen3.5-4b__Bentel_iter_3,mmlu_pro_math,instance_00115,Request Count,1.0
628,mmlu_pro,Bentel rockers__qwen3.5-4b__Bentel_iter_3,mmlu_pro_math,instance_00115,Parsed Request Count,1.0
629,mmlu_pro,Bentel rockers__qwen3.5-4b__Bentel_iter_3,mmlu_pro_math,instance_00115,Violated Request Count,0.0
630,mmlu_pro,Bentel rockers__qwen3.5-4b__Bentel_iter_3,mmlu_pro_math,instance_00115,Request Success Ratio,1.0
631,mmlu_pro,Bentel rockers__qwen3.5-4b__Bentel_iter_3,mmlu_pro_math,instance_00115,Main Score,0.0
632,mmlu_pro,Bentel rockers__qwen3.5-4b__Bentel_iter_3,mmlu_pro_math,instance_00767,Aborted,0.0
633,mmlu_pro,Bentel rockers__qwen3.5-4b__Bentel_iter_3,mmlu_pro_math,instance_00767,Lose,1.0
634,mmlu_pro,Bentel rockers__qwen3.5-4b__Bentel_iter_3,mmlu_pro_math,instance_00767,Success,0.0
635,mmlu_pro,Bentel rockers__qwen3.5-4b__Bentel_iter_3,mmlu_pro_math,instance_00767,Request Count,1.0
636,mmlu_pro,Bentel rockers__qwen3.5-4b__Bentel_iter_3,mmlu_pro_math,instance_00767,Parsed Request Count,1.0
637,mmlu_pro,Bentel rockers__qwen3.5-4b__Bentel_iter_3,mmlu_pro_math,instance_00767,Violated Request Count,0.0
638,mmlu_pro,Bentel rockers__qwen3.5-4b__Bentel_iter_3,mmlu_pro_math,instance_00767,Request Success Ratio,1.0
639,mmlu_pro,Bentel rockers__qwen3.5-4b__Bentel_iter_3,mmlu_pro_math,instance_00767,Main Score,0.0
640,mmlu_pro,Bentel rockers__qwen3.5-4b__Bentel_iter_3,mmlu_pro_math,instance_00270,Aborted,0.0
641,mmlu_pro,Bentel rockers__qwen3.5-4b__Bentel_iter_3,mmlu_pro_math,instance_00270,Lose,1.0
642,mmlu_pro,Bentel rockers__qwen3.5-4b__Bentel_iter_3,mmlu_pro_math,instance_00270,Success,0.0
643,mmlu_pro,Bentel rockers__qwen3.5-4b__Bentel_iter_3,mmlu_pro_math,instance_00270,Request Count,1.0
644,mmlu_pro,Bentel rockers__qwen3.5-4b__Bentel_iter_3,mmlu_pro_math,instance_00270,Parsed Request Count,1.0
645,mmlu_pro,Bentel rockers__qwen3.5-4b__Bentel_iter_3,mmlu_pro_math,instance_00270,Violated Request Count,0.0
646,mmlu_pro,Bentel rockers__qwen3.5-4b__Bentel_iter_3,mmlu_pro_math,instance_00270,Request Success Ratio,1.0
647,mmlu_pro,Bentel rockers__qwen3.5-4b__Bentel_iter_3,mmlu_pro_math,instance_00270,Main Score,0.0
648,mmlu_pro,Bentel rockers__qwen3.5-4b__Bentel_iter_3,mmlu_pro_math,instance_00973,Aborted,0.0
649,mmlu_pro,Bentel rockers__qwen3.5-4b__Bentel_iter_3,mmlu_pro_math,instance_00973,Lose,0.0
650,mmlu_pro,Bentel rockers__qwen3.5-4b__Bentel_iter_3,mmlu_pro_math,instance_00973,Success,1.0
651,mmlu_pro,Bentel rockers__qwen3.5-4b__Bentel_iter_3,mmlu_pro_math,instance_00973,Request Count,1.0
652,mmlu_pro,Bentel rockers__qwen3.5-4b__Bentel_iter_3,mmlu_pro_math,instance_00973,Parsed Request Count,1.0
653,mmlu_pro,Bentel rockers__qwen3.5-4b__Bentel_iter_3,mmlu_pro_math,instance_00973,Violated Request Count,0.0
654,mmlu_pro,Bentel rockers__qwen3.5-4b__Bentel_iter_3,mmlu_pro_math,instance_00973,Request Success Ratio,1.0
655,mmlu_pro,Bentel rockers__qwen3.5-4b__Bentel_iter_3,mmlu_pro_math,instance_00973,Main Score,100.0
656,mmlu_pro,Bentel rockers__qwen3.5-4b__Bentel_iter_3,mmlu_pro_math,instance_00112,Aborted,0.0
657,mmlu_pro,Bentel rockers__qwen3.5-4b__Bentel_iter_3,mmlu_pro_math,instance_00112,Lose,1.0
658,mmlu_pro,Bentel rockers__qwen3.5-4b__Bentel_iter_3,mmlu_pro_math,instance_00112,Success,0.0
659,mmlu_pro,Bentel rockers__qwen3.5-4b__Bentel_iter_3,mmlu_pro_math,instance_00112,Request Count,1.0
660,mmlu_pro,Bentel rockers__qwen3.5-4b__Bentel_iter_3,mmlu_pro_math,instance_00112,Parsed Request Count,1.0
661,mmlu_pro,Bentel rockers__qwen3.5-4b__Bentel_iter_3,mmlu_pro_math,instance_00112,Violated Request Count,0.0
662,mmlu_pro,Bentel rockers__qwen3.5-4b__Bentel_iter_3,mmlu_pro_math,instance_00112,Request Success Ratio,1.0
663,mmlu_pro,Bentel rockers__qwen3.5-4b__Bentel_iter_3,mmlu_pro_math,instance_00112,Main Score,0.0
664,mmlu_pro,Bentel rockers__qwen3.5-4b__Bentel_iter_3,mmlu_pro_math,instance_01296,Aborted,0.0
665,mmlu_pro,Bentel rockers__qwen3.5-4b__Bentel_iter_3,mmlu_pro_math,instance_01296,Lose,1.0
666,mmlu_pro,Bentel rockers__qwen3.5-4b__Bentel_iter_3,mmlu_pro_math,instance_01296,Success,0.0
667,mmlu_pro,Bentel rockers__qwen3.5-4b__Bentel_iter_3,mmlu_pro_math,instance_01296,Request Count,1.0
668,mmlu_pro,Bentel rockers__qwen3.5-4b__Bentel_iter_3,mmlu_pro_math,instance_01296,Parsed Request Count,1.0
669,mmlu_pro,Bentel rockers__qwen3.5-4b__Bentel_iter_3,mmlu_pro_math,instance_01296,Violated Request Count,0.0
670,mmlu_pro,Bentel rockers__qwen3.5-4b__Bentel_iter_3,mmlu_pro_math,instance_01296,Request Success Ratio,1.0
671,mmlu_pro,Bentel rockers__qwen3.5-4b__Bentel_iter_3,mmlu_pro_math,instance_01296,Main Score,0.0
672,mmlu_pro,Bentel rockers__qwen3.5-4b__Bentel_iter_3,mmlu_pro_math,instance_00546,Aborted,0.0
673,mmlu_pro,Bentel rockers__qwen3.5-4b__Bentel_iter_3,mmlu_pro_math,instance_00546,Lose,0.0
674,mmlu_pro,Bentel rockers__qwen3.5-4b__Bentel_iter_3,mmlu_pro_math,instance_00546,Success,1.0
675,mmlu_pro,Bentel rockers__qwen3.5-4b__Bentel_iter_3,mmlu_pro_math,instance_00546,Request Count,1.0
676,mmlu_pro,Bentel rockers__qwen3.5-4b__Bentel_iter_3,mmlu_pro_math,instance_00546,Parsed Request Count,1.0
677,mmlu_pro,Bentel rockers__qwen3.5-4b__Bentel_iter_3,mmlu_pro_math,instance_00546,Violated Request Count,0.0
678,mmlu_pro,Bentel rockers__qwen3.5-4b__Bentel_iter_3,mmlu_pro_math,instance_00546,Request Success Ratio,1.0
679,mmlu_pro,Bentel rockers__qwen3.5-4b__Bentel_iter_3,mmlu_pro_math,instance_00546,Main Score,100.0
680,mmlu_pro,Bentel rockers__qwen3.5-4b__Bentel_iter_3,mmlu_pro_math,instance_00574,Aborted,0.0
681,mmlu_pro,Bentel rockers__qwen3.5-4b__Bentel_iter_3,mmlu_pro_math,instance_00574,Lose,1.0
682,mmlu_pro,Bentel rockers__qwen3.5-4b__Bentel_iter_3,mmlu_pro_math,instance_00574,Success,0.0
683,mmlu_pro,Bentel rockers__qwen3.5-4b__Bentel_iter_3,mmlu_pro_math,instance_00574,Request Count,1.0
684,mmlu_pro,Bentel rockers__qwen3.5-4b__Bentel_iter_3,mmlu_pro_math,instance_00574,Parsed Request Count,1.0
685,mmlu_pro,Bentel rockers__qwen3.5-4b__Bentel_iter_3,mmlu_pro_math,instance_00574,Violated Request Count,0.0
686,mmlu_pro,Bentel rockers__qwen3.5-4b__Bentel_iter_3,mmlu_pro_math,instance_00574,Request Success Ratio,1.0
687,mmlu_pro,Bentel rockers__qwen3.5-4b__Bentel_iter_3,mmlu_pro_math,instance_00574,Main Score,0.0
688,mmlu_pro,Bentel rockers__qwen3.5-4b__Bentel_iter_3,mmlu_pro_philosophy,instance_00009,Aborted,0.0
689,mmlu_pro,Bentel rockers__qwen3.5-4b__Bentel_iter_3,mmlu_pro_philosophy,instance_00009,Lose,1.0
690,mmlu_pro,Bentel rockers__qwen3.5-4b__Bentel_iter_3,mmlu_pro_philosophy,instance_00009,Success,0.0
691,mmlu_pro,Bentel rockers__qwen3.5-4b__Bentel_iter_3,mmlu_pro_philosophy,instance_00009,Request Count,1.0
692,mmlu_pro,Bentel rockers__qwen3.5-4b__Bentel_iter_3,mmlu_pro_philosophy,instance_00009,Parsed Request Count,1.0
693,mmlu_pro,Bentel rockers__qwen3.5-4b__Bentel_iter_3,mmlu_pro_philosophy,instance_00009,Violated Request Count,0.0
694,mmlu_pro,Bentel rockers__qwen3.5-4b__Bentel_iter_3,mmlu_pro_philosophy,instance_00009,Request Success Ratio,1.0
695,mmlu_pro,Bentel rockers__qwen3.5-4b__Bentel_iter_3,mmlu_pro_philosophy,instance_00009,Main Score,0.0
696,mmlu_pro,Bentel rockers__qwen3.5-4b__Bentel_iter_3,mmlu_pro_philosophy,instance_00250,Aborted,0.0
697,mmlu_pro,Bentel rockers__qwen3.5-4b__Bentel_iter_3,mmlu_pro_philosophy,instance_00250,Lose,0.0
698,mmlu_pro,Bentel rockers__qwen3.5-4b__Bentel_iter_3,mmlu_pro_philosophy,instance_00250,Success,1.0
699,mmlu_pro,Bentel rockers__qwen3.5-4b__Bentel_iter_3,mmlu_pro_philosophy,instance_00250,Request Count,1.0
700,mmlu_pro,Bentel rockers__qwen3.5-4b__Bentel_iter_3,mmlu_pro_philosophy,instance_00250,Parsed Request Count,1.0
701,mmlu_pro,Bentel rockers__qwen3.5-4b__Bentel_iter_3,mmlu_pro_philosophy,instance_00250,Violated Request Count,0.0
702,mmlu_pro,Bentel rockers__qwen3.5-4b__Bentel_iter_3,mmlu_pro_philosophy,instance_00250,Request Success Ratio,1.0
703,mmlu_pro,Bentel rockers__qwen3.5-4b__Bentel_iter_3,mmlu_pro_philosophy,instance_00250,Main Score,100.0
704,mmlu_pro,Bentel rockers__qwen3.5-4b__Bentel_iter_3,mmlu_pro_philosophy,instance_00124,Aborted,0.0
705,mmlu_pro,Bentel rockers__qwen3.5-4b__Bentel_iter_3,mmlu_pro_philosophy,instance_00124,Lose,1.0
706,mmlu_pro,Bentel rockers__qwen3.5-4b__Bentel_iter_3,mmlu_pro_philosophy,instance_00124,Success,0.0
707,mmlu_pro,Bentel rockers__qwen3.5-4b__Bentel_iter_3,mmlu_pro_philosophy,instance_00124,Request Count,1.0
708,mmlu_pro,Bentel rockers__qwen3.5-4b__Bentel_iter_3,mmlu_pro_philosophy,instance_00124,Parsed Request Count,1.0
709,mmlu_pro,Bentel rockers__qwen3.5-4b__Bentel_iter_3,mmlu_pro_philosophy,instance_00124,Violated Request Count,0.0
710,mmlu_pro,Bentel rockers__qwen3.5-4b__Bentel_iter_3,mmlu_pro_philosophy,instance_00124,Request Success Ratio,1.0
711,mmlu_pro,Bentel rockers__qwen3.5-4b__Bentel_iter_3,mmlu_pro_philosophy,instance_00124,Main Score,0.0
712,mmlu_pro,Bentel rockers__qwen3.5-4b__Bentel_iter_3,mmlu_pro_philosophy,instance_00421,Aborted,0.0
713,mmlu_pro,Bentel rockers__qwen3.5-4b__Bentel_iter_3,mmlu_pro_philosophy,instance_00421,Lose,0.0
714,mmlu_pro,Bentel rockers__qwen3.5-4b__Bentel_iter_3,mmlu_pro_philosophy,instance_00421,Success,1.0
715,mmlu_pro,Bentel rockers__qwen3.5-4b__Bentel_iter_3,mmlu_pro_philosophy,instance_00421,Request Count,1.0
716,mmlu_pro,Bentel rockers__qwen3.5-4b__Bentel_iter_3,mmlu_pro_philosophy,instance_00421,Parsed Request Count,1.0
717,mmlu_pro,Bentel rockers__qwen3.5-4b__Bentel_iter_3,mmlu_pro_philosophy,instance_00421,Violated Request Count,0.0
718,mmlu_pro,Bentel rockers__qwen3.5-4b__Bentel_iter_3,mmlu_pro_philosophy,instance_00421,Request Success Ratio,1.0
719,mmlu_pro,Bentel rockers__qwen3.5-4b__Bentel_iter_3,mmlu_pro_philosophy,instance_00421,Main Score,100.0
720,mmlu_pro,Bentel rockers__qwen3.5-4b__Bentel_iter_3,mmlu_pro_history,instance_00066,Aborted,0.0
721,mmlu_pro,Bentel rockers__qwen3.5-4b__Bentel_iter_3,mmlu_pro_history,instance_00066,Lose,0.0
722,mmlu_pro,Bentel rockers__qwen3.5-4b__Bentel_iter_3,mmlu_pro_history,instance_00066,Success,1.0
723,mmlu_pro,Bentel rockers__qwen3.5-4b__Bentel_iter_3,mmlu_pro_history,instance_00066,Request Count,1.0
724,mmlu_pro,Bentel rockers__qwen3.5-4b__Bentel_iter_3,mmlu_pro_history,instance_00066,Parsed Request Count,1.0
725,mmlu_pro,Bentel rockers__qwen3.5-4b__Bentel_iter_3,mmlu_pro_history,instance_00066,Violated Request Count,0.0
726,mmlu_pro,Bentel rockers__qwen3.5-4b__Bentel_iter_3,mmlu_pro_history,instance_00066,Request Success Ratio,1.0
727,mmlu_pro,Bentel rockers__qwen3.5-4b__Bentel_iter_3,mmlu_pro_history,instance_00066,Main Score,100.0
728,mmlu_pro,Bentel rockers__qwen3.5-4b__Bentel_iter_3,mmlu_pro_history,instance_00250,Aborted,0.0
729,mmlu_pro,Bentel rockers__qwen3.5-4b__Bentel_iter_3,mmlu_pro_history,instance_00250,Lose,0.0
730,mmlu_pro,Bentel rockers__qwen3.5-4b__Bentel_iter_3,mmlu_pro_history,instance_00250,Success,1.0
731,mmlu_pro,Bentel rockers__qwen3.5-4b__Bentel_iter_3,mmlu_pro_history,instance_00250,Request Count,1.0
732,mmlu_pro,Bentel rockers__qwen3.5-4b__Bentel_iter_3,mmlu_pro_history,instance_00250,Parsed Request Count,1.0
733,mmlu_pro,Bentel rockers__qwen3.5-4b__Bentel_iter_3,mmlu_pro_history,instance_00250,Violated Request Count,0.0
734,mmlu_pro,Bentel rockers__qwen3.5-4b__Bentel_iter_3,mmlu_pro_history,instance_00250,Request Success Ratio,1.0
735,mmlu_pro,Bentel rockers__qwen3.5-4b__Bentel_iter_3,mmlu_pro_history,instance_00250,Main Score,100.0
736,mmlu_pro,Bentel rockers__qwen3.5-4b__Bentel_iter_3,mmlu_pro_history,instance_00109,Aborted,0.0
737,mmlu_pro,Bentel rockers__qwen3.5-4b__Bentel_iter_3,mmlu_pro_history,instance_00109,Lose,0.0
738,mmlu_pro,Bentel rockers__qwen3.5-4b__Bentel_iter_3,mmlu_pro_history,instance_00109,Success,1.0
739,mmlu_pro,Bentel rockers__qwen3.5-4b__Bentel_iter_3,mmlu_pro_history,instance_00109,Request Count,1.0
740,mmlu_pro,Bentel rockers__qwen3.5-4b__Bentel_iter_3,mmlu_pro_history,instance_00109,Parsed Request Count,1.0
741,mmlu_pro,Bentel rockers__qwen3.5-4b__Bentel_iter_3,mmlu_pro_history,instance_00109,Violated Request Count,0.0
742,mmlu_pro,Bentel rockers__qwen3.5-4b__Bentel_iter_3,mmlu_pro_history,instance_00109,Request Success Ratio,1.0
743,mmlu_pro,Bentel rockers__qwen3.5-4b__Bentel_iter_3,mmlu_pro_history,instance_00109,Main Score,100.0
744,mmlu_pro,Bentel rockers__qwen3.5-4b__Bentel_iter_3,mmlu_pro_health,instance_00009,Aborted,0.0
745,mmlu_pro,Bentel rockers__qwen3.5-4b__Bentel_iter_3,mmlu_pro_health,instance_00009,Lose,0.0
746,mmlu_pro,Bentel rockers__qwen3.5-4b__Bentel_iter_3,mmlu_pro_health,instance_00009,Success,1.0
747,mmlu_pro,Bentel rockers__qwen3.5-4b__Bentel_iter_3,mmlu_pro_health,instance_00009,Request Count,1.0
748,mmlu_pro,Bentel rockers__qwen3.5-4b__Bentel_iter_3,mmlu_pro_health,instance_00009,Parsed Request Count,1.0
749,mmlu_pro,Bentel rockers__qwen3.5-4b__Bentel_iter_3,mmlu_pro_health,instance_00009,Violated Request Count,0.0
750,mmlu_pro,Bentel rockers__qwen3.5-4b__Bentel_iter_3,mmlu_pro_health,instance_00009,Request Success Ratio,1.0
751,mmlu_pro,Bentel rockers__qwen3.5-4b__Bentel_iter_3,mmlu_pro_health,instance_00009,Main Score,100.0
752,mmlu_pro,Bentel rockers__qwen3.5-4b__Bentel_iter_3,mmlu_pro_health,instance_00643,Aborted,0.0
753,mmlu_pro,Bentel rockers__qwen3.5-4b__Bentel_iter_3,mmlu_pro_health,instance_00643,Lose,0.0
754,mmlu_pro,Bentel rockers__qwen3.5-4b__Bentel_iter_3,mmlu_pro_health,instance_00643,Success,1.0
755,mmlu_pro,Bentel rockers__qwen3.5-4b__Bentel_iter_3,mmlu_pro_health,instance_00643,Request Count,1.0
756,mmlu_pro,Bentel rockers__qwen3.5-4b__Bentel_iter_3,mmlu_pro_health,instance_00643,Parsed Request Count,1.0
757,mmlu_pro,Bentel rockers__qwen3.5-4b__Bentel_iter_3,mmlu_pro_health,instance_00643,Violated Request Count,0.0
758,mmlu_pro,Bentel rockers__qwen3.5-4b__Bentel_iter_3,mmlu_pro_health,instance_00643,Request Success Ratio,1.0
759,mmlu_pro,Bentel rockers__qwen3.5-4b__Bentel_iter_3,mmlu_pro_health,instance_00643,Main Score,100.0
760,mmlu_pro,Bentel rockers__qwen3.5-4b__Bentel_iter_3,mmlu_pro_health,instance_00174,Aborted,0.0
761,mmlu_pro,Bentel rockers__qwen3.5-4b__Bentel_iter_3,mmlu_pro_health,instance_00174,Lose,1.0
762,mmlu_pro,Bentel rockers__qwen3.5-4b__Bentel_iter_3,mmlu_pro_health,instance_00174,Success,0.0
763,mmlu_pro,Bentel rockers__qwen3.5-4b__Bentel_iter_3,mmlu_pro_health,instance_00174,Request Count,1.0
764,mmlu_pro,Bentel rockers__qwen3.5-4b__Bentel_iter_3,mmlu_pro_health,instance_00174,Parsed Request Count,1.0
765,mmlu_pro,Bentel rockers__qwen3.5-4b__Bentel_iter_3,mmlu_pro_health,instance_00174,Violated Request Count,0.0
766,mmlu_pro,Bentel rockers__qwen3.5-4b__Bentel_iter_3,mmlu_pro_health,instance_00174,Request Success Ratio,1.0
767,mmlu_pro,Bentel rockers__qwen3.5-4b__Bentel_iter_3,mmlu_pro_health,instance_00174,Main Score,0.0
768,mmlu_pro,Bentel rockers__qwen3.5-4b__Bentel_iter_3,mmlu_pro_health,instance_00284,Aborted,0.0
769,mmlu_pro,Bentel rockers__qwen3.5-4b__Bentel_iter_3,mmlu_pro_health,instance_00284,Lose,0.0
770,mmlu_pro,Bentel rockers__qwen3.5-4b__Bentel_iter_3,mmlu_pro_health,instance_00284,Success,1.0
771,mmlu_pro,Bentel rockers__qwen3.5-4b__Bentel_iter_3,mmlu_pro_health,instance_00284,Request Count,1.0
772,mmlu_pro,Bentel rockers__qwen3.5-4b__Bentel_iter_3,mmlu_pro_health,instance_00284,Parsed Request Count,1.0
773,mmlu_pro,Bentel rockers__qwen3.5-4b__Bentel_iter_3,mmlu_pro_health,instance_00284,Violated Request Count,0.0
774,mmlu_pro,Bentel rockers__qwen3.5-4b__Bentel_iter_3,mmlu_pro_health,instance_00284,Request Success Ratio,1.0
775,mmlu_pro,Bentel rockers__qwen3.5-4b__Bentel_iter_3,mmlu_pro_health,instance_00284,Main Score,100.0
776,mmlu_pro,Bentel rockers__qwen3.5-4b__Bentel_iter_3,mmlu_pro_health,instance_00390,Aborted,0.0
777,mmlu_pro,Bentel rockers__qwen3.5-4b__Bentel_iter_3,mmlu_pro_health,instance_00390,Lose,0.0
778,mmlu_pro,Bentel rockers__qwen3.5-4b__Bentel_iter_3,mmlu_pro_health,instance_00390,Success,1.0
779,mmlu_pro,Bentel rockers__qwen3.5-4b__Bentel_iter_3,mmlu_pro_health,instance_00390,Request Count,1.0
780,mmlu_pro,Bentel rockers__qwen3.5-4b__Bentel_iter_3,mmlu_pro_health,instance_00390,Parsed Request Count,1.0
781,mmlu_pro,Bentel rockers__qwen3.5-4b__Bentel_iter_3,mmlu_pro_health,instance_00390,Violated Request Count,0.0
782,mmlu_pro,Bentel rockers__qwen3.5-4b__Bentel_iter_3,mmlu_pro_health,instance_00390,Request Success Ratio,1.0
783,mmlu_pro,Bentel rockers__qwen3.5-4b__Bentel_iter_3,mmlu_pro_health,instance_00390,Main Score,100.0
784,mmlu_pro,Bentel rockers__qwen3.5-4b__Bentel_iter_3,mmlu_pro_health,instance_00078,Aborted,0.0
785,mmlu_pro,Bentel rockers__qwen3.5-4b__Bentel_iter_3,mmlu_pro_health,instance_00078,Lose,1.0
786,mmlu_pro,Bentel rockers__qwen3.5-4b__Bentel_iter_3,mmlu_pro_health,instance_00078,Success,0.0
787,mmlu_pro,Bentel rockers__qwen3.5-4b__Bentel_iter_3,mmlu_pro_health,instance_00078,Request Count,1.0
788,mmlu_pro,Bentel rockers__qwen3.5-4b__Bentel_iter_3,mmlu_pro_health,instance_00078,Parsed Request Count,1.0
789,mmlu_pro,Bentel rockers__qwen3.5-4b__Bentel_iter_3,mmlu_pro_health,instance_00078,Violated Request Count,0.0
790,mmlu_pro,Bentel rockers__qwen3.5-4b__Bentel_iter_3,mmlu_pro_health,instance_00078,Request Success Ratio,1.0
791,mmlu_pro,Bentel rockers__qwen3.5-4b__Bentel_iter_3,mmlu_pro_health,instance_00078,Main Score,0.0
792,mmlu_pro,Bentel rockers__qwen3.5-4b__Bentel_iter_3,mmlu_pro_health,instance_00702,Aborted,0.0
793,mmlu_pro,Bentel rockers__qwen3.5-4b__Bentel_iter_3,mmlu_pro_health,instance_00702,Lose,1.0
794,mmlu_pro,Bentel rockers__qwen3.5-4b__Bentel_iter_3,mmlu_pro_health,instance_00702,Success,0.0
795,mmlu_pro,Bentel rockers__qwen3.5-4b__Bentel_iter_3,mmlu_pro_health,instance_00702,Request Count,1.0
796,mmlu_pro,Bentel rockers__qwen3.5-4b__Bentel_iter_3,mmlu_pro_health,instance_00702,Parsed Request Count,1.0
797,mmlu_pro,Bentel rockers__qwen3.5-4b__Bentel_iter_3,mmlu_pro_health,instance_00702,Violated Request Count,0.0
798,mmlu_pro,Bentel rockers__qwen3.5-4b__Bentel_iter_3,mmlu_pro_health,instance_00702,Request Success Ratio,1.0
799,mmlu_pro,Bentel rockers__qwen3.5-4b__Bentel_iter_3,mmlu_pro_health,instance_00702,Main Score,0.0
800,mmlu_pro,Bentel rockers__qwen3.5-4b__Bentel_iter_3,mmlu_pro_health,instance_00057,Aborted,0.0
801,mmlu_pro,Bentel rockers__qwen3.5-4b__Bentel_iter_3,mmlu_pro_health,instance_00057,Lose,1.0
802,mmlu_pro,Bentel rockers__qwen3.5-4b__Bentel_iter_3,mmlu_pro_health,instance_00057,Success,0.0
803,mmlu_pro,Bentel rockers__qwen3.5-4b__Bentel_iter_3,mmlu_pro_health,instance_00057,Request Count,1.0
804,mmlu_pro,Bentel rockers__qwen3.5-4b__Bentel_iter_3,mmlu_pro_health,instance_00057,Parsed Request Count,1.0
805,mmlu_pro,Bentel rockers__qwen3.5-4b__Bentel_iter_3,mmlu_pro_health,instance_00057,Violated Request Count,0.0
806,mmlu_pro,Bentel rockers__qwen3.5-4b__Bentel_iter_3,mmlu_pro_health,instance_00057,Request Success Ratio,1.0
807,mmlu_pro,Bentel rockers__qwen3.5-4b__Bentel_iter_3,mmlu_pro_health,instance_00057,Main Score,0.0
808,mmlu_pro,Bentel rockers__qwen3.5-4b__Bentel_iter_3,mmlu_pro_physics,instance_00244,Aborted,0.0
809,mmlu_pro,Bentel rockers__qwen3.5-4b__Bentel_iter_3,mmlu_pro_physics,instance_00244,Lose,1.0
810,mmlu_pro,Bentel rockers__qwen3.5-4b__Bentel_iter_3,mmlu_pro_physics,instance_00244,Success,0.0
811,mmlu_pro,Bentel rockers__qwen3.5-4b__Bentel_iter_3,mmlu_pro_physics,instance_00244,Request Count,1.0
812,mmlu_pro,Bentel rockers__qwen3.5-4b__Bentel_iter_3,mmlu_pro_physics,instance_00244,Parsed Request Count,1.0
813,mmlu_pro,Bentel rockers__qwen3.5-4b__Bentel_iter_3,mmlu_pro_physics,instance_00244,Violated Request Count,0.0
814,mmlu_pro,Bentel rockers__qwen3.5-4b__Bentel_iter_3,mmlu_pro_physics,instance_00244,Request Success Ratio,1.0
815,mmlu_pro,Bentel rockers__qwen3.5-4b__Bentel_iter_3,mmlu_pro_physics,instance_00244,Main Score,0.0
816,mmlu_pro,Bentel rockers__qwen3.5-4b__Bentel_iter_3,mmlu_pro_physics,instance_01035,Aborted,0.0
817,mmlu_pro,Bentel rockers__qwen3.5-4b__Bentel_iter_3,mmlu_pro_physics,instance_01035,Lose,1.0
818,mmlu_pro,Bentel rockers__qwen3.5-4b__Bentel_iter_3,mmlu_pro_physics,instance_01035,Success,0.0
819,mmlu_pro,Bentel rockers__qwen3.5-4b__Bentel_iter_3,mmlu_pro_physics,instance_01035,Request Count,1.0
820,mmlu_pro,Bentel rockers__qwen3.5-4b__Bentel_iter_3,mmlu_pro_physics,instance_01035,Parsed Request Count,1.0
821,mmlu_pro,Bentel rockers__qwen3.5-4b__Bentel_iter_3,mmlu_pro_physics,instance_01035,Violated Request Count,0.0
822,mmlu_pro,Bentel rockers__qwen3.5-4b__Bentel_iter_3,mmlu_pro_physics,instance_01035,Request Success Ratio,1.0
823,mmlu_pro,Bentel rockers__qwen3.5-4b__Bentel_iter_3,mmlu_pro_physics,instance_01035,Main Score,0.0
824,mmlu_pro,Bentel rockers__qwen3.5-4b__Bentel_iter_3,mmlu_pro_physics,instance_00597,Aborted,0.0
825,mmlu_pro,Bentel rockers__qwen3.5-4b__Bentel_iter_3,mmlu_pro_physics,instance_00597,Lose,1.0
826,mmlu_pro,Bentel rockers__qwen3.5-4b__Bentel_iter_3,mmlu_pro_physics,instance_00597,Success,0.0
827,mmlu_pro,Bentel rockers__qwen3.5-4b__Bentel_iter_3,mmlu_pro_physics,instance_00597,Request Count,1.0
828,mmlu_pro,Bentel rockers__qwen3.5-4b__Bentel_iter_3,mmlu_pro_physics,instance_00597,Parsed Request Count,1.0
829,mmlu_pro,Bentel rockers__qwen3.5-4b__Bentel_iter_3,mmlu_pro_physics,instance_00597,Violated Request Count,0.0
830,mmlu_pro,Bentel rockers__qwen3.5-4b__Bentel_iter_3,mmlu_pro_physics,instance_00597,Request Success Ratio,1.0
831,mmlu_pro,Bentel rockers__qwen3.5-4b__Bentel_iter_3,mmlu_pro_physics,instance_00597,Main Score,0.0
832,mmlu_pro,Bentel rockers__qwen3.5-4b__Bentel_iter_3,mmlu_pro_physics,instance_00187,Aborted,0.0
833,mmlu_pro,Bentel rockers__qwen3.5-4b__Bentel_iter_3,mmlu_pro_physics,instance_00187,Lose,0.0
834,mmlu_pro,Bentel rockers__qwen3.5-4b__Bentel_iter_3,mmlu_pro_physics,instance_00187,Success,1.0
835,mmlu_pro,Bentel rockers__qwen3.5-4b__Bentel_iter_3,mmlu_pro_physics,instance_00187,Request Count,1.0
836,mmlu_pro,Bentel rockers__qwen3.5-4b__Bentel_iter_3,mmlu_pro_physics,instance_00187,Parsed Request Count,1.0
837,mmlu_pro,Bentel rockers__qwen3.5-4b__Bentel_iter_3,mmlu_pro_physics,instance_00187,Violated Request Count,0.0
838,mmlu_pro,Bentel rockers__qwen3.5-4b__Bentel_iter_3,mmlu_pro_physics,instance_00187,Request Success Ratio,1.0
839,mmlu_pro,Bentel rockers__qwen3.5-4b__Bentel_iter_3,mmlu_pro_physics,instance_00187,Main Score,100.0
840,mmlu_pro,Bentel rockers__qwen3.5-4b__Bentel_iter_3,mmlu_pro_physics,instance_00887,Aborted,0.0
841,mmlu_pro,Bentel rockers__qwen3.5-4b__Bentel_iter_3,mmlu_pro_physics,instance_00887,Lose,0.0
842,mmlu_pro,Bentel rockers__qwen3.5-4b__Bentel_iter_3,mmlu_pro_physics,instance_00887,Success,1.0
843,mmlu_pro,Bentel rockers__qwen3.5-4b__Bentel_iter_3,mmlu_pro_physics,instance_00887,Request Count,1.0
844,mmlu_pro,Bentel rockers__qwen3.5-4b__Bentel_iter_3,mmlu_pro_physics,instance_00887,Parsed Request Count,1.0
845,mmlu_pro,Bentel rockers__qwen3.5-4b__Bentel_iter_3,mmlu_pro_physics,instance_00887,Violated Request Count,0.0
846,mmlu_pro,Bentel rockers__qwen3.5-4b__Bentel_iter_3,mmlu_pro_physics,instance_00887,Request Success Ratio,1.0
847,mmlu_pro,Bentel rockers__qwen3.5-4b__Bentel_iter_3,mmlu_pro_physics,instance_00887,Main Score,100.0
848,mmlu_pro,Bentel rockers__qwen3.5-4b__Bentel_iter_3,mmlu_pro_physics,instance_01217,Aborted,0.0
849,mmlu_pro,Bentel rockers__qwen3.5-4b__Bentel_iter_3,mmlu_pro_physics,instance_01217,Lose,1.0
850,mmlu_pro,Bentel rockers__qwen3.5-4b__Bentel_iter_3,mmlu_pro_physics,instance_01217,Success,0.0
851,mmlu_pro,Bentel rockers__qwen3.5-4b__Bentel_iter_3,mmlu_pro_physics,instance_01217,Request Count,1.0
852,mmlu_pro,Bentel rockers__qwen3.5-4b__Bentel_iter_3,mmlu_pro_physics,instance_01217,Parsed Request Count,1.0
853,mmlu_pro,Bentel rockers__qwen3.5-4b__Bentel_iter_3,mmlu_pro_physics,instance_01217,Violated Request Count,0.0
854,mmlu_pro,Bentel rockers__qwen3.5-4b__Bentel_iter_3,mmlu_pro_physics,instance_01217,Request Success Ratio,1.0
855,mmlu_pro,Bentel rockers__qwen3.5-4b__Bentel_iter_3,mmlu_pro_physics,instance_01217,Main Score,0.0
856,mmlu_pro,Bentel rockers__qwen3.5-4b__Bentel_iter_3,mmlu_pro_physics,instance_00406,Aborted,0.0
857,mmlu_pro,Bentel rockers__qwen3.5-4b__Bentel_iter_3,mmlu_pro_physics,instance_00406,Lose,1.0
858,mmlu_pro,Bentel rockers__qwen3.5-4b__Bentel_iter_3,mmlu_pro_physics,instance_00406,Success,0.0
859,mmlu_pro,Bentel rockers__qwen3.5-4b__Bentel_iter_3,mmlu_pro_physics,instance_00406,Request Count,1.0
860,mmlu_pro,Bentel rockers__qwen3.5-4b__Bentel_iter_3,mmlu_pro_physics,instance_00406,Parsed Request Count,1.0
861,mmlu_pro,Bentel rockers__qwen3.5-4b__Bentel_iter_3,mmlu_pro_physics,instance_00406,Violated Request Count,0.0
862,mmlu_pro,Bentel rockers__qwen3.5-4b__Bentel_iter_3,mmlu_pro_physics,instance_00406,Request Success Ratio,1.0
863,mmlu_pro,Bentel rockers__qwen3.5-4b__Bentel_iter_3,mmlu_pro_physics,instance_00406,Main Score,0.0
864,mmlu_pro,Bentel rockers__qwen3.5-4b__Bentel_iter_3,mmlu_pro_physics,instance_00841,Aborted,0.0
865,mmlu_pro,Bentel rockers__qwen3.5-4b__Bentel_iter_3,mmlu_pro_physics,instance_00841,Lose,1.0
866,mmlu_pro,Bentel rockers__qwen3.5-4b__Bentel_iter_3,mmlu_pro_physics,instance_00841,Success,0.0
867,mmlu_pro,Bentel rockers__qwen3.5-4b__Bentel_iter_3,mmlu_pro_physics,instance_00841,Request Count,1.0
868,mmlu_pro,Bentel rockers__qwen3.5-4b__Bentel_iter_3,mmlu_pro_physics,instance_00841,Parsed Request Count,1.0
869,mmlu_pro,Bentel rockers__qwen3.5-4b__Bentel_iter_3,mmlu_pro_physics,instance_00841,Violated Request Count,0.0
870,mmlu_pro,Bentel rockers__qwen3.5-4b__Bentel_iter_3,mmlu_pro_physics,instance_00841,Request Success Ratio,1.0
871,mmlu_pro,Bentel rockers__qwen3.5-4b__Bentel_iter_3,mmlu_pro_physics,instance_00841,Main Score,0.0
872,mmlu_pro,Bentel rockers__qwen3.5-4b__Bentel_iter_3,mmlu_pro_physics,instance_00130,Aborted,0.0
873,mmlu_pro,Bentel rockers__qwen3.5-4b__Bentel_iter_3,mmlu_pro_physics,instance_00130,Lose,1.0
874,mmlu_pro,Bentel rockers__qwen3.5-4b__Bentel_iter_3,mmlu_pro_physics,instance_00130,Success,0.0
875,mmlu_pro,Bentel rockers__qwen3.5-4b__Bentel_iter_3,mmlu_pro_physics,instance_00130,Request Count,1.0
876,mmlu_pro,Bentel rockers__qwen3.5-4b__Bentel_iter_3,mmlu_pro_physics,instance_00130,Parsed Request Count,1.0
877,mmlu_pro,Bentel rockers__qwen3.5-4b__Bentel_iter_3,mmlu_pro_physics,instance_00130,Violated Request Count,0.0
878,mmlu_pro,Bentel rockers__qwen3.5-4b__Bentel_iter_3,mmlu_pro_physics,instance_00130,Request Success Ratio,1.0
879,mmlu_pro,Bentel rockers__qwen3.5-4b__Bentel_iter_3,mmlu_pro_physics,instance_00130,Main Score,0.0
880,mmlu_pro,Bentel rockers__qwen3.5-4b__Bentel_iter_3,mmlu_pro_physics,instance_00988,Aborted,0.0
881,mmlu_pro,Bentel rockers__qwen3.5-4b__Bentel_iter_3,mmlu_pro_physics,instance_00988,Lose,1.0
882,mmlu_pro,Bentel rockers__qwen3.5-4b__Bentel_iter_3,mmlu_pro_physics,instance_00988,Success,0.0
883,mmlu_pro,Bentel rockers__qwen3.5-4b__Bentel_iter_3,mmlu_pro_physics,instance_00988,Request Count,1.0
884,mmlu_pro,Bentel rockers__qwen3.5-4b__Bentel_iter_3,mmlu_pro_physics,instance_00988,Parsed Request Count,1.0
885,mmlu_pro,Bentel rockers__qwen3.5-4b__Bentel_iter_3,mmlu_pro_physics,instance_00988,Violated Request Count,0.0
886,mmlu_pro,Bentel rockers__qwen3.5-4b__Bentel_iter_3,mmlu_pro_physics,instance_00988,Request Success Ratio,1.0
887,mmlu_pro,Bentel rockers__qwen3.5-4b__Bentel_iter_3,mmlu_pro_physics,instance_00988,Main Score,0.0
888,mmlu_pro,Bentel rockers__qwen3.5-4b__Bentel_iter_3,mmlu_pro_physics,instance_00546,Aborted,0.0
889,mmlu_pro,Bentel rockers__qwen3.5-4b__Bentel_iter_3,mmlu_pro_physics,instance_00546,Lose,1.0
890,mmlu_pro,Bentel rockers__qwen3.5-4b__Bentel_iter_3,mmlu_pro_physics,instance_00546,Success,0.0
891,mmlu_pro,Bentel rockers__qwen3.5-4b__Bentel_iter_3,mmlu_pro_physics,instance_00546,Request Count,1.0
892,mmlu_pro,Bentel rockers__qwen3.5-4b__Bentel_iter_3,mmlu_pro_physics,instance_00546,Parsed Request Count,1.0
893,mmlu_pro,Bentel rockers__qwen3.5-4b__Bentel_iter_3,mmlu_pro_physics,instance_00546,Violated Request Count,0.0
894,mmlu_pro,Bentel rockers__qwen3.5-4b__Bentel_iter_3,mmlu_pro_physics,instance_00546,Request Success Ratio,1.0
895,mmlu_pro,Bentel rockers__qwen3.5-4b__Bentel_iter_3,mmlu_pro_physics,instance_00546,Main Score,0.0
896,mmlu_pro,Bentel rockers__qwen3.5-4b__Bentel_iter_3,mmlu_pro_physics,instance_01263,Aborted,0.0
897,mmlu_pro,Bentel rockers__qwen3.5-4b__Bentel_iter_3,mmlu_pro_physics,instance_01263,Lose,1.0
898,mmlu_pro,Bentel rockers__qwen3.5-4b__Bentel_iter_3,mmlu_pro_physics,instance_01263,Success,0.0
899,mmlu_pro,Bentel rockers__qwen3.5-4b__Bentel_iter_3,mmlu_pro_physics,instance_01263,Request Count,1.0
900,mmlu_pro,Bentel rockers__qwen3.5-4b__Bentel_iter_3,mmlu_pro_physics,instance_01263,Parsed Request Count,1.0
901,mmlu_pro,Bentel rockers__qwen3.5-4b__Bentel_iter_3,mmlu_pro_physics,instance_01263,Violated Request Count,0.0
902,mmlu_pro,Bentel rockers__qwen3.5-4b__Bentel_iter_3,mmlu_pro_physics,instance_01263,Request Success Ratio,1.0
903,mmlu_pro,Bentel rockers__qwen3.5-4b__Bentel_iter_3,mmlu_pro_physics,instance_01263,Main Score,0.0
904,bbh,Bentel rockers__qwen3.5-4b__Bentel_iter_3,hyperbaton,instance_00155,Aborted,0.0
905,bbh,Bentel rockers__qwen3.5-4b__Bentel_iter_3,hyperbaton,instance_00155,Lose,0.0
906,bbh,Bentel rockers__qwen3.5-4b__Bentel_iter_3,hyperbaton,instance_00155,Success,1.0
907,bbh,Bentel rockers__qwen3.5-4b__Bentel_iter_3,hyperbaton,instance_00155,Request Count,1.0
908,bbh,Bentel rockers__qwen3.5-4b__Bentel_iter_3,hyperbaton,instance_00155,Parsed Request Count,1.0
909,bbh,Bentel rockers__qwen3.5-4b__Bentel_iter_3,hyperbaton,instance_00155,Violated Request Count,0.0
910,bbh,Bentel rockers__qwen3.5-4b__Bentel_iter_3,hyperbaton,instance_00155,Request Success Ratio,1.0
911,bbh,Bentel rockers__qwen3.5-4b__Bentel_iter_3,hyperbaton,instance_00155,Main Score,100.0
912,bbh,Bentel rockers__qwen3.5-4b__Bentel_iter_3,hyperbaton,instance_00150,Aborted,0.0
913,bbh,Bentel rockers__qwen3.5-4b__Bentel_iter_3,hyperbaton,instance_00150,Lose,1.0
914,bbh,Bentel rockers__qwen3.5-4b__Bentel_iter_3,hyperbaton,instance_00150,Success,0.0
915,bbh,Bentel rockers__qwen3.5-4b__Bentel_iter_3,hyperbaton,instance_00150,Request Count,1.0
916,bbh,Bentel rockers__qwen3.5-4b__Bentel_iter_3,hyperbaton,instance_00150,Parsed Request Count,1.0
917,bbh,Bentel rockers__qwen3.5-4b__Bentel_iter_3,hyperbaton,instance_00150,Violated Request Count,0.0
918,bbh,Bentel rockers__qwen3.5-4b__Bentel_iter_3,hyperbaton,instance_00150,Request Success Ratio,1.0
919,bbh,Bentel rockers__qwen3.5-4b__Bentel_iter_3,hyperbaton,instance_00150,Main Score,0.0
920,bbh,Bentel rockers__qwen3.5-4b__Bentel_iter_3,hyperbaton,instance_00056,Aborted,0.0
921,bbh,Bentel rockers__qwen3.5-4b__Bentel_iter_3,hyperbaton,instance_00056,Lose,1.0
922,bbh,Bentel rockers__qwen3.5-4b__Bentel_iter_3,hyperbaton,instance_00056,Success,0.0
923,bbh,Bentel rockers__qwen3.5-4b__Bentel_iter_3,hyperbaton,instance_00056,Request Count,1.0
924,bbh,Bentel rockers__qwen3.5-4b__Bentel_iter_3,hyperbaton,instance_00056,Parsed Request Count,1.0
925,bbh,Bentel rockers__qwen3.5-4b__Bentel_iter_3,hyperbaton,instance_00056,Violated Request Count,0.0
926,bbh,Bentel rockers__qwen3.5-4b__Bentel_iter_3,hyperbaton,instance_00056,Request Success Ratio,1.0
927,bbh,Bentel rockers__qwen3.5-4b__Bentel_iter_3,hyperbaton,instance_00056,Main Score,0.0
928,bbh,Bentel rockers__qwen3.5-4b__Bentel_iter_3,hyperbaton,instance_00104,Aborted,0.0
929,bbh,Bentel rockers__qwen3.5-4b__Bentel_iter_3,hyperbaton,instance_00104,Lose,1.0
930,bbh,Bentel rockers__qwen3.5-4b__Bentel_iter_3,hyperbaton,instance_00104,Success,0.0
931,bbh,Bentel rockers__qwen3.5-4b__Bentel_iter_3,hyperbaton,instance_00104,Request Count,1.0
932,bbh,Bentel rockers__qwen3.5-4b__Bentel_iter_3,hyperbaton,instance_00104,Parsed Request Count,1.0
933,bbh,Bentel rockers__qwen3.5-4b__Bentel_iter_3,hyperbaton,instance_00104,Violated Request Count,0.0
934,bbh,Bentel rockers__qwen3.5-4b__Bentel_iter_3,hyperbaton,instance_00104,Request Success Ratio,1.0
935,bbh,Bentel rockers__qwen3.5-4b__Bentel_iter_3,hyperbaton,instance_00104,Main Score,0.0
936,bbh,Bentel rockers__qwen3.5-4b__Bentel_iter_3,hyperbaton,instance_00148,Aborted,0.0
937,bbh,Bentel rockers__qwen3.5-4b__Bentel_iter_3,hyperbaton,instance_00148,Lose,0.0
938,bbh,Bentel rockers__qwen3.5-4b__Bentel_iter_3,hyperbaton,instance_00148,Success,1.0
939,bbh,Bentel rockers__qwen3.5-4b__Bentel_iter_3,hyperbaton,instance_00148,Request Count,1.0
940,bbh,Bentel rockers__qwen3.5-4b__Bentel_iter_3,hyperbaton,instance_00148,Parsed Request Count,1.0
941,bbh,Bentel rockers__qwen3.5-4b__Bentel_iter_3,hyperbaton,instance_00148,Violated Request Count,0.0
942,bbh,Bentel rockers__qwen3.5-4b__Bentel_iter_3,hyperbaton,instance_00148,Request Success Ratio,1.0
943,bbh,Bentel rockers__qwen3.5-4b__Bentel_iter_3,hyperbaton,instance_00148,Main Score,100.0
944,bbh,Bentel rockers__qwen3.5-4b__Bentel_iter_3,tracking_shuffled_objects_three_objects,instance_00008,Aborted,0.0
945,bbh,Bentel rockers__qwen3.5-4b__Bentel_iter_3,tracking_shuffled_objects_three_objects,instance_00008,Lose,1.0
946,bbh,Bentel rockers__qwen3.5-4b__Bentel_iter_3,tracking_shuffled_objects_three_objects,instance_00008,Success,0.0
947,bbh,Bentel rockers__qwen3.5-4b__Bentel_iter_3,tracking_shuffled_objects_three_objects,instance_00008,Request Count,1.0
948,bbh,Bentel rockers__qwen3.5-4b__Bentel_iter_3,tracking_shuffled_objects_three_objects,instance_00008,Parsed Request Count,1.0
949,bbh,Bentel rockers__qwen3.5-4b__Bentel_iter_3,tracking_shuffled_objects_three_objects,instance_00008,Violated Request Count,0.0
950,bbh,Bentel rockers__qwen3.5-4b__Bentel_iter_3,tracking_shuffled_objects_three_objects,instance_00008,Request Success Ratio,1.0
951,bbh,Bentel rockers__qwen3.5-4b__Bentel_iter_3,tracking_shuffled_objects_three_objects,instance_00008,Main Score,0.0
952,bbh,Bentel rockers__qwen3.5-4b__Bentel_iter_3,tracking_shuffled_objects_three_objects,instance_00075,Aborted,0.0
953,bbh,Bentel rockers__qwen3.5-4b__Bentel_iter_3,tracking_shuffled_objects_three_objects,instance_00075,Lose,1.0
954,bbh,Bentel rockers__qwen3.5-4b__Bentel_iter_3,tracking_shuffled_objects_three_objects,instance_00075,Success,0.0
955,bbh,Bentel rockers__qwen3.5-4b__Bentel_iter_3,tracking_shuffled_objects_three_objects,instance_00075,Request Count,1.0
956,bbh,Bentel rockers__qwen3.5-4b__Bentel_iter_3,tracking_shuffled_objects_three_objects,instance_00075,Parsed Request Count,1.0
957,bbh,Bentel rockers__qwen3.5-4b__Bentel_iter_3,tracking_shuffled_objects_three_objects,instance_00075,Violated Request Count,0.0
958,bbh,Bentel rockers__qwen3.5-4b__Bentel_iter_3,tracking_shuffled_objects_three_objects,instance_00075,Request Success Ratio,1.0
959,bbh,Bentel rockers__qwen3.5-4b__Bentel_iter_3,tracking_shuffled_objects_three_objects,instance_00075,Main Score,0.0
960,bbh,Bentel rockers__qwen3.5-4b__Bentel_iter_3,tracking_shuffled_objects_three_objects,instance_00058,Aborted,0.0
961,bbh,Bentel rockers__qwen3.5-4b__Bentel_iter_3,tracking_shuffled_objects_three_objects,instance_00058,Lose,1.0
962,bbh,Bentel rockers__qwen3.5-4b__Bentel_iter_3,tracking_shuffled_objects_three_objects,instance_00058,Success,0.0
963,bbh,Bentel rockers__qwen3.5-4b__Bentel_iter_3,tracking_shuffled_objects_three_objects,instance_00058,Request Count,1.0
964,bbh,Bentel rockers__qwen3.5-4b__Bentel_iter_3,tracking_shuffled_objects_three_objects,instance_00058,Parsed Request Count,1.0
965,bbh,Bentel rockers__qwen3.5-4b__Bentel_iter_3,tracking_shuffled_objects_three_objects,instance_00058,Violated Request Count,0.0
966,bbh,Bentel rockers__qwen3.5-4b__Bentel_iter_3,tracking_shuffled_objects_three_objects,instance_00058,Request Success Ratio,1.0
967,bbh,Bentel rockers__qwen3.5-4b__Bentel_iter_3,tracking_shuffled_objects_three_objects,instance_00058,Main Score,0.0
968,bbh,Bentel rockers__qwen3.5-4b__Bentel_iter_3,tracking_shuffled_objects_three_objects,instance_00158,Aborted,0.0
969,bbh,Bentel rockers__qwen3.5-4b__Bentel_iter_3,tracking_shuffled_objects_three_objects,instance_00158,Lose,1.0
970,bbh,Bentel rockers__qwen3.5-4b__Bentel_iter_3,tracking_shuffled_objects_three_objects,instance_00158,Success,0.0
971,bbh,Bentel rockers__qwen3.5-4b__Bentel_iter_3,tracking_shuffled_objects_three_objects,instance_00158,Request Count,1.0
972,bbh,Bentel rockers__qwen3.5-4b__Bentel_iter_3,tracking_shuffled_objects_three_objects,instance_00158,Parsed Request Count,1.0
973,bbh,Bentel rockers__qwen3.5-4b__Bentel_iter_3,tracking_shuffled_objects_three_objects,instance_00158,Violated Request Count,0.0
974,bbh,Bentel rockers__qwen3.5-4b__Bentel_iter_3,tracking_shuffled_objects_three_objects,instance_00158,Request Success Ratio,1.0
975,bbh,Bentel rockers__qwen3.5-4b__Bentel_iter_3,tracking_shuffled_objects_three_objects,instance_00158,Main Score,0.0
976,bbh,Bentel rockers__qwen3.5-4b__Bentel_iter_3,tracking_shuffled_objects_three_objects,instance_00241,Aborted,0.0
977,bbh,Bentel rockers__qwen3.5-4b__Bentel_iter_3,tracking_shuffled_objects_three_objects,instance_00241,Lose,1.0
978,bbh,Bentel rockers__qwen3.5-4b__Bentel_iter_3,tracking_shuffled_objects_three_objects,instance_00241,Success,0.0
979,bbh,Bentel rockers__qwen3.5-4b__Bentel_iter_3,tracking_shuffled_objects_three_objects,instance_00241,Request Count,1.0
980,bbh,Bentel rockers__qwen3.5-4b__Bentel_iter_3,tracking_shuffled_objects_three_objects,instance_00241,Parsed Request Count,1.0
981,bbh,Bentel rockers__qwen3.5-4b__Bentel_iter_3,tracking_shuffled_objects_three_objects,instance_00241,Violated Request Count,0.0
982,bbh,Bentel rockers__qwen3.5-4b__Bentel_iter_3,tracking_shuffled_objects_three_objects,instance_00241,Request Success Ratio,1.0
983,bbh,Bentel rockers__qwen3.5-4b__Bentel_iter_3,tracking_shuffled_objects_three_objects,instance_00241,Main Score,0.0
984,bbh,Bentel rockers__qwen3.5-4b__Bentel_iter_3,web_of_lies,instance_00150,Aborted,0.0
985,bbh,Bentel rockers__qwen3.5-4b__Bentel_iter_3,web_of_lies,instance_00150,Lose,1.0
986,bbh,Bentel rockers__qwen3.5-4b__Bentel_iter_3,web_of_lies,instance_00150,Success,0.0
987,bbh,Bentel rockers__qwen3.5-4b__Bentel_iter_3,web_of_lies,instance_00150,Request Count,1.0
988,bbh,Bentel rockers__qwen3.5-4b__Bentel_iter_3,web_of_lies,instance_00150,Parsed Request Count,1.0
989,bbh,Bentel rockers__qwen3.5-4b__Bentel_iter_3,web_of_lies,instance_00150,Violated Request Count,0.0
990,bbh,Bentel rockers__qwen3.5-4b__Bentel_iter_3,web_of_lies,instance_00150,Request Success Ratio,1.0
991,bbh,Bentel rockers__qwen3.5-4b__Bentel_iter_3,web_of_lies,instance_00150,Main Score,0.0
992,bbh,Bentel rockers__qwen3.5-4b__Bentel_iter_3,web_of_lies,instance_00223,Aborted,0.0
993,bbh,Bentel rockers__qwen3.5-4b__Bentel_iter_3,web_of_lies,instance_00223,Lose,1.0
994,bbh,Bentel rockers__qwen3.5-4b__Bentel_iter_3,web_of_lies,instance_00223,Success,0.0
995,bbh,Bentel rockers__qwen3.5-4b__Bentel_iter_3,web_of_lies,instance_00223,Request Count,1.0
996,bbh,Bentel rockers__qwen3.5-4b__Bentel_iter_3,web_of_lies,instance_00223,Parsed Request Count,1.0
997,bbh,Bentel rockers__qwen3.5-4b__Bentel_iter_3,web_of_lies,instance_00223,Violated Request Count,0.0
998,bbh,Bentel rockers__qwen3.5-4b__Bentel_iter_3,web_of_lies,instance_00223,Request Success Ratio,1.0
999,bbh,Bentel rockers__qwen3.5-4b__Bentel_iter_3,web_of_lies,instance_00223,Main Score,0.0
1000,bbh,Bentel rockers__qwen3.5-4b__Bentel_iter_3,web_of_lies,instance_00226,Aborted,0.0
1001,bbh,Bentel rockers__qwen3.5-4b__Bentel_iter_3,web_of_lies,instance_00226,Lose,1.0
1002,bbh,Bentel rockers__qwen3.5-4b__Bentel_iter_3,web_of_lies,instance_00226,Success,0.0
1003,bbh,Bentel rockers__qwen3.5-4b__Bentel_iter_3,web_of_lies,instance_00226,Request Count,1.0
1004,bbh,Bentel rockers__qwen3.5-4b__Bentel_iter_3,web_of_lies,instance_00226,Parsed Request Count,1.0
1005,bbh,Bentel rockers__qwen3.5-4b__Bentel_iter_3,web_of_lies,instance_00226,Violated Request Count,0.0
1006,bbh,Bentel rockers__qwen3.5-4b__Bentel_iter_3,web_of_lies,instance_00226,Request Success Ratio,1.0
1007,bbh,Bentel rockers__qwen3.5-4b__Bentel_iter_3,web_of_lies,instance_00226,Main Score,0.0
1008,bbh,Bentel rockers__qwen3.5-4b__Bentel_iter_3,web_of_lies,instance_00151,Aborted,0.0
1009,bbh,Bentel rockers__qwen3.5-4b__Bentel_iter_3,web_of_lies,instance_00151,Lose,1.0
1010,bbh,Bentel rockers__qwen3.5-4b__Bentel_iter_3,web_of_lies,instance_00151,Success,0.0
1011,bbh,Bentel rockers__qwen3.5-4b__Bentel_iter_3,web_of_lies,instance_00151,Request Count,1.0
1012,bbh,Bentel rockers__qwen3.5-4b__Bentel_iter_3,web_of_lies,instance_00151,Parsed Request Count,1.0
1013,bbh,Bentel rockers__qwen3.5-4b__Bentel_iter_3,web_of_lies,instance_00151,Violated Request Count,0.0
1014,bbh,Bentel rockers__qwen3.5-4b__Bentel_iter_3,web_of_lies,instance_00151,Request Success Ratio,1.0
1015,bbh,Bentel rockers__qwen3.5-4b__Bentel_iter_3,web_of_lies,instance_00151,Main Score,0.0
1016,bbh,Bentel rockers__qwen3.5-4b__Bentel_iter_3,web_of_lies,instance_00152,Aborted,0.0
1017,bbh,Bentel rockers__qwen3.5-4b__Bentel_iter_3,web_of_lies,instance_00152,Lose,1.0
1018,bbh,Bentel rockers__qwen3.5-4b__Bentel_iter_3,web_of_lies,instance_00152,Success,0.0
1019,bbh,Bentel rockers__qwen3.5-4b__Bentel_iter_3,web_of_lies,instance_00152,Request Count,1.0
1020,bbh,Bentel rockers__qwen3.5-4b__Bentel_iter_3,web_of_lies,instance_00152,Parsed Request Count,1.0
1021,bbh,Bentel rockers__qwen3.5-4b__Bentel_iter_3,web_of_lies,instance_00152,Violated Request Count,0.0
1022,bbh,Bentel rockers__qwen3.5-4b__Bentel_iter_3,web_of_lies,instance_00152,Request Success Ratio,1.0
1023,bbh,Bentel rockers__qwen3.5-4b__Bentel_iter_3,web_of_lies,instance_00152,Main Score,0.0
1024,bbh,Bentel rockers__qwen3.5-4b__Bentel_iter_3,logical_deduction_five_objects,instance_00166,Aborted,0.0
1025,bbh,Bentel rockers__qwen3.5-4b__Bentel_iter_3,logical_deduction_five_objects,instance_00166,Lose,1.0
1026,bbh,Bentel rockers__qwen3.5-4b__Bentel_iter_3,logical_deduction_five_objects,instance_00166,Success,0.0
1027,bbh,Bentel rockers__qwen3.5-4b__Bentel_iter_3,logical_deduction_five_objects,instance_00166,Request Count,1.0
1028,bbh,Bentel rockers__qwen3.5-4b__Bentel_iter_3,logical_deduction_five_objects,instance_00166,Parsed Request Count,1.0
1029,bbh,Bentel rockers__qwen3.5-4b__Bentel_iter_3,logical_deduction_five_objects,instance_00166,Violated Request Count,0.0
1030,bbh,Bentel rockers__qwen3.5-4b__Bentel_iter_3,logical_deduction_five_objects,instance_00166,Request Success Ratio,1.0
1031,bbh,Bentel rockers__qwen3.5-4b__Bentel_iter_3,logical_deduction_five_objects,instance_00166,Main Score,0.0
1032,bbh,Bentel rockers__qwen3.5-4b__Bentel_iter_3,logical_deduction_five_objects,instance_00126,Aborted,0.0
1033,bbh,Bentel rockers__qwen3.5-4b__Bentel_iter_3,logical_deduction_five_objects,instance_00126,Lose,1.0
1034,bbh,Bentel rockers__qwen3.5-4b__Bentel_iter_3,logical_deduction_five_objects,instance_00126,Success,0.0
1035,bbh,Bentel rockers__qwen3.5-4b__Bentel_iter_3,logical_deduction_five_objects,instance_00126,Request Count,1.0
1036,bbh,Bentel rockers__qwen3.5-4b__Bentel_iter_3,logical_deduction_five_objects,instance_00126,Parsed Request Count,1.0
1037,bbh,Bentel rockers__qwen3.5-4b__Bentel_iter_3,logical_deduction_five_objects,instance_00126,Violated Request Count,0.0
1038,bbh,Bentel rockers__qwen3.5-4b__Bentel_iter_3,logical_deduction_five_objects,instance_00126,Request Success Ratio,1.0
1039,bbh,Bentel rockers__qwen3.5-4b__Bentel_iter_3,logical_deduction_five_objects,instance_00126,Main Score,0.0
1040,bbh,Bentel rockers__qwen3.5-4b__Bentel_iter_3,logical_deduction_five_objects,instance_00024,Aborted,0.0
1041,bbh,Bentel rockers__qwen3.5-4b__Bentel_iter_3,logical_deduction_five_objects,instance_00024,Lose,1.0
1042,bbh,Bentel rockers__qwen3.5-4b__Bentel_iter_3,logical_deduction_five_objects,instance_00024,Success,0.0
1043,bbh,Bentel rockers__qwen3.5-4b__Bentel_iter_3,logical_deduction_five_objects,instance_00024,Request Count,1.0
1044,bbh,Bentel rockers__qwen3.5-4b__Bentel_iter_3,logical_deduction_five_objects,instance_00024,Parsed Request Count,1.0
1045,bbh,Bentel rockers__qwen3.5-4b__Bentel_iter_3,logical_deduction_five_objects,instance_00024,Violated Request Count,0.0
1046,bbh,Bentel rockers__qwen3.5-4b__Bentel_iter_3,logical_deduction_five_objects,instance_00024,Request Success Ratio,1.0
1047,bbh,Bentel rockers__qwen3.5-4b__Bentel_iter_3,logical_deduction_five_objects,instance_00024,Main Score,0.0
1048,bbh,Bentel rockers__qwen3.5-4b__Bentel_iter_3,logical_deduction_five_objects,instance_00104,Aborted,0.0
1049,bbh,Bentel rockers__qwen3.5-4b__Bentel_iter_3,logical_deduction_five_objects,instance_00104,Lose,1.0
1050,bbh,Bentel rockers__qwen3.5-4b__Bentel_iter_3,logical_deduction_five_objects,instance_00104,Success,0.0
1051,bbh,Bentel rockers__qwen3.5-4b__Bentel_iter_3,logical_deduction_five_objects,instance_00104,Request Count,1.0
1052,bbh,Bentel rockers__qwen3.5-4b__Bentel_iter_3,logical_deduction_five_objects,instance_00104,Parsed Request Count,1.0
1053,bbh,Bentel rockers__qwen3.5-4b__Bentel_iter_3,logical_deduction_five_objects,instance_00104,Violated Request Count,0.0
1054,bbh,Bentel rockers__qwen3.5-4b__Bentel_iter_3,logical_deduction_five_objects,instance_00104,Request Success Ratio,1.0
1055,bbh,Bentel rockers__qwen3.5-4b__Bentel_iter_3,logical_deduction_five_objects,instance_00104,Main Score,0.0
1056,bbh,Bentel rockers__qwen3.5-4b__Bentel_iter_3,logical_deduction_five_objects,instance_00072,Aborted,0.0
1057,bbh,Bentel rockers__qwen3.5-4b__Bentel_iter_3,logical_deduction_five_objects,instance_00072,Lose,1.0
1058,bbh,Bentel rockers__qwen3.5-4b__Bentel_iter_3,logical_deduction_five_objects,instance_00072,Success,0.0
1059,bbh,Bentel rockers__qwen3.5-4b__Bentel_iter_3,logical_deduction_five_objects,instance_00072,Request Count,1.0
1060,bbh,Bentel rockers__qwen3.5-4b__Bentel_iter_3,logical_deduction_five_objects,instance_00072,Parsed Request Count,1.0
1061,bbh,Bentel rockers__qwen3.5-4b__Bentel_iter_3,logical_deduction_five_objects,instance_00072,Violated Request Count,0.0
1062,bbh,Bentel rockers__qwen3.5-4b__Bentel_iter_3,logical_deduction_five_objects,instance_00072,Request Success Ratio,1.0
1063,bbh,Bentel rockers__qwen3.5-4b__Bentel_iter_3,logical_deduction_five_objects,instance_00072,Main Score,0.0
1064,bbh,Bentel rockers__qwen3.5-4b__Bentel_iter_3,tracking_shuffled_objects_seven_objects,instance_00114,Aborted,0.0
1065,bbh,Bentel rockers__qwen3.5-4b__Bentel_iter_3,tracking_shuffled_objects_seven_objects,instance_00114,Lose,1.0
1066,bbh,Bentel rockers__qwen3.5-4b__Bentel_iter_3,tracking_shuffled_objects_seven_objects,instance_00114,Success,0.0
1067,bbh,Bentel rockers__qwen3.5-4b__Bentel_iter_3,tracking_shuffled_objects_seven_objects,instance_00114,Request Count,1.0
1068,bbh,Bentel rockers__qwen3.5-4b__Bentel_iter_3,tracking_shuffled_objects_seven_objects,instance_00114,Parsed Request Count,1.0
1069,bbh,Bentel rockers__qwen3.5-4b__Bentel_iter_3,tracking_shuffled_objects_seven_objects,instance_00114,Violated Request Count,0.0
1070,bbh,Bentel rockers__qwen3.5-4b__Bentel_iter_3,tracking_shuffled_objects_seven_objects,instance_00114,Request Success Ratio,1.0
1071,bbh,Bentel rockers__qwen3.5-4b__Bentel_iter_3,tracking_shuffled_objects_seven_objects,instance_00114,Main Score,0.0
1072,bbh,Bentel rockers__qwen3.5-4b__Bentel_iter_3,tracking_shuffled_objects_seven_objects,instance_00160,Aborted,0.0
1073,bbh,Bentel rockers__qwen3.5-4b__Bentel_iter_3,tracking_shuffled_objects_seven_objects,instance_00160,Lose,1.0
1074,bbh,Bentel rockers__qwen3.5-4b__Bentel_iter_3,tracking_shuffled_objects_seven_objects,instance_00160,Success,0.0
1075,bbh,Bentel rockers__qwen3.5-4b__Bentel_iter_3,tracking_shuffled_objects_seven_objects,instance_00160,Request Count,1.0
1076,bbh,Bentel rockers__qwen3.5-4b__Bentel_iter_3,tracking_shuffled_objects_seven_objects,instance_00160,Parsed Request Count,1.0
1077,bbh,Bentel rockers__qwen3.5-4b__Bentel_iter_3,tracking_shuffled_objects_seven_objects,instance_00160,Violated Request Count,0.0
1078,bbh,Bentel rockers__qwen3.5-4b__Bentel_iter_3,tracking_shuffled_objects_seven_objects,instance_00160,Request Success Ratio,1.0
1079,bbh,Bentel rockers__qwen3.5-4b__Bentel_iter_3,tracking_shuffled_objects_seven_objects,instance_00160,Main Score,0.0
1080,bbh,Bentel rockers__qwen3.5-4b__Bentel_iter_3,tracking_shuffled_objects_seven_objects,instance_00088,Aborted,0.0
1081,bbh,Bentel rockers__qwen3.5-4b__Bentel_iter_3,tracking_shuffled_objects_seven_objects,instance_00088,Lose,1.0
1082,bbh,Bentel rockers__qwen3.5-4b__Bentel_iter_3,tracking_shuffled_objects_seven_objects,instance_00088,Success,0.0
1083,bbh,Bentel rockers__qwen3.5-4b__Bentel_iter_3,tracking_shuffled_objects_seven_objects,instance_00088,Request Count,1.0
1084,bbh,Bentel rockers__qwen3.5-4b__Bentel_iter_3,tracking_shuffled_objects_seven_objects,instance_00088,Parsed Request Count,1.0
1085,bbh,Bentel rockers__qwen3.5-4b__Bentel_iter_3,tracking_shuffled_objects_seven_objects,instance_00088,Violated Request Count,0.0
1086,bbh,Bentel rockers__qwen3.5-4b__Bentel_iter_3,tracking_shuffled_objects_seven_objects,instance_00088,Request Success Ratio,1.0
1087,bbh,Bentel rockers__qwen3.5-4b__Bentel_iter_3,tracking_shuffled_objects_seven_objects,instance_00088,Main Score,0.0
1088,bbh,Bentel rockers__qwen3.5-4b__Bentel_iter_3,tracking_shuffled_objects_seven_objects,instance_00007,Aborted,0.0
1089,bbh,Bentel rockers__qwen3.5-4b__Bentel_iter_3,tracking_shuffled_objects_seven_objects,instance_00007,Lose,1.0
1090,bbh,Bentel rockers__qwen3.5-4b__Bentel_iter_3,tracking_shuffled_objects_seven_objects,instance_00007,Success,0.0
1091,bbh,Bentel rockers__qwen3.5-4b__Bentel_iter_3,tracking_shuffled_objects_seven_objects,instance_00007,Request Count,1.0
1092,bbh,Bentel rockers__qwen3.5-4b__Bentel_iter_3,tracking_shuffled_objects_seven_objects,instance_00007,Parsed Request Count,1.0
1093,bbh,Bentel rockers__qwen3.5-4b__Bentel_iter_3,tracking_shuffled_objects_seven_objects,instance_00007,Violated Request Count,0.0
1094,bbh,Bentel rockers__qwen3.5-4b__Bentel_iter_3,tracking_shuffled_objects_seven_objects,instance_00007,Request Success Ratio,1.0
1095,bbh,Bentel rockers__qwen3.5-4b__Bentel_iter_3,tracking_shuffled_objects_seven_objects,instance_00007,Main Score,0.0
1096,bbh,Bentel rockers__qwen3.5-4b__Bentel_iter_3,tracking_shuffled_objects_seven_objects,instance_00074,Aborted,0.0
1097,bbh,Bentel rockers__qwen3.5-4b__Bentel_iter_3,tracking_shuffled_objects_seven_objects,instance_00074,Lose,1.0
1098,bbh,Bentel rockers__qwen3.5-4b__Bentel_iter_3,tracking_shuffled_objects_seven_objects,instance_00074,Success,0.0
1099,bbh,Bentel rockers__qwen3.5-4b__Bentel_iter_3,tracking_shuffled_objects_seven_objects,instance_00074,Request Count,1.0
1100,bbh,Bentel rockers__qwen3.5-4b__Bentel_iter_3,tracking_shuffled_objects_seven_objects,instance_00074,Parsed Request Count,1.0
1101,bbh,Bentel rockers__qwen3.5-4b__Bentel_iter_3,tracking_shuffled_objects_seven_objects,instance_00074,Violated Request Count,0.0
1102,bbh,Bentel rockers__qwen3.5-4b__Bentel_iter_3,tracking_shuffled_objects_seven_objects,instance_00074,Request Success Ratio,1.0
1103,bbh,Bentel rockers__qwen3.5-4b__Bentel_iter_3,tracking_shuffled_objects_seven_objects,instance_00074,Main Score,0.0
1104,bbh,Bentel rockers__qwen3.5-4b__Bentel_iter_3,salient_translation_error_detection,instance_00227,Aborted,0.0
1105,bbh,Bentel rockers__qwen3.5-4b__Bentel_iter_3,salient_translation_error_detection,instance_00227,Lose,0.0
1106,bbh,Bentel rockers__qwen3.5-4b__Bentel_iter_3,salient_translation_error_detection,instance_00227,Success,1.0
1107,bbh,Bentel rockers__qwen3.5-4b__Bentel_iter_3,salient_translation_error_detection,instance_00227,Request Count,1.0
1108,bbh,Bentel rockers__qwen3.5-4b__Bentel_iter_3,salient_translation_error_detection,instance_00227,Parsed Request Count,1.0
1109,bbh,Bentel rockers__qwen3.5-4b__Bentel_iter_3,salient_translation_error_detection,instance_00227,Violated Request Count,0.0
1110,bbh,Bentel rockers__qwen3.5-4b__Bentel_iter_3,salient_translation_error_detection,instance_00227,Request Success Ratio,1.0
1111,bbh,Bentel rockers__qwen3.5-4b__Bentel_iter_3,salient_translation_error_detection,instance_00227,Main Score,100.0
1112,bbh,Bentel rockers__qwen3.5-4b__Bentel_iter_3,salient_translation_error_detection,instance_00215,Aborted,0.0
1113,bbh,Bentel rockers__qwen3.5-4b__Bentel_iter_3,salient_translation_error_detection,instance_00215,Lose,0.0
1114,bbh,Bentel rockers__qwen3.5-4b__Bentel_iter_3,salient_translation_error_detection,instance_00215,Success,1.0
1115,bbh,Bentel rockers__qwen3.5-4b__Bentel_iter_3,salient_translation_error_detection,instance_00215,Request Count,1.0
1116,bbh,Bentel rockers__qwen3.5-4b__Bentel_iter_3,salient_translation_error_detection,instance_00215,Parsed Request Count,1.0
1117,bbh,Bentel rockers__qwen3.5-4b__Bentel_iter_3,salient_translation_error_detection,instance_00215,Violated Request Count,0.0
1118,bbh,Bentel rockers__qwen3.5-4b__Bentel_iter_3,salient_translation_error_detection,instance_00215,Request Success Ratio,1.0
1119,bbh,Bentel rockers__qwen3.5-4b__Bentel_iter_3,salient_translation_error_detection,instance_00215,Main Score,100.0
1120,bbh,Bentel rockers__qwen3.5-4b__Bentel_iter_3,salient_translation_error_detection,instance_00140,Aborted,0.0
1121,bbh,Bentel rockers__qwen3.5-4b__Bentel_iter_3,salient_translation_error_detection,instance_00140,Lose,1.0
1122,bbh,Bentel rockers__qwen3.5-4b__Bentel_iter_3,salient_translation_error_detection,instance_00140,Success,0.0
1123,bbh,Bentel rockers__qwen3.5-4b__Bentel_iter_3,salient_translation_error_detection,instance_00140,Request Count,1.0
1124,bbh,Bentel rockers__qwen3.5-4b__Bentel_iter_3,salient_translation_error_detection,instance_00140,Parsed Request Count,1.0
1125,bbh,Bentel rockers__qwen3.5-4b__Bentel_iter_3,salient_translation_error_detection,instance_00140,Violated Request Count,0.0
1126,bbh,Bentel rockers__qwen3.5-4b__Bentel_iter_3,salient_translation_error_detection,instance_00140,Request Success Ratio,1.0
1127,bbh,Bentel rockers__qwen3.5-4b__Bentel_iter_3,salient_translation_error_detection,instance_00140,Main Score,0.0
1128,bbh,Bentel rockers__qwen3.5-4b__Bentel_iter_3,salient_translation_error_detection,instance_00097,Aborted,0.0
1129,bbh,Bentel rockers__qwen3.5-4b__Bentel_iter_3,salient_translation_error_detection,instance_00097,Lose,1.0
1130,bbh,Bentel rockers__qwen3.5-4b__Bentel_iter_3,salient_translation_error_detection,instance_00097,Success,0.0
1131,bbh,Bentel rockers__qwen3.5-4b__Bentel_iter_3,salient_translation_error_detection,instance_00097,Request Count,1.0
1132,bbh,Bentel rockers__qwen3.5-4b__Bentel_iter_3,salient_translation_error_detection,instance_00097,Parsed Request Count,1.0
1133,bbh,Bentel rockers__qwen3.5-4b__Bentel_iter_3,salient_translation_error_detection,instance_00097,Violated Request Count,0.0
1134,bbh,Bentel rockers__qwen3.5-4b__Bentel_iter_3,salient_translation_error_detection,instance_00097,Request Success Ratio,1.0
1135,bbh,Bentel rockers__qwen3.5-4b__Bentel_iter_3,salient_translation_error_detection,instance_00097,Main Score,0.0
1136,bbh,Bentel rockers__qwen3.5-4b__Bentel_iter_3,salient_translation_error_detection,instance_00046,Aborted,0.0
1137,bbh,Bentel rockers__qwen3.5-4b__Bentel_iter_3,salient_translation_error_detection,instance_00046,Lose,0.0
1138,bbh,Bentel rockers__qwen3.5-4b__Bentel_iter_3,salient_translation_error_detection,instance_00046,Success,1.0
1139,bbh,Bentel rockers__qwen3.5-4b__Bentel_iter_3,salient_translation_error_detection,instance_00046,Request Count,1.0
1140,bbh,Bentel rockers__qwen3.5-4b__Bentel_iter_3,salient_translation_error_detection,instance_00046,Parsed Request Count,1.0
1141,bbh,Bentel rockers__qwen3.5-4b__Bentel_iter_3,salient_translation_error_detection,instance_00046,Violated Request Count,0.0
1142,bbh,Bentel rockers__qwen3.5-4b__Bentel_iter_3,salient_translation_error_detection,instance_00046,Request Success Ratio,1.0
1143,bbh,Bentel rockers__qwen3.5-4b__Bentel_iter_3,salient_translation_error_detection,instance_00046,Main Score,100.0
1144,bbh,Bentel rockers__qwen3.5-4b__Bentel_iter_3,reasoning_about_colored_objects,instance_00173,Aborted,0.0
1145,bbh,Bentel rockers__qwen3.5-4b__Bentel_iter_3,reasoning_about_colored_objects,instance_00173,Lose,0.0
1146,bbh,Bentel rockers__qwen3.5-4b__Bentel_iter_3,reasoning_about_colored_objects,instance_00173,Success,1.0
1147,bbh,Bentel rockers__qwen3.5-4b__Bentel_iter_3,reasoning_about_colored_objects,instance_00173,Request Count,1.0
1148,bbh,Bentel rockers__qwen3.5-4b__Bentel_iter_3,reasoning_about_colored_objects,instance_00173,Parsed Request Count,1.0
1149,bbh,Bentel rockers__qwen3.5-4b__Bentel_iter_3,reasoning_about_colored_objects,instance_00173,Violated Request Count,0.0
1150,bbh,Bentel rockers__qwen3.5-4b__Bentel_iter_3,reasoning_about_colored_objects,instance_00173,Request Success Ratio,1.0
1151,bbh,Bentel rockers__qwen3.5-4b__Bentel_iter_3,reasoning_about_colored_objects,instance_00173,Main Score,100.0
1152,bbh,Bentel rockers__qwen3.5-4b__Bentel_iter_3,reasoning_about_colored_objects,instance_00223,Aborted,0.0
1153,bbh,Bentel rockers__qwen3.5-4b__Bentel_iter_3,reasoning_about_colored_objects,instance_00223,Lose,1.0
1154,bbh,Bentel rockers__qwen3.5-4b__Bentel_iter_3,reasoning_about_colored_objects,instance_00223,Success,0.0
1155,bbh,Bentel rockers__qwen3.5-4b__Bentel_iter_3,reasoning_about_colored_objects,instance_00223,Request Count,1.0
1156,bbh,Bentel rockers__qwen3.5-4b__Bentel_iter_3,reasoning_about_colored_objects,instance_00223,Parsed Request Count,1.0
1157,bbh,Bentel rockers__qwen3.5-4b__Bentel_iter_3,reasoning_about_colored_objects,instance_00223,Violated Request Count,0.0
1158,bbh,Bentel rockers__qwen3.5-4b__Bentel_iter_3,reasoning_about_colored_objects,instance_00223,Request Success Ratio,1.0
1159,bbh,Bentel rockers__qwen3.5-4b__Bentel_iter_3,reasoning_about_colored_objects,instance_00223,Main Score,0.0
1160,bbh,Bentel rockers__qwen3.5-4b__Bentel_iter_3,reasoning_about_colored_objects,instance_00077,Aborted,0.0
1161,bbh,Bentel rockers__qwen3.5-4b__Bentel_iter_3,reasoning_about_colored_objects,instance_00077,Lose,0.0
1162,bbh,Bentel rockers__qwen3.5-4b__Bentel_iter_3,reasoning_about_colored_objects,instance_00077,Success,1.0
1163,bbh,Bentel rockers__qwen3.5-4b__Bentel_iter_3,reasoning_about_colored_objects,instance_00077,Request Count,1.0
1164,bbh,Bentel rockers__qwen3.5-4b__Bentel_iter_3,reasoning_about_colored_objects,instance_00077,Parsed Request Count,1.0
1165,bbh,Bentel rockers__qwen3.5-4b__Bentel_iter_3,reasoning_about_colored_objects,instance_00077,Violated Request Count,0.0
1166,bbh,Bentel rockers__qwen3.5-4b__Bentel_iter_3,reasoning_about_colored_objects,instance_00077,Request Success Ratio,1.0
1167,bbh,Bentel rockers__qwen3.5-4b__Bentel_iter_3,reasoning_about_colored_objects,instance_00077,Main Score,100.0
1168,bbh,Bentel rockers__qwen3.5-4b__Bentel_iter_3,reasoning_about_colored_objects,instance_00003,Aborted,0.0
1169,bbh,Bentel rockers__qwen3.5-4b__Bentel_iter_3,reasoning_about_colored_objects,instance_00003,Lose,1.0
1170,bbh,Bentel rockers__qwen3.5-4b__Bentel_iter_3,reasoning_about_colored_objects,instance_00003,Success,0.0
1171,bbh,Bentel rockers__qwen3.5-4b__Bentel_iter_3,reasoning_about_colored_objects,instance_00003,Request Count,1.0
1172,bbh,Bentel rockers__qwen3.5-4b__Bentel_iter_3,reasoning_about_colored_objects,instance_00003,Parsed Request Count,1.0
1173,bbh,Bentel rockers__qwen3.5-4b__Bentel_iter_3,reasoning_about_colored_objects,instance_00003,Violated Request Count,0.0
1174,bbh,Bentel rockers__qwen3.5-4b__Bentel_iter_3,reasoning_about_colored_objects,instance_00003,Request Success Ratio,1.0
1175,bbh,Bentel rockers__qwen3.5-4b__Bentel_iter_3,reasoning_about_colored_objects,instance_00003,Main Score,0.0
1176,bbh,Bentel rockers__qwen3.5-4b__Bentel_iter_3,reasoning_about_colored_objects,instance_00018,Aborted,0.0
1177,bbh,Bentel rockers__qwen3.5-4b__Bentel_iter_3,reasoning_about_colored_objects,instance_00018,Lose,1.0
1178,bbh,Bentel rockers__qwen3.5-4b__Bentel_iter_3,reasoning_about_colored_objects,instance_00018,Success,0.0
1179,bbh,Bentel rockers__qwen3.5-4b__Bentel_iter_3,reasoning_about_colored_objects,instance_00018,Request Count,1.0
1180,bbh,Bentel rockers__qwen3.5-4b__Bentel_iter_3,reasoning_about_colored_objects,instance_00018,Parsed Request Count,1.0
1181,bbh,Bentel rockers__qwen3.5-4b__Bentel_iter_3,reasoning_about_colored_objects,instance_00018,Violated Request Count,0.0
1182,bbh,Bentel rockers__qwen3.5-4b__Bentel_iter_3,reasoning_about_colored_objects,instance_00018,Request Success Ratio,1.0
1183,bbh,Bentel rockers__qwen3.5-4b__Bentel_iter_3,reasoning_about_colored_objects,instance_00018,Main Score,0.0
1184,bbh,Bentel rockers__qwen3.5-4b__Bentel_iter_3,multistep_arithmetic_two,instance_00228,Aborted,0.0
1185,bbh,Bentel rockers__qwen3.5-4b__Bentel_iter_3,multistep_arithmetic_two,instance_00228,Lose,1.0
1186,bbh,Bentel rockers__qwen3.5-4b__Bentel_iter_3,multistep_arithmetic_two,instance_00228,Success,0.0
1187,bbh,Bentel rockers__qwen3.5-4b__Bentel_iter_3,multistep_arithmetic_two,instance_00228,Request Count,1.0
1188,bbh,Bentel rockers__qwen3.5-4b__Bentel_iter_3,multistep_arithmetic_two,instance_00228,Parsed Request Count,1.0
1189,bbh,Bentel rockers__qwen3.5-4b__Bentel_iter_3,multistep_arithmetic_two,instance_00228,Violated Request Count,0.0
1190,bbh,Bentel rockers__qwen3.5-4b__Bentel_iter_3,multistep_arithmetic_two,instance_00228,Request Success Ratio,1.0
1191,bbh,Bentel rockers__qwen3.5-4b__Bentel_iter_3,multistep_arithmetic_two,instance_00228,Main Score,0.0
1192,bbh,Bentel rockers__qwen3.5-4b__Bentel_iter_3,multistep_arithmetic_two,instance_00030,Aborted,0.0
1193,bbh,Bentel rockers__qwen3.5-4b__Bentel_iter_3,multistep_arithmetic_two,instance_00030,Lose,1.0
1194,bbh,Bentel rockers__qwen3.5-4b__Bentel_iter_3,multistep_arithmetic_two,instance_00030,Success,0.0
1195,bbh,Bentel rockers__qwen3.5-4b__Bentel_iter_3,multistep_arithmetic_two,instance_00030,Request Count,1.0
1196,bbh,Bentel rockers__qwen3.5-4b__Bentel_iter_3,multistep_arithmetic_two,instance_00030,Parsed Request Count,1.0
1197,bbh,Bentel rockers__qwen3.5-4b__Bentel_iter_3,multistep_arithmetic_two,instance_00030,Violated Request Count,0.0
1198,bbh,Bentel rockers__qwen3.5-4b__Bentel_iter_3,multistep_arithmetic_two,instance_00030,Request Success Ratio,1.0
1199,bbh,Bentel rockers__qwen3.5-4b__Bentel_iter_3,multistep_arithmetic_two,instance_00030,Main Score,0.0
1200,bbh,Bentel rockers__qwen3.5-4b__Bentel_iter_3,multistep_arithmetic_two,instance_00104,Aborted,0.0
1201,bbh,Bentel rockers__qwen3.5-4b__Bentel_iter_3,multistep_arithmetic_two,instance_00104,Lose,1.0
1202,bbh,Bentel rockers__qwen3.5-4b__Bentel_iter_3,multistep_arithmetic_two,instance_00104,Success,0.0
1203,bbh,Bentel rockers__qwen3.5-4b__Bentel_iter_3,multistep_arithmetic_two,instance_00104,Request Count,1.0
1204,bbh,Bentel rockers__qwen3.5-4b__Bentel_iter_3,multistep_arithmetic_two,instance_00104,Parsed Request Count,1.0
1205,bbh,Bentel rockers__qwen3.5-4b__Bentel_iter_3,multistep_arithmetic_two,instance_00104,Violated Request Count,0.0
1206,bbh,Bentel rockers__qwen3.5-4b__Bentel_iter_3,multistep_arithmetic_two,instance_00104,Request Success Ratio,1.0
1207,bbh,Bentel rockers__qwen3.5-4b__Bentel_iter_3,multistep_arithmetic_two,instance_00104,Main Score,0.0
1208,bbh,Bentel rockers__qwen3.5-4b__Bentel_iter_3,multistep_arithmetic_two,instance_00153,Aborted,0.0
1209,bbh,Bentel rockers__qwen3.5-4b__Bentel_iter_3,multistep_arithmetic_two,instance_00153,Lose,1.0
1210,bbh,Bentel rockers__qwen3.5-4b__Bentel_iter_3,multistep_arithmetic_two,instance_00153,Success,0.0
1211,bbh,Bentel rockers__qwen3.5-4b__Bentel_iter_3,multistep_arithmetic_two,instance_00153,Request Count,1.0
1212,bbh,Bentel rockers__qwen3.5-4b__Bentel_iter_3,multistep_arithmetic_two,instance_00153,Parsed Request Count,1.0
1213,bbh,Bentel rockers__qwen3.5-4b__Bentel_iter_3,multistep_arithmetic_two,instance_00153,Violated Request Count,0.0
1214,bbh,Bentel rockers__qwen3.5-4b__Bentel_iter_3,multistep_arithmetic_two,instance_00153,Request Success Ratio,1.0
1215,bbh,Bentel rockers__qwen3.5-4b__Bentel_iter_3,multistep_arithmetic_two,instance_00153,Main Score,0.0
1216,bbh,Bentel rockers__qwen3.5-4b__Bentel_iter_3,multistep_arithmetic_two,instance_00181,Aborted,0.0
1217,bbh,Bentel rockers__qwen3.5-4b__Bentel_iter_3,multistep_arithmetic_two,instance_00181,Lose,1.0
1218,bbh,Bentel rockers__qwen3.5-4b__Bentel_iter_3,multistep_arithmetic_two,instance_00181,Success,0.0
1219,bbh,Bentel rockers__qwen3.5-4b__Bentel_iter_3,multistep_arithmetic_two,instance_00181,Request Count,1.0
1220,bbh,Bentel rockers__qwen3.5-4b__Bentel_iter_3,multistep_arithmetic_two,instance_00181,Parsed Request Count,1.0
1221,bbh,Bentel rockers__qwen3.5-4b__Bentel_iter_3,multistep_arithmetic_two,instance_00181,Violated Request Count,0.0
1222,bbh,Bentel rockers__qwen3.5-4b__Bentel_iter_3,multistep_arithmetic_two,instance_00181,Request Success Ratio,1.0
1223,bbh,Bentel rockers__qwen3.5-4b__Bentel_iter_3,multistep_arithmetic_two,instance_00181,Main Score,0.0
1224,bbh,Bentel rockers__qwen3.5-4b__Bentel_iter_3,logical_deduction_three_objects,instance_00027,Aborted,0.0
1225,bbh,Bentel rockers__qwen3.5-4b__Bentel_iter_3,logical_deduction_three_objects,instance_00027,Lose,1.0
1226,bbh,Bentel rockers__qwen3.5-4b__Bentel_iter_3,logical_deduction_three_objects,instance_00027,Success,0.0
1227,bbh,Bentel rockers__qwen3.5-4b__Bentel_iter_3,logical_deduction_three_objects,instance_00027,Request Count,1.0
1228,bbh,Bentel rockers__qwen3.5-4b__Bentel_iter_3,logical_deduction_three_objects,instance_00027,Parsed Request Count,1.0
1229,bbh,Bentel rockers__qwen3.5-4b__Bentel_iter_3,logical_deduction_three_objects,instance_00027,Violated Request Count,0.0
1230,bbh,Bentel rockers__qwen3.5-4b__Bentel_iter_3,logical_deduction_three_objects,instance_00027,Request Success Ratio,1.0
1231,bbh,Bentel rockers__qwen3.5-4b__Bentel_iter_3,logical_deduction_three_objects,instance_00027,Main Score,0.0
1232,bbh,Bentel rockers__qwen3.5-4b__Bentel_iter_3,logical_deduction_three_objects,instance_00064,Aborted,0.0
1233,bbh,Bentel rockers__qwen3.5-4b__Bentel_iter_3,logical_deduction_three_objects,instance_00064,Lose,1.0
1234,bbh,Bentel rockers__qwen3.5-4b__Bentel_iter_3,logical_deduction_three_objects,instance_00064,Success,0.0
1235,bbh,Bentel rockers__qwen3.5-4b__Bentel_iter_3,logical_deduction_three_objects,instance_00064,Request Count,1.0
1236,bbh,Bentel rockers__qwen3.5-4b__Bentel_iter_3,logical_deduction_three_objects,instance_00064,Parsed Request Count,1.0
1237,bbh,Bentel rockers__qwen3.5-4b__Bentel_iter_3,logical_deduction_three_objects,instance_00064,Violated Request Count,0.0
1238,bbh,Bentel rockers__qwen3.5-4b__Bentel_iter_3,logical_deduction_three_objects,instance_00064,Request Success Ratio,1.0
1239,bbh,Bentel rockers__qwen3.5-4b__Bentel_iter_3,logical_deduction_three_objects,instance_00064,Main Score,0.0
1240,bbh,Bentel rockers__qwen3.5-4b__Bentel_iter_3,logical_deduction_three_objects,instance_00017,Aborted,0.0
1241,bbh,Bentel rockers__qwen3.5-4b__Bentel_iter_3,logical_deduction_three_objects,instance_00017,Lose,0.0
1242,bbh,Bentel rockers__qwen3.5-4b__Bentel_iter_3,logical_deduction_three_objects,instance_00017,Success,1.0
1243,bbh,Bentel rockers__qwen3.5-4b__Bentel_iter_3,logical_deduction_three_objects,instance_00017,Request Count,1.0
1244,bbh,Bentel rockers__qwen3.5-4b__Bentel_iter_3,logical_deduction_three_objects,instance_00017,Parsed Request Count,1.0
1245,bbh,Bentel rockers__qwen3.5-4b__Bentel_iter_3,logical_deduction_three_objects,instance_00017,Violated Request Count,0.0
1246,bbh,Bentel rockers__qwen3.5-4b__Bentel_iter_3,logical_deduction_three_objects,instance_00017,Request Success Ratio,1.0
1247,bbh,Bentel rockers__qwen3.5-4b__Bentel_iter_3,logical_deduction_three_objects,instance_00017,Main Score,100.0
1248,bbh,Bentel rockers__qwen3.5-4b__Bentel_iter_3,logical_deduction_three_objects,instance_00047,Aborted,0.0
1249,bbh,Bentel rockers__qwen3.5-4b__Bentel_iter_3,logical_deduction_three_objects,instance_00047,Lose,1.0
1250,bbh,Bentel rockers__qwen3.5-4b__Bentel_iter_3,logical_deduction_three_objects,instance_00047,Success,0.0
1251,bbh,Bentel rockers__qwen3.5-4b__Bentel_iter_3,logical_deduction_three_objects,instance_00047,Request Count,1.0
1252,bbh,Bentel rockers__qwen3.5-4b__Bentel_iter_3,logical_deduction_three_objects,instance_00047,Parsed Request Count,1.0
1253,bbh,Bentel rockers__qwen3.5-4b__Bentel_iter_3,logical_deduction_three_objects,instance_00047,Violated Request Count,0.0
1254,bbh,Bentel rockers__qwen3.5-4b__Bentel_iter_3,logical_deduction_three_objects,instance_00047,Request Success Ratio,1.0
1255,bbh,Bentel rockers__qwen3.5-4b__Bentel_iter_3,logical_deduction_three_objects,instance_00047,Main Score,0.0
1256,bbh,Bentel rockers__qwen3.5-4b__Bentel_iter_3,logical_deduction_three_objects,instance_00163,Aborted,0.0
1257,bbh,Bentel rockers__qwen3.5-4b__Bentel_iter_3,logical_deduction_three_objects,instance_00163,Lose,1.0
1258,bbh,Bentel rockers__qwen3.5-4b__Bentel_iter_3,logical_deduction_three_objects,instance_00163,Success,0.0
1259,bbh,Bentel rockers__qwen3.5-4b__Bentel_iter_3,logical_deduction_three_objects,instance_00163,Request Count,1.0
1260,bbh,Bentel rockers__qwen3.5-4b__Bentel_iter_3,logical_deduction_three_objects,instance_00163,Parsed Request Count,1.0
1261,bbh,Bentel rockers__qwen3.5-4b__Bentel_iter_3,logical_deduction_three_objects,instance_00163,Violated Request Count,0.0
1262,bbh,Bentel rockers__qwen3.5-4b__Bentel_iter_3,logical_deduction_three_objects,instance_00163,Request Success Ratio,1.0
1263,bbh,Bentel rockers__qwen3.5-4b__Bentel_iter_3,logical_deduction_three_objects,instance_00163,Main Score,0.0
1264,bbh,Bentel rockers__qwen3.5-4b__Bentel_iter_3,disambiguation_qa,instance_00013,Aborted,0.0
1265,bbh,Bentel rockers__qwen3.5-4b__Bentel_iter_3,disambiguation_qa,instance_00013,Lose,1.0
1266,bbh,Bentel rockers__qwen3.5-4b__Bentel_iter_3,disambiguation_qa,instance_00013,Success,0.0
1267,bbh,Bentel rockers__qwen3.5-4b__Bentel_iter_3,disambiguation_qa,instance_00013,Request Count,1.0
1268,bbh,Bentel rockers__qwen3.5-4b__Bentel_iter_3,disambiguation_qa,instance_00013,Parsed Request Count,1.0
1269,bbh,Bentel rockers__qwen3.5-4b__Bentel_iter_3,disambiguation_qa,instance_00013,Violated Request Count,0.0
1270,bbh,Bentel rockers__qwen3.5-4b__Bentel_iter_3,disambiguation_qa,instance_00013,Request Success Ratio,1.0
1271,bbh,Bentel rockers__qwen3.5-4b__Bentel_iter_3,disambiguation_qa,instance_00013,Main Score,0.0
1272,bbh,Bentel rockers__qwen3.5-4b__Bentel_iter_3,disambiguation_qa,instance_00127,Aborted,0.0
1273,bbh,Bentel rockers__qwen3.5-4b__Bentel_iter_3,disambiguation_qa,instance_00127,Lose,1.0
1274,bbh,Bentel rockers__qwen3.5-4b__Bentel_iter_3,disambiguation_qa,instance_00127,Success,0.0
1275,bbh,Bentel rockers__qwen3.5-4b__Bentel_iter_3,disambiguation_qa,instance_00127,Request Count,1.0
1276,bbh,Bentel rockers__qwen3.5-4b__Bentel_iter_3,disambiguation_qa,instance_00127,Parsed Request Count,1.0
1277,bbh,Bentel rockers__qwen3.5-4b__Bentel_iter_3,disambiguation_qa,instance_00127,Violated Request Count,0.0
1278,bbh,Bentel rockers__qwen3.5-4b__Bentel_iter_3,disambiguation_qa,instance_00127,Request Success Ratio,1.0
1279,bbh,Bentel rockers__qwen3.5-4b__Bentel_iter_3,disambiguation_qa,instance_00127,Main Score,0.0
1280,bbh,Bentel rockers__qwen3.5-4b__Bentel_iter_3,disambiguation_qa,instance_00189,Aborted,0.0
1281,bbh,Bentel rockers__qwen3.5-4b__Bentel_iter_3,disambiguation_qa,instance_00189,Lose,1.0
1282,bbh,Bentel rockers__qwen3.5-4b__Bentel_iter_3,disambiguation_qa,instance_00189,Success,0.0
1283,bbh,Bentel rockers__qwen3.5-4b__Bentel_iter_3,disambiguation_qa,instance_00189,Request Count,1.0
1284,bbh,Bentel rockers__qwen3.5-4b__Bentel_iter_3,disambiguation_qa,instance_00189,Parsed Request Count,1.0
1285,bbh,Bentel rockers__qwen3.5-4b__Bentel_iter_3,disambiguation_qa,instance_00189,Violated Request Count,0.0
1286,bbh,Bentel rockers__qwen3.5-4b__Bentel_iter_3,disambiguation_qa,instance_00189,Request Success Ratio,1.0
1287,bbh,Bentel rockers__qwen3.5-4b__Bentel_iter_3,disambiguation_qa,instance_00189,Main Score,0.0
1288,bbh,Bentel rockers__qwen3.5-4b__Bentel_iter_3,disambiguation_qa,instance_00236,Aborted,0.0
1289,bbh,Bentel rockers__qwen3.5-4b__Bentel_iter_3,disambiguation_qa,instance_00236,Lose,1.0
1290,bbh,Bentel rockers__qwen3.5-4b__Bentel_iter_3,disambiguation_qa,instance_00236,Success,0.0
1291,bbh,Bentel rockers__qwen3.5-4b__Bentel_iter_3,disambiguation_qa,instance_00236,Request Count,1.0
1292,bbh,Bentel rockers__qwen3.5-4b__Bentel_iter_3,disambiguation_qa,instance_00236,Parsed Request Count,1.0
1293,bbh,Bentel rockers__qwen3.5-4b__Bentel_iter_3,disambiguation_qa,instance_00236,Violated Request Count,0.0
1294,bbh,Bentel rockers__qwen3.5-4b__Bentel_iter_3,disambiguation_qa,instance_00236,Request Success Ratio,1.0
1295,bbh,Bentel rockers__qwen3.5-4b__Bentel_iter_3,disambiguation_qa,instance_00236,Main Score,0.0
1296,bbh,Bentel rockers__qwen3.5-4b__Bentel_iter_3,disambiguation_qa,instance_00010,Aborted,0.0
1297,bbh,Bentel rockers__qwen3.5-4b__Bentel_iter_3,disambiguation_qa,instance_00010,Lose,1.0
1298,bbh,Bentel rockers__qwen3.5-4b__Bentel_iter_3,disambiguation_qa,instance_00010,Success,0.0
1299,bbh,Bentel rockers__qwen3.5-4b__Bentel_iter_3,disambiguation_qa,instance_00010,Request Count,1.0
1300,bbh,Bentel rockers__qwen3.5-4b__Bentel_iter_3,disambiguation_qa,instance_00010,Parsed Request Count,1.0
1301,bbh,Bentel rockers__qwen3.5-4b__Bentel_iter_3,disambiguation_qa,instance_00010,Violated Request Count,0.0
1302,bbh,Bentel rockers__qwen3.5-4b__Bentel_iter_3,disambiguation_qa,instance_00010,Request Success Ratio,1.0
1303,bbh,Bentel rockers__qwen3.5-4b__Bentel_iter_3,disambiguation_qa,instance_00010,Main Score,0.0
1304,bbh,Bentel rockers__qwen3.5-4b__Bentel_iter_3,boolean_expressions,instance_00034,Aborted,0.0
1305,bbh,Bentel rockers__qwen3.5-4b__Bentel_iter_3,boolean_expressions,instance_00034,Lose,1.0
1306,bbh,Bentel rockers__qwen3.5-4b__Bentel_iter_3,boolean_expressions,instance_00034,Success,0.0
1307,bbh,Bentel rockers__qwen3.5-4b__Bentel_iter_3,boolean_expressions,instance_00034,Request Count,1.0
1308,bbh,Bentel rockers__qwen3.5-4b__Bentel_iter_3,boolean_expressions,instance_00034,Parsed Request Count,1.0
1309,bbh,Bentel rockers__qwen3.5-4b__Bentel_iter_3,boolean_expressions,instance_00034,Violated Request Count,0.0
1310,bbh,Bentel rockers__qwen3.5-4b__Bentel_iter_3,boolean_expressions,instance_00034,Request Success Ratio,1.0
1311,bbh,Bentel rockers__qwen3.5-4b__Bentel_iter_3,boolean_expressions,instance_00034,Main Score,0.0
1312,bbh,Bentel rockers__qwen3.5-4b__Bentel_iter_3,boolean_expressions,instance_00159,Aborted,0.0
1313,bbh,Bentel rockers__qwen3.5-4b__Bentel_iter_3,boolean_expressions,instance_00159,Lose,1.0
1314,bbh,Bentel rockers__qwen3.5-4b__Bentel_iter_3,boolean_expressions,instance_00159,Success,0.0
1315,bbh,Bentel rockers__qwen3.5-4b__Bentel_iter_3,boolean_expressions,instance_00159,Request Count,1.0
1316,bbh,Bentel rockers__qwen3.5-4b__Bentel_iter_3,boolean_expressions,instance_00159,Parsed Request Count,1.0
1317,bbh,Bentel rockers__qwen3.5-4b__Bentel_iter_3,boolean_expressions,instance_00159,Violated Request Count,0.0
1318,bbh,Bentel rockers__qwen3.5-4b__Bentel_iter_3,boolean_expressions,instance_00159,Request Success Ratio,1.0
1319,bbh,Bentel rockers__qwen3.5-4b__Bentel_iter_3,boolean_expressions,instance_00159,Main Score,0.0
1320,bbh,Bentel rockers__qwen3.5-4b__Bentel_iter_3,boolean_expressions,instance_00129,Aborted,0.0
1321,bbh,Bentel rockers__qwen3.5-4b__Bentel_iter_3,boolean_expressions,instance_00129,Lose,1.0
1322,bbh,Bentel rockers__qwen3.5-4b__Bentel_iter_3,boolean_expressions,instance_00129,Success,0.0
1323,bbh,Bentel rockers__qwen3.5-4b__Bentel_iter_3,boolean_expressions,instance_00129,Request Count,1.0
1324,bbh,Bentel rockers__qwen3.5-4b__Bentel_iter_3,boolean_expressions,instance_00129,Parsed Request Count,1.0
1325,bbh,Bentel rockers__qwen3.5-4b__Bentel_iter_3,boolean_expressions,instance_00129,Violated Request Count,0.0
1326,bbh,Bentel rockers__qwen3.5-4b__Bentel_iter_3,boolean_expressions,instance_00129,Request Success Ratio,1.0
1327,bbh,Bentel rockers__qwen3.5-4b__Bentel_iter_3,boolean_expressions,instance_00129,Main Score,0.0
1328,bbh,Bentel rockers__qwen3.5-4b__Bentel_iter_3,boolean_expressions,instance_00118,Aborted,0.0
1329,bbh,Bentel rockers__qwen3.5-4b__Bentel_iter_3,boolean_expressions,instance_00118,Lose,1.0
1330,bbh,Bentel rockers__qwen3.5-4b__Bentel_iter_3,boolean_expressions,instance_00118,Success,0.0
1331,bbh,Bentel rockers__qwen3.5-4b__Bentel_iter_3,boolean_expressions,instance_00118,Request Count,1.0
1332,bbh,Bentel rockers__qwen3.5-4b__Bentel_iter_3,boolean_expressions,instance_00118,Parsed Request Count,1.0
1333,bbh,Bentel rockers__qwen3.5-4b__Bentel_iter_3,boolean_expressions,instance_00118,Violated Request Count,0.0
1334,bbh,Bentel rockers__qwen3.5-4b__Bentel_iter_3,boolean_expressions,instance_00118,Request Success Ratio,1.0
1335,bbh,Bentel rockers__qwen3.5-4b__Bentel_iter_3,boolean_expressions,instance_00118,Main Score,0.0
1336,bbh,Bentel rockers__qwen3.5-4b__Bentel_iter_3,boolean_expressions,instance_00134,Aborted,0.0
1337,bbh,Bentel rockers__qwen3.5-4b__Bentel_iter_3,boolean_expressions,instance_00134,Lose,1.0
1338,bbh,Bentel rockers__qwen3.5-4b__Bentel_iter_3,boolean_expressions,instance_00134,Success,0.0
1339,bbh,Bentel rockers__qwen3.5-4b__Bentel_iter_3,boolean_expressions,instance_00134,Request Count,1.0
1340,bbh,Bentel rockers__qwen3.5-4b__Bentel_iter_3,boolean_expressions,instance_00134,Parsed Request Count,1.0
1341,bbh,Bentel rockers__qwen3.5-4b__Bentel_iter_3,boolean_expressions,instance_00134,Violated Request Count,0.0
1342,bbh,Bentel rockers__qwen3.5-4b__Bentel_iter_3,boolean_expressions,instance_00134,Request Success Ratio,1.0
1343,bbh,Bentel rockers__qwen3.5-4b__Bentel_iter_3,boolean_expressions,instance_00134,Main Score,0.0
1344,bbh,Bentel rockers__qwen3.5-4b__Bentel_iter_3,navigate,instance_00079,Aborted,0.0
1345,bbh,Bentel rockers__qwen3.5-4b__Bentel_iter_3,navigate,instance_00079,Lose,1.0
1346,bbh,Bentel rockers__qwen3.5-4b__Bentel_iter_3,navigate,instance_00079,Success,0.0
1347,bbh,Bentel rockers__qwen3.5-4b__Bentel_iter_3,navigate,instance_00079,Request Count,1.0
1348,bbh,Bentel rockers__qwen3.5-4b__Bentel_iter_3,navigate,instance_00079,Parsed Request Count,1.0
1349,bbh,Bentel rockers__qwen3.5-4b__Bentel_iter_3,navigate,instance_00079,Violated Request Count,0.0
1350,bbh,Bentel rockers__qwen3.5-4b__Bentel_iter_3,navigate,instance_00079,Request Success Ratio,1.0
1351,bbh,Bentel rockers__qwen3.5-4b__Bentel_iter_3,navigate,instance_00079,Main Score,0.0
1352,bbh,Bentel rockers__qwen3.5-4b__Bentel_iter_3,navigate,instance_00042,Aborted,0.0
1353,bbh,Bentel rockers__qwen3.5-4b__Bentel_iter_3,navigate,instance_00042,Lose,0.0
1354,bbh,Bentel rockers__qwen3.5-4b__Bentel_iter_3,navigate,instance_00042,Success,1.0
1355,bbh,Bentel rockers__qwen3.5-4b__Bentel_iter_3,navigate,instance_00042,Request Count,1.0
1356,bbh,Bentel rockers__qwen3.5-4b__Bentel_iter_3,navigate,instance_00042,Parsed Request Count,1.0
1357,bbh,Bentel rockers__qwen3.5-4b__Bentel_iter_3,navigate,instance_00042,Violated Request Count,0.0
1358,bbh,Bentel rockers__qwen3.5-4b__Bentel_iter_3,navigate,instance_00042,Request Success Ratio,1.0
1359,bbh,Bentel rockers__qwen3.5-4b__Bentel_iter_3,navigate,instance_00042,Main Score,100.0
1360,bbh,Bentel rockers__qwen3.5-4b__Bentel_iter_3,navigate,instance_00123,Aborted,0.0
1361,bbh,Bentel rockers__qwen3.5-4b__Bentel_iter_3,navigate,instance_00123,Lose,0.0
1362,bbh,Bentel rockers__qwen3.5-4b__Bentel_iter_3,navigate,instance_00123,Success,1.0
1363,bbh,Bentel rockers__qwen3.5-4b__Bentel_iter_3,navigate,instance_00123,Request Count,1.0
1364,bbh,Bentel rockers__qwen3.5-4b__Bentel_iter_3,navigate,instance_00123,Parsed Request Count,1.0
1365,bbh,Bentel rockers__qwen3.5-4b__Bentel_iter_3,navigate,instance_00123,Violated Request Count,0.0
1366,bbh,Bentel rockers__qwen3.5-4b__Bentel_iter_3,navigate,instance_00123,Request Success Ratio,1.0
1367,bbh,Bentel rockers__qwen3.5-4b__Bentel_iter_3,navigate,instance_00123,Main Score,100.0
1368,bbh,Bentel rockers__qwen3.5-4b__Bentel_iter_3,navigate,instance_00151,Aborted,0.0
1369,bbh,Bentel rockers__qwen3.5-4b__Bentel_iter_3,navigate,instance_00151,Lose,1.0
1370,bbh,Bentel rockers__qwen3.5-4b__Bentel_iter_3,navigate,instance_00151,Success,0.0
1371,bbh,Bentel rockers__qwen3.5-4b__Bentel_iter_3,navigate,instance_00151,Request Count,1.0
1372,bbh,Bentel rockers__qwen3.5-4b__Bentel_iter_3,navigate,instance_00151,Parsed Request Count,1.0
1373,bbh,Bentel rockers__qwen3.5-4b__Bentel_iter_3,navigate,instance_00151,Violated Request Count,0.0
1374,bbh,Bentel rockers__qwen3.5-4b__Bentel_iter_3,navigate,instance_00151,Request Success Ratio,1.0
1375,bbh,Bentel rockers__qwen3.5-4b__Bentel_iter_3,navigate,instance_00151,Main Score,0.0
1376,bbh,Bentel rockers__qwen3.5-4b__Bentel_iter_3,navigate,instance_00188,Aborted,0.0
1377,bbh,Bentel rockers__qwen3.5-4b__Bentel_iter_3,navigate,instance_00188,Lose,1.0
1378,bbh,Bentel rockers__qwen3.5-4b__Bentel_iter_3,navigate,instance_00188,Success,0.0
1379,bbh,Bentel rockers__qwen3.5-4b__Bentel_iter_3,navigate,instance_00188,Request Count,1.0
1380,bbh,Bentel rockers__qwen3.5-4b__Bentel_iter_3,navigate,instance_00188,Parsed Request Count,1.0
1381,bbh,Bentel rockers__qwen3.5-4b__Bentel_iter_3,navigate,instance_00188,Violated Request Count,0.0
1382,bbh,Bentel rockers__qwen3.5-4b__Bentel_iter_3,navigate,instance_00188,Request Success Ratio,1.0
1383,bbh,Bentel rockers__qwen3.5-4b__Bentel_iter_3,navigate,instance_00188,Main Score,0.0
1384,bbh,Bentel rockers__qwen3.5-4b__Bentel_iter_3,movie_recommendation,instance_00213,Aborted,0.0
1385,bbh,Bentel rockers__qwen3.5-4b__Bentel_iter_3,movie_recommendation,instance_00213,Lose,0.0
1386,bbh,Bentel rockers__qwen3.5-4b__Bentel_iter_3,movie_recommendation,instance_00213,Success,1.0
1387,bbh,Bentel rockers__qwen3.5-4b__Bentel_iter_3,movie_recommendation,instance_00213,Request Count,1.0
1388,bbh,Bentel rockers__qwen3.5-4b__Bentel_iter_3,movie_recommendation,instance_00213,Parsed Request Count,1.0
1389,bbh,Bentel rockers__qwen3.5-4b__Bentel_iter_3,movie_recommendation,instance_00213,Violated Request Count,0.0
1390,bbh,Bentel rockers__qwen3.5-4b__Bentel_iter_3,movie_recommendation,instance_00213,Request Success Ratio,1.0
1391,bbh,Bentel rockers__qwen3.5-4b__Bentel_iter_3,movie_recommendation,instance_00213,Main Score,100.0
1392,bbh,Bentel rockers__qwen3.5-4b__Bentel_iter_3,movie_recommendation,instance_00205,Aborted,0.0
1393,bbh,Bentel rockers__qwen3.5-4b__Bentel_iter_3,movie_recommendation,instance_00205,Lose,0.0
1394,bbh,Bentel rockers__qwen3.5-4b__Bentel_iter_3,movie_recommendation,instance_00205,Success,1.0
1395,bbh,Bentel rockers__qwen3.5-4b__Bentel_iter_3,movie_recommendation,instance_00205,Request Count,1.0
1396,bbh,Bentel rockers__qwen3.5-4b__Bentel_iter_3,movie_recommendation,instance_00205,Parsed Request Count,1.0
1397,bbh,Bentel rockers__qwen3.5-4b__Bentel_iter_3,movie_recommendation,instance_00205,Violated Request Count,0.0
1398,bbh,Bentel rockers__qwen3.5-4b__Bentel_iter_3,movie_recommendation,instance_00205,Request Success Ratio,1.0
1399,bbh,Bentel rockers__qwen3.5-4b__Bentel_iter_3,movie_recommendation,instance_00205,Main Score,100.0
1400,bbh,Bentel rockers__qwen3.5-4b__Bentel_iter_3,movie_recommendation,instance_00106,Aborted,0.0
1401,bbh,Bentel rockers__qwen3.5-4b__Bentel_iter_3,movie_recommendation,instance_00106,Lose,0.0
1402,bbh,Bentel rockers__qwen3.5-4b__Bentel_iter_3,movie_recommendation,instance_00106,Success,1.0
1403,bbh,Bentel rockers__qwen3.5-4b__Bentel_iter_3,movie_recommendation,instance_00106,Request Count,1.0
1404,bbh,Bentel rockers__qwen3.5-4b__Bentel_iter_3,movie_recommendation,instance_00106,Parsed Request Count,1.0
1405,bbh,Bentel rockers__qwen3.5-4b__Bentel_iter_3,movie_recommendation,instance_00106,Violated Request Count,0.0
1406,bbh,Bentel rockers__qwen3.5-4b__Bentel_iter_3,movie_recommendation,instance_00106,Request Success Ratio,1.0
1407,bbh,Bentel rockers__qwen3.5-4b__Bentel_iter_3,movie_recommendation,instance_00106,Main Score,100.0
1408,bbh,Bentel rockers__qwen3.5-4b__Bentel_iter_3,movie_recommendation,instance_00188,Aborted,0.0
1409,bbh,Bentel rockers__qwen3.5-4b__Bentel_iter_3,movie_recommendation,instance_00188,Lose,1.0
1410,bbh,Bentel rockers__qwen3.5-4b__Bentel_iter_3,movie_recommendation,instance_00188,Success,0.0
1411,bbh,Bentel rockers__qwen3.5-4b__Bentel_iter_3,movie_recommendation,instance_00188,Request Count,1.0
1412,bbh,Bentel rockers__qwen3.5-4b__Bentel_iter_3,movie_recommendation,instance_00188,Parsed Request Count,1.0
1413,bbh,Bentel rockers__qwen3.5-4b__Bentel_iter_3,movie_recommendation,instance_00188,Violated Request Count,0.0
1414,bbh,Bentel rockers__qwen3.5-4b__Bentel_iter_3,movie_recommendation,instance_00188,Request Success Ratio,1.0
1415,bbh,Bentel rockers__qwen3.5-4b__Bentel_iter_3,movie_recommendation,instance_00188,Main Score,0.0
1416,bbh,Bentel rockers__qwen3.5-4b__Bentel_iter_3,movie_recommendation,instance_00033,Aborted,0.0
1417,bbh,Bentel rockers__qwen3.5-4b__Bentel_iter_3,movie_recommendation,instance_00033,Lose,0.0
1418,bbh,Bentel rockers__qwen3.5-4b__Bentel_iter_3,movie_recommendation,instance_00033,Success,1.0
1419,bbh,Bentel rockers__qwen3.5-4b__Bentel_iter_3,movie_recommendation,instance_00033,Request Count,1.0
1420,bbh,Bentel rockers__qwen3.5-4b__Bentel_iter_3,movie_recommendation,instance_00033,Parsed Request Count,1.0
1421,bbh,Bentel rockers__qwen3.5-4b__Bentel_iter_3,movie_recommendation,instance_00033,Violated Request Count,0.0
1422,bbh,Bentel rockers__qwen3.5-4b__Bentel_iter_3,movie_recommendation,instance_00033,Request Success Ratio,1.0
1423,bbh,Bentel rockers__qwen3.5-4b__Bentel_iter_3,movie_recommendation,instance_00033,Main Score,100.0
1424,bbh,Bentel rockers__qwen3.5-4b__Bentel_iter_3,word_sorting,instance_00199,Aborted,0.0
1425,bbh,Bentel rockers__qwen3.5-4b__Bentel_iter_3,word_sorting,instance_00199,Lose,1.0
1426,bbh,Bentel rockers__qwen3.5-4b__Bentel_iter_3,word_sorting,instance_00199,Success,0.0
1427,bbh,Bentel rockers__qwen3.5-4b__Bentel_iter_3,word_sorting,instance_00199,Request Count,1.0
1428,bbh,Bentel rockers__qwen3.5-4b__Bentel_iter_3,word_sorting,instance_00199,Parsed Request Count,1.0
1429,bbh,Bentel rockers__qwen3.5-4b__Bentel_iter_3,word_sorting,instance_00199,Violated Request Count,0.0
1430,bbh,Bentel rockers__qwen3.5-4b__Bentel_iter_3,word_sorting,instance_00199,Request Success Ratio,1.0
1431,bbh,Bentel rockers__qwen3.5-4b__Bentel_iter_3,word_sorting,instance_00199,Main Score,0.0
1432,bbh,Bentel rockers__qwen3.5-4b__Bentel_iter_3,word_sorting,instance_00229,Aborted,0.0
1433,bbh,Bentel rockers__qwen3.5-4b__Bentel_iter_3,word_sorting,instance_00229,Lose,1.0
1434,bbh,Bentel rockers__qwen3.5-4b__Bentel_iter_3,word_sorting,instance_00229,Success,0.0
1435,bbh,Bentel rockers__qwen3.5-4b__Bentel_iter_3,word_sorting,instance_00229,Request Count,1.0
1436,bbh,Bentel rockers__qwen3.5-4b__Bentel_iter_3,word_sorting,instance_00229,Parsed Request Count,1.0
1437,bbh,Bentel rockers__qwen3.5-4b__Bentel_iter_3,word_sorting,instance_00229,Violated Request Count,0.0
1438,bbh,Bentel rockers__qwen3.5-4b__Bentel_iter_3,word_sorting,instance_00229,Request Success Ratio,1.0
1439,bbh,Bentel rockers__qwen3.5-4b__Bentel_iter_3,word_sorting,instance_00229,Main Score,0.0
1440,bbh,Bentel rockers__qwen3.5-4b__Bentel_iter_3,word_sorting,instance_00123,Aborted,0.0
1441,bbh,Bentel rockers__qwen3.5-4b__Bentel_iter_3,word_sorting,instance_00123,Lose,0.0
1442,bbh,Bentel rockers__qwen3.5-4b__Bentel_iter_3,word_sorting,instance_00123,Success,1.0
1443,bbh,Bentel rockers__qwen3.5-4b__Bentel_iter_3,word_sorting,instance_00123,Request Count,1.0
1444,bbh,Bentel rockers__qwen3.5-4b__Bentel_iter_3,word_sorting,instance_00123,Parsed Request Count,1.0
1445,bbh,Bentel rockers__qwen3.5-4b__Bentel_iter_3,word_sorting,instance_00123,Violated Request Count,0.0
1446,bbh,Bentel rockers__qwen3.5-4b__Bentel_iter_3,word_sorting,instance_00123,Request Success Ratio,1.0
1447,bbh,Bentel rockers__qwen3.5-4b__Bentel_iter_3,word_sorting,instance_00123,Main Score,100.0
1448,bbh,Bentel rockers__qwen3.5-4b__Bentel_iter_3,word_sorting,instance_00182,Aborted,0.0
1449,bbh,Bentel rockers__qwen3.5-4b__Bentel_iter_3,word_sorting,instance_00182,Lose,1.0
1450,bbh,Bentel rockers__qwen3.5-4b__Bentel_iter_3,word_sorting,instance_00182,Success,0.0
1451,bbh,Bentel rockers__qwen3.5-4b__Bentel_iter_3,word_sorting,instance_00182,Request Count,1.0
1452,bbh,Bentel rockers__qwen3.5-4b__Bentel_iter_3,word_sorting,instance_00182,Parsed Request Count,1.0
1453,bbh,Bentel rockers__qwen3.5-4b__Bentel_iter_3,word_sorting,instance_00182,Violated Request Count,0.0
1454,bbh,Bentel rockers__qwen3.5-4b__Bentel_iter_3,word_sorting,instance_00182,Request Success Ratio,1.0
1455,bbh,Bentel rockers__qwen3.5-4b__Bentel_iter_3,word_sorting,instance_00182,Main Score,0.0
1456,bbh,Bentel rockers__qwen3.5-4b__Bentel_iter_3,word_sorting,instance_00152,Aborted,0.0
1457,bbh,Bentel rockers__qwen3.5-4b__Bentel_iter_3,word_sorting,instance_00152,Lose,1.0
1458,bbh,Bentel rockers__qwen3.5-4b__Bentel_iter_3,word_sorting,instance_00152,Success,0.0
1459,bbh,Bentel rockers__qwen3.5-4b__Bentel_iter_3,word_sorting,instance_00152,Request Count,1.0
1460,bbh,Bentel rockers__qwen3.5-4b__Bentel_iter_3,word_sorting,instance_00152,Parsed Request Count,1.0
1461,bbh,Bentel rockers__qwen3.5-4b__Bentel_iter_3,word_sorting,instance_00152,Violated Request Count,0.0
1462,bbh,Bentel rockers__qwen3.5-4b__Bentel_iter_3,word_sorting,instance_00152,Request Success Ratio,1.0
1463,bbh,Bentel rockers__qwen3.5-4b__Bentel_iter_3,word_sorting,instance_00152,Main Score,0.0
1464,bbh,Bentel rockers__qwen3.5-4b__Bentel_iter_3,penguins_in_a_table,instance_00145,Aborted,0.0
1465,bbh,Bentel rockers__qwen3.5-4b__Bentel_iter_3,penguins_in_a_table,instance_00145,Lose,1.0
1466,bbh,Bentel rockers__qwen3.5-4b__Bentel_iter_3,penguins_in_a_table,instance_00145,Success,0.0
1467,bbh,Bentel rockers__qwen3.5-4b__Bentel_iter_3,penguins_in_a_table,instance_00145,Request Count,1.0
1468,bbh,Bentel rockers__qwen3.5-4b__Bentel_iter_3,penguins_in_a_table,instance_00145,Parsed Request Count,1.0
1469,bbh,Bentel rockers__qwen3.5-4b__Bentel_iter_3,penguins_in_a_table,instance_00145,Violated Request Count,0.0
1470,bbh,Bentel rockers__qwen3.5-4b__Bentel_iter_3,penguins_in_a_table,instance_00145,Request Success Ratio,1.0
1471,bbh,Bentel rockers__qwen3.5-4b__Bentel_iter_3,penguins_in_a_table,instance_00145,Main Score,0.0
1472,bbh,Bentel rockers__qwen3.5-4b__Bentel_iter_3,penguins_in_a_table,instance_00093,Aborted,0.0
1473,bbh,Bentel rockers__qwen3.5-4b__Bentel_iter_3,penguins_in_a_table,instance_00093,Lose,1.0
1474,bbh,Bentel rockers__qwen3.5-4b__Bentel_iter_3,penguins_in_a_table,instance_00093,Success,0.0
1475,bbh,Bentel rockers__qwen3.5-4b__Bentel_iter_3,penguins_in_a_table,instance_00093,Request Count,1.0
1476,bbh,Bentel rockers__qwen3.5-4b__Bentel_iter_3,penguins_in_a_table,instance_00093,Parsed Request Count,1.0
1477,bbh,Bentel rockers__qwen3.5-4b__Bentel_iter_3,penguins_in_a_table,instance_00093,Violated Request Count,0.0
1478,bbh,Bentel rockers__qwen3.5-4b__Bentel_iter_3,penguins_in_a_table,instance_00093,Request Success Ratio,1.0
1479,bbh,Bentel rockers__qwen3.5-4b__Bentel_iter_3,penguins_in_a_table,instance_00093,Main Score,0.0
1480,bbh,Bentel rockers__qwen3.5-4b__Bentel_iter_3,formal_fallacies,instance_00223,Aborted,0.0
1481,bbh,Bentel rockers__qwen3.5-4b__Bentel_iter_3,formal_fallacies,instance_00223,Lose,1.0
1482,bbh,Bentel rockers__qwen3.5-4b__Bentel_iter_3,formal_fallacies,instance_00223,Success,0.0
1483,bbh,Bentel rockers__qwen3.5-4b__Bentel_iter_3,formal_fallacies,instance_00223,Request Count,1.0
1484,bbh,Bentel rockers__qwen3.5-4b__Bentel_iter_3,formal_fallacies,instance_00223,Parsed Request Count,1.0
1485,bbh,Bentel rockers__qwen3.5-4b__Bentel_iter_3,formal_fallacies,instance_00223,Violated Request Count,0.0
1486,bbh,Bentel rockers__qwen3.5-4b__Bentel_iter_3,formal_fallacies,instance_00223,Request Success Ratio,1.0
1487,bbh,Bentel rockers__qwen3.5-4b__Bentel_iter_3,formal_fallacies,instance_00223,Main Score,0.0
1488,bbh,Bentel rockers__qwen3.5-4b__Bentel_iter_3,formal_fallacies,instance_00056,Aborted,0.0
1489,bbh,Bentel rockers__qwen3.5-4b__Bentel_iter_3,formal_fallacies,instance_00056,Lose,1.0
1490,bbh,Bentel rockers__qwen3.5-4b__Bentel_iter_3,formal_fallacies,instance_00056,Success,0.0
1491,bbh,Bentel rockers__qwen3.5-4b__Bentel_iter_3,formal_fallacies,instance_00056,Request Count,1.0
1492,bbh,Bentel rockers__qwen3.5-4b__Bentel_iter_3,formal_fallacies,instance_00056,Parsed Request Count,1.0
1493,bbh,Bentel rockers__qwen3.5-4b__Bentel_iter_3,formal_fallacies,instance_00056,Violated Request Count,0.0
1494,bbh,Bentel rockers__qwen3.5-4b__Bentel_iter_3,formal_fallacies,instance_00056,Request Success Ratio,1.0
1495,bbh,Bentel rockers__qwen3.5-4b__Bentel_iter_3,formal_fallacies,instance_00056,Main Score,0.0
1496,bbh,Bentel rockers__qwen3.5-4b__Bentel_iter_3,formal_fallacies,instance_00099,Aborted,0.0
1497,bbh,Bentel rockers__qwen3.5-4b__Bentel_iter_3,formal_fallacies,instance_00099,Lose,0.0
1498,bbh,Bentel rockers__qwen3.5-4b__Bentel_iter_3,formal_fallacies,instance_00099,Success,1.0
1499,bbh,Bentel rockers__qwen3.5-4b__Bentel_iter_3,formal_fallacies,instance_00099,Request Count,1.0
1500,bbh,Bentel rockers__qwen3.5-4b__Bentel_iter_3,formal_fallacies,instance_00099,Parsed Request Count,1.0
1501,bbh,Bentel rockers__qwen3.5-4b__Bentel_iter_3,formal_fallacies,instance_00099,Violated Request Count,0.0
1502,bbh,Bentel rockers__qwen3.5-4b__Bentel_iter_3,formal_fallacies,instance_00099,Request Success Ratio,1.0
1503,bbh,Bentel rockers__qwen3.5-4b__Bentel_iter_3,formal_fallacies,instance_00099,Main Score,100.0
1504,bbh,Bentel rockers__qwen3.5-4b__Bentel_iter_3,formal_fallacies,instance_00143,Aborted,0.0
1505,bbh,Bentel rockers__qwen3.5-4b__Bentel_iter_3,formal_fallacies,instance_00143,Lose,1.0
1506,bbh,Bentel rockers__qwen3.5-4b__Bentel_iter_3,formal_fallacies,instance_00143,Success,0.0
1507,bbh,Bentel rockers__qwen3.5-4b__Bentel_iter_3,formal_fallacies,instance_00143,Request Count,1.0
1508,bbh,Bentel rockers__qwen3.5-4b__Bentel_iter_3,formal_fallacies,instance_00143,Parsed Request Count,1.0
1509,bbh,Bentel rockers__qwen3.5-4b__Bentel_iter_3,formal_fallacies,instance_00143,Violated Request Count,0.0
1510,bbh,Bentel rockers__qwen3.5-4b__Bentel_iter_3,formal_fallacies,instance_00143,Request Success Ratio,1.0
1511,bbh,Bentel rockers__qwen3.5-4b__Bentel_iter_3,formal_fallacies,instance_00143,Main Score,0.0
1512,bbh,Bentel rockers__qwen3.5-4b__Bentel_iter_3,formal_fallacies,instance_00191,Aborted,0.0
1513,bbh,Bentel rockers__qwen3.5-4b__Bentel_iter_3,formal_fallacies,instance_00191,Lose,0.0
1514,bbh,Bentel rockers__qwen3.5-4b__Bentel_iter_3,formal_fallacies,instance_00191,Success,1.0
1515,bbh,Bentel rockers__qwen3.5-4b__Bentel_iter_3,formal_fallacies,instance_00191,Request Count,1.0
1516,bbh,Bentel rockers__qwen3.5-4b__Bentel_iter_3,formal_fallacies,instance_00191,Parsed Request Count,1.0
1517,bbh,Bentel rockers__qwen3.5-4b__Bentel_iter_3,formal_fallacies,instance_00191,Violated Request Count,0.0
1518,bbh,Bentel rockers__qwen3.5-4b__Bentel_iter_3,formal_fallacies,instance_00191,Request Success Ratio,1.0
1519,bbh,Bentel rockers__qwen3.5-4b__Bentel_iter_3,formal_fallacies,instance_00191,Main Score,100.0
1520,bbh,Bentel rockers__qwen3.5-4b__Bentel_iter_3,temporal_sequences,instance_00111,Aborted,0.0
1521,bbh,Bentel rockers__qwen3.5-4b__Bentel_iter_3,temporal_sequences,instance_00111,Lose,1.0
1522,bbh,Bentel rockers__qwen3.5-4b__Bentel_iter_3,temporal_sequences,instance_00111,Success,0.0
1523,bbh,Bentel rockers__qwen3.5-4b__Bentel_iter_3,temporal_sequences,instance_00111,Request Count,1.0
1524,bbh,Bentel rockers__qwen3.5-4b__Bentel_iter_3,temporal_sequences,instance_00111,Parsed Request Count,1.0
1525,bbh,Bentel rockers__qwen3.5-4b__Bentel_iter_3,temporal_sequences,instance_00111,Violated Request Count,0.0
1526,bbh,Bentel rockers__qwen3.5-4b__Bentel_iter_3,temporal_sequences,instance_00111,Request Success Ratio,1.0
1527,bbh,Bentel rockers__qwen3.5-4b__Bentel_iter_3,temporal_sequences,instance_00111,Main Score,0.0
1528,bbh,Bentel rockers__qwen3.5-4b__Bentel_iter_3,temporal_sequences,instance_00072,Aborted,0.0
1529,bbh,Bentel rockers__qwen3.5-4b__Bentel_iter_3,temporal_sequences,instance_00072,Lose,1.0
1530,bbh,Bentel rockers__qwen3.5-4b__Bentel_iter_3,temporal_sequences,instance_00072,Success,0.0
1531,bbh,Bentel rockers__qwen3.5-4b__Bentel_iter_3,temporal_sequences,instance_00072,Request Count,1.0
1532,bbh,Bentel rockers__qwen3.5-4b__Bentel_iter_3,temporal_sequences,instance_00072,Parsed Request Count,1.0
1533,bbh,Bentel rockers__qwen3.5-4b__Bentel_iter_3,temporal_sequences,instance_00072,Violated Request Count,0.0
1534,bbh,Bentel rockers__qwen3.5-4b__Bentel_iter_3,temporal_sequences,instance_00072,Request Success Ratio,1.0
1535,bbh,Bentel rockers__qwen3.5-4b__Bentel_iter_3,temporal_sequences,instance_00072,Main Score,0.0
1536,bbh,Bentel rockers__qwen3.5-4b__Bentel_iter_3,temporal_sequences,instance_00216,Aborted,0.0
1537,bbh,Bentel rockers__qwen3.5-4b__Bentel_iter_3,temporal_sequences,instance_00216,Lose,1.0
1538,bbh,Bentel rockers__qwen3.5-4b__Bentel_iter_3,temporal_sequences,instance_00216,Success,0.0
1539,bbh,Bentel rockers__qwen3.5-4b__Bentel_iter_3,temporal_sequences,instance_00216,Request Count,1.0
1540,bbh,Bentel rockers__qwen3.5-4b__Bentel_iter_3,temporal_sequences,instance_00216,Parsed Request Count,1.0
1541,bbh,Bentel rockers__qwen3.5-4b__Bentel_iter_3,temporal_sequences,instance_00216,Violated Request Count,0.0
1542,bbh,Bentel rockers__qwen3.5-4b__Bentel_iter_3,temporal_sequences,instance_00216,Request Success Ratio,1.0
1543,bbh,Bentel rockers__qwen3.5-4b__Bentel_iter_3,temporal_sequences,instance_00216,Main Score,0.0
1544,bbh,Bentel rockers__qwen3.5-4b__Bentel_iter_3,temporal_sequences,instance_00064,Aborted,0.0
1545,bbh,Bentel rockers__qwen3.5-4b__Bentel_iter_3,temporal_sequences,instance_00064,Lose,1.0
1546,bbh,Bentel rockers__qwen3.5-4b__Bentel_iter_3,temporal_sequences,instance_00064,Success,0.0
1547,bbh,Bentel rockers__qwen3.5-4b__Bentel_iter_3,temporal_sequences,instance_00064,Request Count,1.0
1548,bbh,Bentel rockers__qwen3.5-4b__Bentel_iter_3,temporal_sequences,instance_00064,Parsed Request Count,1.0
1549,bbh,Bentel rockers__qwen3.5-4b__Bentel_iter_3,temporal_sequences,instance_00064,Violated Request Count,0.0
1550,bbh,Bentel rockers__qwen3.5-4b__Bentel_iter_3,temporal_sequences,instance_00064,Request Success Ratio,1.0
1551,bbh,Bentel rockers__qwen3.5-4b__Bentel_iter_3,temporal_sequences,instance_00064,Main Score,0.0
1552,bbh,Bentel rockers__qwen3.5-4b__Bentel_iter_3,temporal_sequences,instance_00247,Aborted,0.0
1553,bbh,Bentel rockers__qwen3.5-4b__Bentel_iter_3,temporal_sequences,instance_00247,Lose,1.0
1554,bbh,Bentel rockers__qwen3.5-4b__Bentel_iter_3,temporal_sequences,instance_00247,Success,0.0
1555,bbh,Bentel rockers__qwen3.5-4b__Bentel_iter_3,temporal_sequences,instance_00247,Request Count,1.0
1556,bbh,Bentel rockers__qwen3.5-4b__Bentel_iter_3,temporal_sequences,instance_00247,Parsed Request Count,1.0
1557,bbh,Bentel rockers__qwen3.5-4b__Bentel_iter_3,temporal_sequences,instance_00247,Violated Request Count,0.0
1558,bbh,Bentel rockers__qwen3.5-4b__Bentel_iter_3,temporal_sequences,instance_00247,Request Success Ratio,1.0
1559,bbh,Bentel rockers__qwen3.5-4b__Bentel_iter_3,temporal_sequences,instance_00247,Main Score,0.0
1560,bbh,Bentel rockers__qwen3.5-4b__Bentel_iter_3,dyck_languages,instance_00014,Aborted,0.0
1561,bbh,Bentel rockers__qwen3.5-4b__Bentel_iter_3,dyck_languages,instance_00014,Lose,1.0
1562,bbh,Bentel rockers__qwen3.5-4b__Bentel_iter_3,dyck_languages,instance_00014,Success,0.0
1563,bbh,Bentel rockers__qwen3.5-4b__Bentel_iter_3,dyck_languages,instance_00014,Request Count,1.0
1564,bbh,Bentel rockers__qwen3.5-4b__Bentel_iter_3,dyck_languages,instance_00014,Parsed Request Count,1.0
1565,bbh,Bentel rockers__qwen3.5-4b__Bentel_iter_3,dyck_languages,instance_00014,Violated Request Count,0.0
1566,bbh,Bentel rockers__qwen3.5-4b__Bentel_iter_3,dyck_languages,instance_00014,Request Success Ratio,1.0
1567,bbh,Bentel rockers__qwen3.5-4b__Bentel_iter_3,dyck_languages,instance_00014,Main Score,0.0
1568,bbh,Bentel rockers__qwen3.5-4b__Bentel_iter_3,dyck_languages,instance_00027,Aborted,0.0
1569,bbh,Bentel rockers__qwen3.5-4b__Bentel_iter_3,dyck_languages,instance_00027,Lose,1.0
1570,bbh,Bentel rockers__qwen3.5-4b__Bentel_iter_3,dyck_languages,instance_00027,Success,0.0
1571,bbh,Bentel rockers__qwen3.5-4b__Bentel_iter_3,dyck_languages,instance_00027,Request Count,1.0
1572,bbh,Bentel rockers__qwen3.5-4b__Bentel_iter_3,dyck_languages,instance_00027,Parsed Request Count,1.0
1573,bbh,Bentel rockers__qwen3.5-4b__Bentel_iter_3,dyck_languages,instance_00027,Violated Request Count,0.0
1574,bbh,Bentel rockers__qwen3.5-4b__Bentel_iter_3,dyck_languages,instance_00027,Request Success Ratio,1.0
1575,bbh,Bentel rockers__qwen3.5-4b__Bentel_iter_3,dyck_languages,instance_00027,Main Score,0.0
1576,bbh,Bentel rockers__qwen3.5-4b__Bentel_iter_3,dyck_languages,instance_00070,Aborted,0.0
1577,bbh,Bentel rockers__qwen3.5-4b__Bentel_iter_3,dyck_languages,instance_00070,Lose,1.0
1578,bbh,Bentel rockers__qwen3.5-4b__Bentel_iter_3,dyck_languages,instance_00070,Success,0.0
1579,bbh,Bentel rockers__qwen3.5-4b__Bentel_iter_3,dyck_languages,instance_00070,Request Count,1.0
1580,bbh,Bentel rockers__qwen3.5-4b__Bentel_iter_3,dyck_languages,instance_00070,Parsed Request Count,1.0
1581,bbh,Bentel rockers__qwen3.5-4b__Bentel_iter_3,dyck_languages,instance_00070,Violated Request Count,0.0
1582,bbh,Bentel rockers__qwen3.5-4b__Bentel_iter_3,dyck_languages,instance_00070,Request Success Ratio,1.0
1583,bbh,Bentel rockers__qwen3.5-4b__Bentel_iter_3,dyck_languages,instance_00070,Main Score,0.0
1584,bbh,Bentel rockers__qwen3.5-4b__Bentel_iter_3,dyck_languages,instance_00197,Aborted,0.0
1585,bbh,Bentel rockers__qwen3.5-4b__Bentel_iter_3,dyck_languages,instance_00197,Lose,0.0
1586,bbh,Bentel rockers__qwen3.5-4b__Bentel_iter_3,dyck_languages,instance_00197,Success,1.0
1587,bbh,Bentel rockers__qwen3.5-4b__Bentel_iter_3,dyck_languages,instance_00197,Request Count,1.0
1588,bbh,Bentel rockers__qwen3.5-4b__Bentel_iter_3,dyck_languages,instance_00197,Parsed Request Count,1.0
1589,bbh,Bentel rockers__qwen3.5-4b__Bentel_iter_3,dyck_languages,instance_00197,Violated Request Count,0.0
1590,bbh,Bentel rockers__qwen3.5-4b__Bentel_iter_3,dyck_languages,instance_00197,Request Success Ratio,1.0
1591,bbh,Bentel rockers__qwen3.5-4b__Bentel_iter_3,dyck_languages,instance_00197,Main Score,100.0
1592,bbh,Bentel rockers__qwen3.5-4b__Bentel_iter_3,dyck_languages,instance_00188,Aborted,0.0
1593,bbh,Bentel rockers__qwen3.5-4b__Bentel_iter_3,dyck_languages,instance_00188,Lose,1.0
1594,bbh,Bentel rockers__qwen3.5-4b__Bentel_iter_3,dyck_languages,instance_00188,Success,0.0
1595,bbh,Bentel rockers__qwen3.5-4b__Bentel_iter_3,dyck_languages,instance_00188,Request Count,1.0
1596,bbh,Bentel rockers__qwen3.5-4b__Bentel_iter_3,dyck_languages,instance_00188,Parsed Request Count,1.0
1597,bbh,Bentel rockers__qwen3.5-4b__Bentel_iter_3,dyck_languages,instance_00188,Violated Request Count,0.0
1598,bbh,Bentel rockers__qwen3.5-4b__Bentel_iter_3,dyck_languages,instance_00188,Request Success Ratio,1.0
1599,bbh,Bentel rockers__qwen3.5-4b__Bentel_iter_3,dyck_languages,instance_00188,Main Score,0.0
1600,bbh,Bentel rockers__qwen3.5-4b__Bentel_iter_3,ruin_names,instance_00104,Aborted,0.0
1601,bbh,Bentel rockers__qwen3.5-4b__Bentel_iter_3,ruin_names,instance_00104,Lose,1.0
1602,bbh,Bentel rockers__qwen3.5-4b__Bentel_iter_3,ruin_names,instance_00104,Success,0.0
1603,bbh,Bentel rockers__qwen3.5-4b__Bentel_iter_3,ruin_names,instance_00104,Request Count,1.0
1604,bbh,Bentel rockers__qwen3.5-4b__Bentel_iter_3,ruin_names,instance_00104,Parsed Request Count,1.0
1605,bbh,Bentel rockers__qwen3.5-4b__Bentel_iter_3,ruin_names,instance_00104,Violated Request Count,0.0
1606,bbh,Bentel rockers__qwen3.5-4b__Bentel_iter_3,ruin_names,instance_00104,Request Success Ratio,1.0
1607,bbh,Bentel rockers__qwen3.5-4b__Bentel_iter_3,ruin_names,instance_00104,Main Score,0.0
1608,bbh,Bentel rockers__qwen3.5-4b__Bentel_iter_3,ruin_names,instance_00154,Aborted,0.0
1609,bbh,Bentel rockers__qwen3.5-4b__Bentel_iter_3,ruin_names,instance_00154,Lose,1.0
1610,bbh,Bentel rockers__qwen3.5-4b__Bentel_iter_3,ruin_names,instance_00154,Success,0.0
1611,bbh,Bentel rockers__qwen3.5-4b__Bentel_iter_3,ruin_names,instance_00154,Request Count,1.0
1612,bbh,Bentel rockers__qwen3.5-4b__Bentel_iter_3,ruin_names,instance_00154,Parsed Request Count,1.0
1613,bbh,Bentel rockers__qwen3.5-4b__Bentel_iter_3,ruin_names,instance_00154,Violated Request Count,0.0
1614,bbh,Bentel rockers__qwen3.5-4b__Bentel_iter_3,ruin_names,instance_00154,Request Success Ratio,1.0
1615,bbh,Bentel rockers__qwen3.5-4b__Bentel_iter_3,ruin_names,instance_00154,Main Score,0.0
1616,bbh,Bentel rockers__qwen3.5-4b__Bentel_iter_3,ruin_names,instance_00012,Aborted,0.0
1617,bbh,Bentel rockers__qwen3.5-4b__Bentel_iter_3,ruin_names,instance_00012,Lose,0.0
1618,bbh,Bentel rockers__qwen3.5-4b__Bentel_iter_3,ruin_names,instance_00012,Success,1.0
1619,bbh,Bentel rockers__qwen3.5-4b__Bentel_iter_3,ruin_names,instance_00012,Request Count,1.0
1620,bbh,Bentel rockers__qwen3.5-4b__Bentel_iter_3,ruin_names,instance_00012,Parsed Request Count,1.0
1621,bbh,Bentel rockers__qwen3.5-4b__Bentel_iter_3,ruin_names,instance_00012,Violated Request Count,0.0
1622,bbh,Bentel rockers__qwen3.5-4b__Bentel_iter_3,ruin_names,instance_00012,Request Success Ratio,1.0
1623,bbh,Bentel rockers__qwen3.5-4b__Bentel_iter_3,ruin_names,instance_00012,Main Score,100.0
1624,bbh,Bentel rockers__qwen3.5-4b__Bentel_iter_3,ruin_names,instance_00085,Aborted,0.0
1625,bbh,Bentel rockers__qwen3.5-4b__Bentel_iter_3,ruin_names,instance_00085,Lose,1.0
1626,bbh,Bentel rockers__qwen3.5-4b__Bentel_iter_3,ruin_names,instance_00085,Success,0.0
1627,bbh,Bentel rockers__qwen3.5-4b__Bentel_iter_3,ruin_names,instance_00085,Request Count,1.0
1628,bbh,Bentel rockers__qwen3.5-4b__Bentel_iter_3,ruin_names,instance_00085,Parsed Request Count,1.0
1629,bbh,Bentel rockers__qwen3.5-4b__Bentel_iter_3,ruin_names,instance_00085,Violated Request Count,0.0
1630,bbh,Bentel rockers__qwen3.5-4b__Bentel_iter_3,ruin_names,instance_00085,Request Success Ratio,1.0
1631,bbh,Bentel rockers__qwen3.5-4b__Bentel_iter_3,ruin_names,instance_00085,Main Score,0.0
1632,bbh,Bentel rockers__qwen3.5-4b__Bentel_iter_3,ruin_names,instance_00222,Aborted,0.0
1633,bbh,Bentel rockers__qwen3.5-4b__Bentel_iter_3,ruin_names,instance_00222,Lose,0.0
1634,bbh,Bentel rockers__qwen3.5-4b__Bentel_iter_3,ruin_names,instance_00222,Success,1.0
1635,bbh,Bentel rockers__qwen3.5-4b__Bentel_iter_3,ruin_names,instance_00222,Request Count,1.0
1636,bbh,Bentel rockers__qwen3.5-4b__Bentel_iter_3,ruin_names,instance_00222,Parsed Request Count,1.0
1637,bbh,Bentel rockers__qwen3.5-4b__Bentel_iter_3,ruin_names,instance_00222,Violated Request Count,0.0
1638,bbh,Bentel rockers__qwen3.5-4b__Bentel_iter_3,ruin_names,instance_00222,Request Success Ratio,1.0
1639,bbh,Bentel rockers__qwen3.5-4b__Bentel_iter_3,ruin_names,instance_00222,Main Score,100.0
1640,bbh,Bentel rockers__qwen3.5-4b__Bentel_iter_3,snarks,instance_00113,Aborted,0.0
1641,bbh,Bentel rockers__qwen3.5-4b__Bentel_iter_3,snarks,instance_00113,Lose,1.0
1642,bbh,Bentel rockers__qwen3.5-4b__Bentel_iter_3,snarks,instance_00113,Success,0.0
1643,bbh,Bentel rockers__qwen3.5-4b__Bentel_iter_3,snarks,instance_00113,Request Count,1.0
1644,bbh,Bentel rockers__qwen3.5-4b__Bentel_iter_3,snarks,instance_00113,Parsed Request Count,1.0
1645,bbh,Bentel rockers__qwen3.5-4b__Bentel_iter_3,snarks,instance_00113,Violated Request Count,0.0
1646,bbh,Bentel rockers__qwen3.5-4b__Bentel_iter_3,snarks,instance_00113,Request Success Ratio,1.0
1647,bbh,Bentel rockers__qwen3.5-4b__Bentel_iter_3,snarks,instance_00113,Main Score,0.0
1648,bbh,Bentel rockers__qwen3.5-4b__Bentel_iter_3,snarks,instance_00007,Aborted,0.0
1649,bbh,Bentel rockers__qwen3.5-4b__Bentel_iter_3,snarks,instance_00007,Lose,1.0
1650,bbh,Bentel rockers__qwen3.5-4b__Bentel_iter_3,snarks,instance_00007,Success,0.0
1651,bbh,Bentel rockers__qwen3.5-4b__Bentel_iter_3,snarks,instance_00007,Request Count,1.0
1652,bbh,Bentel rockers__qwen3.5-4b__Bentel_iter_3,snarks,instance_00007,Parsed Request Count,1.0
1653,bbh,Bentel rockers__qwen3.5-4b__Bentel_iter_3,snarks,instance_00007,Violated Request Count,0.0
1654,bbh,Bentel rockers__qwen3.5-4b__Bentel_iter_3,snarks,instance_00007,Request Success Ratio,1.0
1655,bbh,Bentel rockers__qwen3.5-4b__Bentel_iter_3,snarks,instance_00007,Main Score,0.0
1656,bbh,Bentel rockers__qwen3.5-4b__Bentel_iter_3,snarks,instance_00109,Aborted,0.0
1657,bbh,Bentel rockers__qwen3.5-4b__Bentel_iter_3,snarks,instance_00109,Lose,1.0
1658,bbh,Bentel rockers__qwen3.5-4b__Bentel_iter_3,snarks,instance_00109,Success,0.0
1659,bbh,Bentel rockers__qwen3.5-4b__Bentel_iter_3,snarks,instance_00109,Request Count,1.0
1660,bbh,Bentel rockers__qwen3.5-4b__Bentel_iter_3,snarks,instance_00109,Parsed Request Count,1.0
1661,bbh,Bentel rockers__qwen3.5-4b__Bentel_iter_3,snarks,instance_00109,Violated Request Count,0.0
1662,bbh,Bentel rockers__qwen3.5-4b__Bentel_iter_3,snarks,instance_00109,Request Success Ratio,1.0
1663,bbh,Bentel rockers__qwen3.5-4b__Bentel_iter_3,snarks,instance_00109,Main Score,0.0
1664,bbh,Bentel rockers__qwen3.5-4b__Bentel_iter_3,date_understanding,instance_00189,Aborted,0.0
1665,bbh,Bentel rockers__qwen3.5-4b__Bentel_iter_3,date_understanding,instance_00189,Lose,1.0
1666,bbh,Bentel rockers__qwen3.5-4b__Bentel_iter_3,date_understanding,instance_00189,Success,0.0
1667,bbh,Bentel rockers__qwen3.5-4b__Bentel_iter_3,date_understanding,instance_00189,Request Count,1.0
1668,bbh,Bentel rockers__qwen3.5-4b__Bentel_iter_3,date_understanding,instance_00189,Parsed Request Count,1.0
1669,bbh,Bentel rockers__qwen3.5-4b__Bentel_iter_3,date_understanding,instance_00189,Violated Request Count,0.0
1670,bbh,Bentel rockers__qwen3.5-4b__Bentel_iter_3,date_understanding,instance_00189,Request Success Ratio,1.0
1671,bbh,Bentel rockers__qwen3.5-4b__Bentel_iter_3,date_understanding,instance_00189,Main Score,0.0
1672,bbh,Bentel rockers__qwen3.5-4b__Bentel_iter_3,date_understanding,instance_00211,Aborted,0.0
1673,bbh,Bentel rockers__qwen3.5-4b__Bentel_iter_3,date_understanding,instance_00211,Lose,1.0
1674,bbh,Bentel rockers__qwen3.5-4b__Bentel_iter_3,date_understanding,instance_00211,Success,0.0
1675,bbh,Bentel rockers__qwen3.5-4b__Bentel_iter_3,date_understanding,instance_00211,Request Count,1.0
1676,bbh,Bentel rockers__qwen3.5-4b__Bentel_iter_3,date_understanding,instance_00211,Parsed Request Count,1.0
1677,bbh,Bentel rockers__qwen3.5-4b__Bentel_iter_3,date_understanding,instance_00211,Violated Request Count,0.0
1678,bbh,Bentel rockers__qwen3.5-4b__Bentel_iter_3,date_understanding,instance_00211,Request Success Ratio,1.0
1679,bbh,Bentel rockers__qwen3.5-4b__Bentel_iter_3,date_understanding,instance_00211,Main Score,0.0
1680,bbh,Bentel rockers__qwen3.5-4b__Bentel_iter_3,date_understanding,instance_00200,Aborted,0.0
1681,bbh,Bentel rockers__qwen3.5-4b__Bentel_iter_3,date_understanding,instance_00200,Lose,1.0
1682,bbh,Bentel rockers__qwen3.5-4b__Bentel_iter_3,date_understanding,instance_00200,Success,0.0
1683,bbh,Bentel rockers__qwen3.5-4b__Bentel_iter_3,date_understanding,instance_00200,Request Count,1.0
1684,bbh,Bentel rockers__qwen3.5-4b__Bentel_iter_3,date_understanding,instance_00200,Parsed Request Count,1.0
1685,bbh,Bentel rockers__qwen3.5-4b__Bentel_iter_3,date_understanding,instance_00200,Violated Request Count,0.0
1686,bbh,Bentel rockers__qwen3.5-4b__Bentel_iter_3,date_understanding,instance_00200,Request Success Ratio,1.0
1687,bbh,Bentel rockers__qwen3.5-4b__Bentel_iter_3,date_understanding,instance_00200,Main Score,0.0
1688,bbh,Bentel rockers__qwen3.5-4b__Bentel_iter_3,date_understanding,instance_00222,Aborted,0.0
1689,bbh,Bentel rockers__qwen3.5-4b__Bentel_iter_3,date_understanding,instance_00222,Lose,1.0
1690,bbh,Bentel rockers__qwen3.5-4b__Bentel_iter_3,date_understanding,instance_00222,Success,0.0
1691,bbh,Bentel rockers__qwen3.5-4b__Bentel_iter_3,date_understanding,instance_00222,Request Count,1.0
1692,bbh,Bentel rockers__qwen3.5-4b__Bentel_iter_3,date_understanding,instance_00222,Parsed Request Count,1.0
1693,bbh,Bentel rockers__qwen3.5-4b__Bentel_iter_3,date_understanding,instance_00222,Violated Request Count,0.0
1694,bbh,Bentel rockers__qwen3.5-4b__Bentel_iter_3,date_understanding,instance_00222,Request Success Ratio,1.0
1695,bbh,Bentel rockers__qwen3.5-4b__Bentel_iter_3,date_understanding,instance_00222,Main Score,0.0
1696,bbh,Bentel rockers__qwen3.5-4b__Bentel_iter_3,date_understanding,instance_00152,Aborted,0.0
1697,bbh,Bentel rockers__qwen3.5-4b__Bentel_iter_3,date_understanding,instance_00152,Lose,1.0
1698,bbh,Bentel rockers__qwen3.5-4b__Bentel_iter_3,date_understanding,instance_00152,Success,0.0
1699,bbh,Bentel rockers__qwen3.5-4b__Bentel_iter_3,date_understanding,instance_00152,Request Count,1.0
1700,bbh,Bentel rockers__qwen3.5-4b__Bentel_iter_3,date_understanding,instance_00152,Parsed Request Count,1.0
1701,bbh,Bentel rockers__qwen3.5-4b__Bentel_iter_3,date_understanding,instance_00152,Violated Request Count,0.0
1702,bbh,Bentel rockers__qwen3.5-4b__Bentel_iter_3,date_understanding,instance_00152,Request Success Ratio,1.0
1703,bbh,Bentel rockers__qwen3.5-4b__Bentel_iter_3,date_understanding,instance_00152,Main Score,0.0
1704,bbh,Bentel rockers__qwen3.5-4b__Bentel_iter_3,causal_judgement,instance_00072,Aborted,0.0
1705,bbh,Bentel rockers__qwen3.5-4b__Bentel_iter_3,causal_judgement,instance_00072,Lose,0.0
1706,bbh,Bentel rockers__qwen3.5-4b__Bentel_iter_3,causal_judgement,instance_00072,Success,1.0
1707,bbh,Bentel rockers__qwen3.5-4b__Bentel_iter_3,causal_judgement,instance_00072,Request Count,1.0
1708,bbh,Bentel rockers__qwen3.5-4b__Bentel_iter_3,causal_judgement,instance_00072,Parsed Request Count,1.0
1709,bbh,Bentel rockers__qwen3.5-4b__Bentel_iter_3,causal_judgement,instance_00072,Violated Request Count,0.0
1710,bbh,Bentel rockers__qwen3.5-4b__Bentel_iter_3,causal_judgement,instance_00072,Request Success Ratio,1.0
1711,bbh,Bentel rockers__qwen3.5-4b__Bentel_iter_3,causal_judgement,instance_00072,Main Score,100.0
1712,bbh,Bentel rockers__qwen3.5-4b__Bentel_iter_3,causal_judgement,instance_00018,Aborted,0.0
1713,bbh,Bentel rockers__qwen3.5-4b__Bentel_iter_3,causal_judgement,instance_00018,Lose,1.0
1714,bbh,Bentel rockers__qwen3.5-4b__Bentel_iter_3,causal_judgement,instance_00018,Success,0.0
1715,bbh,Bentel rockers__qwen3.5-4b__Bentel_iter_3,causal_judgement,instance_00018,Request Count,1.0
1716,bbh,Bentel rockers__qwen3.5-4b__Bentel_iter_3,causal_judgement,instance_00018,Parsed Request Count,1.0
1717,bbh,Bentel rockers__qwen3.5-4b__Bentel_iter_3,causal_judgement,instance_00018,Violated Request Count,0.0
1718,bbh,Bentel rockers__qwen3.5-4b__Bentel_iter_3,causal_judgement,instance_00018,Request Success Ratio,1.0
1719,bbh,Bentel rockers__qwen3.5-4b__Bentel_iter_3,causal_judgement,instance_00018,Main Score,0.0
1720,bbh,Bentel rockers__qwen3.5-4b__Bentel_iter_3,causal_judgement,instance_00112,Aborted,0.0
1721,bbh,Bentel rockers__qwen3.5-4b__Bentel_iter_3,causal_judgement,instance_00112,Lose,0.0
1722,bbh,Bentel rockers__qwen3.5-4b__Bentel_iter_3,causal_judgement,instance_00112,Success,1.0
1723,bbh,Bentel rockers__qwen3.5-4b__Bentel_iter_3,causal_judgement,instance_00112,Request Count,1.0
1724,bbh,Bentel rockers__qwen3.5-4b__Bentel_iter_3,causal_judgement,instance_00112,Parsed Request Count,1.0
1725,bbh,Bentel rockers__qwen3.5-4b__Bentel_iter_3,causal_judgement,instance_00112,Violated Request Count,0.0
1726,bbh,Bentel rockers__qwen3.5-4b__Bentel_iter_3,causal_judgement,instance_00112,Request Success Ratio,1.0
1727,bbh,Bentel rockers__qwen3.5-4b__Bentel_iter_3,causal_judgement,instance_00112,Main Score,100.0
1728,bbh,Bentel rockers__qwen3.5-4b__Bentel_iter_3,logical_deduction_seven_objects,instance_00116,Aborted,0.0
1729,bbh,Bentel rockers__qwen3.5-4b__Bentel_iter_3,logical_deduction_seven_objects,instance_00116,Lose,1.0
1730,bbh,Bentel rockers__qwen3.5-4b__Bentel_iter_3,logical_deduction_seven_objects,instance_00116,Success,0.0
1731,bbh,Bentel rockers__qwen3.5-4b__Bentel_iter_3,logical_deduction_seven_objects,instance_00116,Request Count,1.0
1732,bbh,Bentel rockers__qwen3.5-4b__Bentel_iter_3,logical_deduction_seven_objects,instance_00116,Parsed Request Count,1.0
1733,bbh,Bentel rockers__qwen3.5-4b__Bentel_iter_3,logical_deduction_seven_objects,instance_00116,Violated Request Count,0.0
1734,bbh,Bentel rockers__qwen3.5-4b__Bentel_iter_3,logical_deduction_seven_objects,instance_00116,Request Success Ratio,1.0
1735,bbh,Bentel rockers__qwen3.5-4b__Bentel_iter_3,logical_deduction_seven_objects,instance_00116,Main Score,0.0
1736,bbh,Bentel rockers__qwen3.5-4b__Bentel_iter_3,logical_deduction_seven_objects,instance_00217,Aborted,0.0
1737,bbh,Bentel rockers__qwen3.5-4b__Bentel_iter_3,logical_deduction_seven_objects,instance_00217,Lose,1.0
1738,bbh,Bentel rockers__qwen3.5-4b__Bentel_iter_3,logical_deduction_seven_objects,instance_00217,Success,0.0
1739,bbh,Bentel rockers__qwen3.5-4b__Bentel_iter_3,logical_deduction_seven_objects,instance_00217,Request Count,1.0
1740,bbh,Bentel rockers__qwen3.5-4b__Bentel_iter_3,logical_deduction_seven_objects,instance_00217,Parsed Request Count,1.0
1741,bbh,Bentel rockers__qwen3.5-4b__Bentel_iter_3,logical_deduction_seven_objects,instance_00217,Violated Request Count,0.0
1742,bbh,Bentel rockers__qwen3.5-4b__Bentel_iter_3,logical_deduction_seven_objects,instance_00217,Request Success Ratio,1.0
1743,bbh,Bentel rockers__qwen3.5-4b__Bentel_iter_3,logical_deduction_seven_objects,instance_00217,Main Score,0.0
1744,bbh,Bentel rockers__qwen3.5-4b__Bentel_iter_3,logical_deduction_seven_objects,instance_00189,Aborted,0.0
1745,bbh,Bentel rockers__qwen3.5-4b__Bentel_iter_3,logical_deduction_seven_objects,instance_00189,Lose,1.0
1746,bbh,Bentel rockers__qwen3.5-4b__Bentel_iter_3,logical_deduction_seven_objects,instance_00189,Success,0.0
1747,bbh,Bentel rockers__qwen3.5-4b__Bentel_iter_3,logical_deduction_seven_objects,instance_00189,Request Count,1.0
1748,bbh,Bentel rockers__qwen3.5-4b__Bentel_iter_3,logical_deduction_seven_objects,instance_00189,Parsed Request Count,1.0
1749,bbh,Bentel rockers__qwen3.5-4b__Bentel_iter_3,logical_deduction_seven_objects,instance_00189,Violated Request Count,0.0
1750,bbh,Bentel rockers__qwen3.5-4b__Bentel_iter_3,logical_deduction_seven_objects,instance_00189,Request Success Ratio,1.0
1751,bbh,Bentel rockers__qwen3.5-4b__Bentel_iter_3,logical_deduction_seven_objects,instance_00189,Main Score,0.0
1752,bbh,Bentel rockers__qwen3.5-4b__Bentel_iter_3,logical_deduction_seven_objects,instance_00055,Aborted,0.0
1753,bbh,Bentel rockers__qwen3.5-4b__Bentel_iter_3,logical_deduction_seven_objects,instance_00055,Lose,1.0
1754,bbh,Bentel rockers__qwen3.5-4b__Bentel_iter_3,logical_deduction_seven_objects,instance_00055,Success,0.0
1755,bbh,Bentel rockers__qwen3.5-4b__Bentel_iter_3,logical_deduction_seven_objects,instance_00055,Request Count,1.0
1756,bbh,Bentel rockers__qwen3.5-4b__Bentel_iter_3,logical_deduction_seven_objects,instance_00055,Parsed Request Count,1.0
1757,bbh,Bentel rockers__qwen3.5-4b__Bentel_iter_3,logical_deduction_seven_objects,instance_00055,Violated Request Count,0.0
1758,bbh,Bentel rockers__qwen3.5-4b__Bentel_iter_3,logical_deduction_seven_objects,instance_00055,Request Success Ratio,1.0
1759,bbh,Bentel rockers__qwen3.5-4b__Bentel_iter_3,logical_deduction_seven_objects,instance_00055,Main Score,0.0
1760,bbh,Bentel rockers__qwen3.5-4b__Bentel_iter_3,logical_deduction_seven_objects,instance_00035,Aborted,0.0
1761,bbh,Bentel rockers__qwen3.5-4b__Bentel_iter_3,logical_deduction_seven_objects,instance_00035,Lose,1.0
1762,bbh,Bentel rockers__qwen3.5-4b__Bentel_iter_3,logical_deduction_seven_objects,instance_00035,Success,0.0
1763,bbh,Bentel rockers__qwen3.5-4b__Bentel_iter_3,logical_deduction_seven_objects,instance_00035,Request Count,1.0
1764,bbh,Bentel rockers__qwen3.5-4b__Bentel_iter_3,logical_deduction_seven_objects,instance_00035,Parsed Request Count,1.0
1765,bbh,Bentel rockers__qwen3.5-4b__Bentel_iter_3,logical_deduction_seven_objects,instance_00035,Violated Request Count,0.0
1766,bbh,Bentel rockers__qwen3.5-4b__Bentel_iter_3,logical_deduction_seven_objects,instance_00035,Request Success Ratio,1.0
1767,bbh,Bentel rockers__qwen3.5-4b__Bentel_iter_3,logical_deduction_seven_objects,instance_00035,Main Score,0.0
1768,bbh,Bentel rockers__qwen3.5-4b__Bentel_iter_3,object_counting,instance_00110,Aborted,0.0
1769,bbh,Bentel rockers__qwen3.5-4b__Bentel_iter_3,object_counting,instance_00110,Lose,1.0
1770,bbh,Bentel rockers__qwen3.5-4b__Bentel_iter_3,object_counting,instance_00110,Success,0.0
1771,bbh,Bentel rockers__qwen3.5-4b__Bentel_iter_3,object_counting,instance_00110,Request Count,1.0
1772,bbh,Bentel rockers__qwen3.5-4b__Bentel_iter_3,object_counting,instance_00110,Parsed Request Count,1.0
1773,bbh,Bentel rockers__qwen3.5-4b__Bentel_iter_3,object_counting,instance_00110,Violated Request Count,0.0
1774,bbh,Bentel rockers__qwen3.5-4b__Bentel_iter_3,object_counting,instance_00110,Request Success Ratio,1.0
1775,bbh,Bentel rockers__qwen3.5-4b__Bentel_iter_3,object_counting,instance_00110,Main Score,0.0
1776,bbh,Bentel rockers__qwen3.5-4b__Bentel_iter_3,object_counting,instance_00030,Aborted,0.0
1777,bbh,Bentel rockers__qwen3.5-4b__Bentel_iter_3,object_counting,instance_00030,Lose,1.0
1778,bbh,Bentel rockers__qwen3.5-4b__Bentel_iter_3,object_counting,instance_00030,Success,0.0
1779,bbh,Bentel rockers__qwen3.5-4b__Bentel_iter_3,object_counting,instance_00030,Request Count,1.0
1780,bbh,Bentel rockers__qwen3.5-4b__Bentel_iter_3,object_counting,instance_00030,Parsed Request Count,1.0
1781,bbh,Bentel rockers__qwen3.5-4b__Bentel_iter_3,object_counting,instance_00030,Violated Request Count,0.0
1782,bbh,Bentel rockers__qwen3.5-4b__Bentel_iter_3,object_counting,instance_00030,Request Success Ratio,1.0
1783,bbh,Bentel rockers__qwen3.5-4b__Bentel_iter_3,object_counting,instance_00030,Main Score,0.0
1784,bbh,Bentel rockers__qwen3.5-4b__Bentel_iter_3,object_counting,instance_00226,Aborted,0.0
1785,bbh,Bentel rockers__qwen3.5-4b__Bentel_iter_3,object_counting,instance_00226,Lose,1.0
1786,bbh,Bentel rockers__qwen3.5-4b__Bentel_iter_3,object_counting,instance_00226,Success,0.0
1787,bbh,Bentel rockers__qwen3.5-4b__Bentel_iter_3,object_counting,instance_00226,Request Count,1.0
1788,bbh,Bentel rockers__qwen3.5-4b__Bentel_iter_3,object_counting,instance_00226,Parsed Request Count,1.0
1789,bbh,Bentel rockers__qwen3.5-4b__Bentel_iter_3,object_counting,instance_00226,Violated Request Count,0.0
1790,bbh,Bentel rockers__qwen3.5-4b__Bentel_iter_3,object_counting,instance_00226,Request Success Ratio,1.0
1791,bbh,Bentel rockers__qwen3.5-4b__Bentel_iter_3,object_counting,instance_00226,Main Score,0.0
1792,bbh,Bentel rockers__qwen3.5-4b__Bentel_iter_3,object_counting,instance_00017,Aborted,0.0
1793,bbh,Bentel rockers__qwen3.5-4b__Bentel_iter_3,object_counting,instance_00017,Lose,1.0
1794,bbh,Bentel rockers__qwen3.5-4b__Bentel_iter_3,object_counting,instance_00017,Success,0.0
1795,bbh,Bentel rockers__qwen3.5-4b__Bentel_iter_3,object_counting,instance_00017,Request Count,1.0
1796,bbh,Bentel rockers__qwen3.5-4b__Bentel_iter_3,object_counting,instance_00017,Parsed Request Count,1.0
1797,bbh,Bentel rockers__qwen3.5-4b__Bentel_iter_3,object_counting,instance_00017,Violated Request Count,0.0
1798,bbh,Bentel rockers__qwen3.5-4b__Bentel_iter_3,object_counting,instance_00017,Request Success Ratio,1.0
1799,bbh,Bentel rockers__qwen3.5-4b__Bentel_iter_3,object_counting,instance_00017,Main Score,0.0
1800,bbh,Bentel rockers__qwen3.5-4b__Bentel_iter_3,object_counting,instance_00240,Aborted,0.0
1801,bbh,Bentel rockers__qwen3.5-4b__Bentel_iter_3,object_counting,instance_00240,Lose,0.0
1802,bbh,Bentel rockers__qwen3.5-4b__Bentel_iter_3,object_counting,instance_00240,Success,1.0
1803,bbh,Bentel rockers__qwen3.5-4b__Bentel_iter_3,object_counting,instance_00240,Request Count,1.0
1804,bbh,Bentel rockers__qwen3.5-4b__Bentel_iter_3,object_counting,instance_00240,Parsed Request Count,1.0
1805,bbh,Bentel rockers__qwen3.5-4b__Bentel_iter_3,object_counting,instance_00240,Violated Request Count,0.0
1806,bbh,Bentel rockers__qwen3.5-4b__Bentel_iter_3,object_counting,instance_00240,Request Success Ratio,1.0
1807,bbh,Bentel rockers__qwen3.5-4b__Bentel_iter_3,object_counting,instance_00240,Main Score,100.0
1808,bbh,Bentel rockers__qwen3.5-4b__Bentel_iter_3,geometric_shapes,instance_00056,Aborted,0.0
1809,bbh,Bentel rockers__qwen3.5-4b__Bentel_iter_3,geometric_shapes,instance_00056,Lose,0.0
1810,bbh,Bentel rockers__qwen3.5-4b__Bentel_iter_3,geometric_shapes,instance_00056,Success,1.0
1811,bbh,Bentel rockers__qwen3.5-4b__Bentel_iter_3,geometric_shapes,instance_00056,Request Count,1.0
1812,bbh,Bentel rockers__qwen3.5-4b__Bentel_iter_3,geometric_shapes,instance_00056,Parsed Request Count,1.0
1813,bbh,Bentel rockers__qwen3.5-4b__Bentel_iter_3,geometric_shapes,instance_00056,Violated Request Count,0.0
1814,bbh,Bentel rockers__qwen3.5-4b__Bentel_iter_3,geometric_shapes,instance_00056,Request Success Ratio,1.0
1815,bbh,Bentel rockers__qwen3.5-4b__Bentel_iter_3,geometric_shapes,instance_00056,Main Score,100.0
1816,bbh,Bentel rockers__qwen3.5-4b__Bentel_iter_3,geometric_shapes,instance_00104,Aborted,0.0
1817,bbh,Bentel rockers__qwen3.5-4b__Bentel_iter_3,geometric_shapes,instance_00104,Lose,0.0
1818,bbh,Bentel rockers__qwen3.5-4b__Bentel_iter_3,geometric_shapes,instance_00104,Success,1.0
1819,bbh,Bentel rockers__qwen3.5-4b__Bentel_iter_3,geometric_shapes,instance_00104,Request Count,1.0
1820,bbh,Bentel rockers__qwen3.5-4b__Bentel_iter_3,geometric_shapes,instance_00104,Parsed Request Count,1.0
1821,bbh,Bentel rockers__qwen3.5-4b__Bentel_iter_3,geometric_shapes,instance_00104,Violated Request Count,0.0
1822,bbh,Bentel rockers__qwen3.5-4b__Bentel_iter_3,geometric_shapes,instance_00104,Request Success Ratio,1.0
1823,bbh,Bentel rockers__qwen3.5-4b__Bentel_iter_3,geometric_shapes,instance_00104,Main Score,100.0
1824,bbh,Bentel rockers__qwen3.5-4b__Bentel_iter_3,geometric_shapes,instance_00203,Aborted,0.0
1825,bbh,Bentel rockers__qwen3.5-4b__Bentel_iter_3,geometric_shapes,instance_00203,Lose,1.0
1826,bbh,Bentel rockers__qwen3.5-4b__Bentel_iter_3,geometric_shapes,instance_00203,Success,0.0
1827,bbh,Bentel rockers__qwen3.5-4b__Bentel_iter_3,geometric_shapes,instance_00203,Request Count,1.0
1828,bbh,Bentel rockers__qwen3.5-4b__Bentel_iter_3,geometric_shapes,instance_00203,Parsed Request Count,1.0
1829,bbh,Bentel rockers__qwen3.5-4b__Bentel_iter_3,geometric_shapes,instance_00203,Violated Request Count,0.0
1830,bbh,Bentel rockers__qwen3.5-4b__Bentel_iter_3,geometric_shapes,instance_00203,Request Success Ratio,1.0
1831,bbh,Bentel rockers__qwen3.5-4b__Bentel_iter_3,geometric_shapes,instance_00203,Main Score,0.0
1832,bbh,Bentel rockers__qwen3.5-4b__Bentel_iter_3,geometric_shapes,instance_00143,Aborted,0.0
1833,bbh,Bentel rockers__qwen3.5-4b__Bentel_iter_3,geometric_shapes,instance_00143,Lose,1.0
1834,bbh,Bentel rockers__qwen3.5-4b__Bentel_iter_3,geometric_shapes,instance_00143,Success,0.0
1835,bbh,Bentel rockers__qwen3.5-4b__Bentel_iter_3,geometric_shapes,instance_00143,Request Count,1.0
1836,bbh,Bentel rockers__qwen3.5-4b__Bentel_iter_3,geometric_shapes,instance_00143,Parsed Request Count,1.0
1837,bbh,Bentel rockers__qwen3.5-4b__Bentel_iter_3,geometric_shapes,instance_00143,Violated Request Count,0.0
1838,bbh,Bentel rockers__qwen3.5-4b__Bentel_iter_3,geometric_shapes,instance_00143,Request Success Ratio,1.0
1839,bbh,Bentel rockers__qwen3.5-4b__Bentel_iter_3,geometric_shapes,instance_00143,Main Score,0.0
1840,bbh,Bentel rockers__qwen3.5-4b__Bentel_iter_3,geometric_shapes,instance_00124,Aborted,0.0
1841,bbh,Bentel rockers__qwen3.5-4b__Bentel_iter_3,geometric_shapes,instance_00124,Lose,1.0
1842,bbh,Bentel rockers__qwen3.5-4b__Bentel_iter_3,geometric_shapes,instance_00124,Success,0.0
1843,bbh,Bentel rockers__qwen3.5-4b__Bentel_iter_3,geometric_shapes,instance_00124,Request Count,1.0
1844,bbh,Bentel rockers__qwen3.5-4b__Bentel_iter_3,geometric_shapes,instance_00124,Parsed Request Count,1.0
1845,bbh,Bentel rockers__qwen3.5-4b__Bentel_iter_3,geometric_shapes,instance_00124,Violated Request Count,0.0
1846,bbh,Bentel rockers__qwen3.5-4b__Bentel_iter_3,geometric_shapes,instance_00124,Request Success Ratio,1.0
1847,bbh,Bentel rockers__qwen3.5-4b__Bentel_iter_3,geometric_shapes,instance_00124,Main Score,0.0
1848,bbh,Bentel rockers__qwen3.5-4b__Bentel_iter_3,tracking_shuffled_objects_five_objects,instance_00170,Aborted,0.0
1849,bbh,Bentel rockers__qwen3.5-4b__Bentel_iter_3,tracking_shuffled_objects_five_objects,instance_00170,Lose,1.0
1850,bbh,Bentel rockers__qwen3.5-4b__Bentel_iter_3,tracking_shuffled_objects_five_objects,instance_00170,Success,0.0
1851,bbh,Bentel rockers__qwen3.5-4b__Bentel_iter_3,tracking_shuffled_objects_five_objects,instance_00170,Request Count,1.0
1852,bbh,Bentel rockers__qwen3.5-4b__Bentel_iter_3,tracking_shuffled_objects_five_objects,instance_00170,Parsed Request Count,1.0
1853,bbh,Bentel rockers__qwen3.5-4b__Bentel_iter_3,tracking_shuffled_objects_five_objects,instance_00170,Violated Request Count,0.0
1854,bbh,Bentel rockers__qwen3.5-4b__Bentel_iter_3,tracking_shuffled_objects_five_objects,instance_00170,Request Success Ratio,1.0
1855,bbh,Bentel rockers__qwen3.5-4b__Bentel_iter_3,tracking_shuffled_objects_five_objects,instance_00170,Main Score,0.0
1856,bbh,Bentel rockers__qwen3.5-4b__Bentel_iter_3,tracking_shuffled_objects_five_objects,instance_00018,Aborted,0.0
1857,bbh,Bentel rockers__qwen3.5-4b__Bentel_iter_3,tracking_shuffled_objects_five_objects,instance_00018,Lose,1.0
1858,bbh,Bentel rockers__qwen3.5-4b__Bentel_iter_3,tracking_shuffled_objects_five_objects,instance_00018,Success,0.0
1859,bbh,Bentel rockers__qwen3.5-4b__Bentel_iter_3,tracking_shuffled_objects_five_objects,instance_00018,Request Count,1.0
1860,bbh,Bentel rockers__qwen3.5-4b__Bentel_iter_3,tracking_shuffled_objects_five_objects,instance_00018,Parsed Request Count,1.0
1861,bbh,Bentel rockers__qwen3.5-4b__Bentel_iter_3,tracking_shuffled_objects_five_objects,instance_00018,Violated Request Count,0.0
1862,bbh,Bentel rockers__qwen3.5-4b__Bentel_iter_3,tracking_shuffled_objects_five_objects,instance_00018,Request Success Ratio,1.0
1863,bbh,Bentel rockers__qwen3.5-4b__Bentel_iter_3,tracking_shuffled_objects_five_objects,instance_00018,Main Score,0.0
1864,bbh,Bentel rockers__qwen3.5-4b__Bentel_iter_3,tracking_shuffled_objects_five_objects,instance_00135,Aborted,0.0
1865,bbh,Bentel rockers__qwen3.5-4b__Bentel_iter_3,tracking_shuffled_objects_five_objects,instance_00135,Lose,1.0
1866,bbh,Bentel rockers__qwen3.5-4b__Bentel_iter_3,tracking_shuffled_objects_five_objects,instance_00135,Success,0.0
1867,bbh,Bentel rockers__qwen3.5-4b__Bentel_iter_3,tracking_shuffled_objects_five_objects,instance_00135,Request Count,1.0
1868,bbh,Bentel rockers__qwen3.5-4b__Bentel_iter_3,tracking_shuffled_objects_five_objects,instance_00135,Parsed Request Count,1.0
1869,bbh,Bentel rockers__qwen3.5-4b__Bentel_iter_3,tracking_shuffled_objects_five_objects,instance_00135,Violated Request Count,0.0
1870,bbh,Bentel rockers__qwen3.5-4b__Bentel_iter_3,tracking_shuffled_objects_five_objects,instance_00135,Request Success Ratio,1.0
1871,bbh,Bentel rockers__qwen3.5-4b__Bentel_iter_3,tracking_shuffled_objects_five_objects,instance_00135,Main Score,0.0
1872,bbh,Bentel rockers__qwen3.5-4b__Bentel_iter_3,tracking_shuffled_objects_five_objects,instance_00029,Aborted,0.0
1873,bbh,Bentel rockers__qwen3.5-4b__Bentel_iter_3,tracking_shuffled_objects_five_objects,instance_00029,Lose,1.0
1874,bbh,Bentel rockers__qwen3.5-4b__Bentel_iter_3,tracking_shuffled_objects_five_objects,instance_00029,Success,0.0
1875,bbh,Bentel rockers__qwen3.5-4b__Bentel_iter_3,tracking_shuffled_objects_five_objects,instance_00029,Request Count,1.0
1876,bbh,Bentel rockers__qwen3.5-4b__Bentel_iter_3,tracking_shuffled_objects_five_objects,instance_00029,Parsed Request Count,1.0
1877,bbh,Bentel rockers__qwen3.5-4b__Bentel_iter_3,tracking_shuffled_objects_five_objects,instance_00029,Violated Request Count,0.0
1878,bbh,Bentel rockers__qwen3.5-4b__Bentel_iter_3,tracking_shuffled_objects_five_objects,instance_00029,Request Success Ratio,1.0
1879,bbh,Bentel rockers__qwen3.5-4b__Bentel_iter_3,tracking_shuffled_objects_five_objects,instance_00029,Main Score,0.0
1880,bbh,Bentel rockers__qwen3.5-4b__Bentel_iter_3,tracking_shuffled_objects_five_objects,instance_00241,Aborted,0.0
1881,bbh,Bentel rockers__qwen3.5-4b__Bentel_iter_3,tracking_shuffled_objects_five_objects,instance_00241,Lose,1.0
1882,bbh,Bentel rockers__qwen3.5-4b__Bentel_iter_3,tracking_shuffled_objects_five_objects,instance_00241,Success,0.0
1883,bbh,Bentel rockers__qwen3.5-4b__Bentel_iter_3,tracking_shuffled_objects_five_objects,instance_00241,Request Count,1.0
1884,bbh,Bentel rockers__qwen3.5-4b__Bentel_iter_3,tracking_shuffled_objects_five_objects,instance_00241,Parsed Request Count,1.0
1885,bbh,Bentel rockers__qwen3.5-4b__Bentel_iter_3,tracking_shuffled_objects_five_objects,instance_00241,Violated Request Count,0.0
1886,bbh,Bentel rockers__qwen3.5-4b__Bentel_iter_3,tracking_shuffled_objects_five_objects,instance_00241,Request Success Ratio,1.0
1887,bbh,Bentel rockers__qwen3.5-4b__Bentel_iter_3,tracking_shuffled_objects_five_objects,instance_00241,Main Score,0.0
1888,bbh,Bentel rockers__qwen3.5-4b__Bentel_iter_3,sports_understanding,instance_00054,Aborted,0.0
1889,bbh,Bentel rockers__qwen3.5-4b__Bentel_iter_3,sports_understanding,instance_00054,Lose,0.0
1890,bbh,Bentel rockers__qwen3.5-4b__Bentel_iter_3,sports_understanding,instance_00054,Success,1.0
1891,bbh,Bentel rockers__qwen3.5-4b__Bentel_iter_3,sports_understanding,instance_00054,Request Count,1.0
1892,bbh,Bentel rockers__qwen3.5-4b__Bentel_iter_3,sports_understanding,instance_00054,Parsed Request Count,1.0
1893,bbh,Bentel rockers__qwen3.5-4b__Bentel_iter_3,sports_understanding,instance_00054,Violated Request Count,0.0
1894,bbh,Bentel rockers__qwen3.5-4b__Bentel_iter_3,sports_understanding,instance_00054,Request Success Ratio,1.0
1895,bbh,Bentel rockers__qwen3.5-4b__Bentel_iter_3,sports_understanding,instance_00054,Main Score,100.0
1896,bbh,Bentel rockers__qwen3.5-4b__Bentel_iter_3,sports_understanding,instance_00225,Aborted,0.0
1897,bbh,Bentel rockers__qwen3.5-4b__Bentel_iter_3,sports_understanding,instance_00225,Lose,0.0
1898,bbh,Bentel rockers__qwen3.5-4b__Bentel_iter_3,sports_understanding,instance_00225,Success,1.0
1899,bbh,Bentel rockers__qwen3.5-4b__Bentel_iter_3,sports_understanding,instance_00225,Request Count,1.0
1900,bbh,Bentel rockers__qwen3.5-4b__Bentel_iter_3,sports_understanding,instance_00225,Parsed Request Count,1.0
1901,bbh,Bentel rockers__qwen3.5-4b__Bentel_iter_3,sports_understanding,instance_00225,Violated Request Count,0.0
1902,bbh,Bentel rockers__qwen3.5-4b__Bentel_iter_3,sports_understanding,instance_00225,Request Success Ratio,1.0
1903,bbh,Bentel rockers__qwen3.5-4b__Bentel_iter_3,sports_understanding,instance_00225,Main Score,100.0
1904,bbh,Bentel rockers__qwen3.5-4b__Bentel_iter_3,sports_understanding,instance_00208,Aborted,0.0
1905,bbh,Bentel rockers__qwen3.5-4b__Bentel_iter_3,sports_understanding,instance_00208,Lose,0.0
1906,bbh,Bentel rockers__qwen3.5-4b__Bentel_iter_3,sports_understanding,instance_00208,Success,1.0
1907,bbh,Bentel rockers__qwen3.5-4b__Bentel_iter_3,sports_understanding,instance_00208,Request Count,1.0
1908,bbh,Bentel rockers__qwen3.5-4b__Bentel_iter_3,sports_understanding,instance_00208,Parsed Request Count,1.0
1909,bbh,Bentel rockers__qwen3.5-4b__Bentel_iter_3,sports_understanding,instance_00208,Violated Request Count,0.0
1910,bbh,Bentel rockers__qwen3.5-4b__Bentel_iter_3,sports_understanding,instance_00208,Request Success Ratio,1.0
1911,bbh,Bentel rockers__qwen3.5-4b__Bentel_iter_3,sports_understanding,instance_00208,Main Score,100.0
1912,bbh,Bentel rockers__qwen3.5-4b__Bentel_iter_3,sports_understanding,instance_00186,Aborted,0.0
1913,bbh,Bentel rockers__qwen3.5-4b__Bentel_iter_3,sports_understanding,instance_00186,Lose,1.0
1914,bbh,Bentel rockers__qwen3.5-4b__Bentel_iter_3,sports_understanding,instance_00186,Success,0.0
1915,bbh,Bentel rockers__qwen3.5-4b__Bentel_iter_3,sports_understanding,instance_00186,Request Count,1.0
1916,bbh,Bentel rockers__qwen3.5-4b__Bentel_iter_3,sports_understanding,instance_00186,Parsed Request Count,1.0
1917,bbh,Bentel rockers__qwen3.5-4b__Bentel_iter_3,sports_understanding,instance_00186,Violated Request Count,0.0
1918,bbh,Bentel rockers__qwen3.5-4b__Bentel_iter_3,sports_understanding,instance_00186,Request Success Ratio,1.0
1919,bbh,Bentel rockers__qwen3.5-4b__Bentel_iter_3,sports_understanding,instance_00186,Main Score,0.0
1920,bbh,Bentel rockers__qwen3.5-4b__Bentel_iter_3,sports_understanding,instance_00031,Aborted,0.0
1921,bbh,Bentel rockers__qwen3.5-4b__Bentel_iter_3,sports_understanding,instance_00031,Lose,0.0
1922,bbh,Bentel rockers__qwen3.5-4b__Bentel_iter_3,sports_understanding,instance_00031,Success,1.0
1923,bbh,Bentel rockers__qwen3.5-4b__Bentel_iter_3,sports_understanding,instance_00031,Request Count,1.0
1924,bbh,Bentel rockers__qwen3.5-4b__Bentel_iter_3,sports_understanding,instance_00031,Parsed Request Count,1.0
1925,bbh,Bentel rockers__qwen3.5-4b__Bentel_iter_3,sports_understanding,instance_00031,Violated Request Count,0.0
1926,bbh,Bentel rockers__qwen3.5-4b__Bentel_iter_3,sports_understanding,instance_00031,Request Success Ratio,1.0
1927,bbh,Bentel rockers__qwen3.5-4b__Bentel_iter_3,sports_understanding,instance_00031,Main Score,100.0
1928,ifeval,Bentel rockers__qwen3.5-4b__Bentel_iter_3,ifeval,instance_00457,Aborted,0.0
1929,ifeval,Bentel rockers__qwen3.5-4b__Bentel_iter_3,ifeval,instance_00457,Lose,0.0
1930,ifeval,Bentel rockers__qwen3.5-4b__Bentel_iter_3,ifeval,instance_00457,Success,1.0
1931,ifeval,Bentel rockers__qwen3.5-4b__Bentel_iter_3,ifeval,instance_00457,Request Count,1.0
1932,ifeval,Bentel rockers__qwen3.5-4b__Bentel_iter_3,ifeval,instance_00457,Parsed Request Count,1.0
1933,ifeval,Bentel rockers__qwen3.5-4b__Bentel_iter_3,ifeval,instance_00457,Violated Request Count,0.0
1934,ifeval,Bentel rockers__qwen3.5-4b__Bentel_iter_3,ifeval,instance_00457,Request Success Ratio,1.0
1935,ifeval,Bentel rockers__qwen3.5-4b__Bentel_iter_3,ifeval,instance_00457,Main Score,100.0
1936,ifeval,Bentel rockers__qwen3.5-4b__Bentel_iter_3,ifeval,instance_00389,Aborted,0.0
1937,ifeval,Bentel rockers__qwen3.5-4b__Bentel_iter_3,ifeval,instance_00389,Lose,0.0
1938,ifeval,Bentel rockers__qwen3.5-4b__Bentel_iter_3,ifeval,instance_00389,Success,1.0
1939,ifeval,Bentel rockers__qwen3.5-4b__Bentel_iter_3,ifeval,instance_00389,Request Count,1.0
1940,ifeval,Bentel rockers__qwen3.5-4b__Bentel_iter_3,ifeval,instance_00389,Parsed Request Count,1.0
1941,ifeval,Bentel rockers__qwen3.5-4b__Bentel_iter_3,ifeval,instance_00389,Violated Request Count,0.0
1942,ifeval,Bentel rockers__qwen3.5-4b__Bentel_iter_3,ifeval,instance_00389,Request Success Ratio,1.0
1943,ifeval,Bentel rockers__qwen3.5-4b__Bentel_iter_3,ifeval,instance_00389,Main Score,100.0
1944,ifeval,Bentel rockers__qwen3.5-4b__Bentel_iter_3,ifeval,instance_00287,Aborted,0.0
1945,ifeval,Bentel rockers__qwen3.5-4b__Bentel_iter_3,ifeval,instance_00287,Lose,1.0
1946,ifeval,Bentel rockers__qwen3.5-4b__Bentel_iter_3,ifeval,instance_00287,Success,0.0
1947,ifeval,Bentel rockers__qwen3.5-4b__Bentel_iter_3,ifeval,instance_00287,Request Count,1.0
1948,ifeval,Bentel rockers__qwen3.5-4b__Bentel_iter_3,ifeval,instance_00287,Parsed Request Count,1.0
1949,ifeval,Bentel rockers__qwen3.5-4b__Bentel_iter_3,ifeval,instance_00287,Violated Request Count,0.0
1950,ifeval,Bentel rockers__qwen3.5-4b__Bentel_iter_3,ifeval,instance_00287,Request Success Ratio,1.0
1951,ifeval,Bentel rockers__qwen3.5-4b__Bentel_iter_3,ifeval,instance_00287,Main Score,0.0
1952,ifeval,Bentel rockers__qwen3.5-4b__Bentel_iter_3,ifeval,instance_00030,Aborted,0.0
1953,ifeval,Bentel rockers__qwen3.5-4b__Bentel_iter_3,ifeval,instance_00030,Lose,0.0
1954,ifeval,Bentel rockers__qwen3.5-4b__Bentel_iter_3,ifeval,instance_00030,Success,1.0
1955,ifeval,Bentel rockers__qwen3.5-4b__Bentel_iter_3,ifeval,instance_00030,Request Count,1.0
1956,ifeval,Bentel rockers__qwen3.5-4b__Bentel_iter_3,ifeval,instance_00030,Parsed Request Count,1.0
1957,ifeval,Bentel rockers__qwen3.5-4b__Bentel_iter_3,ifeval,instance_00030,Violated Request Count,0.0
1958,ifeval,Bentel rockers__qwen3.5-4b__Bentel_iter_3,ifeval,instance_00030,Request Success Ratio,1.0
1959,ifeval,Bentel rockers__qwen3.5-4b__Bentel_iter_3,ifeval,instance_00030,Main Score,100.0
1960,ifeval,Bentel rockers__qwen3.5-4b__Bentel_iter_3,ifeval,instance_00027,Aborted,0.0
1961,ifeval,Bentel rockers__qwen3.5-4b__Bentel_iter_3,ifeval,instance_00027,Lose,0.0
1962,ifeval,Bentel rockers__qwen3.5-4b__Bentel_iter_3,ifeval,instance_00027,Success,1.0
1963,ifeval,Bentel rockers__qwen3.5-4b__Bentel_iter_3,ifeval,instance_00027,Request Count,1.0
1964,ifeval,Bentel rockers__qwen3.5-4b__Bentel_iter_3,ifeval,instance_00027,Parsed Request Count,1.0
1965,ifeval,Bentel rockers__qwen3.5-4b__Bentel_iter_3,ifeval,instance_00027,Violated Request Count,0.0
1966,ifeval,Bentel rockers__qwen3.5-4b__Bentel_iter_3,ifeval,instance_00027,Request Success Ratio,1.0
1967,ifeval,Bentel rockers__qwen3.5-4b__Bentel_iter_3,ifeval,instance_00027,Main Score,100.0
1968,ifeval,Bentel rockers__qwen3.5-4b__Bentel_iter_3,ifeval,instance_00144,Aborted,0.0
1969,ifeval,Bentel rockers__qwen3.5-4b__Bentel_iter_3,ifeval,instance_00144,Lose,0.0
1970,ifeval,Bentel rockers__qwen3.5-4b__Bentel_iter_3,ifeval,instance_00144,Success,1.0
1971,ifeval,Bentel rockers__qwen3.5-4b__Bentel_iter_3,ifeval,instance_00144,Request Count,1.0
1972,ifeval,Bentel rockers__qwen3.5-4b__Bentel_iter_3,ifeval,instance_00144,Parsed Request Count,1.0
1973,ifeval,Bentel rockers__qwen3.5-4b__Bentel_iter_3,ifeval,instance_00144,Violated Request Count,0.0
1974,ifeval,Bentel rockers__qwen3.5-4b__Bentel_iter_3,ifeval,instance_00144,Request Success Ratio,1.0
1975,ifeval,Bentel rockers__qwen3.5-4b__Bentel_iter_3,ifeval,instance_00144,Main Score,100.0
1976,ifeval,Bentel rockers__qwen3.5-4b__Bentel_iter_3,ifeval,instance_00218,Aborted,0.0
1977,ifeval,Bentel rockers__qwen3.5-4b__Bentel_iter_3,ifeval,instance_00218,Lose,0.0
1978,ifeval,Bentel rockers__qwen3.5-4b__Bentel_iter_3,ifeval,instance_00218,Success,1.0
1979,ifeval,Bentel rockers__qwen3.5-4b__Bentel_iter_3,ifeval,instance_00218,Request Count,1.0
1980,ifeval,Bentel rockers__qwen3.5-4b__Bentel_iter_3,ifeval,instance_00218,Parsed Request Count,1.0
1981,ifeval,Bentel rockers__qwen3.5-4b__Bentel_iter_3,ifeval,instance_00218,Violated Request Count,0.0
1982,ifeval,Bentel rockers__qwen3.5-4b__Bentel_iter_3,ifeval,instance_00218,Request Success Ratio,1.0
1983,ifeval,Bentel rockers__qwen3.5-4b__Bentel_iter_3,ifeval,instance_00218,Main Score,100.0
1984,ifeval,Bentel rockers__qwen3.5-4b__Bentel_iter_3,ifeval,instance_00425,Aborted,0.0
1985,ifeval,Bentel rockers__qwen3.5-4b__Bentel_iter_3,ifeval,instance_00425,Lose,0.0
1986,ifeval,Bentel rockers__qwen3.5-4b__Bentel_iter_3,ifeval,instance_00425,Success,1.0
1987,ifeval,Bentel rockers__qwen3.5-4b__Bentel_iter_3,ifeval,instance_00425,Request Count,1.0
1988,ifeval,Bentel rockers__qwen3.5-4b__Bentel_iter_3,ifeval,instance_00425,Parsed Request Count,1.0
1989,ifeval,Bentel rockers__qwen3.5-4b__Bentel_iter_3,ifeval,instance_00425,Violated Request Count,0.0
1990,ifeval,Bentel rockers__qwen3.5-4b__Bentel_iter_3,ifeval,instance_00425,Request Success Ratio,1.0
1991,ifeval,Bentel rockers__qwen3.5-4b__Bentel_iter_3,ifeval,instance_00425,Main Score,100.0
1992,ifeval,Bentel rockers__qwen3.5-4b__Bentel_iter_3,ifeval,instance_00535,Aborted,0.0
1993,ifeval,Bentel rockers__qwen3.5-4b__Bentel_iter_3,ifeval,instance_00535,Lose,0.0
1994,ifeval,Bentel rockers__qwen3.5-4b__Bentel_iter_3,ifeval,instance_00535,Success,1.0
1995,ifeval,Bentel rockers__qwen3.5-4b__Bentel_iter_3,ifeval,instance_00535,Request Count,1.0
1996,ifeval,Bentel rockers__qwen3.5-4b__Bentel_iter_3,ifeval,instance_00535,Parsed Request Count,1.0
1997,ifeval,Bentel rockers__qwen3.5-4b__Bentel_iter_3,ifeval,instance_00535,Violated Request Count,0.0
1998,ifeval,Bentel rockers__qwen3.5-4b__Bentel_iter_3,ifeval,instance_00535,Request Success Ratio,1.0
1999,ifeval,Bentel rockers__qwen3.5-4b__Bentel_iter_3,ifeval,instance_00535,Main Score,100.0
2000,ifeval,Bentel rockers__qwen3.5-4b__Bentel_iter_3,ifeval,instance_00136,Aborted,0.0
2001,ifeval,Bentel rockers__qwen3.5-4b__Bentel_iter_3,ifeval,instance_00136,Lose,0.0
2002,ifeval,Bentel rockers__qwen3.5-4b__Bentel_iter_3,ifeval,instance_00136,Success,1.0
2003,ifeval,Bentel rockers__qwen3.5-4b__Bentel_iter_3,ifeval,instance_00136,Request Count,1.0
2004,ifeval,Bentel rockers__qwen3.5-4b__Bentel_iter_3,ifeval,instance_00136,Parsed Request Count,1.0
2005,ifeval,Bentel rockers__qwen3.5-4b__Bentel_iter_3,ifeval,instance_00136,Violated Request Count,0.0
2006,ifeval,Bentel rockers__qwen3.5-4b__Bentel_iter_3,ifeval,instance_00136,Request Success Ratio,1.0
2007,ifeval,Bentel rockers__qwen3.5-4b__Bentel_iter_3,ifeval,instance_00136,Main Score,100.0
2008,ifeval,Bentel rockers__qwen3.5-4b__Bentel_iter_3,ifeval,instance_00183,Aborted,0.0
2009,ifeval,Bentel rockers__qwen3.5-4b__Bentel_iter_3,ifeval,instance_00183,Lose,0.0
2010,ifeval,Bentel rockers__qwen3.5-4b__Bentel_iter_3,ifeval,instance_00183,Success,1.0
2011,ifeval,Bentel rockers__qwen3.5-4b__Bentel_iter_3,ifeval,instance_00183,Request Count,1.0
2012,ifeval,Bentel rockers__qwen3.5-4b__Bentel_iter_3,ifeval,instance_00183,Parsed Request Count,1.0
2013,ifeval,Bentel rockers__qwen3.5-4b__Bentel_iter_3,ifeval,instance_00183,Violated Request Count,0.0
2014,ifeval,Bentel rockers__qwen3.5-4b__Bentel_iter_3,ifeval,instance_00183,Request Success Ratio,1.0
2015,ifeval,Bentel rockers__qwen3.5-4b__Bentel_iter_3,ifeval,instance_00183,Main Score,100.0
2016,ifeval,Bentel rockers__qwen3.5-4b__Bentel_iter_3,ifeval,instance_00417,Aborted,0.0
2017,ifeval,Bentel rockers__qwen3.5-4b__Bentel_iter_3,ifeval,instance_00417,Lose,0.0
2018,ifeval,Bentel rockers__qwen3.5-4b__Bentel_iter_3,ifeval,instance_00417,Success,1.0
2019,ifeval,Bentel rockers__qwen3.5-4b__Bentel_iter_3,ifeval,instance_00417,Request Count,1.0
2020,ifeval,Bentel rockers__qwen3.5-4b__Bentel_iter_3,ifeval,instance_00417,Parsed Request Count,1.0
2021,ifeval,Bentel rockers__qwen3.5-4b__Bentel_iter_3,ifeval,instance_00417,Violated Request Count,0.0
2022,ifeval,Bentel rockers__qwen3.5-4b__Bentel_iter_3,ifeval,instance_00417,Request Success Ratio,1.0
2023,ifeval,Bentel rockers__qwen3.5-4b__Bentel_iter_3,ifeval,instance_00417,Main Score,100.0
2024,ifeval,Bentel rockers__qwen3.5-4b__Bentel_iter_3,ifeval,instance_00071,Aborted,0.0
2025,ifeval,Bentel rockers__qwen3.5-4b__Bentel_iter_3,ifeval,instance_00071,Lose,1.0
2026,ifeval,Bentel rockers__qwen3.5-4b__Bentel_iter_3,ifeval,instance_00071,Success,0.0
2027,ifeval,Bentel rockers__qwen3.5-4b__Bentel_iter_3,ifeval,instance_00071,Request Count,1.0
2028,ifeval,Bentel rockers__qwen3.5-4b__Bentel_iter_3,ifeval,instance_00071,Parsed Request Count,1.0
2029,ifeval,Bentel rockers__qwen3.5-4b__Bentel_iter_3,ifeval,instance_00071,Violated Request Count,0.0
2030,ifeval,Bentel rockers__qwen3.5-4b__Bentel_iter_3,ifeval,instance_00071,Request Success Ratio,1.0
2031,ifeval,Bentel rockers__qwen3.5-4b__Bentel_iter_3,ifeval,instance_00071,Main Score,0.0
2032,ifeval,Bentel rockers__qwen3.5-4b__Bentel_iter_3,ifeval,instance_00255,Aborted,0.0
2033,ifeval,Bentel rockers__qwen3.5-4b__Bentel_iter_3,ifeval,instance_00255,Lose,0.0
2034,ifeval,Bentel rockers__qwen3.5-4b__Bentel_iter_3,ifeval,instance_00255,Success,1.0
2035,ifeval,Bentel rockers__qwen3.5-4b__Bentel_iter_3,ifeval,instance_00255,Request Count,1.0
2036,ifeval,Bentel rockers__qwen3.5-4b__Bentel_iter_3,ifeval,instance_00255,Parsed Request Count,1.0
2037,ifeval,Bentel rockers__qwen3.5-4b__Bentel_iter_3,ifeval,instance_00255,Violated Request Count,0.0
2038,ifeval,Bentel rockers__qwen3.5-4b__Bentel_iter_3,ifeval,instance_00255,Request Success Ratio,1.0
2039,ifeval,Bentel rockers__qwen3.5-4b__Bentel_iter_3,ifeval,instance_00255,Main Score,100.0
2040,ifeval,Bentel rockers__qwen3.5-4b__Bentel_iter_3,ifeval,instance_00114,Aborted,0.0
2041,ifeval,Bentel rockers__qwen3.5-4b__Bentel_iter_3,ifeval,instance_00114,Lose,0.0
2042,ifeval,Bentel rockers__qwen3.5-4b__Bentel_iter_3,ifeval,instance_00114,Success,1.0
2043,ifeval,Bentel rockers__qwen3.5-4b__Bentel_iter_3,ifeval,instance_00114,Request Count,1.0
2044,ifeval,Bentel rockers__qwen3.5-4b__Bentel_iter_3,ifeval,instance_00114,Parsed Request Count,1.0
2045,ifeval,Bentel rockers__qwen3.5-4b__Bentel_iter_3,ifeval,instance_00114,Violated Request Count,0.0
2046,ifeval,Bentel rockers__qwen3.5-4b__Bentel_iter_3,ifeval,instance_00114,Request Success Ratio,1.0
2047,ifeval,Bentel rockers__qwen3.5-4b__Bentel_iter_3,ifeval,instance_00114,Main Score,100.0
2048,ifeval,Bentel rockers__qwen3.5-4b__Bentel_iter_3,ifeval,instance_00482,Aborted,0.0
2049,ifeval,Bentel rockers__qwen3.5-4b__Bentel_iter_3,ifeval,instance_00482,Lose,0.0
2050,ifeval,Bentel rockers__qwen3.5-4b__Bentel_iter_3,ifeval,instance_00482,Success,1.0
2051,ifeval,Bentel rockers__qwen3.5-4b__Bentel_iter_3,ifeval,instance_00482,Request Count,1.0
2052,ifeval,Bentel rockers__qwen3.5-4b__Bentel_iter_3,ifeval,instance_00482,Parsed Request Count,1.0
2053,ifeval,Bentel rockers__qwen3.5-4b__Bentel_iter_3,ifeval,instance_00482,Violated Request Count,0.0
2054,ifeval,Bentel rockers__qwen3.5-4b__Bentel_iter_3,ifeval,instance_00482,Request Success Ratio,1.0
2055,ifeval,Bentel rockers__qwen3.5-4b__Bentel_iter_3,ifeval,instance_00482,Main Score,100.0
2056,ifeval,Bentel rockers__qwen3.5-4b__Bentel_iter_3,ifeval,instance_00295,Aborted,0.0
2057,ifeval,Bentel rockers__qwen3.5-4b__Bentel_iter_3,ifeval,instance_00295,Lose,0.0
2058,ifeval,Bentel rockers__qwen3.5-4b__Bentel_iter_3,ifeval,instance_00295,Success,1.0
2059,ifeval,Bentel rockers__qwen3.5-4b__Bentel_iter_3,ifeval,instance_00295,Request Count,1.0
2060,ifeval,Bentel rockers__qwen3.5-4b__Bentel_iter_3,ifeval,instance_00295,Parsed Request Count,1.0
2061,ifeval,Bentel rockers__qwen3.5-4b__Bentel_iter_3,ifeval,instance_00295,Violated Request Count,0.0
2062,ifeval,Bentel rockers__qwen3.5-4b__Bentel_iter_3,ifeval,instance_00295,Request Success Ratio,1.0
2063,ifeval,Bentel rockers__qwen3.5-4b__Bentel_iter_3,ifeval,instance_00295,Main Score,100.0
2064,ifeval,Bentel rockers__qwen3.5-4b__Bentel_iter_3,ifeval,instance_00104,Aborted,0.0
2065,ifeval,Bentel rockers__qwen3.5-4b__Bentel_iter_3,ifeval,instance_00104,Lose,0.0
2066,ifeval,Bentel rockers__qwen3.5-4b__Bentel_iter_3,ifeval,instance_00104,Success,1.0
2067,ifeval,Bentel rockers__qwen3.5-4b__Bentel_iter_3,ifeval,instance_00104,Request Count,1.0
2068,ifeval,Bentel rockers__qwen3.5-4b__Bentel_iter_3,ifeval,instance_00104,Parsed Request Count,1.0
2069,ifeval,Bentel rockers__qwen3.5-4b__Bentel_iter_3,ifeval,instance_00104,Violated Request Count,0.0
2070,ifeval,Bentel rockers__qwen3.5-4b__Bentel_iter_3,ifeval,instance_00104,Request Success Ratio,1.0
2071,ifeval,Bentel rockers__qwen3.5-4b__Bentel_iter_3,ifeval,instance_00104,Main Score,100.0
2072,ifeval,Bentel rockers__qwen3.5-4b__Bentel_iter_3,ifeval,instance_00517,Aborted,0.0
2073,ifeval,Bentel rockers__qwen3.5-4b__Bentel_iter_3,ifeval,instance_00517,Lose,1.0
2074,ifeval,Bentel rockers__qwen3.5-4b__Bentel_iter_3,ifeval,instance_00517,Success,0.0
2075,ifeval,Bentel rockers__qwen3.5-4b__Bentel_iter_3,ifeval,instance_00517,Request Count,1.0
2076,ifeval,Bentel rockers__qwen3.5-4b__Bentel_iter_3,ifeval,instance_00517,Parsed Request Count,1.0
2077,ifeval,Bentel rockers__qwen3.5-4b__Bentel_iter_3,ifeval,instance_00517,Violated Request Count,0.0
2078,ifeval,Bentel rockers__qwen3.5-4b__Bentel_iter_3,ifeval,instance_00517,Request Success Ratio,1.0
2079,ifeval,Bentel rockers__qwen3.5-4b__Bentel_iter_3,ifeval,instance_00517,Main Score,0.0
2080,ifeval,Bentel rockers__qwen3.5-4b__Bentel_iter_3,ifeval,instance_00153,Aborted,0.0
2081,ifeval,Bentel rockers__qwen3.5-4b__Bentel_iter_3,ifeval,instance_00153,Lose,1.0
2082,ifeval,Bentel rockers__qwen3.5-4b__Bentel_iter_3,ifeval,instance_00153,Success,0.0
2083,ifeval,Bentel rockers__qwen3.5-4b__Bentel_iter_3,ifeval,instance_00153,Request Count,1.0
2084,ifeval,Bentel rockers__qwen3.5-4b__Bentel_iter_3,ifeval,instance_00153,Parsed Request Count,1.0
2085,ifeval,Bentel rockers__qwen3.5-4b__Bentel_iter_3,ifeval,instance_00153,Violated Request Count,0.0
2086,ifeval,Bentel rockers__qwen3.5-4b__Bentel_iter_3,ifeval,instance_00153,Request Success Ratio,1.0
2087,ifeval,Bentel rockers__qwen3.5-4b__Bentel_iter_3,ifeval,instance_00153,Main Score,0.0
2088,ifeval,Bentel rockers__qwen3.5-4b__Bentel_iter_3,ifeval,instance_00185,Aborted,0.0
2089,ifeval,Bentel rockers__qwen3.5-4b__Bentel_iter_3,ifeval,instance_00185,Lose,1.0
2090,ifeval,Bentel rockers__qwen3.5-4b__Bentel_iter_3,ifeval,instance_00185,Success,0.0
2091,ifeval,Bentel rockers__qwen3.5-4b__Bentel_iter_3,ifeval,instance_00185,Request Count,1.0
2092,ifeval,Bentel rockers__qwen3.5-4b__Bentel_iter_3,ifeval,instance_00185,Parsed Request Count,1.0
2093,ifeval,Bentel rockers__qwen3.5-4b__Bentel_iter_3,ifeval,instance_00185,Violated Request Count,0.0
2094,ifeval,Bentel rockers__qwen3.5-4b__Bentel_iter_3,ifeval,instance_00185,Request Success Ratio,1.0
2095,ifeval,Bentel rockers__qwen3.5-4b__Bentel_iter_3,ifeval,instance_00185,Main Score,0.0
2096,ifeval,Bentel rockers__qwen3.5-4b__Bentel_iter_3,ifeval,instance_00054,Aborted,0.0
2097,ifeval,Bentel rockers__qwen3.5-4b__Bentel_iter_3,ifeval,instance_00054,Lose,0.0
2098,ifeval,Bentel rockers__qwen3.5-4b__Bentel_iter_3,ifeval,instance_00054,Success,1.0
2099,ifeval,Bentel rockers__qwen3.5-4b__Bentel_iter_3,ifeval,instance_00054,Request Count,1.0
2100,ifeval,Bentel rockers__qwen3.5-4b__Bentel_iter_3,ifeval,instance_00054,Parsed Request Count,1.0
2101,ifeval,Bentel rockers__qwen3.5-4b__Bentel_iter_3,ifeval,instance_00054,Violated Request Count,0.0
2102,ifeval,Bentel rockers__qwen3.5-4b__Bentel_iter_3,ifeval,instance_00054,Request Success Ratio,1.0
2103,ifeval,Bentel rockers__qwen3.5-4b__Bentel_iter_3,ifeval,instance_00054,Main Score,100.0
2104,ifeval,Bentel rockers__qwen3.5-4b__Bentel_iter_3,ifeval,instance_00003,Aborted,0.0
2105,ifeval,Bentel rockers__qwen3.5-4b__Bentel_iter_3,ifeval,instance_00003,Lose,0.0
2106,ifeval,Bentel rockers__qwen3.5-4b__Bentel_iter_3,ifeval,instance_00003,Success,1.0
2107,ifeval,Bentel rockers__qwen3.5-4b__Bentel_iter_3,ifeval,instance_00003,Request Count,1.0
2108,ifeval,Bentel rockers__qwen3.5-4b__Bentel_iter_3,ifeval,instance_00003,Parsed Request Count,1.0
2109,ifeval,Bentel rockers__qwen3.5-4b__Bentel_iter_3,ifeval,instance_00003,Violated Request Count,0.0
2110,ifeval,Bentel rockers__qwen3.5-4b__Bentel_iter_3,ifeval,instance_00003,Request Success Ratio,1.0
2111,ifeval,Bentel rockers__qwen3.5-4b__Bentel_iter_3,ifeval,instance_00003,Main Score,100.0
2112,ifeval,Bentel rockers__qwen3.5-4b__Bentel_iter_3,ifeval,instance_00140,Aborted,0.0
2113,ifeval,Bentel rockers__qwen3.5-4b__Bentel_iter_3,ifeval,instance_00140,Lose,0.0
2114,ifeval,Bentel rockers__qwen3.5-4b__Bentel_iter_3,ifeval,instance_00140,Success,1.0
2115,ifeval,Bentel rockers__qwen3.5-4b__Bentel_iter_3,ifeval,instance_00140,Request Count,1.0
2116,ifeval,Bentel rockers__qwen3.5-4b__Bentel_iter_3,ifeval,instance_00140,Parsed Request Count,1.0
2117,ifeval,Bentel rockers__qwen3.5-4b__Bentel_iter_3,ifeval,instance_00140,Violated Request Count,0.0
2118,ifeval,Bentel rockers__qwen3.5-4b__Bentel_iter_3,ifeval,instance_00140,Request Success Ratio,1.0
2119,ifeval,Bentel rockers__qwen3.5-4b__Bentel_iter_3,ifeval,instance_00140,Main Score,100.0
2120,ifeval,Bentel rockers__qwen3.5-4b__Bentel_iter_3,ifeval,instance_00469,Aborted,0.0
2121,ifeval,Bentel rockers__qwen3.5-4b__Bentel_iter_3,ifeval,instance_00469,Lose,0.0
2122,ifeval,Bentel rockers__qwen3.5-4b__Bentel_iter_3,ifeval,instance_00469,Success,1.0
2123,ifeval,Bentel rockers__qwen3.5-4b__Bentel_iter_3,ifeval,instance_00469,Request Count,1.0
2124,ifeval,Bentel rockers__qwen3.5-4b__Bentel_iter_3,ifeval,instance_00469,Parsed Request Count,1.0
2125,ifeval,Bentel rockers__qwen3.5-4b__Bentel_iter_3,ifeval,instance_00469,Violated Request Count,0.0
2126,ifeval,Bentel rockers__qwen3.5-4b__Bentel_iter_3,ifeval,instance_00469,Request Success Ratio,1.0
2127,ifeval,Bentel rockers__qwen3.5-4b__Bentel_iter_3,ifeval,instance_00469,Main Score,100.0
2128,ifeval,Bentel rockers__qwen3.5-4b__Bentel_iter_3,ifeval,instance_00504,Aborted,0.0
2129,ifeval,Bentel rockers__qwen3.5-4b__Bentel_iter_3,ifeval,instance_00504,Lose,1.0
2130,ifeval,Bentel rockers__qwen3.5-4b__Bentel_iter_3,ifeval,instance_00504,Success,0.0
2131,ifeval,Bentel rockers__qwen3.5-4b__Bentel_iter_3,ifeval,instance_00504,Request Count,1.0
2132,ifeval,Bentel rockers__qwen3.5-4b__Bentel_iter_3,ifeval,instance_00504,Parsed Request Count,1.0
2133,ifeval,Bentel rockers__qwen3.5-4b__Bentel_iter_3,ifeval,instance_00504,Violated Request Count,0.0
2134,ifeval,Bentel rockers__qwen3.5-4b__Bentel_iter_3,ifeval,instance_00504,Request Success Ratio,1.0
2135,ifeval,Bentel rockers__qwen3.5-4b__Bentel_iter_3,ifeval,instance_00504,Main Score,0.0
2136,ifeval,Bentel rockers__qwen3.5-4b__Bentel_iter_3,ifeval,instance_00294,Aborted,0.0
2137,ifeval,Bentel rockers__qwen3.5-4b__Bentel_iter_3,ifeval,instance_00294,Lose,0.0
2138,ifeval,Bentel rockers__qwen3.5-4b__Bentel_iter_3,ifeval,instance_00294,Success,1.0
2139,ifeval,Bentel rockers__qwen3.5-4b__Bentel_iter_3,ifeval,instance_00294,Request Count,1.0
2140,ifeval,Bentel rockers__qwen3.5-4b__Bentel_iter_3,ifeval,instance_00294,Parsed Request Count,1.0
2141,ifeval,Bentel rockers__qwen3.5-4b__Bentel_iter_3,ifeval,instance_00294,Violated Request Count,0.0
2142,ifeval,Bentel rockers__qwen3.5-4b__Bentel_iter_3,ifeval,instance_00294,Request Success Ratio,1.0
2143,ifeval,Bentel rockers__qwen3.5-4b__Bentel_iter_3,ifeval,instance_00294,Main Score,100.0
2144,ifeval,Bentel rockers__qwen3.5-4b__Bentel_iter_3,ifeval,instance_00332,Aborted,0.0
2145,ifeval,Bentel rockers__qwen3.5-4b__Bentel_iter_3,ifeval,instance_00332,Lose,0.0
2146,ifeval,Bentel rockers__qwen3.5-4b__Bentel_iter_3,ifeval,instance_00332,Success,1.0
2147,ifeval,Bentel rockers__qwen3.5-4b__Bentel_iter_3,ifeval,instance_00332,Request Count,1.0
2148,ifeval,Bentel rockers__qwen3.5-4b__Bentel_iter_3,ifeval,instance_00332,Parsed Request Count,1.0
2149,ifeval,Bentel rockers__qwen3.5-4b__Bentel_iter_3,ifeval,instance_00332,Violated Request Count,0.0
2150,ifeval,Bentel rockers__qwen3.5-4b__Bentel_iter_3,ifeval,instance_00332,Request Success Ratio,1.0
2151,ifeval,Bentel rockers__qwen3.5-4b__Bentel_iter_3,ifeval,instance_00332,Main Score,100.0
2152,ifeval,Bentel rockers__qwen3.5-4b__Bentel_iter_3,ifeval,instance_00376,Aborted,0.0
2153,ifeval,Bentel rockers__qwen3.5-4b__Bentel_iter_3,ifeval,instance_00376,Lose,0.0
2154,ifeval,Bentel rockers__qwen3.5-4b__Bentel_iter_3,ifeval,instance_00376,Success,1.0
2155,ifeval,Bentel rockers__qwen3.5-4b__Bentel_iter_3,ifeval,instance_00376,Request Count,1.0
2156,ifeval,Bentel rockers__qwen3.5-4b__Bentel_iter_3,ifeval,instance_00376,Parsed Request Count,1.0
2157,ifeval,Bentel rockers__qwen3.5-4b__Bentel_iter_3,ifeval,instance_00376,Violated Request Count,0.0
2158,ifeval,Bentel rockers__qwen3.5-4b__Bentel_iter_3,ifeval,instance_00376,Request Success Ratio,1.0
2159,ifeval,Bentel rockers__qwen3.5-4b__Bentel_iter_3,ifeval,instance_00376,Main Score,100.0
2160,ifeval,Bentel rockers__qwen3.5-4b__Bentel_iter_3,ifeval,instance_00176,Aborted,0.0
2161,ifeval,Bentel rockers__qwen3.5-4b__Bentel_iter_3,ifeval,instance_00176,Lose,0.0
2162,ifeval,Bentel rockers__qwen3.5-4b__Bentel_iter_3,ifeval,instance_00176,Success,1.0
2163,ifeval,Bentel rockers__qwen3.5-4b__Bentel_iter_3,ifeval,instance_00176,Request Count,1.0
2164,ifeval,Bentel rockers__qwen3.5-4b__Bentel_iter_3,ifeval,instance_00176,Parsed Request Count,1.0
2165,ifeval,Bentel rockers__qwen3.5-4b__Bentel_iter_3,ifeval,instance_00176,Violated Request Count,0.0
2166,ifeval,Bentel rockers__qwen3.5-4b__Bentel_iter_3,ifeval,instance_00176,Request Success Ratio,1.0
2167,ifeval,Bentel rockers__qwen3.5-4b__Bentel_iter_3,ifeval,instance_00176,Main Score,100.0
2168,ifeval,Bentel rockers__qwen3.5-4b__Bentel_iter_3,ifeval,instance_00051,Aborted,0.0
2169,ifeval,Bentel rockers__qwen3.5-4b__Bentel_iter_3,ifeval,instance_00051,Lose,0.0
2170,ifeval,Bentel rockers__qwen3.5-4b__Bentel_iter_3,ifeval,instance_00051,Success,1.0
2171,ifeval,Bentel rockers__qwen3.5-4b__Bentel_iter_3,ifeval,instance_00051,Request Count,1.0
2172,ifeval,Bentel rockers__qwen3.5-4b__Bentel_iter_3,ifeval,instance_00051,Parsed Request Count,1.0
2173,ifeval,Bentel rockers__qwen3.5-4b__Bentel_iter_3,ifeval,instance_00051,Violated Request Count,0.0
2174,ifeval,Bentel rockers__qwen3.5-4b__Bentel_iter_3,ifeval,instance_00051,Request Success Ratio,1.0
2175,ifeval,Bentel rockers__qwen3.5-4b__Bentel_iter_3,ifeval,instance_00051,Main Score,100.0
2176,ifeval,Bentel rockers__qwen3.5-4b__Bentel_iter_3,ifeval,instance_00297,Aborted,0.0
2177,ifeval,Bentel rockers__qwen3.5-4b__Bentel_iter_3,ifeval,instance_00297,Lose,1.0
2178,ifeval,Bentel rockers__qwen3.5-4b__Bentel_iter_3,ifeval,instance_00297,Success,0.0
2179,ifeval,Bentel rockers__qwen3.5-4b__Bentel_iter_3,ifeval,instance_00297,Request Count,1.0
2180,ifeval,Bentel rockers__qwen3.5-4b__Bentel_iter_3,ifeval,instance_00297,Parsed Request Count,1.0
2181,ifeval,Bentel rockers__qwen3.5-4b__Bentel_iter_3,ifeval,instance_00297,Violated Request Count,0.0
2182,ifeval,Bentel rockers__qwen3.5-4b__Bentel_iter_3,ifeval,instance_00297,Request Success Ratio,1.0
2183,ifeval,Bentel rockers__qwen3.5-4b__Bentel_iter_3,ifeval,instance_00297,Main Score,0.0
2184,ifeval,Bentel rockers__qwen3.5-4b__Bentel_iter_3,ifeval,instance_00489,Aborted,0.0
2185,ifeval,Bentel rockers__qwen3.5-4b__Bentel_iter_3,ifeval,instance_00489,Lose,0.0
2186,ifeval,Bentel rockers__qwen3.5-4b__Bentel_iter_3,ifeval,instance_00489,Success,1.0
2187,ifeval,Bentel rockers__qwen3.5-4b__Bentel_iter_3,ifeval,instance_00489,Request Count,1.0
2188,ifeval,Bentel rockers__qwen3.5-4b__Bentel_iter_3,ifeval,instance_00489,Parsed Request Count,1.0
2189,ifeval,Bentel rockers__qwen3.5-4b__Bentel_iter_3,ifeval,instance_00489,Violated Request Count,0.0
2190,ifeval,Bentel rockers__qwen3.5-4b__Bentel_iter_3,ifeval,instance_00489,Request Success Ratio,1.0
2191,ifeval,Bentel rockers__qwen3.5-4b__Bentel_iter_3,ifeval,instance_00489,Main Score,100.0
2192,ifeval,Bentel rockers__qwen3.5-4b__Bentel_iter_3,ifeval,instance_00335,Aborted,0.0
2193,ifeval,Bentel rockers__qwen3.5-4b__Bentel_iter_3,ifeval,instance_00335,Lose,0.0
2194,ifeval,Bentel rockers__qwen3.5-4b__Bentel_iter_3,ifeval,instance_00335,Success,1.0
2195,ifeval,Bentel rockers__qwen3.5-4b__Bentel_iter_3,ifeval,instance_00335,Request Count,1.0
2196,ifeval,Bentel rockers__qwen3.5-4b__Bentel_iter_3,ifeval,instance_00335,Parsed Request Count,1.0
2197,ifeval,Bentel rockers__qwen3.5-4b__Bentel_iter_3,ifeval,instance_00335,Violated Request Count,0.0
2198,ifeval,Bentel rockers__qwen3.5-4b__Bentel_iter_3,ifeval,instance_00335,Request Success Ratio,1.0
2199,ifeval,Bentel rockers__qwen3.5-4b__Bentel_iter_3,ifeval,instance_00335,Main Score,100.0
2200,ifeval,Bentel rockers__qwen3.5-4b__Bentel_iter_3,ifeval,instance_00053,Aborted,0.0
2201,ifeval,Bentel rockers__qwen3.5-4b__Bentel_iter_3,ifeval,instance_00053,Lose,0.0
2202,ifeval,Bentel rockers__qwen3.5-4b__Bentel_iter_3,ifeval,instance_00053,Success,1.0
2203,ifeval,Bentel rockers__qwen3.5-4b__Bentel_iter_3,ifeval,instance_00053,Request Count,1.0
2204,ifeval,Bentel rockers__qwen3.5-4b__Bentel_iter_3,ifeval,instance_00053,Parsed Request Count,1.0
2205,ifeval,Bentel rockers__qwen3.5-4b__Bentel_iter_3,ifeval,instance_00053,Violated Request Count,0.0
2206,ifeval,Bentel rockers__qwen3.5-4b__Bentel_iter_3,ifeval,instance_00053,Request Success Ratio,1.0
2207,ifeval,Bentel rockers__qwen3.5-4b__Bentel_iter_3,ifeval,instance_00053,Main Score,100.0
2208,ifeval,Bentel rockers__qwen3.5-4b__Bentel_iter_3,ifeval,instance_00052,Aborted,0.0
2209,ifeval,Bentel rockers__qwen3.5-4b__Bentel_iter_3,ifeval,instance_00052,Lose,0.0
2210,ifeval,Bentel rockers__qwen3.5-4b__Bentel_iter_3,ifeval,instance_00052,Success,1.0
2211,ifeval,Bentel rockers__qwen3.5-4b__Bentel_iter_3,ifeval,instance_00052,Request Count,1.0
2212,ifeval,Bentel rockers__qwen3.5-4b__Bentel_iter_3,ifeval,instance_00052,Parsed Request Count,1.0
2213,ifeval,Bentel rockers__qwen3.5-4b__Bentel_iter_3,ifeval,instance_00052,Violated Request Count,0.0
2214,ifeval,Bentel rockers__qwen3.5-4b__Bentel_iter_3,ifeval,instance_00052,Request Success Ratio,1.0
2215,ifeval,Bentel rockers__qwen3.5-4b__Bentel_iter_3,ifeval,instance_00052,Main Score,100.0
2216,ifeval,Bentel rockers__qwen3.5-4b__Bentel_iter_3,ifeval,instance_00309,Aborted,0.0
2217,ifeval,Bentel rockers__qwen3.5-4b__Bentel_iter_3,ifeval,instance_00309,Lose,1.0
2218,ifeval,Bentel rockers__qwen3.5-4b__Bentel_iter_3,ifeval,instance_00309,Success,0.0
2219,ifeval,Bentel rockers__qwen3.5-4b__Bentel_iter_3,ifeval,instance_00309,Request Count,1.0
2220,ifeval,Bentel rockers__qwen3.5-4b__Bentel_iter_3,ifeval,instance_00309,Parsed Request Count,1.0
2221,ifeval,Bentel rockers__qwen3.5-4b__Bentel_iter_3,ifeval,instance_00309,Violated Request Count,0.0
2222,ifeval,Bentel rockers__qwen3.5-4b__Bentel_iter_3,ifeval,instance_00309,Request Success Ratio,1.0
2223,ifeval,Bentel rockers__qwen3.5-4b__Bentel_iter_3,ifeval,instance_00309,Main Score,0.0
2224,ifeval,Bentel rockers__qwen3.5-4b__Bentel_iter_3,ifeval,instance_00179,Aborted,0.0
2225,ifeval,Bentel rockers__qwen3.5-4b__Bentel_iter_3,ifeval,instance_00179,Lose,0.0
2226,ifeval,Bentel rockers__qwen3.5-4b__Bentel_iter_3,ifeval,instance_00179,Success,1.0
2227,ifeval,Bentel rockers__qwen3.5-4b__Bentel_iter_3,ifeval,instance_00179,Request Count,1.0
2228,ifeval,Bentel rockers__qwen3.5-4b__Bentel_iter_3,ifeval,instance_00179,Parsed Request Count,1.0
2229,ifeval,Bentel rockers__qwen3.5-4b__Bentel_iter_3,ifeval,instance_00179,Violated Request Count,0.0
2230,ifeval,Bentel rockers__qwen3.5-4b__Bentel_iter_3,ifeval,instance_00179,Request Success Ratio,1.0
2231,ifeval,Bentel rockers__qwen3.5-4b__Bentel_iter_3,ifeval,instance_00179,Main Score,100.0
2232,ifeval,Bentel rockers__qwen3.5-4b__Bentel_iter_3,ifeval,instance_00177,Aborted,0.0
2233,ifeval,Bentel rockers__qwen3.5-4b__Bentel_iter_3,ifeval,instance_00177,Lose,0.0
2234,ifeval,Bentel rockers__qwen3.5-4b__Bentel_iter_3,ifeval,instance_00177,Success,1.0
2235,ifeval,Bentel rockers__qwen3.5-4b__Bentel_iter_3,ifeval,instance_00177,Request Count,1.0
2236,ifeval,Bentel rockers__qwen3.5-4b__Bentel_iter_3,ifeval,instance_00177,Parsed Request Count,1.0
2237,ifeval,Bentel rockers__qwen3.5-4b__Bentel_iter_3,ifeval,instance_00177,Violated Request Count,0.0
2238,ifeval,Bentel rockers__qwen3.5-4b__Bentel_iter_3,ifeval,instance_00177,Request Success Ratio,1.0
2239,ifeval,Bentel rockers__qwen3.5-4b__Bentel_iter_3,ifeval,instance_00177,Main Score,100.0
2240,ifeval,Bentel rockers__qwen3.5-4b__Bentel_iter_3,ifeval,instance_00430,Aborted,0.0
2241,ifeval,Bentel rockers__qwen3.5-4b__Bentel_iter_3,ifeval,instance_00430,Lose,0.0
2242,ifeval,Bentel rockers__qwen3.5-4b__Bentel_iter_3,ifeval,instance_00430,Success,1.0
2243,ifeval,Bentel rockers__qwen3.5-4b__Bentel_iter_3,ifeval,instance_00430,Request Count,1.0
2244,ifeval,Bentel rockers__qwen3.5-4b__Bentel_iter_3,ifeval,instance_00430,Parsed Request Count,1.0
2245,ifeval,Bentel rockers__qwen3.5-4b__Bentel_iter_3,ifeval,instance_00430,Violated Request Count,0.0
2246,ifeval,Bentel rockers__qwen3.5-4b__Bentel_iter_3,ifeval,instance_00430,Request Success Ratio,1.0
2247,ifeval,Bentel rockers__qwen3.5-4b__Bentel_iter_3,ifeval,instance_00430,Main Score,100.0
2248,ifeval,Bentel rockers__qwen3.5-4b__Bentel_iter_3,ifeval,instance_00064,Aborted,0.0
2249,ifeval,Bentel rockers__qwen3.5-4b__Bentel_iter_3,ifeval,instance_00064,Lose,1.0
2250,ifeval,Bentel rockers__qwen3.5-4b__Bentel_iter_3,ifeval,instance_00064,Success,0.0
2251,ifeval,Bentel rockers__qwen3.5-4b__Bentel_iter_3,ifeval,instance_00064,Request Count,1.0
2252,ifeval,Bentel rockers__qwen3.5-4b__Bentel_iter_3,ifeval,instance_00064,Parsed Request Count,1.0
2253,ifeval,Bentel rockers__qwen3.5-4b__Bentel_iter_3,ifeval,instance_00064,Violated Request Count,0.0
2254,ifeval,Bentel rockers__qwen3.5-4b__Bentel_iter_3,ifeval,instance_00064,Request Success Ratio,1.0
2255,ifeval,Bentel rockers__qwen3.5-4b__Bentel_iter_3,ifeval,instance_00064,Main Score,0.0
2256,ifeval,Bentel rockers__qwen3.5-4b__Bentel_iter_3,ifeval,instance_00514,Aborted,0.0
2257,ifeval,Bentel rockers__qwen3.5-4b__Bentel_iter_3,ifeval,instance_00514,Lose,0.0
2258,ifeval,Bentel rockers__qwen3.5-4b__Bentel_iter_3,ifeval,instance_00514,Success,1.0
2259,ifeval,Bentel rockers__qwen3.5-4b__Bentel_iter_3,ifeval,instance_00514,Request Count,1.0
2260,ifeval,Bentel rockers__qwen3.5-4b__Bentel_iter_3,ifeval,instance_00514,Parsed Request Count,1.0
2261,ifeval,Bentel rockers__qwen3.5-4b__Bentel_iter_3,ifeval,instance_00514,Violated Request Count,0.0
2262,ifeval,Bentel rockers__qwen3.5-4b__Bentel_iter_3,ifeval,instance_00514,Request Success Ratio,1.0
2263,ifeval,Bentel rockers__qwen3.5-4b__Bentel_iter_3,ifeval,instance_00514,Main Score,100.0
2264,ifeval,Bentel rockers__qwen3.5-4b__Bentel_iter_3,ifeval,instance_00092,Aborted,0.0
2265,ifeval,Bentel rockers__qwen3.5-4b__Bentel_iter_3,ifeval,instance_00092,Lose,0.0
2266,ifeval,Bentel rockers__qwen3.5-4b__Bentel_iter_3,ifeval,instance_00092,Success,1.0
2267,ifeval,Bentel rockers__qwen3.5-4b__Bentel_iter_3,ifeval,instance_00092,Request Count,1.0
2268,ifeval,Bentel rockers__qwen3.5-4b__Bentel_iter_3,ifeval,instance_00092,Parsed Request Count,1.0
2269,ifeval,Bentel rockers__qwen3.5-4b__Bentel_iter_3,ifeval,instance_00092,Violated Request Count,0.0
2270,ifeval,Bentel rockers__qwen3.5-4b__Bentel_iter_3,ifeval,instance_00092,Request Success Ratio,1.0
2271,ifeval,Bentel rockers__qwen3.5-4b__Bentel_iter_3,ifeval,instance_00092,Main Score,100.0
2272,ifeval,Bentel rockers__qwen3.5-4b__Bentel_iter_3,ifeval,instance_00010,Aborted,0.0
2273,ifeval,Bentel rockers__qwen3.5-4b__Bentel_iter_3,ifeval,instance_00010,Lose,0.0
2274,ifeval,Bentel rockers__qwen3.5-4b__Bentel_iter_3,ifeval,instance_00010,Success,1.0
2275,ifeval,Bentel rockers__qwen3.5-4b__Bentel_iter_3,ifeval,instance_00010,Request Count,1.0
2276,ifeval,Bentel rockers__qwen3.5-4b__Bentel_iter_3,ifeval,instance_00010,Parsed Request Count,1.0
2277,ifeval,Bentel rockers__qwen3.5-4b__Bentel_iter_3,ifeval,instance_00010,Violated Request Count,0.0
2278,ifeval,Bentel rockers__qwen3.5-4b__Bentel_iter_3,ifeval,instance_00010,Request Success Ratio,1.0
2279,ifeval,Bentel rockers__qwen3.5-4b__Bentel_iter_3,ifeval,instance_00010,Main Score,100.0
2280,ifeval,Bentel rockers__qwen3.5-4b__Bentel_iter_3,ifeval,instance_00073,Aborted,0.0
2281,ifeval,Bentel rockers__qwen3.5-4b__Bentel_iter_3,ifeval,instance_00073,Lose,0.0
2282,ifeval,Bentel rockers__qwen3.5-4b__Bentel_iter_3,ifeval,instance_00073,Success,1.0
2283,ifeval,Bentel rockers__qwen3.5-4b__Bentel_iter_3,ifeval,instance_00073,Request Count,1.0
2284,ifeval,Bentel rockers__qwen3.5-4b__Bentel_iter_3,ifeval,instance_00073,Parsed Request Count,1.0
2285,ifeval,Bentel rockers__qwen3.5-4b__Bentel_iter_3,ifeval,instance_00073,Violated Request Count,0.0
2286,ifeval,Bentel rockers__qwen3.5-4b__Bentel_iter_3,ifeval,instance_00073,Request Success Ratio,1.0
2287,ifeval,Bentel rockers__qwen3.5-4b__Bentel_iter_3,ifeval,instance_00073,Main Score,100.0
2288,ifeval,Bentel rockers__qwen3.5-4b__Bentel_iter_3,ifeval,instance_00112,Aborted,0.0
2289,ifeval,Bentel rockers__qwen3.5-4b__Bentel_iter_3,ifeval,instance_00112,Lose,0.0
2290,ifeval,Bentel rockers__qwen3.5-4b__Bentel_iter_3,ifeval,instance_00112,Success,1.0
2291,ifeval,Bentel rockers__qwen3.5-4b__Bentel_iter_3,ifeval,instance_00112,Request Count,1.0
2292,ifeval,Bentel rockers__qwen3.5-4b__Bentel_iter_3,ifeval,instance_00112,Parsed Request Count,1.0
2293,ifeval,Bentel rockers__qwen3.5-4b__Bentel_iter_3,ifeval,instance_00112,Violated Request Count,0.0
2294,ifeval,Bentel rockers__qwen3.5-4b__Bentel_iter_3,ifeval,instance_00112,Request Success Ratio,1.0
2295,ifeval,Bentel rockers__qwen3.5-4b__Bentel_iter_3,ifeval,instance_00112,Main Score,100.0
2296,ifeval,Bentel rockers__qwen3.5-4b__Bentel_iter_3,ifeval,instance_00240,Aborted,0.0
2297,ifeval,Bentel rockers__qwen3.5-4b__Bentel_iter_3,ifeval,instance_00240,Lose,0.0
2298,ifeval,Bentel rockers__qwen3.5-4b__Bentel_iter_3,ifeval,instance_00240,Success,1.0
2299,ifeval,Bentel rockers__qwen3.5-4b__Bentel_iter_3,ifeval,instance_00240,Request Count,1.0
2300,ifeval,Bentel rockers__qwen3.5-4b__Bentel_iter_3,ifeval,instance_00240,Parsed Request Count,1.0
2301,ifeval,Bentel rockers__qwen3.5-4b__Bentel_iter_3,ifeval,instance_00240,Violated Request Count,0.0
2302,ifeval,Bentel rockers__qwen3.5-4b__Bentel_iter_3,ifeval,instance_00240,Request Success Ratio,1.0
2303,ifeval,Bentel rockers__qwen3.5-4b__Bentel_iter_3,ifeval,instance_00240,Main Score,100.0
2304,ifeval,Bentel rockers__qwen3.5-4b__Bentel_iter_3,ifeval,instance_00230,Aborted,0.0
2305,ifeval,Bentel rockers__qwen3.5-4b__Bentel_iter_3,ifeval,instance_00230,Lose,0.0
2306,ifeval,Bentel rockers__qwen3.5-4b__Bentel_iter_3,ifeval,instance_00230,Success,1.0
2307,ifeval,Bentel rockers__qwen3.5-4b__Bentel_iter_3,ifeval,instance_00230,Request Count,1.0
2308,ifeval,Bentel rockers__qwen3.5-4b__Bentel_iter_3,ifeval,instance_00230,Parsed Request Count,1.0
2309,ifeval,Bentel rockers__qwen3.5-4b__Bentel_iter_3,ifeval,instance_00230,Violated Request Count,0.0
2310,ifeval,Bentel rockers__qwen3.5-4b__Bentel_iter_3,ifeval,instance_00230,Request Success Ratio,1.0
2311,ifeval,Bentel rockers__qwen3.5-4b__Bentel_iter_3,ifeval,instance_00230,Main Score,100.0
2312,ifeval,Bentel rockers__qwen3.5-4b__Bentel_iter_3,ifeval,instance_00446,Aborted,0.0
2313,ifeval,Bentel rockers__qwen3.5-4b__Bentel_iter_3,ifeval,instance_00446,Lose,0.0
2314,ifeval,Bentel rockers__qwen3.5-4b__Bentel_iter_3,ifeval,instance_00446,Success,1.0
2315,ifeval,Bentel rockers__qwen3.5-4b__Bentel_iter_3,ifeval,instance_00446,Request Count,1.0
2316,ifeval,Bentel rockers__qwen3.5-4b__Bentel_iter_3,ifeval,instance_00446,Parsed Request Count,1.0
2317,ifeval,Bentel rockers__qwen3.5-4b__Bentel_iter_3,ifeval,instance_00446,Violated Request Count,0.0
2318,ifeval,Bentel rockers__qwen3.5-4b__Bentel_iter_3,ifeval,instance_00446,Request Success Ratio,1.0
2319,ifeval,Bentel rockers__qwen3.5-4b__Bentel_iter_3,ifeval,instance_00446,Main Score,100.0
2320,ifeval,Bentel rockers__qwen3.5-4b__Bentel_iter_3,ifeval,instance_00212,Aborted,0.0
2321,ifeval,Bentel rockers__qwen3.5-4b__Bentel_iter_3,ifeval,instance_00212,Lose,0.0
2322,ifeval,Bentel rockers__qwen3.5-4b__Bentel_iter_3,ifeval,instance_00212,Success,1.0
2323,ifeval,Bentel rockers__qwen3.5-4b__Bentel_iter_3,ifeval,instance_00212,Request Count,1.0
2324,ifeval,Bentel rockers__qwen3.5-4b__Bentel_iter_3,ifeval,instance_00212,Parsed Request Count,1.0
2325,ifeval,Bentel rockers__qwen3.5-4b__Bentel_iter_3,ifeval,instance_00212,Violated Request Count,0.0
2326,ifeval,Bentel rockers__qwen3.5-4b__Bentel_iter_3,ifeval,instance_00212,Request Success Ratio,1.0
2327,ifeval,Bentel rockers__qwen3.5-4b__Bentel_iter_3,ifeval,instance_00212,Main Score,100.0
2328,ifeval,Bentel rockers__qwen3.5-4b__Bentel_iter_3,ifeval,instance_00323,Aborted,0.0
2329,ifeval,Bentel rockers__qwen3.5-4b__Bentel_iter_3,ifeval,instance_00323,Lose,0.0
2330,ifeval,Bentel rockers__qwen3.5-4b__Bentel_iter_3,ifeval,instance_00323,Success,1.0
2331,ifeval,Bentel rockers__qwen3.5-4b__Bentel_iter_3,ifeval,instance_00323,Request Count,1.0
2332,ifeval,Bentel rockers__qwen3.5-4b__Bentel_iter_3,ifeval,instance_00323,Parsed Request Count,1.0
2333,ifeval,Bentel rockers__qwen3.5-4b__Bentel_iter_3,ifeval,instance_00323,Violated Request Count,0.0
2334,ifeval,Bentel rockers__qwen3.5-4b__Bentel_iter_3,ifeval,instance_00323,Request Success Ratio,1.0
2335,ifeval,Bentel rockers__qwen3.5-4b__Bentel_iter_3,ifeval,instance_00323,Main Score,100.0
2336,ifeval,Bentel rockers__qwen3.5-4b__Bentel_iter_3,ifeval,instance_00263,Aborted,0.0
2337,ifeval,Bentel rockers__qwen3.5-4b__Bentel_iter_3,ifeval,instance_00263,Lose,0.0
2338,ifeval,Bentel rockers__qwen3.5-4b__Bentel_iter_3,ifeval,instance_00263,Success,1.0
2339,ifeval,Bentel rockers__qwen3.5-4b__Bentel_iter_3,ifeval,instance_00263,Request Count,1.0
2340,ifeval,Bentel rockers__qwen3.5-4b__Bentel_iter_3,ifeval,instance_00263,Parsed Request Count,1.0
2341,ifeval,Bentel rockers__qwen3.5-4b__Bentel_iter_3,ifeval,instance_00263,Violated Request Count,0.0
2342,ifeval,Bentel rockers__qwen3.5-4b__Bentel_iter_3,ifeval,instance_00263,Request Success Ratio,1.0
2343,ifeval,Bentel rockers__qwen3.5-4b__Bentel_iter_3,ifeval,instance_00263,Main Score,100.0
2344,ifeval,Bentel rockers__qwen3.5-4b__Bentel_iter_3,ifeval,instance_00390,Aborted,0.0
2345,ifeval,Bentel rockers__qwen3.5-4b__Bentel_iter_3,ifeval,instance_00390,Lose,1.0
2346,ifeval,Bentel rockers__qwen3.5-4b__Bentel_iter_3,ifeval,instance_00390,Success,0.0
2347,ifeval,Bentel rockers__qwen3.5-4b__Bentel_iter_3,ifeval,instance_00390,Request Count,1.0
2348,ifeval,Bentel rockers__qwen3.5-4b__Bentel_iter_3,ifeval,instance_00390,Parsed Request Count,1.0
2349,ifeval,Bentel rockers__qwen3.5-4b__Bentel_iter_3,ifeval,instance_00390,Violated Request Count,0.0
2350,ifeval,Bentel rockers__qwen3.5-4b__Bentel_iter_3,ifeval,instance_00390,Request Success Ratio,1.0
2351,ifeval,Bentel rockers__qwen3.5-4b__Bentel_iter_3,ifeval,instance_00390,Main Score,0.0
2352,ifeval,Bentel rockers__qwen3.5-4b__Bentel_iter_3,ifeval,instance_00439,Aborted,0.0
2353,ifeval,Bentel rockers__qwen3.5-4b__Bentel_iter_3,ifeval,instance_00439,Lose,0.0
2354,ifeval,Bentel rockers__qwen3.5-4b__Bentel_iter_3,ifeval,instance_00439,Success,1.0
2355,ifeval,Bentel rockers__qwen3.5-4b__Bentel_iter_3,ifeval,instance_00439,Request Count,1.0
2356,ifeval,Bentel rockers__qwen3.5-4b__Bentel_iter_3,ifeval,instance_00439,Parsed Request Count,1.0
2357,ifeval,Bentel rockers__qwen3.5-4b__Bentel_iter_3,ifeval,instance_00439,Violated Request Count,0.0
2358,ifeval,Bentel rockers__qwen3.5-4b__Bentel_iter_3,ifeval,instance_00439,Request Success Ratio,1.0
2359,ifeval,Bentel rockers__qwen3.5-4b__Bentel_iter_3,ifeval,instance_00439,Main Score,100.0
2360,eqbench,Bentel rockers__qwen3.5-4b__Bentel_iter_3,eq_bench,instance_00162,Aborted,0.0
2361,eqbench,Bentel rockers__qwen3.5-4b__Bentel_iter_3,eq_bench,instance_00162,Lose,1.0
2362,eqbench,Bentel rockers__qwen3.5-4b__Bentel_iter_3,eq_bench,instance_00162,Success,0.0
2363,eqbench,Bentel rockers__qwen3.5-4b__Bentel_iter_3,eq_bench,instance_00162,Request Count,1.0
2364,eqbench,Bentel rockers__qwen3.5-4b__Bentel_iter_3,eq_bench,instance_00162,Parsed Request Count,1.0
2365,eqbench,Bentel rockers__qwen3.5-4b__Bentel_iter_3,eq_bench,instance_00162,Violated Request Count,0.0
2366,eqbench,Bentel rockers__qwen3.5-4b__Bentel_iter_3,eq_bench,instance_00162,Request Success Ratio,1.0
2367,eqbench,Bentel rockers__qwen3.5-4b__Bentel_iter_3,eq_bench,instance_00162,Main Score,74.40712281366754
2368,eqbench,Bentel rockers__qwen3.5-4b__Bentel_iter_3,eq_bench,instance_00091,Aborted,0.0
2369,eqbench,Bentel rockers__qwen3.5-4b__Bentel_iter_3,eq_bench,instance_00091,Lose,1.0
2370,eqbench,Bentel rockers__qwen3.5-4b__Bentel_iter_3,eq_bench,instance_00091,Success,0.0
2371,eqbench,Bentel rockers__qwen3.5-4b__Bentel_iter_3,eq_bench,instance_00091,Request Count,1.0
2372,eqbench,Bentel rockers__qwen3.5-4b__Bentel_iter_3,eq_bench,instance_00091,Parsed Request Count,1.0
2373,eqbench,Bentel rockers__qwen3.5-4b__Bentel_iter_3,eq_bench,instance_00091,Violated Request Count,0.0
2374,eqbench,Bentel rockers__qwen3.5-4b__Bentel_iter_3,eq_bench,instance_00091,Request Success Ratio,1.0
2375,eqbench,Bentel rockers__qwen3.5-4b__Bentel_iter_3,eq_bench,instance_00091,Main Score,86.16493436777907
2376,eqbench,Bentel rockers__qwen3.5-4b__Bentel_iter_3,eq_bench,instance_00116,Aborted,0.0
2377,eqbench,Bentel rockers__qwen3.5-4b__Bentel_iter_3,eq_bench,instance_00116,Lose,1.0
2378,eqbench,Bentel rockers__qwen3.5-4b__Bentel_iter_3,eq_bench,instance_00116,Success,0.0
2379,eqbench,Bentel rockers__qwen3.5-4b__Bentel_iter_3,eq_bench,instance_00116,Request Count,1.0
2380,eqbench,Bentel rockers__qwen3.5-4b__Bentel_iter_3,eq_bench,instance_00116,Parsed Request Count,1.0
2381,eqbench,Bentel rockers__qwen3.5-4b__Bentel_iter_3,eq_bench,instance_00116,Violated Request Count,0.0
2382,eqbench,Bentel rockers__qwen3.5-4b__Bentel_iter_3,eq_bench,instance_00116,Request Success Ratio,1.0
2383,eqbench,Bentel rockers__qwen3.5-4b__Bentel_iter_3,eq_bench,instance_00116,Main Score,83.41532691815866
2384,eqbench,Bentel rockers__qwen3.5-4b__Bentel_iter_3,eq_bench,instance_00030,Aborted,0.0
2385,eqbench,Bentel rockers__qwen3.5-4b__Bentel_iter_3,eq_bench,instance_00030,Lose,1.0
2386,eqbench,Bentel rockers__qwen3.5-4b__Bentel_iter_3,eq_bench,instance_00030,Success,0.0
2387,eqbench,Bentel rockers__qwen3.5-4b__Bentel_iter_3,eq_bench,instance_00030,Request Count,1.0
2388,eqbench,Bentel rockers__qwen3.5-4b__Bentel_iter_3,eq_bench,instance_00030,Parsed Request Count,1.0
2389,eqbench,Bentel rockers__qwen3.5-4b__Bentel_iter_3,eq_bench,instance_00030,Violated Request Count,0.0
2390,eqbench,Bentel rockers__qwen3.5-4b__Bentel_iter_3,eq_bench,instance_00030,Request Success Ratio,1.0
2391,eqbench,Bentel rockers__qwen3.5-4b__Bentel_iter_3,eq_bench,instance_00030,Main Score,48.81424562733506
2392,eqbench,Bentel rockers__qwen3.5-4b__Bentel_iter_3,eq_bench,instance_00133,Aborted,0.0
2393,eqbench,Bentel rockers__qwen3.5-4b__Bentel_iter_3,eq_bench,instance_00133,Lose,1.0
2394,eqbench,Bentel rockers__qwen3.5-4b__Bentel_iter_3,eq_bench,instance_00133,Success,0.0
2395,eqbench,Bentel rockers__qwen3.5-4b__Bentel_iter_3,eq_bench,instance_00133,Request Count,1.0
2396,eqbench,Bentel rockers__qwen3.5-4b__Bentel_iter_3,eq_bench,instance_00133,Parsed Request Count,1.0
2397,eqbench,Bentel rockers__qwen3.5-4b__Bentel_iter_3,eq_bench,instance_00133,Violated Request Count,0.0
2398,eqbench,Bentel rockers__qwen3.5-4b__Bentel_iter_3,eq_bench,instance_00133,Request Success Ratio,1.0
2399,eqbench,Bentel rockers__qwen3.5-4b__Bentel_iter_3,eq_bench,instance_00133,Main Score,70.36488817771465
2400,eqbench,Bentel rockers__qwen3.5-4b__Bentel_iter_3,eq_bench,instance_00155,Aborted,0.0
2401,eqbench,Bentel rockers__qwen3.5-4b__Bentel_iter_3,eq_bench,instance_00155,Lose,1.0
2402,eqbench,Bentel rockers__qwen3.5-4b__Bentel_iter_3,eq_bench,instance_00155,Success,0.0
2403,eqbench,Bentel rockers__qwen3.5-4b__Bentel_iter_3,eq_bench,instance_00155,Request Count,1.0
2404,eqbench,Bentel rockers__qwen3.5-4b__Bentel_iter_3,eq_bench,instance_00155,Parsed Request Count,1.0
2405,eqbench,Bentel rockers__qwen3.5-4b__Bentel_iter_3,eq_bench,instance_00155,Violated Request Count,0.0
2406,eqbench,Bentel rockers__qwen3.5-4b__Bentel_iter_3,eq_bench,instance_00155,Request Success Ratio,1.0
2407,eqbench,Bentel rockers__qwen3.5-4b__Bentel_iter_3,eq_bench,instance_00155,Main Score,71.65751536404713
2408,eqbench,Bentel rockers__qwen3.5-4b__Bentel_iter_3,eq_bench,instance_00011,Aborted,0.0
2409,eqbench,Bentel rockers__qwen3.5-4b__Bentel_iter_3,eq_bench,instance_00011,Lose,1.0
2410,eqbench,Bentel rockers__qwen3.5-4b__Bentel_iter_3,eq_bench,instance_00011,Success,0.0
2411,eqbench,Bentel rockers__qwen3.5-4b__Bentel_iter_3,eq_bench,instance_00011,Request Count,1.0
2412,eqbench,Bentel rockers__qwen3.5-4b__Bentel_iter_3,eq_bench,instance_00011,Parsed Request Count,1.0
2413,eqbench,Bentel rockers__qwen3.5-4b__Bentel_iter_3,eq_bench,instance_00011,Violated Request Count,0.0
2414,eqbench,Bentel rockers__qwen3.5-4b__Bentel_iter_3,eq_bench,instance_00011,Request Success Ratio,1.0
2415,eqbench,Bentel rockers__qwen3.5-4b__Bentel_iter_3,eq_bench,instance_00011,Main Score,83.41532691815866
2416,eqbench,Bentel rockers__qwen3.5-4b__Bentel_iter_3,eq_bench,instance_00113,Aborted,0.0
2417,eqbench,Bentel rockers__qwen3.5-4b__Bentel_iter_3,eq_bench,instance_00113,Lose,1.0
2418,eqbench,Bentel rockers__qwen3.5-4b__Bentel_iter_3,eq_bench,instance_00113,Success,0.0
2419,eqbench,Bentel rockers__qwen3.5-4b__Bentel_iter_3,eq_bench,instance_00113,Request Count,1.0
2420,eqbench,Bentel rockers__qwen3.5-4b__Bentel_iter_3,eq_bench,instance_00113,Parsed Request Count,1.0
2421,eqbench,Bentel rockers__qwen3.5-4b__Bentel_iter_3,eq_bench,instance_00113,Violated Request Count,0.0
2422,eqbench,Bentel rockers__qwen3.5-4b__Bentel_iter_3,eq_bench,instance_00113,Request Success Ratio,1.0
2423,eqbench,Bentel rockers__qwen3.5-4b__Bentel_iter_3,eq_bench,instance_00113,Main Score,97.41474562733507
2424,eqbench,Bentel rockers__qwen3.5-4b__Bentel_iter_3,eq_bench,instance_00146,Aborted,0.0
2425,eqbench,Bentel rockers__qwen3.5-4b__Bentel_iter_3,eq_bench,instance_00146,Lose,1.0
2426,eqbench,Bentel rockers__qwen3.5-4b__Bentel_iter_3,eq_bench,instance_00146,Success,0.0
2427,eqbench,Bentel rockers__qwen3.5-4b__Bentel_iter_3,eq_bench,instance_00146,Request Count,1.0
2428,eqbench,Bentel rockers__qwen3.5-4b__Bentel_iter_3,eq_bench,instance_00146,Parsed Request Count,1.0
2429,eqbench,Bentel rockers__qwen3.5-4b__Bentel_iter_3,eq_bench,instance_00146,Violated Request Count,0.0
2430,eqbench,Bentel rockers__qwen3.5-4b__Bentel_iter_3,eq_bench,instance_00146,Request Success Ratio,1.0
2431,eqbench,Bentel rockers__qwen3.5-4b__Bentel_iter_3,eq_bench,instance_00146,Main Score,75.69975
2432,eqbench,Bentel rockers__qwen3.5-4b__Bentel_iter_3,eq_bench,instance_00016,Aborted,0.0
2433,eqbench,Bentel rockers__qwen3.5-4b__Bentel_iter_3,eq_bench,instance_00016,Lose,1.0
2434,eqbench,Bentel rockers__qwen3.5-4b__Bentel_iter_3,eq_bench,instance_00016,Success,0.0
2435,eqbench,Bentel rockers__qwen3.5-4b__Bentel_iter_3,eq_bench,instance_00016,Request Count,1.0
2436,eqbench,Bentel rockers__qwen3.5-4b__Bentel_iter_3,eq_bench,instance_00016,Parsed Request Count,1.0
2437,eqbench,Bentel rockers__qwen3.5-4b__Bentel_iter_3,eq_bench,instance_00016,Violated Request Count,0.0
2438,eqbench,Bentel rockers__qwen3.5-4b__Bentel_iter_3,eq_bench,instance_00016,Request Success Ratio,1.0
2439,eqbench,Bentel rockers__qwen3.5-4b__Bentel_iter_3,eq_bench,instance_00016,Main Score,80.66571946853826
2440,eqbench,Bentel rockers__qwen3.5-4b__Bentel_iter_3,eq_bench,instance_00167,Aborted,0.0
2441,eqbench,Bentel rockers__qwen3.5-4b__Bentel_iter_3,eq_bench,instance_00167,Lose,1.0
2442,eqbench,Bentel rockers__qwen3.5-4b__Bentel_iter_3,eq_bench,instance_00167,Success,0.0
2443,eqbench,Bentel rockers__qwen3.5-4b__Bentel_iter_3,eq_bench,instance_00167,Request Count,1.0
2444,eqbench,Bentel rockers__qwen3.5-4b__Bentel_iter_3,eq_bench,instance_00167,Parsed Request Count,1.0
2445,eqbench,Bentel rockers__qwen3.5-4b__Bentel_iter_3,eq_bench,instance_00167,Violated Request Count,0.0
2446,eqbench,Bentel rockers__qwen3.5-4b__Bentel_iter_3,eq_bench,instance_00167,Request Success Ratio,1.0
2447,eqbench,Bentel rockers__qwen3.5-4b__Bentel_iter_3,eq_bench,instance_00167,Main Score,86.16493436777907
2448,eqbench,Bentel rockers__qwen3.5-4b__Bentel_iter_3,eq_bench,instance_00114,Aborted,0.0
2449,eqbench,Bentel rockers__qwen3.5-4b__Bentel_iter_3,eq_bench,instance_00114,Lose,1.0
2450,eqbench,Bentel rockers__qwen3.5-4b__Bentel_iter_3,eq_bench,instance_00114,Success,0.0
2451,eqbench,Bentel rockers__qwen3.5-4b__Bentel_iter_3,eq_bench,instance_00114,Request Count,1.0
2452,eqbench,Bentel rockers__qwen3.5-4b__Bentel_iter_3,eq_bench,instance_00114,Parsed Request Count,1.0
2453,eqbench,Bentel rockers__qwen3.5-4b__Bentel_iter_3,eq_bench,instance_00114,Violated Request Count,0.0
2454,eqbench,Bentel rockers__qwen3.5-4b__Bentel_iter_3,eq_bench,instance_00114,Request Success Ratio,1.0
2455,eqbench,Bentel rockers__qwen3.5-4b__Bentel_iter_3,eq_bench,instance_00114,Main Score,80.66571946853826
2456,eqbench,Bentel rockers__qwen3.5-4b__Bentel_iter_3,eq_bench,instance_00045,Aborted,0.0
2457,eqbench,Bentel rockers__qwen3.5-4b__Bentel_iter_3,eq_bench,instance_00045,Lose,1.0
2458,eqbench,Bentel rockers__qwen3.5-4b__Bentel_iter_3,eq_bench,instance_00045,Success,0.0
2459,eqbench,Bentel rockers__qwen3.5-4b__Bentel_iter_3,eq_bench,instance_00045,Request Count,1.0
2460,eqbench,Bentel rockers__qwen3.5-4b__Bentel_iter_3,eq_bench,instance_00045,Parsed Request Count,1.0
2461,eqbench,Bentel rockers__qwen3.5-4b__Bentel_iter_3,eq_bench,instance_00045,Violated Request Count,0.0
2462,eqbench,Bentel rockers__qwen3.5-4b__Bentel_iter_3,eq_bench,instance_00045,Request Success Ratio,1.0
2463,eqbench,Bentel rockers__qwen3.5-4b__Bentel_iter_3,eq_bench,instance_00045,Main Score,91.91553072809425
2464,eqbench,Bentel rockers__qwen3.5-4b__Bentel_iter_3,eq_bench,instance_00156,Aborted,0.0
2465,eqbench,Bentel rockers__qwen3.5-4b__Bentel_iter_3,eq_bench,instance_00156,Lose,1.0
2466,eqbench,Bentel rockers__qwen3.5-4b__Bentel_iter_3,eq_bench,instance_00156,Success,0.0
2467,eqbench,Bentel rockers__qwen3.5-4b__Bentel_iter_3,eq_bench,instance_00156,Request Count,1.0
2468,eqbench,Bentel rockers__qwen3.5-4b__Bentel_iter_3,eq_bench,instance_00156,Parsed Request Count,1.0
2469,eqbench,Bentel rockers__qwen3.5-4b__Bentel_iter_3,eq_bench,instance_00156,Violated Request Count,0.0
2470,eqbench,Bentel rockers__qwen3.5-4b__Bentel_iter_3,eq_bench,instance_00156,Request Success Ratio,1.0
2471,eqbench,Bentel rockers__qwen3.5-4b__Bentel_iter_3,eq_bench,instance_00156,Main Score,38.85706155411153
2472,eqbench,Bentel rockers__qwen3.5-4b__Bentel_iter_3,eq_bench,instance_00147,Aborted,0.0
2473,eqbench,Bentel rockers__qwen3.5-4b__Bentel_iter_3,eq_bench,instance_00147,Lose,1.0
2474,eqbench,Bentel rockers__qwen3.5-4b__Bentel_iter_3,eq_bench,instance_00147,Success,0.0
2475,eqbench,Bentel rockers__qwen3.5-4b__Bentel_iter_3,eq_bench,instance_00147,Request Count,1.0
2476,eqbench,Bentel rockers__qwen3.5-4b__Bentel_iter_3,eq_bench,instance_00147,Parsed Request Count,1.0
2477,eqbench,Bentel rockers__qwen3.5-4b__Bentel_iter_3,eq_bench,instance_00147,Violated Request Count,0.0
2478,eqbench,Bentel rockers__qwen3.5-4b__Bentel_iter_3,eq_bench,instance_00147,Request Success Ratio,1.0
2479,eqbench,Bentel rockers__qwen3.5-4b__Bentel_iter_3,eq_bench,instance_00147,Main Score,93.37251099138217
2480,eqbench,Bentel rockers__qwen3.5-4b__Bentel_iter_3,eq_bench,instance_00104,Aborted,0.0
2481,eqbench,Bentel rockers__qwen3.5-4b__Bentel_iter_3,eq_bench,instance_00104,Lose,1.0
2482,eqbench,Bentel rockers__qwen3.5-4b__Bentel_iter_3,eq_bench,instance_00104,Success,0.0
2483,eqbench,Bentel rockers__qwen3.5-4b__Bentel_iter_3,eq_bench,instance_00104,Request Count,1.0
2484,eqbench,Bentel rockers__qwen3.5-4b__Bentel_iter_3,eq_bench,instance_00104,Parsed Request Count,1.0
2485,eqbench,Bentel rockers__qwen3.5-4b__Bentel_iter_3,eq_bench,instance_00104,Violated Request Count,0.0
2486,eqbench,Bentel rockers__qwen3.5-4b__Bentel_iter_3,eq_bench,instance_00104,Request Success Ratio,1.0
2487,eqbench,Bentel rockers__qwen3.5-4b__Bentel_iter_3,eq_bench,instance_00104,Main Score,74.40712281366754
2488,eqbench,Bentel rockers__qwen3.5-4b__Bentel_iter_3,eq_bench,instance_00153,Aborted,0.0
2489,eqbench,Bentel rockers__qwen3.5-4b__Bentel_iter_3,eq_bench,instance_00153,Lose,1.0
2490,eqbench,Bentel rockers__qwen3.5-4b__Bentel_iter_3,eq_bench,instance_00153,Success,0.0
2491,eqbench,Bentel rockers__qwen3.5-4b__Bentel_iter_3,eq_bench,instance_00153,Request Count,1.0
2492,eqbench,Bentel rockers__qwen3.5-4b__Bentel_iter_3,eq_bench,instance_00153,Parsed Request Count,1.0
2493,eqbench,Bentel rockers__qwen3.5-4b__Bentel_iter_3,eq_bench,instance_00153,Violated Request Count,0.0
2494,eqbench,Bentel rockers__qwen3.5-4b__Bentel_iter_3,eq_bench,instance_00153,Request Success Ratio,1.0
2495,eqbench,Bentel rockers__qwen3.5-4b__Bentel_iter_3,eq_bench,instance_00153,Main Score,97.41474562733507
2496,eqbench,Bentel rockers__qwen3.5-4b__Bentel_iter_3,eq_bench,instance_00128,Aborted,0.0
2497,eqbench,Bentel rockers__qwen3.5-4b__Bentel_iter_3,eq_bench,instance_00128,Lose,1.0
2498,eqbench,Bentel rockers__qwen3.5-4b__Bentel_iter_3,eq_bench,instance_00128,Success,0.0
2499,eqbench,Bentel rockers__qwen3.5-4b__Bentel_iter_3,eq_bench,instance_00128,Request Count,1.0
2500,eqbench,Bentel rockers__qwen3.5-4b__Bentel_iter_3,eq_bench,instance_00128,Parsed Request Count,1.0
2501,eqbench,Bentel rockers__qwen3.5-4b__Bentel_iter_3,eq_bench,instance_00128,Violated Request Count,0.0
2502,eqbench,Bentel rockers__qwen3.5-4b__Bentel_iter_3,eq_bench,instance_00128,Request Success Ratio,1.0
2503,eqbench,Bentel rockers__qwen3.5-4b__Bentel_iter_3,eq_bench,instance_00128,Main Score,92.07988380504972
2504,eqbench,Bentel rockers__qwen3.5-4b__Bentel_iter_3,eq_bench,instance_00049,Aborted,0.0
2505,eqbench,Bentel rockers__qwen3.5-4b__Bentel_iter_3,eq_bench,instance_00049,Lose,1.0
2506,eqbench,Bentel rockers__qwen3.5-4b__Bentel_iter_3,eq_bench,instance_00049,Success,0.0
2507,eqbench,Bentel rockers__qwen3.5-4b__Bentel_iter_3,eq_bench,instance_00049,Request Count,1.0
2508,eqbench,Bentel rockers__qwen3.5-4b__Bentel_iter_3,eq_bench,instance_00049,Parsed Request Count,1.0
2509,eqbench,Bentel rockers__qwen3.5-4b__Bentel_iter_3,eq_bench,instance_00049,Violated Request Count,0.0
2510,eqbench,Bentel rockers__qwen3.5-4b__Bentel_iter_3,eq_bench,instance_00049,Request Success Ratio,1.0
2511,eqbench,Bentel rockers__qwen3.5-4b__Bentel_iter_3,eq_bench,instance_00049,Main Score,71.65751536404713
2512,eqbench,Bentel rockers__qwen3.5-4b__Bentel_iter_3,eq_bench,instance_00160,Aborted,0.0
2513,eqbench,Bentel rockers__qwen3.5-4b__Bentel_iter_3,eq_bench,instance_00160,Lose,1.0
2514,eqbench,Bentel rockers__qwen3.5-4b__Bentel_iter_3,eq_bench,instance_00160,Success,0.0
2515,eqbench,Bentel rockers__qwen3.5-4b__Bentel_iter_3,eq_bench,instance_00160,Request Count,1.0
2516,eqbench,Bentel rockers__qwen3.5-4b__Bentel_iter_3,eq_bench,instance_00160,Parsed Request Count,1.0
2517,eqbench,Bentel rockers__qwen3.5-4b__Bentel_iter_3,eq_bench,instance_00160,Violated Request Count,0.0
2518,eqbench,Bentel rockers__qwen3.5-4b__Bentel_iter_3,eq_bench,instance_00160,Request Success Ratio,1.0
2519,eqbench,Bentel rockers__qwen3.5-4b__Bentel_iter_3,eq_bench,instance_00160,Main Score,69.07226099138218
2520,eqbench,Bentel rockers__qwen3.5-4b__Bentel_iter_3,eq_bench,instance_00003,Aborted,0.0
2521,eqbench,Bentel rockers__qwen3.5-4b__Bentel_iter_3,eq_bench,instance_00003,Lose,1.0
2522,eqbench,Bentel rockers__qwen3.5-4b__Bentel_iter_3,eq_bench,instance_00003,Success,0.0
2523,eqbench,Bentel rockers__qwen3.5-4b__Bentel_iter_3,eq_bench,instance_00003,Request Count,1.0
2524,eqbench,Bentel rockers__qwen3.5-4b__Bentel_iter_3,eq_bench,instance_00003,Parsed Request Count,1.0
2525,eqbench,Bentel rockers__qwen3.5-4b__Bentel_iter_3,eq_bench,instance_00003,Violated Request Count,0.0
2526,eqbench,Bentel rockers__qwen3.5-4b__Bentel_iter_3,eq_bench,instance_00003,Request Success Ratio,1.0
2527,eqbench,Bentel rockers__qwen3.5-4b__Bentel_iter_3,eq_bench,instance_00003,Main Score,69.07226099138218
2528,eqbench,Bentel rockers__qwen3.5-4b__Bentel_iter_3,eq_bench,instance_00142,Aborted,0.0
2529,eqbench,Bentel rockers__qwen3.5-4b__Bentel_iter_3,eq_bench,instance_00142,Lose,1.0
2530,eqbench,Bentel rockers__qwen3.5-4b__Bentel_iter_3,eq_bench,instance_00142,Success,0.0
2531,eqbench,Bentel rockers__qwen3.5-4b__Bentel_iter_3,eq_bench,instance_00142,Request Count,1.0
2532,eqbench,Bentel rockers__qwen3.5-4b__Bentel_iter_3,eq_bench,instance_00142,Parsed Request Count,1.0
2533,eqbench,Bentel rockers__qwen3.5-4b__Bentel_iter_3,eq_bench,instance_00142,Violated Request Count,0.0
2534,eqbench,Bentel rockers__qwen3.5-4b__Bentel_iter_3,eq_bench,instance_00142,Request Success Ratio,1.0
2535,eqbench,Bentel rockers__qwen3.5-4b__Bentel_iter_3,eq_bench,instance_00142,Main Score,-10.555173376396887
2536,eqbench,Bentel rockers__qwen3.5-4b__Bentel_iter_3,eq_bench,instance_00137,Aborted,0.0
2537,eqbench,Bentel rockers__qwen3.5-4b__Bentel_iter_3,eq_bench,instance_00137,Lose,1.0
2538,eqbench,Bentel rockers__qwen3.5-4b__Bentel_iter_3,eq_bench,instance_00137,Success,0.0
2539,eqbench,Bentel rockers__qwen3.5-4b__Bentel_iter_3,eq_bench,instance_00137,Request Count,1.0
2540,eqbench,Bentel rockers__qwen3.5-4b__Bentel_iter_3,eq_bench,instance_00137,Parsed Request Count,1.0
2541,eqbench,Bentel rockers__qwen3.5-4b__Bentel_iter_3,eq_bench,instance_00137,Violated Request Count,0.0
2542,eqbench,Bentel rockers__qwen3.5-4b__Bentel_iter_3,eq_bench,instance_00137,Request Success Ratio,1.0
2543,eqbench,Bentel rockers__qwen3.5-4b__Bentel_iter_3,eq_bench,instance_00137,Main Score,79.37309228220579
2544,eqbench,Bentel rockers__qwen3.5-4b__Bentel_iter_3,eq_bench,instance_00039,Aborted,0.0
2545,eqbench,Bentel rockers__qwen3.5-4b__Bentel_iter_3,eq_bench,instance_00039,Lose,1.0
2546,eqbench,Bentel rockers__qwen3.5-4b__Bentel_iter_3,eq_bench,instance_00039,Success,0.0
2547,eqbench,Bentel rockers__qwen3.5-4b__Bentel_iter_3,eq_bench,instance_00039,Request Count,1.0
2548,eqbench,Bentel rockers__qwen3.5-4b__Bentel_iter_3,eq_bench,instance_00039,Parsed Request Count,1.0
2549,eqbench,Bentel rockers__qwen3.5-4b__Bentel_iter_3,eq_bench,instance_00039,Violated Request Count,0.0
2550,eqbench,Bentel rockers__qwen3.5-4b__Bentel_iter_3,eq_bench,instance_00039,Request Success Ratio,1.0
2551,eqbench,Bentel rockers__qwen3.5-4b__Bentel_iter_3,eq_bench,instance_00039,Main Score,-17.220438445888462
2552,eqbench,Bentel rockers__qwen3.5-4b__Bentel_iter_3,eq_bench,instance_00083,Aborted,0.0
2553,eqbench,Bentel rockers__qwen3.5-4b__Bentel_iter_3,eq_bench,instance_00083,Lose,1.0
2554,eqbench,Bentel rockers__qwen3.5-4b__Bentel_iter_3,eq_bench,instance_00083,Success,0.0
2555,eqbench,Bentel rockers__qwen3.5-4b__Bentel_iter_3,eq_bench,instance_00083,Request Count,1.0
2556,eqbench,Bentel rockers__qwen3.5-4b__Bentel_iter_3,eq_bench,instance_00083,Parsed Request Count,1.0
2557,eqbench,Bentel rockers__qwen3.5-4b__Bentel_iter_3,eq_bench,instance_00083,Violated Request Count,0.0
2558,eqbench,Bentel rockers__qwen3.5-4b__Bentel_iter_3,eq_bench,instance_00083,Request Success Ratio,1.0
2559,eqbench,Bentel rockers__qwen3.5-4b__Bentel_iter_3,eq_bench,instance_00083,Main Score,69.07226099138218
2560,eqbench,Bentel rockers__qwen3.5-4b__Bentel_iter_3,eq_bench,instance_00081,Aborted,0.0
2561,eqbench,Bentel rockers__qwen3.5-4b__Bentel_iter_3,eq_bench,instance_00081,Lose,1.0
2562,eqbench,Bentel rockers__qwen3.5-4b__Bentel_iter_3,eq_bench,instance_00081,Success,0.0
2563,eqbench,Bentel rockers__qwen3.5-4b__Bentel_iter_3,eq_bench,instance_00081,Request Count,1.0
2564,eqbench,Bentel rockers__qwen3.5-4b__Bentel_iter_3,eq_bench,instance_00081,Parsed Request Count,1.0
2565,eqbench,Bentel rockers__qwen3.5-4b__Bentel_iter_3,eq_bench,instance_00081,Violated Request Count,0.0
2566,eqbench,Bentel rockers__qwen3.5-4b__Bentel_iter_3,eq_bench,instance_00081,Request Success Ratio,1.0
2567,eqbench,Bentel rockers__qwen3.5-4b__Bentel_iter_3,eq_bench,instance_00081,Main Score,64.449938740444
2568,eqbench,Bentel rockers__qwen3.5-4b__Bentel_iter_3,eq_bench,instance_00042,Aborted,0.0
2569,eqbench,Bentel rockers__qwen3.5-4b__Bentel_iter_3,eq_bench,instance_00042,Lose,1.0
2570,eqbench,Bentel rockers__qwen3.5-4b__Bentel_iter_3,eq_bench,instance_00042,Success,0.0
2571,eqbench,Bentel rockers__qwen3.5-4b__Bentel_iter_3,eq_bench,instance_00042,Request Count,1.0
2572,eqbench,Bentel rockers__qwen3.5-4b__Bentel_iter_3,eq_bench,instance_00042,Parsed Request Count,1.0
2573,eqbench,Bentel rockers__qwen3.5-4b__Bentel_iter_3,eq_bench,instance_00042,Violated Request Count,0.0
2574,eqbench,Bentel rockers__qwen3.5-4b__Bentel_iter_3,eq_bench,instance_00042,Request Success Ratio,1.0
2575,eqbench,Bentel rockers__qwen3.5-4b__Bentel_iter_3,eq_bench,instance_00042,Main Score,95.95776536404713
2576,eqbench,Bentel rockers__qwen3.5-4b__Bentel_iter_3,eq_bench,instance_00040,Aborted,0.0
2577,eqbench,Bentel rockers__qwen3.5-4b__Bentel_iter_3,eq_bench,instance_00040,Lose,1.0
2578,eqbench,Bentel rockers__qwen3.5-4b__Bentel_iter_3,eq_bench,instance_00040,Success,0.0
2579,eqbench,Bentel rockers__qwen3.5-4b__Bentel_iter_3,eq_bench,instance_00040,Request Count,1.0
2580,eqbench,Bentel rockers__qwen3.5-4b__Bentel_iter_3,eq_bench,instance_00040,Parsed Request Count,1.0
2581,eqbench,Bentel rockers__qwen3.5-4b__Bentel_iter_3,eq_bench,instance_00040,Violated Request Count,0.0
2582,eqbench,Bentel rockers__qwen3.5-4b__Bentel_iter_3,eq_bench,instance_00040,Request Success Ratio,1.0
2583,eqbench,Bentel rockers__qwen3.5-4b__Bentel_iter_3,eq_bench,instance_00040,Main Score,54.56484198765025
2584,eqbench,Bentel rockers__qwen3.5-4b__Bentel_iter_3,eq_bench,instance_00143,Aborted,0.0
2585,eqbench,Bentel rockers__qwen3.5-4b__Bentel_iter_3,eq_bench,instance_00143,Lose,1.0
2586,eqbench,Bentel rockers__qwen3.5-4b__Bentel_iter_3,eq_bench,instance_00143,Success,0.0
2587,eqbench,Bentel rockers__qwen3.5-4b__Bentel_iter_3,eq_bench,instance_00143,Request Count,1.0
2588,eqbench,Bentel rockers__qwen3.5-4b__Bentel_iter_3,eq_bench,instance_00143,Parsed Request Count,1.0
2589,eqbench,Bentel rockers__qwen3.5-4b__Bentel_iter_3,eq_bench,instance_00143,Violated Request Count,0.0
2590,eqbench,Bentel rockers__qwen3.5-4b__Bentel_iter_3,eq_bench,instance_00143,Request Success Ratio,1.0
2591,eqbench,Bentel rockers__qwen3.5-4b__Bentel_iter_3,eq_bench,instance_00143,Main Score,8.914750294555542
2592,eqbench,Bentel rockers__qwen3.5-4b__Bentel_iter_3,eq_bench,instance_00134,Aborted,0.0
2593,eqbench,Bentel rockers__qwen3.5-4b__Bentel_iter_3,eq_bench,instance_00134,Lose,1.0
2594,eqbench,Bentel rockers__qwen3.5-4b__Bentel_iter_3,eq_bench,instance_00134,Success,0.0
2595,eqbench,Bentel rockers__qwen3.5-4b__Bentel_iter_3,eq_bench,instance_00134,Request Count,1.0
2596,eqbench,Bentel rockers__qwen3.5-4b__Bentel_iter_3,eq_bench,instance_00134,Parsed Request Count,1.0
2597,eqbench,Bentel rockers__qwen3.5-4b__Bentel_iter_3,eq_bench,instance_00134,Violated Request Count,0.0
2598,eqbench,Bentel rockers__qwen3.5-4b__Bentel_iter_3,eq_bench,instance_00134,Request Success Ratio,1.0
2599,eqbench,Bentel rockers__qwen3.5-4b__Bentel_iter_3,eq_bench,instance_00134,Main Score,84.70795410449114
2600,eqbench,Bentel rockers__qwen3.5-4b__Bentel_iter_3,eq_bench,instance_00101,Aborted,0.0
2601,eqbench,Bentel rockers__qwen3.5-4b__Bentel_iter_3,eq_bench,instance_00101,Lose,1.0
2602,eqbench,Bentel rockers__qwen3.5-4b__Bentel_iter_3,eq_bench,instance_00101,Success,0.0
2603,eqbench,Bentel rockers__qwen3.5-4b__Bentel_iter_3,eq_bench,instance_00101,Request Count,1.0
2604,eqbench,Bentel rockers__qwen3.5-4b__Bentel_iter_3,eq_bench,instance_00101,Parsed Request Count,1.0
2605,eqbench,Bentel rockers__qwen3.5-4b__Bentel_iter_3,eq_bench,instance_00101,Violated Request Count,0.0
2606,eqbench,Bentel rockers__qwen3.5-4b__Bentel_iter_3,eq_bench,instance_00101,Request Success Ratio,1.0
2607,eqbench,Bentel rockers__qwen3.5-4b__Bentel_iter_3,eq_bench,instance_00101,Main Score,95.95776536404713
2608,eqbench,Bentel rockers__qwen3.5-4b__Bentel_iter_3,eq_bench,instance_00074,Aborted,0.0
2609,eqbench,Bentel rockers__qwen3.5-4b__Bentel_iter_3,eq_bench,instance_00074,Lose,1.0
2610,eqbench,Bentel rockers__qwen3.5-4b__Bentel_iter_3,eq_bench,instance_00074,Success,0.0
2611,eqbench,Bentel rockers__qwen3.5-4b__Bentel_iter_3,eq_bench,instance_00074,Request Count,1.0
2612,eqbench,Bentel rockers__qwen3.5-4b__Bentel_iter_3,eq_bench,instance_00074,Parsed Request Count,1.0
2613,eqbench,Bentel rockers__qwen3.5-4b__Bentel_iter_3,eq_bench,instance_00074,Violated Request Count,0.0
2614,eqbench,Bentel rockers__qwen3.5-4b__Bentel_iter_3,eq_bench,instance_00074,Request Success Ratio,1.0
2615,eqbench,Bentel rockers__qwen3.5-4b__Bentel_iter_3,eq_bench,instance_00074,Main Score,76.62348483258539
2616,eqbench,Bentel rockers__qwen3.5-4b__Bentel_iter_3,eq_bench,instance_00078,Aborted,0.0
2617,eqbench,Bentel rockers__qwen3.5-4b__Bentel_iter_3,eq_bench,instance_00078,Lose,1.0
2618,eqbench,Bentel rockers__qwen3.5-4b__Bentel_iter_3,eq_bench,instance_00078,Success,0.0
2619,eqbench,Bentel rockers__qwen3.5-4b__Bentel_iter_3,eq_bench,instance_00078,Request Count,1.0
2620,eqbench,Bentel rockers__qwen3.5-4b__Bentel_iter_3,eq_bench,instance_00078,Parsed Request Count,1.0
2621,eqbench,Bentel rockers__qwen3.5-4b__Bentel_iter_3,eq_bench,instance_00078,Violated Request Count,0.0
2622,eqbench,Bentel rockers__qwen3.5-4b__Bentel_iter_3,eq_bench,instance_00078,Request Success Ratio,1.0
2623,eqbench,Bentel rockers__qwen3.5-4b__Bentel_iter_3,eq_bench,instance_00078,Main Score,-10.251438740444012
2624,eqbench,Bentel rockers__qwen3.5-4b__Bentel_iter_3,eq_bench,instance_00152,Aborted,0.0
2625,eqbench,Bentel rockers__qwen3.5-4b__Bentel_iter_3,eq_bench,instance_00152,Lose,1.0
2626,eqbench,Bentel rockers__qwen3.5-4b__Bentel_iter_3,eq_bench,instance_00152,Success,0.0
2627,eqbench,Bentel rockers__qwen3.5-4b__Bentel_iter_3,eq_bench,instance_00152,Request Count,1.0
2628,eqbench,Bentel rockers__qwen3.5-4b__Bentel_iter_3,eq_bench,instance_00152,Parsed Request Count,1.0
2629,eqbench,Bentel rockers__qwen3.5-4b__Bentel_iter_3,eq_bench,instance_00152,Violated Request Count,0.0
2630,eqbench,Bentel rockers__qwen3.5-4b__Bentel_iter_3,eq_bench,instance_00152,Request Success Ratio,1.0
2631,eqbench,Bentel rockers__qwen3.5-4b__Bentel_iter_3,eq_bench,instance_00152,Main Score,80.66571946853826
2632,cladder,Bentel rockers__qwen3.5-4b__Bentel_iter_3,full_v1.5_default,instance_00004,Aborted,0.0
2633,cladder,Bentel rockers__qwen3.5-4b__Bentel_iter_3,full_v1.5_default,instance_00004,Lose,1.0
2634,cladder,Bentel rockers__qwen3.5-4b__Bentel_iter_3,full_v1.5_default,instance_00004,Success,0.0
2635,cladder,Bentel rockers__qwen3.5-4b__Bentel_iter_3,full_v1.5_default,instance_00004,Request Count,1.0
2636,cladder,Bentel rockers__qwen3.5-4b__Bentel_iter_3,full_v1.5_default,instance_00004,Parsed Request Count,1.0
2637,cladder,Bentel rockers__qwen3.5-4b__Bentel_iter_3,full_v1.5_default,instance_00004,Violated Request Count,0.0
2638,cladder,Bentel rockers__qwen3.5-4b__Bentel_iter_3,full_v1.5_default,instance_00004,Request Success Ratio,1.0
2639,cladder,Bentel rockers__qwen3.5-4b__Bentel_iter_3,full_v1.5_default,instance_00004,Main Score,0.0
2640,cladder,Bentel rockers__qwen3.5-4b__Bentel_iter_3,full_v1.5_default,instance_03344,Aborted,0.0
2641,cladder,Bentel rockers__qwen3.5-4b__Bentel_iter_3,full_v1.5_default,instance_03344,Lose,0.0
2642,cladder,Bentel rockers__qwen3.5-4b__Bentel_iter_3,full_v1.5_default,instance_03344,Success,1.0
2643,cladder,Bentel rockers__qwen3.5-4b__Bentel_iter_3,full_v1.5_default,instance_03344,Request Count,1.0
2644,cladder,Bentel rockers__qwen3.5-4b__Bentel_iter_3,full_v1.5_default,instance_03344,Parsed Request Count,1.0
2645,cladder,Bentel rockers__qwen3.5-4b__Bentel_iter_3,full_v1.5_default,instance_03344,Violated Request Count,0.0
2646,cladder,Bentel rockers__qwen3.5-4b__Bentel_iter_3,full_v1.5_default,instance_03344,Request Success Ratio,1.0
2647,cladder,Bentel rockers__qwen3.5-4b__Bentel_iter_3,full_v1.5_default,instance_03344,Main Score,100.0
2648,cladder,Bentel rockers__qwen3.5-4b__Bentel_iter_3,full_v1.5_default,instance_06328,Aborted,0.0
2649,cladder,Bentel rockers__qwen3.5-4b__Bentel_iter_3,full_v1.5_default,instance_06328,Lose,0.0
2650,cladder,Bentel rockers__qwen3.5-4b__Bentel_iter_3,full_v1.5_default,instance_06328,Success,1.0
2651,cladder,Bentel rockers__qwen3.5-4b__Bentel_iter_3,full_v1.5_default,instance_06328,Request Count,1.0
2652,cladder,Bentel rockers__qwen3.5-4b__Bentel_iter_3,full_v1.5_default,instance_06328,Parsed Request Count,1.0
2653,cladder,Bentel rockers__qwen3.5-4b__Bentel_iter_3,full_v1.5_default,instance_06328,Violated Request Count,0.0
2654,cladder,Bentel rockers__qwen3.5-4b__Bentel_iter_3,full_v1.5_default,instance_06328,Request Success Ratio,1.0
2655,cladder,Bentel rockers__qwen3.5-4b__Bentel_iter_3,full_v1.5_default,instance_06328,Main Score,100.0
2656,cladder,Bentel rockers__qwen3.5-4b__Bentel_iter_3,full_v1.5_default,instance_08281,Aborted,0.0
2657,cladder,Bentel rockers__qwen3.5-4b__Bentel_iter_3,full_v1.5_default,instance_08281,Lose,1.0
2658,cladder,Bentel rockers__qwen3.5-4b__Bentel_iter_3,full_v1.5_default,instance_08281,Success,0.0
2659,cladder,Bentel rockers__qwen3.5-4b__Bentel_iter_3,full_v1.5_default,instance_08281,Request Count,1.0
2660,cladder,Bentel rockers__qwen3.5-4b__Bentel_iter_3,full_v1.5_default,instance_08281,Parsed Request Count,1.0
2661,cladder,Bentel rockers__qwen3.5-4b__Bentel_iter_3,full_v1.5_default,instance_08281,Violated Request Count,0.0
2662,cladder,Bentel rockers__qwen3.5-4b__Bentel_iter_3,full_v1.5_default,instance_08281,Request Success Ratio,1.0
2663,cladder,Bentel rockers__qwen3.5-4b__Bentel_iter_3,full_v1.5_default,instance_08281,Main Score,0.0
2664,cladder,Bentel rockers__qwen3.5-4b__Bentel_iter_3,full_v1.5_default,instance_04570,Aborted,0.0
2665,cladder,Bentel rockers__qwen3.5-4b__Bentel_iter_3,full_v1.5_default,instance_04570,Lose,0.0
2666,cladder,Bentel rockers__qwen3.5-4b__Bentel_iter_3,full_v1.5_default,instance_04570,Success,1.0
2667,cladder,Bentel rockers__qwen3.5-4b__Bentel_iter_3,full_v1.5_default,instance_04570,Request Count,1.0
2668,cladder,Bentel rockers__qwen3.5-4b__Bentel_iter_3,full_v1.5_default,instance_04570,Parsed Request Count,1.0
2669,cladder,Bentel rockers__qwen3.5-4b__Bentel_iter_3,full_v1.5_default,instance_04570,Violated Request Count,0.0
2670,cladder,Bentel rockers__qwen3.5-4b__Bentel_iter_3,full_v1.5_default,instance_04570,Request Success Ratio,1.0
2671,cladder,Bentel rockers__qwen3.5-4b__Bentel_iter_3,full_v1.5_default,instance_04570,Main Score,100.0
2672,cladder,Bentel rockers__qwen3.5-4b__Bentel_iter_3,full_v1.5_default,instance_08398,Aborted,0.0
2673,cladder,Bentel rockers__qwen3.5-4b__Bentel_iter_3,full_v1.5_default,instance_08398,Lose,1.0
2674,cladder,Bentel rockers__qwen3.5-4b__Bentel_iter_3,full_v1.5_default,instance_08398,Success,0.0
2675,cladder,Bentel rockers__qwen3.5-4b__Bentel_iter_3,full_v1.5_default,instance_08398,Request Count,1.0
2676,cladder,Bentel rockers__qwen3.5-4b__Bentel_iter_3,full_v1.5_default,instance_08398,Parsed Request Count,1.0
2677,cladder,Bentel rockers__qwen3.5-4b__Bentel_iter_3,full_v1.5_default,instance_08398,Violated Request Count,0.0
2678,cladder,Bentel rockers__qwen3.5-4b__Bentel_iter_3,full_v1.5_default,instance_08398,Request Success Ratio,1.0
2679,cladder,Bentel rockers__qwen3.5-4b__Bentel_iter_3,full_v1.5_default,instance_08398,Main Score,0.0
2680,cladder,Bentel rockers__qwen3.5-4b__Bentel_iter_3,full_v1.5_default,instance_06429,Aborted,0.0
2681,cladder,Bentel rockers__qwen3.5-4b__Bentel_iter_3,full_v1.5_default,instance_06429,Lose,1.0
2682,cladder,Bentel rockers__qwen3.5-4b__Bentel_iter_3,full_v1.5_default,instance_06429,Success,0.0
2683,cladder,Bentel rockers__qwen3.5-4b__Bentel_iter_3,full_v1.5_default,instance_06429,Request Count,1.0
2684,cladder,Bentel rockers__qwen3.5-4b__Bentel_iter_3,full_v1.5_default,instance_06429,Parsed Request Count,1.0
2685,cladder,Bentel rockers__qwen3.5-4b__Bentel_iter_3,full_v1.5_default,instance_06429,Violated Request Count,0.0
2686,cladder,Bentel rockers__qwen3.5-4b__Bentel_iter_3,full_v1.5_default,instance_06429,Request Success Ratio,1.0
2687,cladder,Bentel rockers__qwen3.5-4b__Bentel_iter_3,full_v1.5_default,instance_06429,Main Score,0.0
2688,cladder,Bentel rockers__qwen3.5-4b__Bentel_iter_3,full_v1.5_default,instance_03221,Aborted,0.0
2689,cladder,Bentel rockers__qwen3.5-4b__Bentel_iter_3,full_v1.5_default,instance_03221,Lose,1.0
2690,cladder,Bentel rockers__qwen3.5-4b__Bentel_iter_3,full_v1.5_default,instance_03221,Success,0.0
2691,cladder,Bentel rockers__qwen3.5-4b__Bentel_iter_3,full_v1.5_default,instance_03221,Request Count,1.0
2692,cladder,Bentel rockers__qwen3.5-4b__Bentel_iter_3,full_v1.5_default,instance_03221,Parsed Request Count,1.0
2693,cladder,Bentel rockers__qwen3.5-4b__Bentel_iter_3,full_v1.5_default,instance_03221,Violated Request Count,0.0
2694,cladder,Bentel rockers__qwen3.5-4b__Bentel_iter_3,full_v1.5_default,instance_03221,Request Success Ratio,1.0
2695,cladder,Bentel rockers__qwen3.5-4b__Bentel_iter_3,full_v1.5_default,instance_03221,Main Score,0.0
2696,cladder,Bentel rockers__qwen3.5-4b__Bentel_iter_3,full_v1.5_default,instance_07668,Aborted,0.0
2697,cladder,Bentel rockers__qwen3.5-4b__Bentel_iter_3,full_v1.5_default,instance_07668,Lose,1.0
2698,cladder,Bentel rockers__qwen3.5-4b__Bentel_iter_3,full_v1.5_default,instance_07668,Success,0.0
2699,cladder,Bentel rockers__qwen3.5-4b__Bentel_iter_3,full_v1.5_default,instance_07668,Request Count,1.0
2700,cladder,Bentel rockers__qwen3.5-4b__Bentel_iter_3,full_v1.5_default,instance_07668,Parsed Request Count,1.0
2701,cladder,Bentel rockers__qwen3.5-4b__Bentel_iter_3,full_v1.5_default,instance_07668,Violated Request Count,0.0
2702,cladder,Bentel rockers__qwen3.5-4b__Bentel_iter_3,full_v1.5_default,instance_07668,Request Success Ratio,1.0
2703,cladder,Bentel rockers__qwen3.5-4b__Bentel_iter_3,full_v1.5_default,instance_07668,Main Score,0.0
2704,cladder,Bentel rockers__qwen3.5-4b__Bentel_iter_3,full_v1.5_default,instance_02271,Aborted,0.0
2705,cladder,Bentel rockers__qwen3.5-4b__Bentel_iter_3,full_v1.5_default,instance_02271,Lose,0.0
2706,cladder,Bentel rockers__qwen3.5-4b__Bentel_iter_3,full_v1.5_default,instance_02271,Success,1.0
2707,cladder,Bentel rockers__qwen3.5-4b__Bentel_iter_3,full_v1.5_default,instance_02271,Request Count,1.0
2708,cladder,Bentel rockers__qwen3.5-4b__Bentel_iter_3,full_v1.5_default,instance_02271,Parsed Request Count,1.0
2709,cladder,Bentel rockers__qwen3.5-4b__Bentel_iter_3,full_v1.5_default,instance_02271,Violated Request Count,0.0
2710,cladder,Bentel rockers__qwen3.5-4b__Bentel_iter_3,full_v1.5_default,instance_02271,Request Success Ratio,1.0
2711,cladder,Bentel rockers__qwen3.5-4b__Bentel_iter_3,full_v1.5_default,instance_02271,Main Score,100.0
2712,cladder,Bentel rockers__qwen3.5-4b__Bentel_iter_3,full_v1.5_default,instance_00127,Aborted,0.0
2713,cladder,Bentel rockers__qwen3.5-4b__Bentel_iter_3,full_v1.5_default,instance_00127,Lose,0.0
2714,cladder,Bentel rockers__qwen3.5-4b__Bentel_iter_3,full_v1.5_default,instance_00127,Success,1.0
2715,cladder,Bentel rockers__qwen3.5-4b__Bentel_iter_3,full_v1.5_default,instance_00127,Request Count,1.0
2716,cladder,Bentel rockers__qwen3.5-4b__Bentel_iter_3,full_v1.5_default,instance_00127,Parsed Request Count,1.0
2717,cladder,Bentel rockers__qwen3.5-4b__Bentel_iter_3,full_v1.5_default,instance_00127,Violated Request Count,0.0
2718,cladder,Bentel rockers__qwen3.5-4b__Bentel_iter_3,full_v1.5_default,instance_00127,Request Success Ratio,1.0
2719,cladder,Bentel rockers__qwen3.5-4b__Bentel_iter_3,full_v1.5_default,instance_00127,Main Score,100.0
2720,cladder,Bentel rockers__qwen3.5-4b__Bentel_iter_3,full_v1.5_default,instance_09587,Aborted,0.0
2721,cladder,Bentel rockers__qwen3.5-4b__Bentel_iter_3,full_v1.5_default,instance_09587,Lose,0.0
2722,cladder,Bentel rockers__qwen3.5-4b__Bentel_iter_3,full_v1.5_default,instance_09587,Success,1.0
2723,cladder,Bentel rockers__qwen3.5-4b__Bentel_iter_3,full_v1.5_default,instance_09587,Request Count,1.0
2724,cladder,Bentel rockers__qwen3.5-4b__Bentel_iter_3,full_v1.5_default,instance_09587,Parsed Request Count,1.0
2725,cladder,Bentel rockers__qwen3.5-4b__Bentel_iter_3,full_v1.5_default,instance_09587,Violated Request Count,0.0
2726,cladder,Bentel rockers__qwen3.5-4b__Bentel_iter_3,full_v1.5_default,instance_09587,Request Success Ratio,1.0
2727,cladder,Bentel rockers__qwen3.5-4b__Bentel_iter_3,full_v1.5_default,instance_09587,Main Score,100.0
2728,cladder,Bentel rockers__qwen3.5-4b__Bentel_iter_3,full_v1.5_default,instance_01468,Aborted,0.0
2729,cladder,Bentel rockers__qwen3.5-4b__Bentel_iter_3,full_v1.5_default,instance_01468,Lose,0.0
2730,cladder,Bentel rockers__qwen3.5-4b__Bentel_iter_3,full_v1.5_default,instance_01468,Success,1.0
2731,cladder,Bentel rockers__qwen3.5-4b__Bentel_iter_3,full_v1.5_default,instance_01468,Request Count,1.0
2732,cladder,Bentel rockers__qwen3.5-4b__Bentel_iter_3,full_v1.5_default,instance_01468,Parsed Request Count,1.0
2733,cladder,Bentel rockers__qwen3.5-4b__Bentel_iter_3,full_v1.5_default,instance_01468,Violated Request Count,0.0
2734,cladder,Bentel rockers__qwen3.5-4b__Bentel_iter_3,full_v1.5_default,instance_01468,Request Success Ratio,1.0
2735,cladder,Bentel rockers__qwen3.5-4b__Bentel_iter_3,full_v1.5_default,instance_01468,Main Score,100.0
2736,cladder,Bentel rockers__qwen3.5-4b__Bentel_iter_3,full_v1.5_default,instance_08897,Aborted,0.0
2737,cladder,Bentel rockers__qwen3.5-4b__Bentel_iter_3,full_v1.5_default,instance_08897,Lose,0.0
2738,cladder,Bentel rockers__qwen3.5-4b__Bentel_iter_3,full_v1.5_default,instance_08897,Success,1.0
2739,cladder,Bentel rockers__qwen3.5-4b__Bentel_iter_3,full_v1.5_default,instance_08897,Request Count,1.0
2740,cladder,Bentel rockers__qwen3.5-4b__Bentel_iter_3,full_v1.5_default,instance_08897,Parsed Request Count,1.0
2741,cladder,Bentel rockers__qwen3.5-4b__Bentel_iter_3,full_v1.5_default,instance_08897,Violated Request Count,0.0
2742,cladder,Bentel rockers__qwen3.5-4b__Bentel_iter_3,full_v1.5_default,instance_08897,Request Success Ratio,1.0
2743,cladder,Bentel rockers__qwen3.5-4b__Bentel_iter_3,full_v1.5_default,instance_08897,Main Score,100.0
2744,cladder,Bentel rockers__qwen3.5-4b__Bentel_iter_3,full_v1.5_default,instance_09436,Aborted,0.0
2745,cladder,Bentel rockers__qwen3.5-4b__Bentel_iter_3,full_v1.5_default,instance_09436,Lose,1.0
2746,cladder,Bentel rockers__qwen3.5-4b__Bentel_iter_3,full_v1.5_default,instance_09436,Success,0.0
2747,cladder,Bentel rockers__qwen3.5-4b__Bentel_iter_3,full_v1.5_default,instance_09436,Request Count,1.0
2748,cladder,Bentel rockers__qwen3.5-4b__Bentel_iter_3,full_v1.5_default,instance_09436,Parsed Request Count,1.0
2749,cladder,Bentel rockers__qwen3.5-4b__Bentel_iter_3,full_v1.5_default,instance_09436,Violated Request Count,0.0
2750,cladder,Bentel rockers__qwen3.5-4b__Bentel_iter_3,full_v1.5_default,instance_09436,Request Success Ratio,1.0
2751,cladder,Bentel rockers__qwen3.5-4b__Bentel_iter_3,full_v1.5_default,instance_09436,Main Score,0.0
2752,cladder,Bentel rockers__qwen3.5-4b__Bentel_iter_3,full_v1.5_default,instance_03271,Aborted,0.0
2753,cladder,Bentel rockers__qwen3.5-4b__Bentel_iter_3,full_v1.5_default,instance_03271,Lose,1.0
2754,cladder,Bentel rockers__qwen3.5-4b__Bentel_iter_3,full_v1.5_default,instance_03271,Success,0.0
2755,cladder,Bentel rockers__qwen3.5-4b__Bentel_iter_3,full_v1.5_default,instance_03271,Request Count,1.0
2756,cladder,Bentel rockers__qwen3.5-4b__Bentel_iter_3,full_v1.5_default,instance_03271,Parsed Request Count,1.0
2757,cladder,Bentel rockers__qwen3.5-4b__Bentel_iter_3,full_v1.5_default,instance_03271,Violated Request Count,0.0
2758,cladder,Bentel rockers__qwen3.5-4b__Bentel_iter_3,full_v1.5_default,instance_03271,Request Success Ratio,1.0
2759,cladder,Bentel rockers__qwen3.5-4b__Bentel_iter_3,full_v1.5_default,instance_03271,Main Score,0.0
2760,cladder,Bentel rockers__qwen3.5-4b__Bentel_iter_3,full_v1.5_default,instance_08915,Aborted,0.0
2761,cladder,Bentel rockers__qwen3.5-4b__Bentel_iter_3,full_v1.5_default,instance_08915,Lose,1.0
2762,cladder,Bentel rockers__qwen3.5-4b__Bentel_iter_3,full_v1.5_default,instance_08915,Success,0.0
2763,cladder,Bentel rockers__qwen3.5-4b__Bentel_iter_3,full_v1.5_default,instance_08915,Request Count,1.0
2764,cladder,Bentel rockers__qwen3.5-4b__Bentel_iter_3,full_v1.5_default,instance_08915,Parsed Request Count,1.0
2765,cladder,Bentel rockers__qwen3.5-4b__Bentel_iter_3,full_v1.5_default,instance_08915,Violated Request Count,0.0
2766,cladder,Bentel rockers__qwen3.5-4b__Bentel_iter_3,full_v1.5_default,instance_08915,Request Success Ratio,1.0
2767,cladder,Bentel rockers__qwen3.5-4b__Bentel_iter_3,full_v1.5_default,instance_08915,Main Score,0.0
2768,cladder,Bentel rockers__qwen3.5-4b__Bentel_iter_3,full_v1.5_default,instance_04893,Aborted,0.0
2769,cladder,Bentel rockers__qwen3.5-4b__Bentel_iter_3,full_v1.5_default,instance_04893,Lose,1.0
2770,cladder,Bentel rockers__qwen3.5-4b__Bentel_iter_3,full_v1.5_default,instance_04893,Success,0.0
2771,cladder,Bentel rockers__qwen3.5-4b__Bentel_iter_3,full_v1.5_default,instance_04893,Request Count,1.0
2772,cladder,Bentel rockers__qwen3.5-4b__Bentel_iter_3,full_v1.5_default,instance_04893,Parsed Request Count,1.0
2773,cladder,Bentel rockers__qwen3.5-4b__Bentel_iter_3,full_v1.5_default,instance_04893,Violated Request Count,0.0
2774,cladder,Bentel rockers__qwen3.5-4b__Bentel_iter_3,full_v1.5_default,instance_04893,Request Success Ratio,1.0
2775,cladder,Bentel rockers__qwen3.5-4b__Bentel_iter_3,full_v1.5_default,instance_04893,Main Score,0.0
2776,cladder,Bentel rockers__qwen3.5-4b__Bentel_iter_3,full_v1.5_default,instance_03134,Aborted,0.0
2777,cladder,Bentel rockers__qwen3.5-4b__Bentel_iter_3,full_v1.5_default,instance_03134,Lose,0.0
2778,cladder,Bentel rockers__qwen3.5-4b__Bentel_iter_3,full_v1.5_default,instance_03134,Success,1.0
2779,cladder,Bentel rockers__qwen3.5-4b__Bentel_iter_3,full_v1.5_default,instance_03134,Request Count,1.0
2780,cladder,Bentel rockers__qwen3.5-4b__Bentel_iter_3,full_v1.5_default,instance_03134,Parsed Request Count,1.0
2781,cladder,Bentel rockers__qwen3.5-4b__Bentel_iter_3,full_v1.5_default,instance_03134,Violated Request Count,0.0
2782,cladder,Bentel rockers__qwen3.5-4b__Bentel_iter_3,full_v1.5_default,instance_03134,Request Success Ratio,1.0
2783,cladder,Bentel rockers__qwen3.5-4b__Bentel_iter_3,full_v1.5_default,instance_03134,Main Score,100.0
2784,cladder,Bentel rockers__qwen3.5-4b__Bentel_iter_3,full_v1.5_default,instance_00403,Aborted,0.0
2785,cladder,Bentel rockers__qwen3.5-4b__Bentel_iter_3,full_v1.5_default,instance_00403,Lose,0.0
2786,cladder,Bentel rockers__qwen3.5-4b__Bentel_iter_3,full_v1.5_default,instance_00403,Success,1.0
2787,cladder,Bentel rockers__qwen3.5-4b__Bentel_iter_3,full_v1.5_default,instance_00403,Request Count,1.0
2788,cladder,Bentel rockers__qwen3.5-4b__Bentel_iter_3,full_v1.5_default,instance_00403,Parsed Request Count,1.0
2789,cladder,Bentel rockers__qwen3.5-4b__Bentel_iter_3,full_v1.5_default,instance_00403,Violated Request Count,0.0
2790,cladder,Bentel rockers__qwen3.5-4b__Bentel_iter_3,full_v1.5_default,instance_00403,Request Success Ratio,1.0
2791,cladder,Bentel rockers__qwen3.5-4b__Bentel_iter_3,full_v1.5_default,instance_00403,Main Score,100.0
2792,cladder,Bentel rockers__qwen3.5-4b__Bentel_iter_3,full_v1.5_default,instance_00855,Aborted,0.0
2793,cladder,Bentel rockers__qwen3.5-4b__Bentel_iter_3,full_v1.5_default,instance_00855,Lose,1.0
2794,cladder,Bentel rockers__qwen3.5-4b__Bentel_iter_3,full_v1.5_default,instance_00855,Success,0.0
2795,cladder,Bentel rockers__qwen3.5-4b__Bentel_iter_3,full_v1.5_default,instance_00855,Request Count,1.0
2796,cladder,Bentel rockers__qwen3.5-4b__Bentel_iter_3,full_v1.5_default,instance_00855,Parsed Request Count,1.0
2797,cladder,Bentel rockers__qwen3.5-4b__Bentel_iter_3,full_v1.5_default,instance_00855,Violated Request Count,0.0
2798,cladder,Bentel rockers__qwen3.5-4b__Bentel_iter_3,full_v1.5_default,instance_00855,Request Success Ratio,1.0
2799,cladder,Bentel rockers__qwen3.5-4b__Bentel_iter_3,full_v1.5_default,instance_00855,Main Score,0.0
2800,cladder,Bentel rockers__qwen3.5-4b__Bentel_iter_3,full_v1.5_default,instance_04979,Aborted,0.0
2801,cladder,Bentel rockers__qwen3.5-4b__Bentel_iter_3,full_v1.5_default,instance_04979,Lose,0.0
2802,cladder,Bentel rockers__qwen3.5-4b__Bentel_iter_3,full_v1.5_default,instance_04979,Success,1.0
2803,cladder,Bentel rockers__qwen3.5-4b__Bentel_iter_3,full_v1.5_default,instance_04979,Request Count,1.0
2804,cladder,Bentel rockers__qwen3.5-4b__Bentel_iter_3,full_v1.5_default,instance_04979,Parsed Request Count,1.0
2805,cladder,Bentel rockers__qwen3.5-4b__Bentel_iter_3,full_v1.5_default,instance_04979,Violated Request Count,0.0
2806,cladder,Bentel rockers__qwen3.5-4b__Bentel_iter_3,full_v1.5_default,instance_04979,Request Success Ratio,1.0
2807,cladder,Bentel rockers__qwen3.5-4b__Bentel_iter_3,full_v1.5_default,instance_04979,Main Score,100.0
2808,cladder,Bentel rockers__qwen3.5-4b__Bentel_iter_3,full_v1.5_default,instance_00108,Aborted,0.0
2809,cladder,Bentel rockers__qwen3.5-4b__Bentel_iter_3,full_v1.5_default,instance_00108,Lose,1.0
2810,cladder,Bentel rockers__qwen3.5-4b__Bentel_iter_3,full_v1.5_default,instance_00108,Success,0.0
2811,cladder,Bentel rockers__qwen3.5-4b__Bentel_iter_3,full_v1.5_default,instance_00108,Request Count,1.0
2812,cladder,Bentel rockers__qwen3.5-4b__Bentel_iter_3,full_v1.5_default,instance_00108,Parsed Request Count,1.0
2813,cladder,Bentel rockers__qwen3.5-4b__Bentel_iter_3,full_v1.5_default,instance_00108,Violated Request Count,0.0
2814,cladder,Bentel rockers__qwen3.5-4b__Bentel_iter_3,full_v1.5_default,instance_00108,Request Success Ratio,1.0
2815,cladder,Bentel rockers__qwen3.5-4b__Bentel_iter_3,full_v1.5_default,instance_00108,Main Score,0.0
2816,cladder,Bentel rockers__qwen3.5-4b__Bentel_iter_3,full_v1.5_default,instance_06687,Aborted,0.0
2817,cladder,Bentel rockers__qwen3.5-4b__Bentel_iter_3,full_v1.5_default,instance_06687,Lose,0.0
2818,cladder,Bentel rockers__qwen3.5-4b__Bentel_iter_3,full_v1.5_default,instance_06687,Success,1.0
2819,cladder,Bentel rockers__qwen3.5-4b__Bentel_iter_3,full_v1.5_default,instance_06687,Request Count,1.0
2820,cladder,Bentel rockers__qwen3.5-4b__Bentel_iter_3,full_v1.5_default,instance_06687,Parsed Request Count,1.0
2821,cladder,Bentel rockers__qwen3.5-4b__Bentel_iter_3,full_v1.5_default,instance_06687,Violated Request Count,0.0
2822,cladder,Bentel rockers__qwen3.5-4b__Bentel_iter_3,full_v1.5_default,instance_06687,Request Success Ratio,1.0
2823,cladder,Bentel rockers__qwen3.5-4b__Bentel_iter_3,full_v1.5_default,instance_06687,Main Score,100.0
2824,cladder,Bentel rockers__qwen3.5-4b__Bentel_iter_3,full_v1.5_default,instance_05585,Aborted,0.0
2825,cladder,Bentel rockers__qwen3.5-4b__Bentel_iter_3,full_v1.5_default,instance_05585,Lose,1.0
2826,cladder,Bentel rockers__qwen3.5-4b__Bentel_iter_3,full_v1.5_default,instance_05585,Success,0.0
2827,cladder,Bentel rockers__qwen3.5-4b__Bentel_iter_3,full_v1.5_default,instance_05585,Request Count,1.0
2828,cladder,Bentel rockers__qwen3.5-4b__Bentel_iter_3,full_v1.5_default,instance_05585,Parsed Request Count,1.0
2829,cladder,Bentel rockers__qwen3.5-4b__Bentel_iter_3,full_v1.5_default,instance_05585,Violated Request Count,0.0
2830,cladder,Bentel rockers__qwen3.5-4b__Bentel_iter_3,full_v1.5_default,instance_05585,Request Success Ratio,1.0
2831,cladder,Bentel rockers__qwen3.5-4b__Bentel_iter_3,full_v1.5_default,instance_05585,Main Score,0.0
2832,cladder,Bentel rockers__qwen3.5-4b__Bentel_iter_3,full_v1.5_default,instance_07000,Aborted,0.0
2833,cladder,Bentel rockers__qwen3.5-4b__Bentel_iter_3,full_v1.5_default,instance_07000,Lose,1.0
2834,cladder,Bentel rockers__qwen3.5-4b__Bentel_iter_3,full_v1.5_default,instance_07000,Success,0.0
2835,cladder,Bentel rockers__qwen3.5-4b__Bentel_iter_3,full_v1.5_default,instance_07000,Request Count,1.0
2836,cladder,Bentel rockers__qwen3.5-4b__Bentel_iter_3,full_v1.5_default,instance_07000,Parsed Request Count,1.0
2837,cladder,Bentel rockers__qwen3.5-4b__Bentel_iter_3,full_v1.5_default,instance_07000,Violated Request Count,0.0
2838,cladder,Bentel rockers__qwen3.5-4b__Bentel_iter_3,full_v1.5_default,instance_07000,Request Success Ratio,1.0
2839,cladder,Bentel rockers__qwen3.5-4b__Bentel_iter_3,full_v1.5_default,instance_07000,Main Score,0.0
2840,cladder,Bentel rockers__qwen3.5-4b__Bentel_iter_3,full_v1.5_default,instance_05055,Aborted,0.0
2841,cladder,Bentel rockers__qwen3.5-4b__Bentel_iter_3,full_v1.5_default,instance_05055,Lose,1.0
2842,cladder,Bentel rockers__qwen3.5-4b__Bentel_iter_3,full_v1.5_default,instance_05055,Success,0.0
2843,cladder,Bentel rockers__qwen3.5-4b__Bentel_iter_3,full_v1.5_default,instance_05055,Request Count,1.0
2844,cladder,Bentel rockers__qwen3.5-4b__Bentel_iter_3,full_v1.5_default,instance_05055,Parsed Request Count,1.0
2845,cladder,Bentel rockers__qwen3.5-4b__Bentel_iter_3,full_v1.5_default,instance_05055,Violated Request Count,0.0
2846,cladder,Bentel rockers__qwen3.5-4b__Bentel_iter_3,full_v1.5_default,instance_05055,Request Success Ratio,1.0
2847,cladder,Bentel rockers__qwen3.5-4b__Bentel_iter_3,full_v1.5_default,instance_05055,Main Score,0.0
2848,cladder,Bentel rockers__qwen3.5-4b__Bentel_iter_3,full_v1.5_default,instance_04700,Aborted,0.0
2849,cladder,Bentel rockers__qwen3.5-4b__Bentel_iter_3,full_v1.5_default,instance_04700,Lose,0.0
2850,cladder,Bentel rockers__qwen3.5-4b__Bentel_iter_3,full_v1.5_default,instance_04700,Success,1.0
2851,cladder,Bentel rockers__qwen3.5-4b__Bentel_iter_3,full_v1.5_default,instance_04700,Request Count,1.0
2852,cladder,Bentel rockers__qwen3.5-4b__Bentel_iter_3,full_v1.5_default,instance_04700,Parsed Request Count,1.0
2853,cladder,Bentel rockers__qwen3.5-4b__Bentel_iter_3,full_v1.5_default,instance_04700,Violated Request Count,0.0
2854,cladder,Bentel rockers__qwen3.5-4b__Bentel_iter_3,full_v1.5_default,instance_04700,Request Success Ratio,1.0
2855,cladder,Bentel rockers__qwen3.5-4b__Bentel_iter_3,full_v1.5_default,instance_04700,Main Score,100.0
2856,cladder,Bentel rockers__qwen3.5-4b__Bentel_iter_3,full_v1.5_default,instance_09607,Aborted,0.0
2857,cladder,Bentel rockers__qwen3.5-4b__Bentel_iter_3,full_v1.5_default,instance_09607,Lose,0.0
2858,cladder,Bentel rockers__qwen3.5-4b__Bentel_iter_3,full_v1.5_default,instance_09607,Success,1.0
2859,cladder,Bentel rockers__qwen3.5-4b__Bentel_iter_3,full_v1.5_default,instance_09607,Request Count,1.0
2860,cladder,Bentel rockers__qwen3.5-4b__Bentel_iter_3,full_v1.5_default,instance_09607,Parsed Request Count,1.0
2861,cladder,Bentel rockers__qwen3.5-4b__Bentel_iter_3,full_v1.5_default,instance_09607,Violated Request Count,0.0
2862,cladder,Bentel rockers__qwen3.5-4b__Bentel_iter_3,full_v1.5_default,instance_09607,Request Success Ratio,1.0
2863,cladder,Bentel rockers__qwen3.5-4b__Bentel_iter_3,full_v1.5_default,instance_09607,Main Score,100.0
2864,cladder,Bentel rockers__qwen3.5-4b__Bentel_iter_3,full_v1.5_default,instance_03375,Aborted,0.0
2865,cladder,Bentel rockers__qwen3.5-4b__Bentel_iter_3,full_v1.5_default,instance_03375,Lose,1.0
2866,cladder,Bentel rockers__qwen3.5-4b__Bentel_iter_3,full_v1.5_default,instance_03375,Success,0.0
2867,cladder,Bentel rockers__qwen3.5-4b__Bentel_iter_3,full_v1.5_default,instance_03375,Request Count,1.0
2868,cladder,Bentel rockers__qwen3.5-4b__Bentel_iter_3,full_v1.5_default,instance_03375,Parsed Request Count,1.0
2869,cladder,Bentel rockers__qwen3.5-4b__Bentel_iter_3,full_v1.5_default,instance_03375,Violated Request Count,0.0
2870,cladder,Bentel rockers__qwen3.5-4b__Bentel_iter_3,full_v1.5_default,instance_03375,Request Success Ratio,1.0
2871,cladder,Bentel rockers__qwen3.5-4b__Bentel_iter_3,full_v1.5_default,instance_03375,Main Score,0.0
2872,cladder,Bentel rockers__qwen3.5-4b__Bentel_iter_3,full_v1.5_default,instance_08207,Aborted,0.0
2873,cladder,Bentel rockers__qwen3.5-4b__Bentel_iter_3,full_v1.5_default,instance_08207,Lose,1.0
2874,cladder,Bentel rockers__qwen3.5-4b__Bentel_iter_3,full_v1.5_default,instance_08207,Success,0.0
2875,cladder,Bentel rockers__qwen3.5-4b__Bentel_iter_3,full_v1.5_default,instance_08207,Request Count,1.0
2876,cladder,Bentel rockers__qwen3.5-4b__Bentel_iter_3,full_v1.5_default,instance_08207,Parsed Request Count,1.0
2877,cladder,Bentel rockers__qwen3.5-4b__Bentel_iter_3,full_v1.5_default,instance_08207,Violated Request Count,0.0
2878,cladder,Bentel rockers__qwen3.5-4b__Bentel_iter_3,full_v1.5_default,instance_08207,Request Success Ratio,1.0
2879,cladder,Bentel rockers__qwen3.5-4b__Bentel_iter_3,full_v1.5_default,instance_08207,Main Score,0.0
2880,cladder,Bentel rockers__qwen3.5-4b__Bentel_iter_3,full_v1.5_default,instance_07073,Aborted,0.0
2881,cladder,Bentel rockers__qwen3.5-4b__Bentel_iter_3,full_v1.5_default,instance_07073,Lose,1.0
2882,cladder,Bentel rockers__qwen3.5-4b__Bentel_iter_3,full_v1.5_default,instance_07073,Success,0.0
2883,cladder,Bentel rockers__qwen3.5-4b__Bentel_iter_3,full_v1.5_default,instance_07073,Request Count,1.0
2884,cladder,Bentel rockers__qwen3.5-4b__Bentel_iter_3,full_v1.5_default,instance_07073,Parsed Request Count,1.0
2885,cladder,Bentel rockers__qwen3.5-4b__Bentel_iter_3,full_v1.5_default,instance_07073,Violated Request Count,0.0
2886,cladder,Bentel rockers__qwen3.5-4b__Bentel_iter_3,full_v1.5_default,instance_07073,Request Success Ratio,1.0
2887,cladder,Bentel rockers__qwen3.5-4b__Bentel_iter_3,full_v1.5_default,instance_07073,Main Score,0.0
2888,cladder,Bentel rockers__qwen3.5-4b__Bentel_iter_3,full_v1.5_default,instance_00708,Aborted,0.0
2889,cladder,Bentel rockers__qwen3.5-4b__Bentel_iter_3,full_v1.5_default,instance_00708,Lose,1.0
2890,cladder,Bentel rockers__qwen3.5-4b__Bentel_iter_3,full_v1.5_default,instance_00708,Success,0.0
2891,cladder,Bentel rockers__qwen3.5-4b__Bentel_iter_3,full_v1.5_default,instance_00708,Request Count,1.0
2892,cladder,Bentel rockers__qwen3.5-4b__Bentel_iter_3,full_v1.5_default,instance_00708,Parsed Request Count,1.0
2893,cladder,Bentel rockers__qwen3.5-4b__Bentel_iter_3,full_v1.5_default,instance_00708,Violated Request Count,0.0
2894,cladder,Bentel rockers__qwen3.5-4b__Bentel_iter_3,full_v1.5_default,instance_00708,Request Success Ratio,1.0
2895,cladder,Bentel rockers__qwen3.5-4b__Bentel_iter_3,full_v1.5_default,instance_00708,Main Score,0.0
2896,cladder,Bentel rockers__qwen3.5-4b__Bentel_iter_3,full_v1.5_default,instance_05343,Aborted,0.0
2897,cladder,Bentel rockers__qwen3.5-4b__Bentel_iter_3,full_v1.5_default,instance_05343,Lose,0.0
2898,cladder,Bentel rockers__qwen3.5-4b__Bentel_iter_3,full_v1.5_default,instance_05343,Success,1.0
2899,cladder,Bentel rockers__qwen3.5-4b__Bentel_iter_3,full_v1.5_default,instance_05343,Request Count,1.0
2900,cladder,Bentel rockers__qwen3.5-4b__Bentel_iter_3,full_v1.5_default,instance_05343,Parsed Request Count,1.0
2901,cladder,Bentel rockers__qwen3.5-4b__Bentel_iter_3,full_v1.5_default,instance_05343,Violated Request Count,0.0
2902,cladder,Bentel rockers__qwen3.5-4b__Bentel_iter_3,full_v1.5_default,instance_05343,Request Success Ratio,1.0
2903,cladder,Bentel rockers__qwen3.5-4b__Bentel_iter_3,full_v1.5_default,instance_05343,Main Score,100.0
2904,cladder,Bentel rockers__qwen3.5-4b__Bentel_iter_3,full_v1.5_default,instance_04068,Aborted,0.0
2905,cladder,Bentel rockers__qwen3.5-4b__Bentel_iter_3,full_v1.5_default,instance_04068,Lose,0.0
2906,cladder,Bentel rockers__qwen3.5-4b__Bentel_iter_3,full_v1.5_default,instance_04068,Success,1.0
2907,cladder,Bentel rockers__qwen3.5-4b__Bentel_iter_3,full_v1.5_default,instance_04068,Request Count,1.0
2908,cladder,Bentel rockers__qwen3.5-4b__Bentel_iter_3,full_v1.5_default,instance_04068,Parsed Request Count,1.0
2909,cladder,Bentel rockers__qwen3.5-4b__Bentel_iter_3,full_v1.5_default,instance_04068,Violated Request Count,0.0
2910,cladder,Bentel rockers__qwen3.5-4b__Bentel_iter_3,full_v1.5_default,instance_04068,Request Success Ratio,1.0
2911,cladder,Bentel rockers__qwen3.5-4b__Bentel_iter_3,full_v1.5_default,instance_04068,Main Score,100.0
2912,cladder,Bentel rockers__qwen3.5-4b__Bentel_iter_3,full_v1.5_default,instance_00420,Aborted,0.0
2913,cladder,Bentel rockers__qwen3.5-4b__Bentel_iter_3,full_v1.5_default,instance_00420,Lose,1.0
2914,cladder,Bentel rockers__qwen3.5-4b__Bentel_iter_3,full_v1.5_default,instance_00420,Success,0.0
2915,cladder,Bentel rockers__qwen3.5-4b__Bentel_iter_3,full_v1.5_default,instance_00420,Request Count,1.0
2916,cladder,Bentel rockers__qwen3.5-4b__Bentel_iter_3,full_v1.5_default,instance_00420,Parsed Request Count,1.0
2917,cladder,Bentel rockers__qwen3.5-4b__Bentel_iter_3,full_v1.5_default,instance_00420,Violated Request Count,0.0
2918,cladder,Bentel rockers__qwen3.5-4b__Bentel_iter_3,full_v1.5_default,instance_00420,Request Success Ratio,1.0
2919,cladder,Bentel rockers__qwen3.5-4b__Bentel_iter_3,full_v1.5_default,instance_00420,Main Score,0.0
2920,cladder,Bentel rockers__qwen3.5-4b__Bentel_iter_3,full_v1.5_default,instance_04050,Aborted,0.0
2921,cladder,Bentel rockers__qwen3.5-4b__Bentel_iter_3,full_v1.5_default,instance_04050,Lose,1.0
2922,cladder,Bentel rockers__qwen3.5-4b__Bentel_iter_3,full_v1.5_default,instance_04050,Success,0.0
2923,cladder,Bentel rockers__qwen3.5-4b__Bentel_iter_3,full_v1.5_default,instance_04050,Request Count,1.0
2924,cladder,Bentel rockers__qwen3.5-4b__Bentel_iter_3,full_v1.5_default,instance_04050,Parsed Request Count,1.0
2925,cladder,Bentel rockers__qwen3.5-4b__Bentel_iter_3,full_v1.5_default,instance_04050,Violated Request Count,0.0
2926,cladder,Bentel rockers__qwen3.5-4b__Bentel_iter_3,full_v1.5_default,instance_04050,Request Success Ratio,1.0
2927,cladder,Bentel rockers__qwen3.5-4b__Bentel_iter_3,full_v1.5_default,instance_04050,Main Score,0.0
2928,cladder,Bentel rockers__qwen3.5-4b__Bentel_iter_3,full_v1.5_default,instance_09887,Aborted,0.0
2929,cladder,Bentel rockers__qwen3.5-4b__Bentel_iter_3,full_v1.5_default,instance_09887,Lose,0.0
2930,cladder,Bentel rockers__qwen3.5-4b__Bentel_iter_3,full_v1.5_default,instance_09887,Success,1.0
2931,cladder,Bentel rockers__qwen3.5-4b__Bentel_iter_3,full_v1.5_default,instance_09887,Request Count,1.0
2932,cladder,Bentel rockers__qwen3.5-4b__Bentel_iter_3,full_v1.5_default,instance_09887,Parsed Request Count,1.0
2933,cladder,Bentel rockers__qwen3.5-4b__Bentel_iter_3,full_v1.5_default,instance_09887,Violated Request Count,0.0
2934,cladder,Bentel rockers__qwen3.5-4b__Bentel_iter_3,full_v1.5_default,instance_09887,Request Success Ratio,1.0
2935,cladder,Bentel rockers__qwen3.5-4b__Bentel_iter_3,full_v1.5_default,instance_09887,Main Score,100.0
2936,cladder,Bentel rockers__qwen3.5-4b__Bentel_iter_3,full_v1.5_default,instance_04490,Aborted,0.0
2937,cladder,Bentel rockers__qwen3.5-4b__Bentel_iter_3,full_v1.5_default,instance_04490,Lose,1.0
2938,cladder,Bentel rockers__qwen3.5-4b__Bentel_iter_3,full_v1.5_default,instance_04490,Success,0.0
2939,cladder,Bentel rockers__qwen3.5-4b__Bentel_iter_3,full_v1.5_default,instance_04490,Request Count,1.0
2940,cladder,Bentel rockers__qwen3.5-4b__Bentel_iter_3,full_v1.5_default,instance_04490,Parsed Request Count,1.0
2941,cladder,Bentel rockers__qwen3.5-4b__Bentel_iter_3,full_v1.5_default,instance_04490,Violated Request Count,0.0
2942,cladder,Bentel rockers__qwen3.5-4b__Bentel_iter_3,full_v1.5_default,instance_04490,Request Success Ratio,1.0
2943,cladder,Bentel rockers__qwen3.5-4b__Bentel_iter_3,full_v1.5_default,instance_04490,Main Score,0.0
2944,cladder,Bentel rockers__qwen3.5-4b__Bentel_iter_3,full_v1.5_default,instance_09786,Aborted,0.0
2945,cladder,Bentel rockers__qwen3.5-4b__Bentel_iter_3,full_v1.5_default,instance_09786,Lose,1.0
2946,cladder,Bentel rockers__qwen3.5-4b__Bentel_iter_3,full_v1.5_default,instance_09786,Success,0.0
2947,cladder,Bentel rockers__qwen3.5-4b__Bentel_iter_3,full_v1.5_default,instance_09786,Request Count,1.0
2948,cladder,Bentel rockers__qwen3.5-4b__Bentel_iter_3,full_v1.5_default,instance_09786,Parsed Request Count,1.0
2949,cladder,Bentel rockers__qwen3.5-4b__Bentel_iter_3,full_v1.5_default,instance_09786,Violated Request Count,0.0
2950,cladder,Bentel rockers__qwen3.5-4b__Bentel_iter_3,full_v1.5_default,instance_09786,Request Success Ratio,1.0
2951,cladder,Bentel rockers__qwen3.5-4b__Bentel_iter_3,full_v1.5_default,instance_09786,Main Score,0.0
2952,cladder,Bentel rockers__qwen3.5-4b__Bentel_iter_3,full_v1.5_default,instance_03701,Aborted,0.0
2953,cladder,Bentel rockers__qwen3.5-4b__Bentel_iter_3,full_v1.5_default,instance_03701,Lose,1.0
2954,cladder,Bentel rockers__qwen3.5-4b__Bentel_iter_3,full_v1.5_default,instance_03701,Success,0.0
2955,cladder,Bentel rockers__qwen3.5-4b__Bentel_iter_3,full_v1.5_default,instance_03701,Request Count,1.0
2956,cladder,Bentel rockers__qwen3.5-4b__Bentel_iter_3,full_v1.5_default,instance_03701,Parsed Request Count,1.0
2957,cladder,Bentel rockers__qwen3.5-4b__Bentel_iter_3,full_v1.5_default,instance_03701,Violated Request Count,0.0
2958,cladder,Bentel rockers__qwen3.5-4b__Bentel_iter_3,full_v1.5_default,instance_03701,Request Success Ratio,1.0
2959,cladder,Bentel rockers__qwen3.5-4b__Bentel_iter_3,full_v1.5_default,instance_03701,Main Score,0.0
2960,cladder,Bentel rockers__qwen3.5-4b__Bentel_iter_3,full_v1.5_default,instance_04345,Aborted,0.0
2961,cladder,Bentel rockers__qwen3.5-4b__Bentel_iter_3,full_v1.5_default,instance_04345,Lose,1.0
2962,cladder,Bentel rockers__qwen3.5-4b__Bentel_iter_3,full_v1.5_default,instance_04345,Success,0.0
2963,cladder,Bentel rockers__qwen3.5-4b__Bentel_iter_3,full_v1.5_default,instance_04345,Request Count,1.0
2964,cladder,Bentel rockers__qwen3.5-4b__Bentel_iter_3,full_v1.5_default,instance_04345,Parsed Request Count,1.0
2965,cladder,Bentel rockers__qwen3.5-4b__Bentel_iter_3,full_v1.5_default,instance_04345,Violated Request Count,0.0
2966,cladder,Bentel rockers__qwen3.5-4b__Bentel_iter_3,full_v1.5_default,instance_04345,Request Success Ratio,1.0
2967,cladder,Bentel rockers__qwen3.5-4b__Bentel_iter_3,full_v1.5_default,instance_04345,Main Score,0.0
2968,cladder,Bentel rockers__qwen3.5-4b__Bentel_iter_3,full_v1.5_default,instance_01529,Aborted,0.0
2969,cladder,Bentel rockers__qwen3.5-4b__Bentel_iter_3,full_v1.5_default,instance_01529,Lose,0.0
2970,cladder,Bentel rockers__qwen3.5-4b__Bentel_iter_3,full_v1.5_default,instance_01529,Success,1.0
2971,cladder,Bentel rockers__qwen3.5-4b__Bentel_iter_3,full_v1.5_default,instance_01529,Request Count,1.0
2972,cladder,Bentel rockers__qwen3.5-4b__Bentel_iter_3,full_v1.5_default,instance_01529,Parsed Request Count,1.0
2973,cladder,Bentel rockers__qwen3.5-4b__Bentel_iter_3,full_v1.5_default,instance_01529,Violated Request Count,0.0
2974,cladder,Bentel rockers__qwen3.5-4b__Bentel_iter_3,full_v1.5_default,instance_01529,Request Success Ratio,1.0
2975,cladder,Bentel rockers__qwen3.5-4b__Bentel_iter_3,full_v1.5_default,instance_01529,Main Score,100.0
2976,cladder,Bentel rockers__qwen3.5-4b__Bentel_iter_3,full_v1.5_default,instance_02679,Aborted,0.0
2977,cladder,Bentel rockers__qwen3.5-4b__Bentel_iter_3,full_v1.5_default,instance_02679,Lose,1.0
2978,cladder,Bentel rockers__qwen3.5-4b__Bentel_iter_3,full_v1.5_default,instance_02679,Success,0.0
2979,cladder,Bentel rockers__qwen3.5-4b__Bentel_iter_3,full_v1.5_default,instance_02679,Request Count,1.0
2980,cladder,Bentel rockers__qwen3.5-4b__Bentel_iter_3,full_v1.5_default,instance_02679,Parsed Request Count,1.0
2981,cladder,Bentel rockers__qwen3.5-4b__Bentel_iter_3,full_v1.5_default,instance_02679,Violated Request Count,0.0
2982,cladder,Bentel rockers__qwen3.5-4b__Bentel_iter_3,full_v1.5_default,instance_02679,Request Success Ratio,1.0
2983,cladder,Bentel rockers__qwen3.5-4b__Bentel_iter_3,full_v1.5_default,instance_02679,Main Score,0.0
2984,cladder,Bentel rockers__qwen3.5-4b__Bentel_iter_3,full_v1.5_default,instance_07911,Aborted,0.0
2985,cladder,Bentel rockers__qwen3.5-4b__Bentel_iter_3,full_v1.5_default,instance_07911,Lose,1.0
2986,cladder,Bentel rockers__qwen3.5-4b__Bentel_iter_3,full_v1.5_default,instance_07911,Success,0.0
2987,cladder,Bentel rockers__qwen3.5-4b__Bentel_iter_3,full_v1.5_default,instance_07911,Request Count,1.0
2988,cladder,Bentel rockers__qwen3.5-4b__Bentel_iter_3,full_v1.5_default,instance_07911,Parsed Request Count,1.0
2989,cladder,Bentel rockers__qwen3.5-4b__Bentel_iter_3,full_v1.5_default,instance_07911,Violated Request Count,0.0
2990,cladder,Bentel rockers__qwen3.5-4b__Bentel_iter_3,full_v1.5_default,instance_07911,Request Success Ratio,1.0
2991,cladder,Bentel rockers__qwen3.5-4b__Bentel_iter_3,full_v1.5_default,instance_07911,Main Score,0.0
2992,cladder,Bentel rockers__qwen3.5-4b__Bentel_iter_3,full_v1.5_default,instance_01649,Aborted,0.0
2993,cladder,Bentel rockers__qwen3.5-4b__Bentel_iter_3,full_v1.5_default,instance_01649,Lose,0.0
2994,cladder,Bentel rockers__qwen3.5-4b__Bentel_iter_3,full_v1.5_default,instance_01649,Success,1.0
2995,cladder,Bentel rockers__qwen3.5-4b__Bentel_iter_3,full_v1.5_default,instance_01649,Request Count,1.0
2996,cladder,Bentel rockers__qwen3.5-4b__Bentel_iter_3,full_v1.5_default,instance_01649,Parsed Request Count,1.0
2997,cladder,Bentel rockers__qwen3.5-4b__Bentel_iter_3,full_v1.5_default,instance_01649,Violated Request Count,0.0
2998,cladder,Bentel rockers__qwen3.5-4b__Bentel_iter_3,full_v1.5_default,instance_01649,Request Success Ratio,1.0
2999,cladder,Bentel rockers__qwen3.5-4b__Bentel_iter_3,full_v1.5_default,instance_01649,Main Score,100.0
3000,cladder,Bentel rockers__qwen3.5-4b__Bentel_iter_3,full_v1.5_default,instance_01988,Aborted,0.0
3001,cladder,Bentel rockers__qwen3.5-4b__Bentel_iter_3,full_v1.5_default,instance_01988,Lose,1.0
3002,cladder,Bentel rockers__qwen3.5-4b__Bentel_iter_3,full_v1.5_default,instance_01988,Success,0.0
3003,cladder,Bentel rockers__qwen3.5-4b__Bentel_iter_3,full_v1.5_default,instance_01988,Request Count,1.0
3004,cladder,Bentel rockers__qwen3.5-4b__Bentel_iter_3,full_v1.5_default,instance_01988,Parsed Request Count,1.0
3005,cladder,Bentel rockers__qwen3.5-4b__Bentel_iter_3,full_v1.5_default,instance_01988,Violated Request Count,0.0
3006,cladder,Bentel rockers__qwen3.5-4b__Bentel_iter_3,full_v1.5_default,instance_01988,Request Success Ratio,1.0
3007,cladder,Bentel rockers__qwen3.5-4b__Bentel_iter_3,full_v1.5_default,instance_01988,Main Score,0.0
3008,cladder,Bentel rockers__qwen3.5-4b__Bentel_iter_3,full_v1.5_default,instance_03821,Aborted,0.0
3009,cladder,Bentel rockers__qwen3.5-4b__Bentel_iter_3,full_v1.5_default,instance_03821,Lose,1.0
3010,cladder,Bentel rockers__qwen3.5-4b__Bentel_iter_3,full_v1.5_default,instance_03821,Success,0.0
3011,cladder,Bentel rockers__qwen3.5-4b__Bentel_iter_3,full_v1.5_default,instance_03821,Request Count,1.0
3012,cladder,Bentel rockers__qwen3.5-4b__Bentel_iter_3,full_v1.5_default,instance_03821,Parsed Request Count,1.0
3013,cladder,Bentel rockers__qwen3.5-4b__Bentel_iter_3,full_v1.5_default,instance_03821,Violated Request Count,0.0
3014,cladder,Bentel rockers__qwen3.5-4b__Bentel_iter_3,full_v1.5_default,instance_03821,Request Success Ratio,1.0
3015,cladder,Bentel rockers__qwen3.5-4b__Bentel_iter_3,full_v1.5_default,instance_03821,Main Score,0.0
3016,cladder,Bentel rockers__qwen3.5-4b__Bentel_iter_3,full_v1.5_default,instance_07754,Aborted,0.0
3017,cladder,Bentel rockers__qwen3.5-4b__Bentel_iter_3,full_v1.5_default,instance_07754,Lose,1.0
3018,cladder,Bentel rockers__qwen3.5-4b__Bentel_iter_3,full_v1.5_default,instance_07754,Success,0.0
3019,cladder,Bentel rockers__qwen3.5-4b__Bentel_iter_3,full_v1.5_default,instance_07754,Request Count,1.0
3020,cladder,Bentel rockers__qwen3.5-4b__Bentel_iter_3,full_v1.5_default,instance_07754,Parsed Request Count,1.0
3021,cladder,Bentel rockers__qwen3.5-4b__Bentel_iter_3,full_v1.5_default,instance_07754,Violated Request Count,0.0
3022,cladder,Bentel rockers__qwen3.5-4b__Bentel_iter_3,full_v1.5_default,instance_07754,Request Success Ratio,1.0
3023,cladder,Bentel rockers__qwen3.5-4b__Bentel_iter_3,full_v1.5_default,instance_07754,Main Score,0.0
3024,cladder,Bentel rockers__qwen3.5-4b__Bentel_iter_3,full_v1.5_default,instance_07046,Aborted,0.0
3025,cladder,Bentel rockers__qwen3.5-4b__Bentel_iter_3,full_v1.5_default,instance_07046,Lose,0.0
3026,cladder,Bentel rockers__qwen3.5-4b__Bentel_iter_3,full_v1.5_default,instance_07046,Success,1.0
3027,cladder,Bentel rockers__qwen3.5-4b__Bentel_iter_3,full_v1.5_default,instance_07046,Request Count,1.0
3028,cladder,Bentel rockers__qwen3.5-4b__Bentel_iter_3,full_v1.5_default,instance_07046,Parsed Request Count,1.0
3029,cladder,Bentel rockers__qwen3.5-4b__Bentel_iter_3,full_v1.5_default,instance_07046,Violated Request Count,0.0
3030,cladder,Bentel rockers__qwen3.5-4b__Bentel_iter_3,full_v1.5_default,instance_07046,Request Success Ratio,1.0
3031,cladder,Bentel rockers__qwen3.5-4b__Bentel_iter_3,full_v1.5_default,instance_07046,Main Score,100.0
3032,cladder,Bentel rockers__qwen3.5-4b__Bentel_iter_3,full_v1.5_default,instance_03636,Aborted,0.0
3033,cladder,Bentel rockers__qwen3.5-4b__Bentel_iter_3,full_v1.5_default,instance_03636,Lose,0.0
3034,cladder,Bentel rockers__qwen3.5-4b__Bentel_iter_3,full_v1.5_default,instance_03636,Success,1.0
3035,cladder,Bentel rockers__qwen3.5-4b__Bentel_iter_3,full_v1.5_default,instance_03636,Request Count,1.0
3036,cladder,Bentel rockers__qwen3.5-4b__Bentel_iter_3,full_v1.5_default,instance_03636,Parsed Request Count,1.0
3037,cladder,Bentel rockers__qwen3.5-4b__Bentel_iter_3,full_v1.5_default,instance_03636,Violated Request Count,0.0
3038,cladder,Bentel rockers__qwen3.5-4b__Bentel_iter_3,full_v1.5_default,instance_03636,Request Success Ratio,1.0
3039,cladder,Bentel rockers__qwen3.5-4b__Bentel_iter_3,full_v1.5_default,instance_03636,Main Score,100.0
3040,cladder,Bentel rockers__qwen3.5-4b__Bentel_iter_3,full_v1.5_default,instance_02979,Aborted,0.0
3041,cladder,Bentel rockers__qwen3.5-4b__Bentel_iter_3,full_v1.5_default,instance_02979,Lose,1.0
3042,cladder,Bentel rockers__qwen3.5-4b__Bentel_iter_3,full_v1.5_default,instance_02979,Success,0.0
3043,cladder,Bentel rockers__qwen3.5-4b__Bentel_iter_3,full_v1.5_default,instance_02979,Request Count,1.0
3044,cladder,Bentel rockers__qwen3.5-4b__Bentel_iter_3,full_v1.5_default,instance_02979,Parsed Request Count,1.0
3045,cladder,Bentel rockers__qwen3.5-4b__Bentel_iter_3,full_v1.5_default,instance_02979,Violated Request Count,0.0
3046,cladder,Bentel rockers__qwen3.5-4b__Bentel_iter_3,full_v1.5_default,instance_02979,Request Success Ratio,1.0
3047,cladder,Bentel rockers__qwen3.5-4b__Bentel_iter_3,full_v1.5_default,instance_02979,Main Score,0.0
3048,cladder,Bentel rockers__qwen3.5-4b__Bentel_iter_3,full_v1.5_default,instance_00948,Aborted,0.0
3049,cladder,Bentel rockers__qwen3.5-4b__Bentel_iter_3,full_v1.5_default,instance_00948,Lose,0.0
3050,cladder,Bentel rockers__qwen3.5-4b__Bentel_iter_3,full_v1.5_default,instance_00948,Success,1.0
3051,cladder,Bentel rockers__qwen3.5-4b__Bentel_iter_3,full_v1.5_default,instance_00948,Request Count,1.0
3052,cladder,Bentel rockers__qwen3.5-4b__Bentel_iter_3,full_v1.5_default,instance_00948,Parsed Request Count,1.0
3053,cladder,Bentel rockers__qwen3.5-4b__Bentel_iter_3,full_v1.5_default,instance_00948,Violated Request Count,0.0
3054,cladder,Bentel rockers__qwen3.5-4b__Bentel_iter_3,full_v1.5_default,instance_00948,Request Success Ratio,1.0
3055,cladder,Bentel rockers__qwen3.5-4b__Bentel_iter_3,full_v1.5_default,instance_00948,Main Score,100.0
3056,cladder,Bentel rockers__qwen3.5-4b__Bentel_iter_3,full_v1.5_default,instance_10063,Aborted,0.0
3057,cladder,Bentel rockers__qwen3.5-4b__Bentel_iter_3,full_v1.5_default,instance_10063,Lose,0.0
3058,cladder,Bentel rockers__qwen3.5-4b__Bentel_iter_3,full_v1.5_default,instance_10063,Success,1.0
3059,cladder,Bentel rockers__qwen3.5-4b__Bentel_iter_3,full_v1.5_default,instance_10063,Request Count,1.0
3060,cladder,Bentel rockers__qwen3.5-4b__Bentel_iter_3,full_v1.5_default,instance_10063,Parsed Request Count,1.0
3061,cladder,Bentel rockers__qwen3.5-4b__Bentel_iter_3,full_v1.5_default,instance_10063,Violated Request Count,0.0
3062,cladder,Bentel rockers__qwen3.5-4b__Bentel_iter_3,full_v1.5_default,instance_10063,Request Success Ratio,1.0
3063,cladder,Bentel rockers__qwen3.5-4b__Bentel_iter_3,full_v1.5_default,instance_10063,Main Score,100.0
3064,cladder,Bentel rockers__qwen3.5-4b__Bentel_iter_3,full_v1.5_default,instance_00905,Aborted,0.0
3065,cladder,Bentel rockers__qwen3.5-4b__Bentel_iter_3,full_v1.5_default,instance_00905,Lose,1.0
3066,cladder,Bentel rockers__qwen3.5-4b__Bentel_iter_3,full_v1.5_default,instance_00905,Success,0.0
3067,cladder,Bentel rockers__qwen3.5-4b__Bentel_iter_3,full_v1.5_default,instance_00905,Request Count,1.0
3068,cladder,Bentel rockers__qwen3.5-4b__Bentel_iter_3,full_v1.5_default,instance_00905,Parsed Request Count,1.0
3069,cladder,Bentel rockers__qwen3.5-4b__Bentel_iter_3,full_v1.5_default,instance_00905,Violated Request Count,0.0
3070,cladder,Bentel rockers__qwen3.5-4b__Bentel_iter_3,full_v1.5_default,instance_00905,Request Success Ratio,1.0
3071,cladder,Bentel rockers__qwen3.5-4b__Bentel_iter_3,full_v1.5_default,instance_00905,Main Score,0.0
3072,cladder,Bentel rockers__qwen3.5-4b__Bentel_iter_3,full_v1.5_default,instance_03466,Aborted,0.0
3073,cladder,Bentel rockers__qwen3.5-4b__Bentel_iter_3,full_v1.5_default,instance_03466,Lose,1.0
3074,cladder,Bentel rockers__qwen3.5-4b__Bentel_iter_3,full_v1.5_default,instance_03466,Success,0.0
3075,cladder,Bentel rockers__qwen3.5-4b__Bentel_iter_3,full_v1.5_default,instance_03466,Request Count,1.0
3076,cladder,Bentel rockers__qwen3.5-4b__Bentel_iter_3,full_v1.5_default,instance_03466,Parsed Request Count,1.0
3077,cladder,Bentel rockers__qwen3.5-4b__Bentel_iter_3,full_v1.5_default,instance_03466,Violated Request Count,0.0
3078,cladder,Bentel rockers__qwen3.5-4b__Bentel_iter_3,full_v1.5_default,instance_03466,Request Success Ratio,1.0
3079,cladder,Bentel rockers__qwen3.5-4b__Bentel_iter_3,full_v1.5_default,instance_03466,Main Score,0.0
3080,cladder,Bentel rockers__qwen3.5-4b__Bentel_iter_3,full_v1.5_default,instance_04837,Aborted,0.0
3081,cladder,Bentel rockers__qwen3.5-4b__Bentel_iter_3,full_v1.5_default,instance_04837,Lose,0.0
3082,cladder,Bentel rockers__qwen3.5-4b__Bentel_iter_3,full_v1.5_default,instance_04837,Success,1.0
3083,cladder,Bentel rockers__qwen3.5-4b__Bentel_iter_3,full_v1.5_default,instance_04837,Request Count,1.0
3084,cladder,Bentel rockers__qwen3.5-4b__Bentel_iter_3,full_v1.5_default,instance_04837,Parsed Request Count,1.0
3085,cladder,Bentel rockers__qwen3.5-4b__Bentel_iter_3,full_v1.5_default,instance_04837,Violated Request Count,0.0
3086,cladder,Bentel rockers__qwen3.5-4b__Bentel_iter_3,full_v1.5_default,instance_04837,Request Success Ratio,1.0
3087,cladder,Bentel rockers__qwen3.5-4b__Bentel_iter_3,full_v1.5_default,instance_04837,Main Score,100.0
3088,cladder,Bentel rockers__qwen3.5-4b__Bentel_iter_3,full_v1.5_default,instance_01742,Aborted,0.0
3089,cladder,Bentel rockers__qwen3.5-4b__Bentel_iter_3,full_v1.5_default,instance_01742,Lose,1.0
3090,cladder,Bentel rockers__qwen3.5-4b__Bentel_iter_3,full_v1.5_default,instance_01742,Success,0.0
3091,cladder,Bentel rockers__qwen3.5-4b__Bentel_iter_3,full_v1.5_default,instance_01742,Request Count,1.0
3092,cladder,Bentel rockers__qwen3.5-4b__Bentel_iter_3,full_v1.5_default,instance_01742,Parsed Request Count,1.0
3093,cladder,Bentel rockers__qwen3.5-4b__Bentel_iter_3,full_v1.5_default,instance_01742,Violated Request Count,0.0
3094,cladder,Bentel rockers__qwen3.5-4b__Bentel_iter_3,full_v1.5_default,instance_01742,Request Success Ratio,1.0
3095,cladder,Bentel rockers__qwen3.5-4b__Bentel_iter_3,full_v1.5_default,instance_01742,Main Score,0.0
3096,cladder,Bentel rockers__qwen3.5-4b__Bentel_iter_3,full_v1.5_default,instance_07275,Aborted,0.0
3097,cladder,Bentel rockers__qwen3.5-4b__Bentel_iter_3,full_v1.5_default,instance_07275,Lose,1.0
3098,cladder,Bentel rockers__qwen3.5-4b__Bentel_iter_3,full_v1.5_default,instance_07275,Success,0.0
3099,cladder,Bentel rockers__qwen3.5-4b__Bentel_iter_3,full_v1.5_default,instance_07275,Request Count,1.0
3100,cladder,Bentel rockers__qwen3.5-4b__Bentel_iter_3,full_v1.5_default,instance_07275,Parsed Request Count,1.0
3101,cladder,Bentel rockers__qwen3.5-4b__Bentel_iter_3,full_v1.5_default,instance_07275,Violated Request Count,0.0
3102,cladder,Bentel rockers__qwen3.5-4b__Bentel_iter_3,full_v1.5_default,instance_07275,Request Success Ratio,1.0
3103,cladder,Bentel rockers__qwen3.5-4b__Bentel_iter_3,full_v1.5_default,instance_07275,Main Score,0.0
3104,cladder,Bentel rockers__qwen3.5-4b__Bentel_iter_3,full_v1.5_default,instance_01143,Aborted,0.0
3105,cladder,Bentel rockers__qwen3.5-4b__Bentel_iter_3,full_v1.5_default,instance_01143,Lose,0.0
3106,cladder,Bentel rockers__qwen3.5-4b__Bentel_iter_3,full_v1.5_default,instance_01143,Success,1.0
3107,cladder,Bentel rockers__qwen3.5-4b__Bentel_iter_3,full_v1.5_default,instance_01143,Request Count,1.0
3108,cladder,Bentel rockers__qwen3.5-4b__Bentel_iter_3,full_v1.5_default,instance_01143,Parsed Request Count,1.0
3109,cladder,Bentel rockers__qwen3.5-4b__Bentel_iter_3,full_v1.5_default,instance_01143,Violated Request Count,0.0
3110,cladder,Bentel rockers__qwen3.5-4b__Bentel_iter_3,full_v1.5_default,instance_01143,Request Success Ratio,1.0
3111,cladder,Bentel rockers__qwen3.5-4b__Bentel_iter_3,full_v1.5_default,instance_01143,Main Score,100.0
3112,cladder,Bentel rockers__qwen3.5-4b__Bentel_iter_3,full_v1.5_default,instance_04237,Aborted,0.0
3113,cladder,Bentel rockers__qwen3.5-4b__Bentel_iter_3,full_v1.5_default,instance_04237,Lose,0.0
3114,cladder,Bentel rockers__qwen3.5-4b__Bentel_iter_3,full_v1.5_default,instance_04237,Success,1.0
3115,cladder,Bentel rockers__qwen3.5-4b__Bentel_iter_3,full_v1.5_default,instance_04237,Request Count,1.0
3116,cladder,Bentel rockers__qwen3.5-4b__Bentel_iter_3,full_v1.5_default,instance_04237,Parsed Request Count,1.0
3117,cladder,Bentel rockers__qwen3.5-4b__Bentel_iter_3,full_v1.5_default,instance_04237,Violated Request Count,0.0
3118,cladder,Bentel rockers__qwen3.5-4b__Bentel_iter_3,full_v1.5_default,instance_04237,Request Success Ratio,1.0
3119,cladder,Bentel rockers__qwen3.5-4b__Bentel_iter_3,full_v1.5_default,instance_04237,Main Score,100.0
3120,cladder,Bentel rockers__qwen3.5-4b__Bentel_iter_3,full_v1.5_default,instance_00072,Aborted,0.0
3121,cladder,Bentel rockers__qwen3.5-4b__Bentel_iter_3,full_v1.5_default,instance_00072,Lose,0.0
3122,cladder,Bentel rockers__qwen3.5-4b__Bentel_iter_3,full_v1.5_default,instance_00072,Success,1.0
3123,cladder,Bentel rockers__qwen3.5-4b__Bentel_iter_3,full_v1.5_default,instance_00072,Request Count,1.0
3124,cladder,Bentel rockers__qwen3.5-4b__Bentel_iter_3,full_v1.5_default,instance_00072,Parsed Request Count,1.0
3125,cladder,Bentel rockers__qwen3.5-4b__Bentel_iter_3,full_v1.5_default,instance_00072,Violated Request Count,0.0
3126,cladder,Bentel rockers__qwen3.5-4b__Bentel_iter_3,full_v1.5_default,instance_00072,Request Success Ratio,1.0
3127,cladder,Bentel rockers__qwen3.5-4b__Bentel_iter_3,full_v1.5_default,instance_00072,Main Score,100.0
3128,cladder,Bentel rockers__qwen3.5-4b__Bentel_iter_3,full_v1.5_default,instance_02125,Aborted,0.0
3129,cladder,Bentel rockers__qwen3.5-4b__Bentel_iter_3,full_v1.5_default,instance_02125,Lose,0.0
3130,cladder,Bentel rockers__qwen3.5-4b__Bentel_iter_3,full_v1.5_default,instance_02125,Success,1.0
3131,cladder,Bentel rockers__qwen3.5-4b__Bentel_iter_3,full_v1.5_default,instance_02125,Request Count,1.0
3132,cladder,Bentel rockers__qwen3.5-4b__Bentel_iter_3,full_v1.5_default,instance_02125,Parsed Request Count,1.0
3133,cladder,Bentel rockers__qwen3.5-4b__Bentel_iter_3,full_v1.5_default,instance_02125,Violated Request Count,0.0
3134,cladder,Bentel rockers__qwen3.5-4b__Bentel_iter_3,full_v1.5_default,instance_02125,Request Success Ratio,1.0
3135,cladder,Bentel rockers__qwen3.5-4b__Bentel_iter_3,full_v1.5_default,instance_02125,Main Score,100.0
3136,cladder,Bentel rockers__qwen3.5-4b__Bentel_iter_3,full_v1.5_default,instance_04257,Aborted,0.0
3137,cladder,Bentel rockers__qwen3.5-4b__Bentel_iter_3,full_v1.5_default,instance_04257,Lose,1.0
3138,cladder,Bentel rockers__qwen3.5-4b__Bentel_iter_3,full_v1.5_default,instance_04257,Success,0.0
3139,cladder,Bentel rockers__qwen3.5-4b__Bentel_iter_3,full_v1.5_default,instance_04257,Request Count,1.0
3140,cladder,Bentel rockers__qwen3.5-4b__Bentel_iter_3,full_v1.5_default,instance_04257,Parsed Request Count,1.0
3141,cladder,Bentel rockers__qwen3.5-4b__Bentel_iter_3,full_v1.5_default,instance_04257,Violated Request Count,0.0
3142,cladder,Bentel rockers__qwen3.5-4b__Bentel_iter_3,full_v1.5_default,instance_04257,Request Success Ratio,1.0
3143,cladder,Bentel rockers__qwen3.5-4b__Bentel_iter_3,full_v1.5_default,instance_04257,Main Score,0.0
3144,cladder,Bentel rockers__qwen3.5-4b__Bentel_iter_3,full_v1.5_default,instance_02303,Aborted,0.0
3145,cladder,Bentel rockers__qwen3.5-4b__Bentel_iter_3,full_v1.5_default,instance_02303,Lose,1.0
3146,cladder,Bentel rockers__qwen3.5-4b__Bentel_iter_3,full_v1.5_default,instance_02303,Success,0.0
3147,cladder,Bentel rockers__qwen3.5-4b__Bentel_iter_3,full_v1.5_default,instance_02303,Request Count,1.0
3148,cladder,Bentel rockers__qwen3.5-4b__Bentel_iter_3,full_v1.5_default,instance_02303,Parsed Request Count,1.0
3149,cladder,Bentel rockers__qwen3.5-4b__Bentel_iter_3,full_v1.5_default,instance_02303,Violated Request Count,0.0
3150,cladder,Bentel rockers__qwen3.5-4b__Bentel_iter_3,full_v1.5_default,instance_02303,Request Success Ratio,1.0
3151,cladder,Bentel rockers__qwen3.5-4b__Bentel_iter_3,full_v1.5_default,instance_02303,Main Score,0.0
3152,cladder,Bentel rockers__qwen3.5-4b__Bentel_iter_3,full_v1.5_default,instance_07410,Aborted,0.0
3153,cladder,Bentel rockers__qwen3.5-4b__Bentel_iter_3,full_v1.5_default,instance_07410,Lose,0.0
3154,cladder,Bentel rockers__qwen3.5-4b__Bentel_iter_3,full_v1.5_default,instance_07410,Success,1.0
3155,cladder,Bentel rockers__qwen3.5-4b__Bentel_iter_3,full_v1.5_default,instance_07410,Request Count,1.0
3156,cladder,Bentel rockers__qwen3.5-4b__Bentel_iter_3,full_v1.5_default,instance_07410,Parsed Request Count,1.0
3157,cladder,Bentel rockers__qwen3.5-4b__Bentel_iter_3,full_v1.5_default,instance_07410,Violated Request Count,0.0
3158,cladder,Bentel rockers__qwen3.5-4b__Bentel_iter_3,full_v1.5_default,instance_07410,Request Success Ratio,1.0
3159,cladder,Bentel rockers__qwen3.5-4b__Bentel_iter_3,full_v1.5_default,instance_07410,Main Score,100.0
3160,cladder,Bentel rockers__qwen3.5-4b__Bentel_iter_3,full_v1.5_default,instance_09908,Aborted,0.0
3161,cladder,Bentel rockers__qwen3.5-4b__Bentel_iter_3,full_v1.5_default,instance_09908,Lose,0.0
3162,cladder,Bentel rockers__qwen3.5-4b__Bentel_iter_3,full_v1.5_default,instance_09908,Success,1.0
3163,cladder,Bentel rockers__qwen3.5-4b__Bentel_iter_3,full_v1.5_default,instance_09908,Request Count,1.0
3164,cladder,Bentel rockers__qwen3.5-4b__Bentel_iter_3,full_v1.5_default,instance_09908,Parsed Request Count,1.0
3165,cladder,Bentel rockers__qwen3.5-4b__Bentel_iter_3,full_v1.5_default,instance_09908,Violated Request Count,0.0
3166,cladder,Bentel rockers__qwen3.5-4b__Bentel_iter_3,full_v1.5_default,instance_09908,Request Success Ratio,1.0
3167,cladder,Bentel rockers__qwen3.5-4b__Bentel_iter_3,full_v1.5_default,instance_09908,Main Score,100.0
3168,cladder,Bentel rockers__qwen3.5-4b__Bentel_iter_3,full_v1.5_default,instance_05203,Aborted,0.0
3169,cladder,Bentel rockers__qwen3.5-4b__Bentel_iter_3,full_v1.5_default,instance_05203,Lose,1.0
3170,cladder,Bentel rockers__qwen3.5-4b__Bentel_iter_3,full_v1.5_default,instance_05203,Success,0.0
3171,cladder,Bentel rockers__qwen3.5-4b__Bentel_iter_3,full_v1.5_default,instance_05203,Request Count,1.0
3172,cladder,Bentel rockers__qwen3.5-4b__Bentel_iter_3,full_v1.5_default,instance_05203,Parsed Request Count,1.0
3173,cladder,Bentel rockers__qwen3.5-4b__Bentel_iter_3,full_v1.5_default,instance_05203,Violated Request Count,0.0
3174,cladder,Bentel rockers__qwen3.5-4b__Bentel_iter_3,full_v1.5_default,instance_05203,Request Success Ratio,1.0
3175,cladder,Bentel rockers__qwen3.5-4b__Bentel_iter_3,full_v1.5_default,instance_05203,Main Score,0.0
3176,cladder,Bentel rockers__qwen3.5-4b__Bentel_iter_3,full_v1.5_default,instance_07503,Aborted,0.0
3177,cladder,Bentel rockers__qwen3.5-4b__Bentel_iter_3,full_v1.5_default,instance_07503,Lose,1.0
3178,cladder,Bentel rockers__qwen3.5-4b__Bentel_iter_3,full_v1.5_default,instance_07503,Success,0.0
3179,cladder,Bentel rockers__qwen3.5-4b__Bentel_iter_3,full_v1.5_default,instance_07503,Request Count,1.0
3180,cladder,Bentel rockers__qwen3.5-4b__Bentel_iter_3,full_v1.5_default,instance_07503,Parsed Request Count,1.0
3181,cladder,Bentel rockers__qwen3.5-4b__Bentel_iter_3,full_v1.5_default,instance_07503,Violated Request Count,0.0
3182,cladder,Bentel rockers__qwen3.5-4b__Bentel_iter_3,full_v1.5_default,instance_07503,Request Success Ratio,1.0
3183,cladder,Bentel rockers__qwen3.5-4b__Bentel_iter_3,full_v1.5_default,instance_07503,Main Score,0.0
3184,cladder,Bentel rockers__qwen3.5-4b__Bentel_iter_3,full_v1.5_default,instance_06509,Aborted,0.0
3185,cladder,Bentel rockers__qwen3.5-4b__Bentel_iter_3,full_v1.5_default,instance_06509,Lose,0.0
3186,cladder,Bentel rockers__qwen3.5-4b__Bentel_iter_3,full_v1.5_default,instance_06509,Success,1.0
3187,cladder,Bentel rockers__qwen3.5-4b__Bentel_iter_3,full_v1.5_default,instance_06509,Request Count,1.0
3188,cladder,Bentel rockers__qwen3.5-4b__Bentel_iter_3,full_v1.5_default,instance_06509,Parsed Request Count,1.0
3189,cladder,Bentel rockers__qwen3.5-4b__Bentel_iter_3,full_v1.5_default,instance_06509,Violated Request Count,0.0
3190,cladder,Bentel rockers__qwen3.5-4b__Bentel_iter_3,full_v1.5_default,instance_06509,Request Success Ratio,1.0
3191,cladder,Bentel rockers__qwen3.5-4b__Bentel_iter_3,full_v1.5_default,instance_06509,Main Score,100.0
3192,cladder,Bentel rockers__qwen3.5-4b__Bentel_iter_3,full_v1.5_default,instance_09350,Aborted,0.0
3193,cladder,Bentel rockers__qwen3.5-4b__Bentel_iter_3,full_v1.5_default,instance_09350,Lose,0.0
3194,cladder,Bentel rockers__qwen3.5-4b__Bentel_iter_3,full_v1.5_default,instance_09350,Success,1.0
3195,cladder,Bentel rockers__qwen3.5-4b__Bentel_iter_3,full_v1.5_default,instance_09350,Request Count,1.0
3196,cladder,Bentel rockers__qwen3.5-4b__Bentel_iter_3,full_v1.5_default,instance_09350,Parsed Request Count,1.0
3197,cladder,Bentel rockers__qwen3.5-4b__Bentel_iter_3,full_v1.5_default,instance_09350,Violated Request Count,0.0
3198,cladder,Bentel rockers__qwen3.5-4b__Bentel_iter_3,full_v1.5_default,instance_09350,Request Success Ratio,1.0
3199,cladder,Bentel rockers__qwen3.5-4b__Bentel_iter_3,full_v1.5_default,instance_09350,Main Score,100.0
3200,cladder,Bentel rockers__qwen3.5-4b__Bentel_iter_3,full_v1.5_default,instance_04597,Aborted,0.0
3201,cladder,Bentel rockers__qwen3.5-4b__Bentel_iter_3,full_v1.5_default,instance_04597,Lose,0.0
3202,cladder,Bentel rockers__qwen3.5-4b__Bentel_iter_3,full_v1.5_default,instance_04597,Success,1.0
3203,cladder,Bentel rockers__qwen3.5-4b__Bentel_iter_3,full_v1.5_default,instance_04597,Request Count,1.0
3204,cladder,Bentel rockers__qwen3.5-4b__Bentel_iter_3,full_v1.5_default,instance_04597,Parsed Request Count,1.0
3205,cladder,Bentel rockers__qwen3.5-4b__Bentel_iter_3,full_v1.5_default,instance_04597,Violated Request Count,0.0
3206,cladder,Bentel rockers__qwen3.5-4b__Bentel_iter_3,full_v1.5_default,instance_04597,Request Success Ratio,1.0
3207,cladder,Bentel rockers__qwen3.5-4b__Bentel_iter_3,full_v1.5_default,instance_04597,Main Score,100.0
3208,cladder,Bentel rockers__qwen3.5-4b__Bentel_iter_3,full_v1.5_default,instance_00994,Aborted,0.0
3209,cladder,Bentel rockers__qwen3.5-4b__Bentel_iter_3,full_v1.5_default,instance_00994,Lose,1.0
3210,cladder,Bentel rockers__qwen3.5-4b__Bentel_iter_3,full_v1.5_default,instance_00994,Success,0.0
3211,cladder,Bentel rockers__qwen3.5-4b__Bentel_iter_3,full_v1.5_default,instance_00994,Request Count,1.0
3212,cladder,Bentel rockers__qwen3.5-4b__Bentel_iter_3,full_v1.5_default,instance_00994,Parsed Request Count,1.0
3213,cladder,Bentel rockers__qwen3.5-4b__Bentel_iter_3,full_v1.5_default,instance_00994,Violated Request Count,0.0
3214,cladder,Bentel rockers__qwen3.5-4b__Bentel_iter_3,full_v1.5_default,instance_00994,Request Success Ratio,1.0
3215,cladder,Bentel rockers__qwen3.5-4b__Bentel_iter_3,full_v1.5_default,instance_00994,Main Score,0.0
3216,cladder,Bentel rockers__qwen3.5-4b__Bentel_iter_3,full_v1.5_default,instance_00514,Aborted,0.0
3217,cladder,Bentel rockers__qwen3.5-4b__Bentel_iter_3,full_v1.5_default,instance_00514,Lose,0.0
3218,cladder,Bentel rockers__qwen3.5-4b__Bentel_iter_3,full_v1.5_default,instance_00514,Success,1.0
3219,cladder,Bentel rockers__qwen3.5-4b__Bentel_iter_3,full_v1.5_default,instance_00514,Request Count,1.0
3220,cladder,Bentel rockers__qwen3.5-4b__Bentel_iter_3,full_v1.5_default,instance_00514,Parsed Request Count,1.0
3221,cladder,Bentel rockers__qwen3.5-4b__Bentel_iter_3,full_v1.5_default,instance_00514,Violated Request Count,0.0
3222,cladder,Bentel rockers__qwen3.5-4b__Bentel_iter_3,full_v1.5_default,instance_00514,Request Success Ratio,1.0
3223,cladder,Bentel rockers__qwen3.5-4b__Bentel_iter_3,full_v1.5_default,instance_00514,Main Score,100.0
3224,cladder,Bentel rockers__qwen3.5-4b__Bentel_iter_3,full_v1.5_default,instance_06357,Aborted,0.0
3225,cladder,Bentel rockers__qwen3.5-4b__Bentel_iter_3,full_v1.5_default,instance_06357,Lose,1.0
3226,cladder,Bentel rockers__qwen3.5-4b__Bentel_iter_3,full_v1.5_default,instance_06357,Success,0.0
3227,cladder,Bentel rockers__qwen3.5-4b__Bentel_iter_3,full_v1.5_default,instance_06357,Request Count,1.0
3228,cladder,Bentel rockers__qwen3.5-4b__Bentel_iter_3,full_v1.5_default,instance_06357,Parsed Request Count,1.0
3229,cladder,Bentel rockers__qwen3.5-4b__Bentel_iter_3,full_v1.5_default,instance_06357,Violated Request Count,0.0
3230,cladder,Bentel rockers__qwen3.5-4b__Bentel_iter_3,full_v1.5_default,instance_06357,Request Success Ratio,1.0
3231,cladder,Bentel rockers__qwen3.5-4b__Bentel_iter_3,full_v1.5_default,instance_06357,Main Score,0.0
3232,cladder,Bentel rockers__qwen3.5-4b__Bentel_iter_3,full_v1.5_default,instance_01631,Aborted,0.0
3233,cladder,Bentel rockers__qwen3.5-4b__Bentel_iter_3,full_v1.5_default,instance_01631,Lose,0.0
3234,cladder,Bentel rockers__qwen3.5-4b__Bentel_iter_3,full_v1.5_default,instance_01631,Success,1.0
3235,cladder,Bentel rockers__qwen3.5-4b__Bentel_iter_3,full_v1.5_default,instance_01631,Request Count,1.0
3236,cladder,Bentel rockers__qwen3.5-4b__Bentel_iter_3,full_v1.5_default,instance_01631,Parsed Request Count,1.0
3237,cladder,Bentel rockers__qwen3.5-4b__Bentel_iter_3,full_v1.5_default,instance_01631,Violated Request Count,0.0
3238,cladder,Bentel rockers__qwen3.5-4b__Bentel_iter_3,full_v1.5_default,instance_01631,Request Success Ratio,1.0
3239,cladder,Bentel rockers__qwen3.5-4b__Bentel_iter_3,full_v1.5_default,instance_01631,Main Score,100.0
3240,cladder,Bentel rockers__qwen3.5-4b__Bentel_iter_3,full_v1.5_default,instance_10091,Aborted,0.0
3241,cladder,Bentel rockers__qwen3.5-4b__Bentel_iter_3,full_v1.5_default,instance_10091,Lose,0.0
3242,cladder,Bentel rockers__qwen3.5-4b__Bentel_iter_3,full_v1.5_default,instance_10091,Success,1.0
3243,cladder,Bentel rockers__qwen3.5-4b__Bentel_iter_3,full_v1.5_default,instance_10091,Request Count,1.0
3244,cladder,Bentel rockers__qwen3.5-4b__Bentel_iter_3,full_v1.5_default,instance_10091,Parsed Request Count,1.0
3245,cladder,Bentel rockers__qwen3.5-4b__Bentel_iter_3,full_v1.5_default,instance_10091,Violated Request Count,0.0
3246,cladder,Bentel rockers__qwen3.5-4b__Bentel_iter_3,full_v1.5_default,instance_10091,Request Success Ratio,1.0
3247,cladder,Bentel rockers__qwen3.5-4b__Bentel_iter_3,full_v1.5_default,instance_10091,Main Score,100.0
3248,cladder,Bentel rockers__qwen3.5-4b__Bentel_iter_3,full_v1.5_default,instance_06358,Aborted,0.0
3249,cladder,Bentel rockers__qwen3.5-4b__Bentel_iter_3,full_v1.5_default,instance_06358,Lose,0.0
3250,cladder,Bentel rockers__qwen3.5-4b__Bentel_iter_3,full_v1.5_default,instance_06358,Success,1.0
3251,cladder,Bentel rockers__qwen3.5-4b__Bentel_iter_3,full_v1.5_default,instance_06358,Request Count,1.0
3252,cladder,Bentel rockers__qwen3.5-4b__Bentel_iter_3,full_v1.5_default,instance_06358,Parsed Request Count,1.0
3253,cladder,Bentel rockers__qwen3.5-4b__Bentel_iter_3,full_v1.5_default,instance_06358,Violated Request Count,0.0
3254,cladder,Bentel rockers__qwen3.5-4b__Bentel_iter_3,full_v1.5_default,instance_06358,Request Success Ratio,1.0
3255,cladder,Bentel rockers__qwen3.5-4b__Bentel_iter_3,full_v1.5_default,instance_06358,Main Score,100.0
3256,cladder,Bentel rockers__qwen3.5-4b__Bentel_iter_3,full_v1.5_default,instance_02340,Aborted,0.0
3257,cladder,Bentel rockers__qwen3.5-4b__Bentel_iter_3,full_v1.5_default,instance_02340,Lose,0.0
3258,cladder,Bentel rockers__qwen3.5-4b__Bentel_iter_3,full_v1.5_default,instance_02340,Success,1.0
3259,cladder,Bentel rockers__qwen3.5-4b__Bentel_iter_3,full_v1.5_default,instance_02340,Request Count,1.0
3260,cladder,Bentel rockers__qwen3.5-4b__Bentel_iter_3,full_v1.5_default,instance_02340,Parsed Request Count,1.0
3261,cladder,Bentel rockers__qwen3.5-4b__Bentel_iter_3,full_v1.5_default,instance_02340,Violated Request Count,0.0
3262,cladder,Bentel rockers__qwen3.5-4b__Bentel_iter_3,full_v1.5_default,instance_02340,Request Success Ratio,1.0
3263,cladder,Bentel rockers__qwen3.5-4b__Bentel_iter_3,full_v1.5_default,instance_02340,Main Score,100.0
3264,cladder,Bentel rockers__qwen3.5-4b__Bentel_iter_3,full_v1.5_default,instance_09213,Aborted,0.0
3265,cladder,Bentel rockers__qwen3.5-4b__Bentel_iter_3,full_v1.5_default,instance_09213,Lose,1.0
3266,cladder,Bentel rockers__qwen3.5-4b__Bentel_iter_3,full_v1.5_default,instance_09213,Success,0.0
3267,cladder,Bentel rockers__qwen3.5-4b__Bentel_iter_3,full_v1.5_default,instance_09213,Request Count,1.0
3268,cladder,Bentel rockers__qwen3.5-4b__Bentel_iter_3,full_v1.5_default,instance_09213,Parsed Request Count,1.0
3269,cladder,Bentel rockers__qwen3.5-4b__Bentel_iter_3,full_v1.5_default,instance_09213,Violated Request Count,0.0
3270,cladder,Bentel rockers__qwen3.5-4b__Bentel_iter_3,full_v1.5_default,instance_09213,Request Success Ratio,1.0
3271,cladder,Bentel rockers__qwen3.5-4b__Bentel_iter_3,full_v1.5_default,instance_09213,Main Score,0.0
3272,cladder,Bentel rockers__qwen3.5-4b__Bentel_iter_3,full_v1.5_default,instance_02389,Aborted,0.0
3273,cladder,Bentel rockers__qwen3.5-4b__Bentel_iter_3,full_v1.5_default,instance_02389,Lose,0.0
3274,cladder,Bentel rockers__qwen3.5-4b__Bentel_iter_3,full_v1.5_default,instance_02389,Success,1.0
3275,cladder,Bentel rockers__qwen3.5-4b__Bentel_iter_3,full_v1.5_default,instance_02389,Request Count,1.0
3276,cladder,Bentel rockers__qwen3.5-4b__Bentel_iter_3,full_v1.5_default,instance_02389,Parsed Request Count,1.0
3277,cladder,Bentel rockers__qwen3.5-4b__Bentel_iter_3,full_v1.5_default,instance_02389,Violated Request Count,0.0
3278,cladder,Bentel rockers__qwen3.5-4b__Bentel_iter_3,full_v1.5_default,instance_02389,Request Success Ratio,1.0
3279,cladder,Bentel rockers__qwen3.5-4b__Bentel_iter_3,full_v1.5_default,instance_02389,Main Score,100.0
3280,cladder,Bentel rockers__qwen3.5-4b__Bentel_iter_3,full_v1.5_default,instance_04655,Aborted,0.0
3281,cladder,Bentel rockers__qwen3.5-4b__Bentel_iter_3,full_v1.5_default,instance_04655,Lose,0.0
3282,cladder,Bentel rockers__qwen3.5-4b__Bentel_iter_3,full_v1.5_default,instance_04655,Success,1.0
3283,cladder,Bentel rockers__qwen3.5-4b__Bentel_iter_3,full_v1.5_default,instance_04655,Request Count,1.0
3284,cladder,Bentel rockers__qwen3.5-4b__Bentel_iter_3,full_v1.5_default,instance_04655,Parsed Request Count,1.0
3285,cladder,Bentel rockers__qwen3.5-4b__Bentel_iter_3,full_v1.5_default,instance_04655,Violated Request Count,0.0
3286,cladder,Bentel rockers__qwen3.5-4b__Bentel_iter_3,full_v1.5_default,instance_04655,Request Success Ratio,1.0
3287,cladder,Bentel rockers__qwen3.5-4b__Bentel_iter_3,full_v1.5_default,instance_04655,Main Score,100.0
3288,cladder,Bentel rockers__qwen3.5-4b__Bentel_iter_3,full_v1.5_default,instance_04908,Aborted,0.0
3289,cladder,Bentel rockers__qwen3.5-4b__Bentel_iter_3,full_v1.5_default,instance_04908,Lose,1.0
3290,cladder,Bentel rockers__qwen3.5-4b__Bentel_iter_3,full_v1.5_default,instance_04908,Success,0.0
3291,cladder,Bentel rockers__qwen3.5-4b__Bentel_iter_3,full_v1.5_default,instance_04908,Request Count,1.0
3292,cladder,Bentel rockers__qwen3.5-4b__Bentel_iter_3,full_v1.5_default,instance_04908,Parsed Request Count,1.0
3293,cladder,Bentel rockers__qwen3.5-4b__Bentel_iter_3,full_v1.5_default,instance_04908,Violated Request Count,0.0
3294,cladder,Bentel rockers__qwen3.5-4b__Bentel_iter_3,full_v1.5_default,instance_04908,Request Success Ratio,1.0
3295,cladder,Bentel rockers__qwen3.5-4b__Bentel_iter_3,full_v1.5_default,instance_04908,Main Score,0.0
3296,cladder,Bentel rockers__qwen3.5-4b__Bentel_iter_3,full_v1.5_default,instance_06302,Aborted,0.0
3297,cladder,Bentel rockers__qwen3.5-4b__Bentel_iter_3,full_v1.5_default,instance_06302,Lose,0.0
3298,cladder,Bentel rockers__qwen3.5-4b__Bentel_iter_3,full_v1.5_default,instance_06302,Success,1.0
3299,cladder,Bentel rockers__qwen3.5-4b__Bentel_iter_3,full_v1.5_default,instance_06302,Request Count,1.0
3300,cladder,Bentel rockers__qwen3.5-4b__Bentel_iter_3,full_v1.5_default,instance_06302,Parsed Request Count,1.0
3301,cladder,Bentel rockers__qwen3.5-4b__Bentel_iter_3,full_v1.5_default,instance_06302,Violated Request Count,0.0
3302,cladder,Bentel rockers__qwen3.5-4b__Bentel_iter_3,full_v1.5_default,instance_06302,Request Success Ratio,1.0
3303,cladder,Bentel rockers__qwen3.5-4b__Bentel_iter_3,full_v1.5_default,instance_06302,Main Score,100.0
3304,cladder,Bentel rockers__qwen3.5-4b__Bentel_iter_3,full_v1.5_default,instance_06776,Aborted,0.0
3305,cladder,Bentel rockers__qwen3.5-4b__Bentel_iter_3,full_v1.5_default,instance_06776,Lose,0.0
3306,cladder,Bentel rockers__qwen3.5-4b__Bentel_iter_3,full_v1.5_default,instance_06776,Success,1.0
3307,cladder,Bentel rockers__qwen3.5-4b__Bentel_iter_3,full_v1.5_default,instance_06776,Request Count,1.0
3308,cladder,Bentel rockers__qwen3.5-4b__Bentel_iter_3,full_v1.5_default,instance_06776,Parsed Request Count,1.0
3309,cladder,Bentel rockers__qwen3.5-4b__Bentel_iter_3,full_v1.5_default,instance_06776,Violated Request Count,0.0
3310,cladder,Bentel rockers__qwen3.5-4b__Bentel_iter_3,full_v1.5_default,instance_06776,Request Success Ratio,1.0
3311,cladder,Bentel rockers__qwen3.5-4b__Bentel_iter_3,full_v1.5_default,instance_06776,Main Score,100.0
3312,cladder,Bentel rockers__qwen3.5-4b__Bentel_iter_3,full_v1.5_default,instance_08918,Aborted,0.0
3313,cladder,Bentel rockers__qwen3.5-4b__Bentel_iter_3,full_v1.5_default,instance_08918,Lose,0.0
3314,cladder,Bentel rockers__qwen3.5-4b__Bentel_iter_3,full_v1.5_default,instance_08918,Success,1.0
3315,cladder,Bentel rockers__qwen3.5-4b__Bentel_iter_3,full_v1.5_default,instance_08918,Request Count,1.0
3316,cladder,Bentel rockers__qwen3.5-4b__Bentel_iter_3,full_v1.5_default,instance_08918,Parsed Request Count,1.0
3317,cladder,Bentel rockers__qwen3.5-4b__Bentel_iter_3,full_v1.5_default,instance_08918,Violated Request Count,0.0
3318,cladder,Bentel rockers__qwen3.5-4b__Bentel_iter_3,full_v1.5_default,instance_08918,Request Success Ratio,1.0
3319,cladder,Bentel rockers__qwen3.5-4b__Bentel_iter_3,full_v1.5_default,instance_08918,Main Score,100.0
3320,cladder,Bentel rockers__qwen3.5-4b__Bentel_iter_3,full_v1.5_default,instance_01296,Aborted,0.0
3321,cladder,Bentel rockers__qwen3.5-4b__Bentel_iter_3,full_v1.5_default,instance_01296,Lose,1.0
3322,cladder,Bentel rockers__qwen3.5-4b__Bentel_iter_3,full_v1.5_default,instance_01296,Success,0.0
3323,cladder,Bentel rockers__qwen3.5-4b__Bentel_iter_3,full_v1.5_default,instance_01296,Request Count,1.0
3324,cladder,Bentel rockers__qwen3.5-4b__Bentel_iter_3,full_v1.5_default,instance_01296,Parsed Request Count,1.0
3325,cladder,Bentel rockers__qwen3.5-4b__Bentel_iter_3,full_v1.5_default,instance_01296,Violated Request Count,0.0
3326,cladder,Bentel rockers__qwen3.5-4b__Bentel_iter_3,full_v1.5_default,instance_01296,Request Success Ratio,1.0
3327,cladder,Bentel rockers__qwen3.5-4b__Bentel_iter_3,full_v1.5_default,instance_01296,Main Score,0.0
3328,cladder,Bentel rockers__qwen3.5-4b__Bentel_iter_3,full_v1.5_default,instance_09783,Aborted,0.0
3329,cladder,Bentel rockers__qwen3.5-4b__Bentel_iter_3,full_v1.5_default,instance_09783,Lose,1.0
3330,cladder,Bentel rockers__qwen3.5-4b__Bentel_iter_3,full_v1.5_default,instance_09783,Success,0.0
3331,cladder,Bentel rockers__qwen3.5-4b__Bentel_iter_3,full_v1.5_default,instance_09783,Request Count,1.0
3332,cladder,Bentel rockers__qwen3.5-4b__Bentel_iter_3,full_v1.5_default,instance_09783,Parsed Request Count,1.0
3333,cladder,Bentel rockers__qwen3.5-4b__Bentel_iter_3,full_v1.5_default,instance_09783,Violated Request Count,0.0
3334,cladder,Bentel rockers__qwen3.5-4b__Bentel_iter_3,full_v1.5_default,instance_09783,Request Success Ratio,1.0
3335,cladder,Bentel rockers__qwen3.5-4b__Bentel_iter_3,full_v1.5_default,instance_09783,Main Score,0.0
3336,cladder,Bentel rockers__qwen3.5-4b__Bentel_iter_3,full_v1.5_default,instance_02017,Aborted,0.0
3337,cladder,Bentel rockers__qwen3.5-4b__Bentel_iter_3,full_v1.5_default,instance_02017,Lose,0.0
3338,cladder,Bentel rockers__qwen3.5-4b__Bentel_iter_3,full_v1.5_default,instance_02017,Success,1.0
3339,cladder,Bentel rockers__qwen3.5-4b__Bentel_iter_3,full_v1.5_default,instance_02017,Request Count,1.0
3340,cladder,Bentel rockers__qwen3.5-4b__Bentel_iter_3,full_v1.5_default,instance_02017,Parsed Request Count,1.0
3341,cladder,Bentel rockers__qwen3.5-4b__Bentel_iter_3,full_v1.5_default,instance_02017,Violated Request Count,0.0
3342,cladder,Bentel rockers__qwen3.5-4b__Bentel_iter_3,full_v1.5_default,instance_02017,Request Success Ratio,1.0
3343,cladder,Bentel rockers__qwen3.5-4b__Bentel_iter_3,full_v1.5_default,instance_02017,Main Score,100.0
3344,cladder,Bentel rockers__qwen3.5-4b__Bentel_iter_3,full_v1.5_default,instance_01736,Aborted,0.0
3345,cladder,Bentel rockers__qwen3.5-4b__Bentel_iter_3,full_v1.5_default,instance_01736,Lose,0.0
3346,cladder,Bentel rockers__qwen3.5-4b__Bentel_iter_3,full_v1.5_default,instance_01736,Success,1.0
3347,cladder,Bentel rockers__qwen3.5-4b__Bentel_iter_3,full_v1.5_default,instance_01736,Request Count,1.0
3348,cladder,Bentel rockers__qwen3.5-4b__Bentel_iter_3,full_v1.5_default,instance_01736,Parsed Request Count,1.0
3349,cladder,Bentel rockers__qwen3.5-4b__Bentel_iter_3,full_v1.5_default,instance_01736,Violated Request Count,0.0
3350,cladder,Bentel rockers__qwen3.5-4b__Bentel_iter_3,full_v1.5_default,instance_01736,Request Success Ratio,1.0
3351,cladder,Bentel rockers__qwen3.5-4b__Bentel_iter_3,full_v1.5_default,instance_01736,Main Score,100.0
3352,cladder,Bentel rockers__qwen3.5-4b__Bentel_iter_3,full_v1.5_default,instance_01442,Aborted,0.0
3353,cladder,Bentel rockers__qwen3.5-4b__Bentel_iter_3,full_v1.5_default,instance_01442,Lose,0.0
3354,cladder,Bentel rockers__qwen3.5-4b__Bentel_iter_3,full_v1.5_default,instance_01442,Success,1.0
3355,cladder,Bentel rockers__qwen3.5-4b__Bentel_iter_3,full_v1.5_default,instance_01442,Request Count,1.0
3356,cladder,Bentel rockers__qwen3.5-4b__Bentel_iter_3,full_v1.5_default,instance_01442,Parsed Request Count,1.0
3357,cladder,Bentel rockers__qwen3.5-4b__Bentel_iter_3,full_v1.5_default,instance_01442,Violated Request Count,0.0
3358,cladder,Bentel rockers__qwen3.5-4b__Bentel_iter_3,full_v1.5_default,instance_01442,Request Success Ratio,1.0
3359,cladder,Bentel rockers__qwen3.5-4b__Bentel_iter_3,full_v1.5_default,instance_01442,Main Score,100.0
3360,cladder,Bentel rockers__qwen3.5-4b__Bentel_iter_3,full_v1.5_default,instance_02151,Aborted,0.0
3361,cladder,Bentel rockers__qwen3.5-4b__Bentel_iter_3,full_v1.5_default,instance_02151,Lose,0.0
3362,cladder,Bentel rockers__qwen3.5-4b__Bentel_iter_3,full_v1.5_default,instance_02151,Success,1.0
3363,cladder,Bentel rockers__qwen3.5-4b__Bentel_iter_3,full_v1.5_default,instance_02151,Request Count,1.0
3364,cladder,Bentel rockers__qwen3.5-4b__Bentel_iter_3,full_v1.5_default,instance_02151,Parsed Request Count,1.0
3365,cladder,Bentel rockers__qwen3.5-4b__Bentel_iter_3,full_v1.5_default,instance_02151,Violated Request Count,0.0
3366,cladder,Bentel rockers__qwen3.5-4b__Bentel_iter_3,full_v1.5_default,instance_02151,Request Success Ratio,1.0
3367,cladder,Bentel rockers__qwen3.5-4b__Bentel_iter_3,full_v1.5_default,instance_02151,Main Score,100.0
3368,cladder,Bentel rockers__qwen3.5-4b__Bentel_iter_3,full_v1.5_default,instance_01437,Aborted,0.0
3369,cladder,Bentel rockers__qwen3.5-4b__Bentel_iter_3,full_v1.5_default,instance_01437,Lose,0.0
3370,cladder,Bentel rockers__qwen3.5-4b__Bentel_iter_3,full_v1.5_default,instance_01437,Success,1.0
3371,cladder,Bentel rockers__qwen3.5-4b__Bentel_iter_3,full_v1.5_default,instance_01437,Request Count,1.0
3372,cladder,Bentel rockers__qwen3.5-4b__Bentel_iter_3,full_v1.5_default,instance_01437,Parsed Request Count,1.0
3373,cladder,Bentel rockers__qwen3.5-4b__Bentel_iter_3,full_v1.5_default,instance_01437,Violated Request Count,0.0
3374,cladder,Bentel rockers__qwen3.5-4b__Bentel_iter_3,full_v1.5_default,instance_01437,Request Success Ratio,1.0
3375,cladder,Bentel rockers__qwen3.5-4b__Bentel_iter_3,full_v1.5_default,instance_01437,Main Score,100.0
3376,cladder,Bentel rockers__qwen3.5-4b__Bentel_iter_3,full_v1.5_default,instance_03483,Aborted,0.0
3377,cladder,Bentel rockers__qwen3.5-4b__Bentel_iter_3,full_v1.5_default,instance_03483,Lose,1.0
3378,cladder,Bentel rockers__qwen3.5-4b__Bentel_iter_3,full_v1.5_default,instance_03483,Success,0.0
3379,cladder,Bentel rockers__qwen3.5-4b__Bentel_iter_3,full_v1.5_default,instance_03483,Request Count,1.0
3380,cladder,Bentel rockers__qwen3.5-4b__Bentel_iter_3,full_v1.5_default,instance_03483,Parsed Request Count,1.0
3381,cladder,Bentel rockers__qwen3.5-4b__Bentel_iter_3,full_v1.5_default,instance_03483,Violated Request Count,0.0
3382,cladder,Bentel rockers__qwen3.5-4b__Bentel_iter_3,full_v1.5_default,instance_03483,Request Success Ratio,1.0
3383,cladder,Bentel rockers__qwen3.5-4b__Bentel_iter_3,full_v1.5_default,instance_03483,Main Score,0.0
3384,cladder,Bentel rockers__qwen3.5-4b__Bentel_iter_3,full_v1.5_default,instance_06801,Aborted,0.0
3385,cladder,Bentel rockers__qwen3.5-4b__Bentel_iter_3,full_v1.5_default,instance_06801,Lose,1.0
3386,cladder,Bentel rockers__qwen3.5-4b__Bentel_iter_3,full_v1.5_default,instance_06801,Success,0.0
3387,cladder,Bentel rockers__qwen3.5-4b__Bentel_iter_3,full_v1.5_default,instance_06801,Request Count,1.0
3388,cladder,Bentel rockers__qwen3.5-4b__Bentel_iter_3,full_v1.5_default,instance_06801,Parsed Request Count,1.0
3389,cladder,Bentel rockers__qwen3.5-4b__Bentel_iter_3,full_v1.5_default,instance_06801,Violated Request Count,0.0
3390,cladder,Bentel rockers__qwen3.5-4b__Bentel_iter_3,full_v1.5_default,instance_06801,Request Success Ratio,1.0
3391,cladder,Bentel rockers__qwen3.5-4b__Bentel_iter_3,full_v1.5_default,instance_06801,Main Score,0.0
3392,cladder,Bentel rockers__qwen3.5-4b__Bentel_iter_3,full_v1.5_default,instance_04591,Aborted,0.0
3393,cladder,Bentel rockers__qwen3.5-4b__Bentel_iter_3,full_v1.5_default,instance_04591,Lose,0.0
3394,cladder,Bentel rockers__qwen3.5-4b__Bentel_iter_3,full_v1.5_default,instance_04591,Success,1.0
3395,cladder,Bentel rockers__qwen3.5-4b__Bentel_iter_3,full_v1.5_default,instance_04591,Request Count,1.0
3396,cladder,Bentel rockers__qwen3.5-4b__Bentel_iter_3,full_v1.5_default,instance_04591,Parsed Request Count,1.0
3397,cladder,Bentel rockers__qwen3.5-4b__Bentel_iter_3,full_v1.5_default,instance_04591,Violated Request Count,0.0
3398,cladder,Bentel rockers__qwen3.5-4b__Bentel_iter_3,full_v1.5_default,instance_04591,Request Success Ratio,1.0
3399,cladder,Bentel rockers__qwen3.5-4b__Bentel_iter_3,full_v1.5_default,instance_04591,Main Score,100.0
3400,cladder,Bentel rockers__qwen3.5-4b__Bentel_iter_3,full_v1.5_default,instance_08089,Aborted,0.0
3401,cladder,Bentel rockers__qwen3.5-4b__Bentel_iter_3,full_v1.5_default,instance_08089,Lose,1.0
3402,cladder,Bentel rockers__qwen3.5-4b__Bentel_iter_3,full_v1.5_default,instance_08089,Success,0.0
3403,cladder,Bentel rockers__qwen3.5-4b__Bentel_iter_3,full_v1.5_default,instance_08089,Request Count,1.0
3404,cladder,Bentel rockers__qwen3.5-4b__Bentel_iter_3,full_v1.5_default,instance_08089,Parsed Request Count,1.0
3405,cladder,Bentel rockers__qwen3.5-4b__Bentel_iter_3,full_v1.5_default,instance_08089,Violated Request Count,0.0
3406,cladder,Bentel rockers__qwen3.5-4b__Bentel_iter_3,full_v1.5_default,instance_08089,Request Success Ratio,1.0
3407,cladder,Bentel rockers__qwen3.5-4b__Bentel_iter_3,full_v1.5_default,instance_08089,Main Score,0.0
3408,cladder,Bentel rockers__qwen3.5-4b__Bentel_iter_3,full_v1.5_default,instance_04867,Aborted,0.0
3409,cladder,Bentel rockers__qwen3.5-4b__Bentel_iter_3,full_v1.5_default,instance_04867,Lose,0.0
3410,cladder,Bentel rockers__qwen3.5-4b__Bentel_iter_3,full_v1.5_default,instance_04867,Success,1.0
3411,cladder,Bentel rockers__qwen3.5-4b__Bentel_iter_3,full_v1.5_default,instance_04867,Request Count,1.0
3412,cladder,Bentel rockers__qwen3.5-4b__Bentel_iter_3,full_v1.5_default,instance_04867,Parsed Request Count,1.0
3413,cladder,Bentel rockers__qwen3.5-4b__Bentel_iter_3,full_v1.5_default,instance_04867,Violated Request Count,0.0
3414,cladder,Bentel rockers__qwen3.5-4b__Bentel_iter_3,full_v1.5_default,instance_04867,Request Success Ratio,1.0
3415,cladder,Bentel rockers__qwen3.5-4b__Bentel_iter_3,full_v1.5_default,instance_04867,Main Score,100.0
3416,cladder,Bentel rockers__qwen3.5-4b__Bentel_iter_3,full_v1.5_default,instance_05136,Aborted,0.0
3417,cladder,Bentel rockers__qwen3.5-4b__Bentel_iter_3,full_v1.5_default,instance_05136,Lose,0.0
3418,cladder,Bentel rockers__qwen3.5-4b__Bentel_iter_3,full_v1.5_default,instance_05136,Success,1.0
3419,cladder,Bentel rockers__qwen3.5-4b__Bentel_iter_3,full_v1.5_default,instance_05136,Request Count,1.0
3420,cladder,Bentel rockers__qwen3.5-4b__Bentel_iter_3,full_v1.5_default,instance_05136,Parsed Request Count,1.0
3421,cladder,Bentel rockers__qwen3.5-4b__Bentel_iter_3,full_v1.5_default,instance_05136,Violated Request Count,0.0
3422,cladder,Bentel rockers__qwen3.5-4b__Bentel_iter_3,full_v1.5_default,instance_05136,Request Success Ratio,1.0
3423,cladder,Bentel rockers__qwen3.5-4b__Bentel_iter_3,full_v1.5_default,instance_05136,Main Score,100.0
3424,cladder,Bentel rockers__qwen3.5-4b__Bentel_iter_3,full_v1.5_default,instance_00687,Aborted,0.0
3425,cladder,Bentel rockers__qwen3.5-4b__Bentel_iter_3,full_v1.5_default,instance_00687,Lose,1.0
3426,cladder,Bentel rockers__qwen3.5-4b__Bentel_iter_3,full_v1.5_default,instance_00687,Success,0.0
3427,cladder,Bentel rockers__qwen3.5-4b__Bentel_iter_3,full_v1.5_default,instance_00687,Request Count,1.0
3428,cladder,Bentel rockers__qwen3.5-4b__Bentel_iter_3,full_v1.5_default,instance_00687,Parsed Request Count,1.0
3429,cladder,Bentel rockers__qwen3.5-4b__Bentel_iter_3,full_v1.5_default,instance_00687,Violated Request Count,0.0
3430,cladder,Bentel rockers__qwen3.5-4b__Bentel_iter_3,full_v1.5_default,instance_00687,Request Success Ratio,1.0
3431,cladder,Bentel rockers__qwen3.5-4b__Bentel_iter_3,full_v1.5_default,instance_00687,Main Score,0.0
3432,cladder,Bentel rockers__qwen3.5-4b__Bentel_iter_3,full_v1.5_default,instance_08235,Aborted,0.0
3433,cladder,Bentel rockers__qwen3.5-4b__Bentel_iter_3,full_v1.5_default,instance_08235,Lose,0.0
3434,cladder,Bentel rockers__qwen3.5-4b__Bentel_iter_3,full_v1.5_default,instance_08235,Success,1.0
3435,cladder,Bentel rockers__qwen3.5-4b__Bentel_iter_3,full_v1.5_default,instance_08235,Request Count,1.0
3436,cladder,Bentel rockers__qwen3.5-4b__Bentel_iter_3,full_v1.5_default,instance_08235,Parsed Request Count,1.0
3437,cladder,Bentel rockers__qwen3.5-4b__Bentel_iter_3,full_v1.5_default,instance_08235,Violated Request Count,0.0
3438,cladder,Bentel rockers__qwen3.5-4b__Bentel_iter_3,full_v1.5_default,instance_08235,Request Success Ratio,1.0
3439,cladder,Bentel rockers__qwen3.5-4b__Bentel_iter_3,full_v1.5_default,instance_08235,Main Score,100.0
3440,mmlu_pro,Bentel rockers__qwen3.5-4b__Bentel_iter_3,mmlu_pro_business,instance_00149,Played,1.0
3441,mmlu_pro,Bentel rockers__qwen3.5-4b__Bentel_iter_3,mmlu_pro_business,instance_00107,Played,1.0
3442,mmlu_pro,Bentel rockers__qwen3.5-4b__Bentel_iter_3,mmlu_pro_business,instance_00681,Played,1.0
3443,mmlu_pro,Bentel rockers__qwen3.5-4b__Bentel_iter_3,mmlu_pro_business,instance_00375,Played,1.0
3444,mmlu_pro,Bentel rockers__qwen3.5-4b__Bentel_iter_3,mmlu_pro_business,instance_00495,Played,1.0
3445,mmlu_pro,Bentel rockers__qwen3.5-4b__Bentel_iter_3,mmlu_pro_business,instance_00740,Played,1.0
3446,mmlu_pro,Bentel rockers__qwen3.5-4b__Bentel_iter_3,mmlu_pro_business,instance_00346,Played,1.0
3447,mmlu_pro,Bentel rockers__qwen3.5-4b__Bentel_iter_3,mmlu_pro_chemistry,instance_00288,Played,1.0
3448,mmlu_pro,Bentel rockers__qwen3.5-4b__Bentel_iter_3,mmlu_pro_chemistry,instance_00362,Played,1.0
3449,mmlu_pro,Bentel rockers__qwen3.5-4b__Bentel_iter_3,mmlu_pro_chemistry,instance_01094,Played,1.0
3450,mmlu_pro,Bentel rockers__qwen3.5-4b__Bentel_iter_3,mmlu_pro_chemistry,instance_00973,Played,1.0
3451,mmlu_pro,Bentel rockers__qwen3.5-4b__Bentel_iter_3,mmlu_pro_chemistry,instance_00290,Played,1.0
3452,mmlu_pro,Bentel rockers__qwen3.5-4b__Bentel_iter_3,mmlu_pro_chemistry,instance_00890,Played,1.0
3453,mmlu_pro,Bentel rockers__qwen3.5-4b__Bentel_iter_3,mmlu_pro_chemistry,instance_00565,Played,1.0
3454,mmlu_pro,Bentel rockers__qwen3.5-4b__Bentel_iter_3,mmlu_pro_chemistry,instance_00595,Played,1.0
3455,mmlu_pro,Bentel rockers__qwen3.5-4b__Bentel_iter_3,mmlu_pro_chemistry,instance_00002,Played,1.0
3456,mmlu_pro,Bentel rockers__qwen3.5-4b__Bentel_iter_3,mmlu_pro_chemistry,instance_01025,Played,1.0
3457,mmlu_pro,Bentel rockers__qwen3.5-4b__Bentel_iter_3,mmlu_pro_chemistry,instance_01090,Played,1.0
3458,mmlu_pro,Bentel rockers__qwen3.5-4b__Bentel_iter_3,mmlu_pro_biology,instance_00004,Played,1.0
3459,mmlu_pro,Bentel rockers__qwen3.5-4b__Bentel_iter_3,mmlu_pro_biology,instance_00374,Played,1.0
3460,mmlu_pro,Bentel rockers__qwen3.5-4b__Bentel_iter_3,mmlu_pro_biology,instance_00076,Played,1.0
3461,mmlu_pro,Bentel rockers__qwen3.5-4b__Bentel_iter_3,mmlu_pro_biology,instance_00640,Played,1.0
3462,mmlu_pro,Bentel rockers__qwen3.5-4b__Bentel_iter_3,mmlu_pro_biology,instance_00154,Played,1.0
3463,mmlu_pro,Bentel rockers__qwen3.5-4b__Bentel_iter_3,mmlu_pro_biology,instance_00130,Played,1.0
3464,mmlu_pro,Bentel rockers__qwen3.5-4b__Bentel_iter_3,mmlu_pro_biology,instance_00152,Played,1.0
3465,mmlu_pro,Bentel rockers__qwen3.5-4b__Bentel_iter_3,mmlu_pro_computer_science,instance_00145,Played,1.0
3466,mmlu_pro,Bentel rockers__qwen3.5-4b__Bentel_iter_3,mmlu_pro_computer_science,instance_00084,Played,1.0
3467,mmlu_pro,Bentel rockers__qwen3.5-4b__Bentel_iter_3,mmlu_pro_computer_science,instance_00022,Played,1.0
3468,mmlu_pro,Bentel rockers__qwen3.5-4b__Bentel_iter_3,mmlu_pro_computer_science,instance_00299,Played,1.0
3469,mmlu_pro,Bentel rockers__qwen3.5-4b__Bentel_iter_3,mmlu_pro_economics,instance_00639,Played,1.0
3470,mmlu_pro,Bentel rockers__qwen3.5-4b__Bentel_iter_3,mmlu_pro_economics,instance_00778,Played,1.0
3471,mmlu_pro,Bentel rockers__qwen3.5-4b__Bentel_iter_3,mmlu_pro_economics,instance_00202,Played,1.0
3472,mmlu_pro,Bentel rockers__qwen3.5-4b__Bentel_iter_3,mmlu_pro_economics,instance_00681,Played,1.0
3473,mmlu_pro,Bentel rockers__qwen3.5-4b__Bentel_iter_3,mmlu_pro_economics,instance_00372,Played,1.0
3474,mmlu_pro,Bentel rockers__qwen3.5-4b__Bentel_iter_3,mmlu_pro_economics,instance_00171,Played,1.0
3475,mmlu_pro,Bentel rockers__qwen3.5-4b__Bentel_iter_3,mmlu_pro_economics,instance_00139,Played,1.0
3476,mmlu_pro,Bentel rockers__qwen3.5-4b__Bentel_iter_3,mmlu_pro_economics,instance_00222,Played,1.0
3477,mmlu_pro,Bentel rockers__qwen3.5-4b__Bentel_iter_3,mmlu_pro_engineering,instance_00763,Played,1.0
3478,mmlu_pro,Bentel rockers__qwen3.5-4b__Bentel_iter_3,mmlu_pro_engineering,instance_00911,Played,1.0
3479,mmlu_pro,Bentel rockers__qwen3.5-4b__Bentel_iter_3,mmlu_pro_engineering,instance_00863,Played,1.0
3480,mmlu_pro,Bentel rockers__qwen3.5-4b__Bentel_iter_3,mmlu_pro_engineering,instance_00440,Played,1.0
3481,mmlu_pro,Bentel rockers__qwen3.5-4b__Bentel_iter_3,mmlu_pro_engineering,instance_00065,Played,1.0
3482,mmlu_pro,Bentel rockers__qwen3.5-4b__Bentel_iter_3,mmlu_pro_engineering,instance_00817,Played,1.0
3483,mmlu_pro,Bentel rockers__qwen3.5-4b__Bentel_iter_3,mmlu_pro_engineering,instance_00773,Played,1.0
3484,mmlu_pro,Bentel rockers__qwen3.5-4b__Bentel_iter_3,mmlu_pro_engineering,instance_00585,Played,1.0
3485,mmlu_pro,Bentel rockers__qwen3.5-4b__Bentel_iter_3,mmlu_pro_engineering,instance_00029,Played,1.0
3486,mmlu_pro,Bentel rockers__qwen3.5-4b__Bentel_iter_3,mmlu_pro_other,instance_00535,Played,1.0
3487,mmlu_pro,Bentel rockers__qwen3.5-4b__Bentel_iter_3,mmlu_pro_other,instance_00315,Played,1.0
3488,mmlu_pro,Bentel rockers__qwen3.5-4b__Bentel_iter_3,mmlu_pro_other,instance_00099,Played,1.0
3489,mmlu_pro,Bentel rockers__qwen3.5-4b__Bentel_iter_3,mmlu_pro_other,instance_00084,Played,1.0
3490,mmlu_pro,Bentel rockers__qwen3.5-4b__Bentel_iter_3,mmlu_pro_other,instance_00324,Played,1.0
3491,mmlu_pro,Bentel rockers__qwen3.5-4b__Bentel_iter_3,mmlu_pro_other,instance_00020,Played,1.0
3492,mmlu_pro,Bentel rockers__qwen3.5-4b__Bentel_iter_3,mmlu_pro_other,instance_00511,Played,1.0
3493,mmlu_pro,Bentel rockers__qwen3.5-4b__Bentel_iter_3,mmlu_pro_other,instance_00101,Played,1.0
3494,mmlu_pro,Bentel rockers__qwen3.5-4b__Bentel_iter_3,mmlu_pro_other,instance_00163,Played,1.0
3495,mmlu_pro,Bentel rockers__qwen3.5-4b__Bentel_iter_3,mmlu_pro_law,instance_00011,Played,1.0
3496,mmlu_pro,Bentel rockers__qwen3.5-4b__Bentel_iter_3,mmlu_pro_law,instance_00419,Played,1.0
3497,mmlu_pro,Bentel rockers__qwen3.5-4b__Bentel_iter_3,mmlu_pro_law,instance_00933,Played,1.0
3498,mmlu_pro,Bentel rockers__qwen3.5-4b__Bentel_iter_3,mmlu_pro_law,instance_00474,Played,1.0
3499,mmlu_pro,Bentel rockers__qwen3.5-4b__Bentel_iter_3,mmlu_pro_law,instance_00211,Played,1.0
3500,mmlu_pro,Bentel rockers__qwen3.5-4b__Bentel_iter_3,mmlu_pro_law,instance_00203,Played,1.0
3501,mmlu_pro,Bentel rockers__qwen3.5-4b__Bentel_iter_3,mmlu_pro_law,instance_00901,Played,1.0
3502,mmlu_pro,Bentel rockers__qwen3.5-4b__Bentel_iter_3,mmlu_pro_law,instance_00783,Played,1.0
3503,mmlu_pro,Bentel rockers__qwen3.5-4b__Bentel_iter_3,mmlu_pro_law,instance_00697,Played,1.0
3504,mmlu_pro,Bentel rockers__qwen3.5-4b__Bentel_iter_3,mmlu_pro_law,instance_00139,Played,1.0
3505,mmlu_pro,Bentel rockers__qwen3.5-4b__Bentel_iter_3,mmlu_pro_law,instance_00981,Played,1.0
3506,mmlu_pro,Bentel rockers__qwen3.5-4b__Bentel_iter_3,mmlu_pro_psychology,instance_00554,Played,1.0
3507,mmlu_pro,Bentel rockers__qwen3.5-4b__Bentel_iter_3,mmlu_pro_psychology,instance_00024,Played,1.0
3508,mmlu_pro,Bentel rockers__qwen3.5-4b__Bentel_iter_3,mmlu_pro_psychology,instance_00539,Played,1.0
3509,mmlu_pro,Bentel rockers__qwen3.5-4b__Bentel_iter_3,mmlu_pro_psychology,instance_00505,Played,1.0
3510,mmlu_pro,Bentel rockers__qwen3.5-4b__Bentel_iter_3,mmlu_pro_psychology,instance_00612,Played,1.0
3511,mmlu_pro,Bentel rockers__qwen3.5-4b__Bentel_iter_3,mmlu_pro_psychology,instance_00257,Played,1.0
3512,mmlu_pro,Bentel rockers__qwen3.5-4b__Bentel_iter_3,mmlu_pro_psychology,instance_00734,Played,1.0
3513,mmlu_pro,Bentel rockers__qwen3.5-4b__Bentel_iter_3,mmlu_pro_math,instance_00245,Played,1.0
3514,mmlu_pro,Bentel rockers__qwen3.5-4b__Bentel_iter_3,mmlu_pro_math,instance_00610,Played,1.0
3515,mmlu_pro,Bentel rockers__qwen3.5-4b__Bentel_iter_3,mmlu_pro_math,instance_00868,Played,1.0
3516,mmlu_pro,Bentel rockers__qwen3.5-4b__Bentel_iter_3,mmlu_pro_math,instance_00624,Played,1.0
3517,mmlu_pro,Bentel rockers__qwen3.5-4b__Bentel_iter_3,mmlu_pro_math,instance_00336,Played,1.0
3518,mmlu_pro,Bentel rockers__qwen3.5-4b__Bentel_iter_3,mmlu_pro_math,instance_00115,Played,1.0
3519,mmlu_pro,Bentel rockers__qwen3.5-4b__Bentel_iter_3,mmlu_pro_math,instance_00767,Played,1.0
3520,mmlu_pro,Bentel rockers__qwen3.5-4b__Bentel_iter_3,mmlu_pro_math,instance_00270,Played,1.0
3521,mmlu_pro,Bentel rockers__qwen3.5-4b__Bentel_iter_3,mmlu_pro_math,instance_00973,Played,1.0
3522,mmlu_pro,Bentel rockers__qwen3.5-4b__Bentel_iter_3,mmlu_pro_math,instance_00112,Played,1.0
3523,mmlu_pro,Bentel rockers__qwen3.5-4b__Bentel_iter_3,mmlu_pro_math,instance_01296,Played,1.0
3524,mmlu_pro,Bentel rockers__qwen3.5-4b__Bentel_iter_3,mmlu_pro_math,instance_00546,Played,1.0
3525,mmlu_pro,Bentel rockers__qwen3.5-4b__Bentel_iter_3,mmlu_pro_math,instance_00574,Played,1.0
3526,mmlu_pro,Bentel rockers__qwen3.5-4b__Bentel_iter_3,mmlu_pro_philosophy,instance_00009,Played,1.0
3527,mmlu_pro,Bentel rockers__qwen3.5-4b__Bentel_iter_3,mmlu_pro_philosophy,instance_00250,Played,1.0
3528,mmlu_pro,Bentel rockers__qwen3.5-4b__Bentel_iter_3,mmlu_pro_philosophy,instance_00124,Played,1.0
3529,mmlu_pro,Bentel rockers__qwen3.5-4b__Bentel_iter_3,mmlu_pro_philosophy,instance_00421,Played,1.0
3530,mmlu_pro,Bentel rockers__qwen3.5-4b__Bentel_iter_3,mmlu_pro_history,instance_00066,Played,1.0
3531,mmlu_pro,Bentel rockers__qwen3.5-4b__Bentel_iter_3,mmlu_pro_history,instance_00250,Played,1.0
3532,mmlu_pro,Bentel rockers__qwen3.5-4b__Bentel_iter_3,mmlu_pro_history,instance_00109,Played,1.0
3533,mmlu_pro,Bentel rockers__qwen3.5-4b__Bentel_iter_3,mmlu_pro_health,instance_00009,Played,1.0
3534,mmlu_pro,Bentel rockers__qwen3.5-4b__Bentel_iter_3,mmlu_pro_health,instance_00643,Played,1.0
3535,mmlu_pro,Bentel rockers__qwen3.5-4b__Bentel_iter_3,mmlu_pro_health,instance_00174,Played,1.0
3536,mmlu_pro,Bentel rockers__qwen3.5-4b__Bentel_iter_3,mmlu_pro_health,instance_00284,Played,1.0
3537,mmlu_pro,Bentel rockers__qwen3.5-4b__Bentel_iter_3,mmlu_pro_health,instance_00390,Played,1.0
3538,mmlu_pro,Bentel rockers__qwen3.5-4b__Bentel_iter_3,mmlu_pro_health,instance_00078,Played,1.0
3539,mmlu_pro,Bentel rockers__qwen3.5-4b__Bentel_iter_3,mmlu_pro_health,instance_00702,Played,1.0
3540,mmlu_pro,Bentel rockers__qwen3.5-4b__Bentel_iter_3,mmlu_pro_health,instance_00057,Played,1.0
3541,mmlu_pro,Bentel rockers__qwen3.5-4b__Bentel_iter_3,mmlu_pro_physics,instance_00244,Played,1.0
3542,mmlu_pro,Bentel rockers__qwen3.5-4b__Bentel_iter_3,mmlu_pro_physics,instance_01035,Played,1.0
3543,mmlu_pro,Bentel rockers__qwen3.5-4b__Bentel_iter_3,mmlu_pro_physics,instance_00597,Played,1.0
3544,mmlu_pro,Bentel rockers__qwen3.5-4b__Bentel_iter_3,mmlu_pro_physics,instance_00187,Played,1.0
3545,mmlu_pro,Bentel rockers__qwen3.5-4b__Bentel_iter_3,mmlu_pro_physics,instance_00887,Played,1.0
3546,mmlu_pro,Bentel rockers__qwen3.5-4b__Bentel_iter_3,mmlu_pro_physics,instance_01217,Played,1.0
3547,mmlu_pro,Bentel rockers__qwen3.5-4b__Bentel_iter_3,mmlu_pro_physics,instance_00406,Played,1.0
3548,mmlu_pro,Bentel rockers__qwen3.5-4b__Bentel_iter_3,mmlu_pro_physics,instance_00841,Played,1.0
3549,mmlu_pro,Bentel rockers__qwen3.5-4b__Bentel_iter_3,mmlu_pro_physics,instance_00130,Played,1.0
3550,mmlu_pro,Bentel rockers__qwen3.5-4b__Bentel_iter_3,mmlu_pro_physics,instance_00988,Played,1.0
3551,mmlu_pro,Bentel rockers__qwen3.5-4b__Bentel_iter_3,mmlu_pro_physics,instance_00546,Played,1.0
3552,mmlu_pro,Bentel rockers__qwen3.5-4b__Bentel_iter_3,mmlu_pro_physics,instance_01263,Played,1.0
3553,bbh,Bentel rockers__qwen3.5-4b__Bentel_iter_3,hyperbaton,instance_00155,Played,1.0
3554,bbh,Bentel rockers__qwen3.5-4b__Bentel_iter_3,hyperbaton,instance_00150,Played,1.0
3555,bbh,Bentel rockers__qwen3.5-4b__Bentel_iter_3,hyperbaton,instance_00056,Played,1.0
3556,bbh,Bentel rockers__qwen3.5-4b__Bentel_iter_3,hyperbaton,instance_00104,Played,1.0
3557,bbh,Bentel rockers__qwen3.5-4b__Bentel_iter_3,hyperbaton,instance_00148,Played,1.0
3558,bbh,Bentel rockers__qwen3.5-4b__Bentel_iter_3,tracking_shuffled_objects_three_objects,instance_00008,Played,1.0
3559,bbh,Bentel rockers__qwen3.5-4b__Bentel_iter_3,tracking_shuffled_objects_three_objects,instance_00075,Played,1.0
3560,bbh,Bentel rockers__qwen3.5-4b__Bentel_iter_3,tracking_shuffled_objects_three_objects,instance_00058,Played,1.0
3561,bbh,Bentel rockers__qwen3.5-4b__Bentel_iter_3,tracking_shuffled_objects_three_objects,instance_00158,Played,1.0
3562,bbh,Bentel rockers__qwen3.5-4b__Bentel_iter_3,tracking_shuffled_objects_three_objects,instance_00241,Played,1.0
3563,bbh,Bentel rockers__qwen3.5-4b__Bentel_iter_3,web_of_lies,instance_00150,Played,1.0
3564,bbh,Bentel rockers__qwen3.5-4b__Bentel_iter_3,web_of_lies,instance_00223,Played,1.0
3565,bbh,Bentel rockers__qwen3.5-4b__Bentel_iter_3,web_of_lies,instance_00226,Played,1.0
3566,bbh,Bentel rockers__qwen3.5-4b__Bentel_iter_3,web_of_lies,instance_00151,Played,1.0
3567,bbh,Bentel rockers__qwen3.5-4b__Bentel_iter_3,web_of_lies,instance_00152,Played,1.0
3568,bbh,Bentel rockers__qwen3.5-4b__Bentel_iter_3,logical_deduction_five_objects,instance_00166,Played,1.0
3569,bbh,Bentel rockers__qwen3.5-4b__Bentel_iter_3,logical_deduction_five_objects,instance_00126,Played,1.0
3570,bbh,Bentel rockers__qwen3.5-4b__Bentel_iter_3,logical_deduction_five_objects,instance_00024,Played,1.0
3571,bbh,Bentel rockers__qwen3.5-4b__Bentel_iter_3,logical_deduction_five_objects,instance_00104,Played,1.0
3572,bbh,Bentel rockers__qwen3.5-4b__Bentel_iter_3,logical_deduction_five_objects,instance_00072,Played,1.0
3573,bbh,Bentel rockers__qwen3.5-4b__Bentel_iter_3,tracking_shuffled_objects_seven_objects,instance_00114,Played,1.0
3574,bbh,Bentel rockers__qwen3.5-4b__Bentel_iter_3,tracking_shuffled_objects_seven_objects,instance_00160,Played,1.0
3575,bbh,Bentel rockers__qwen3.5-4b__Bentel_iter_3,tracking_shuffled_objects_seven_objects,instance_00088,Played,1.0
3576,bbh,Bentel rockers__qwen3.5-4b__Bentel_iter_3,tracking_shuffled_objects_seven_objects,instance_00007,Played,1.0
3577,bbh,Bentel rockers__qwen3.5-4b__Bentel_iter_3,tracking_shuffled_objects_seven_objects,instance_00074,Played,1.0
3578,bbh,Bentel rockers__qwen3.5-4b__Bentel_iter_3,salient_translation_error_detection,instance_00227,Played,1.0
3579,bbh,Bentel rockers__qwen3.5-4b__Bentel_iter_3,salient_translation_error_detection,instance_00215,Played,1.0
3580,bbh,Bentel rockers__qwen3.5-4b__Bentel_iter_3,salient_translation_error_detection,instance_00140,Played,1.0
3581,bbh,Bentel rockers__qwen3.5-4b__Bentel_iter_3,salient_translation_error_detection,instance_00097,Played,1.0
3582,bbh,Bentel rockers__qwen3.5-4b__Bentel_iter_3,salient_translation_error_detection,instance_00046,Played,1.0
3583,bbh,Bentel rockers__qwen3.5-4b__Bentel_iter_3,reasoning_about_colored_objects,instance_00173,Played,1.0
3584,bbh,Bentel rockers__qwen3.5-4b__Bentel_iter_3,reasoning_about_colored_objects,instance_00223,Played,1.0
3585,bbh,Bentel rockers__qwen3.5-4b__Bentel_iter_3,reasoning_about_colored_objects,instance_00077,Played,1.0
3586,bbh,Bentel rockers__qwen3.5-4b__Bentel_iter_3,reasoning_about_colored_objects,instance_00003,Played,1.0
3587,bbh,Bentel rockers__qwen3.5-4b__Bentel_iter_3,reasoning_about_colored_objects,instance_00018,Played,1.0
3588,bbh,Bentel rockers__qwen3.5-4b__Bentel_iter_3,multistep_arithmetic_two,instance_00228,Played,1.0
3589,bbh,Bentel rockers__qwen3.5-4b__Bentel_iter_3,multistep_arithmetic_two,instance_00030,Played,1.0
3590,bbh,Bentel rockers__qwen3.5-4b__Bentel_iter_3,multistep_arithmetic_two,instance_00104,Played,1.0
3591,bbh,Bentel rockers__qwen3.5-4b__Bentel_iter_3,multistep_arithmetic_two,instance_00153,Played,1.0
3592,bbh,Bentel rockers__qwen3.5-4b__Bentel_iter_3,multistep_arithmetic_two,instance_00181,Played,1.0
3593,bbh,Bentel rockers__qwen3.5-4b__Bentel_iter_3,logical_deduction_three_objects,instance_00027,Played,1.0
3594,bbh,Bentel rockers__qwen3.5-4b__Bentel_iter_3,logical_deduction_three_objects,instance_00064,Played,1.0
3595,bbh,Bentel rockers__qwen3.5-4b__Bentel_iter_3,logical_deduction_three_objects,instance_00017,Played,1.0
3596,bbh,Bentel rockers__qwen3.5-4b__Bentel_iter_3,logical_deduction_three_objects,instance_00047,Played,1.0
3597,bbh,Bentel rockers__qwen3.5-4b__Bentel_iter_3,logical_deduction_three_objects,instance_00163,Played,1.0
3598,bbh,Bentel rockers__qwen3.5-4b__Bentel_iter_3,disambiguation_qa,instance_00013,Played,1.0
3599,bbh,Bentel rockers__qwen3.5-4b__Bentel_iter_3,disambiguation_qa,instance_00127,Played,1.0
3600,bbh,Bentel rockers__qwen3.5-4b__Bentel_iter_3,disambiguation_qa,instance_00189,Played,1.0
3601,bbh,Bentel rockers__qwen3.5-4b__Bentel_iter_3,disambiguation_qa,instance_00236,Played,1.0
3602,bbh,Bentel rockers__qwen3.5-4b__Bentel_iter_3,disambiguation_qa,instance_00010,Played,1.0
3603,bbh,Bentel rockers__qwen3.5-4b__Bentel_iter_3,boolean_expressions,instance_00034,Played,1.0
3604,bbh,Bentel rockers__qwen3.5-4b__Bentel_iter_3,boolean_expressions,instance_00159,Played,1.0
3605,bbh,Bentel rockers__qwen3.5-4b__Bentel_iter_3,boolean_expressions,instance_00129,Played,1.0
3606,bbh,Bentel rockers__qwen3.5-4b__Bentel_iter_3,boolean_expressions,instance_00118,Played,1.0
3607,bbh,Bentel rockers__qwen3.5-4b__Bentel_iter_3,boolean_expressions,instance_00134,Played,1.0
3608,bbh,Bentel rockers__qwen3.5-4b__Bentel_iter_3,navigate,instance_00079,Played,1.0
3609,bbh,Bentel rockers__qwen3.5-4b__Bentel_iter_3,navigate,instance_00042,Played,1.0
3610,bbh,Bentel rockers__qwen3.5-4b__Bentel_iter_3,navigate,instance_00123,Played,1.0
3611,bbh,Bentel rockers__qwen3.5-4b__Bentel_iter_3,navigate,instance_00151,Played,1.0
3612,bbh,Bentel rockers__qwen3.5-4b__Bentel_iter_3,navigate,instance_00188,Played,1.0
3613,bbh,Bentel rockers__qwen3.5-4b__Bentel_iter_3,movie_recommendation,instance_00213,Played,1.0
3614,bbh,Bentel rockers__qwen3.5-4b__Bentel_iter_3,movie_recommendation,instance_00205,Played,1.0
3615,bbh,Bentel rockers__qwen3.5-4b__Bentel_iter_3,movie_recommendation,instance_00106,Played,1.0
3616,bbh,Bentel rockers__qwen3.5-4b__Bentel_iter_3,movie_recommendation,instance_00188,Played,1.0
3617,bbh,Bentel rockers__qwen3.5-4b__Bentel_iter_3,movie_recommendation,instance_00033,Played,1.0
3618,bbh,Bentel rockers__qwen3.5-4b__Bentel_iter_3,word_sorting,instance_00199,Played,1.0
3619,bbh,Bentel rockers__qwen3.5-4b__Bentel_iter_3,word_sorting,instance_00229,Played,1.0
3620,bbh,Bentel rockers__qwen3.5-4b__Bentel_iter_3,word_sorting,instance_00123,Played,1.0
3621,bbh,Bentel rockers__qwen3.5-4b__Bentel_iter_3,word_sorting,instance_00182,Played,1.0
3622,bbh,Bentel rockers__qwen3.5-4b__Bentel_iter_3,word_sorting,instance_00152,Played,1.0
3623,bbh,Bentel rockers__qwen3.5-4b__Bentel_iter_3,penguins_in_a_table,instance_00145,Played,1.0
3624,bbh,Bentel rockers__qwen3.5-4b__Bentel_iter_3,penguins_in_a_table,instance_00093,Played,1.0
3625,bbh,Bentel rockers__qwen3.5-4b__Bentel_iter_3,formal_fallacies,instance_00223,Played,1.0
3626,bbh,Bentel rockers__qwen3.5-4b__Bentel_iter_3,formal_fallacies,instance_00056,Played,1.0
3627,bbh,Bentel rockers__qwen3.5-4b__Bentel_iter_3,formal_fallacies,instance_00099,Played,1.0
3628,bbh,Bentel rockers__qwen3.5-4b__Bentel_iter_3,formal_fallacies,instance_00143,Played,1.0
3629,bbh,Bentel rockers__qwen3.5-4b__Bentel_iter_3,formal_fallacies,instance_00191,Played,1.0
3630,bbh,Bentel rockers__qwen3.5-4b__Bentel_iter_3,temporal_sequences,instance_00111,Played,1.0
3631,bbh,Bentel rockers__qwen3.5-4b__Bentel_iter_3,temporal_sequences,instance_00072,Played,1.0
3632,bbh,Bentel rockers__qwen3.5-4b__Bentel_iter_3,temporal_sequences,instance_00216,Played,1.0
3633,bbh,Bentel rockers__qwen3.5-4b__Bentel_iter_3,temporal_sequences,instance_00064,Played,1.0
3634,bbh,Bentel rockers__qwen3.5-4b__Bentel_iter_3,temporal_sequences,instance_00247,Played,1.0
3635,bbh,Bentel rockers__qwen3.5-4b__Bentel_iter_3,dyck_languages,instance_00014,Played,1.0
3636,bbh,Bentel rockers__qwen3.5-4b__Bentel_iter_3,dyck_languages,instance_00027,Played,1.0
3637,bbh,Bentel rockers__qwen3.5-4b__Bentel_iter_3,dyck_languages,instance_00070,Played,1.0
3638,bbh,Bentel rockers__qwen3.5-4b__Bentel_iter_3,dyck_languages,instance_00197,Played,1.0
3639,bbh,Bentel rockers__qwen3.5-4b__Bentel_iter_3,dyck_languages,instance_00188,Played,1.0
3640,bbh,Bentel rockers__qwen3.5-4b__Bentel_iter_3,ruin_names,instance_00104,Played,1.0
3641,bbh,Bentel rockers__qwen3.5-4b__Bentel_iter_3,ruin_names,instance_00154,Played,1.0
3642,bbh,Bentel rockers__qwen3.5-4b__Bentel_iter_3,ruin_names,instance_00012,Played,1.0
3643,bbh,Bentel rockers__qwen3.5-4b__Bentel_iter_3,ruin_names,instance_00085,Played,1.0
3644,bbh,Bentel rockers__qwen3.5-4b__Bentel_iter_3,ruin_names,instance_00222,Played,1.0
3645,bbh,Bentel rockers__qwen3.5-4b__Bentel_iter_3,snarks,instance_00113,Played,1.0
3646,bbh,Bentel rockers__qwen3.5-4b__Bentel_iter_3,snarks,instance_00007,Played,1.0
3647,bbh,Bentel rockers__qwen3.5-4b__Bentel_iter_3,snarks,instance_00109,Played,1.0
3648,bbh,Bentel rockers__qwen3.5-4b__Bentel_iter_3,date_understanding,instance_00189,Played,1.0
3649,bbh,Bentel rockers__qwen3.5-4b__Bentel_iter_3,date_understanding,instance_00211,Played,1.0
3650,bbh,Bentel rockers__qwen3.5-4b__Bentel_iter_3,date_understanding,instance_00200,Played,1.0
3651,bbh,Bentel rockers__qwen3.5-4b__Bentel_iter_3,date_understanding,instance_00222,Played,1.0
3652,bbh,Bentel rockers__qwen3.5-4b__Bentel_iter_3,date_understanding,instance_00152,Played,1.0
3653,bbh,Bentel rockers__qwen3.5-4b__Bentel_iter_3,causal_judgement,instance_00072,Played,1.0
3654,bbh,Bentel rockers__qwen3.5-4b__Bentel_iter_3,causal_judgement,instance_00018,Played,1.0
3655,bbh,Bentel rockers__qwen3.5-4b__Bentel_iter_3,causal_judgement,instance_00112,Played,1.0
3656,bbh,Bentel rockers__qwen3.5-4b__Bentel_iter_3,logical_deduction_seven_objects,instance_00116,Played,1.0
3657,bbh,Bentel rockers__qwen3.5-4b__Bentel_iter_3,logical_deduction_seven_objects,instance_00217,Played,1.0
3658,bbh,Bentel rockers__qwen3.5-4b__Bentel_iter_3,logical_deduction_seven_objects,instance_00189,Played,1.0
3659,bbh,Bentel rockers__qwen3.5-4b__Bentel_iter_3,logical_deduction_seven_objects,instance_00055,Played,1.0
3660,bbh,Bentel rockers__qwen3.5-4b__Bentel_iter_3,logical_deduction_seven_objects,instance_00035,Played,1.0
3661,bbh,Bentel rockers__qwen3.5-4b__Bentel_iter_3,object_counting,instance_00110,Played,1.0
3662,bbh,Bentel rockers__qwen3.5-4b__Bentel_iter_3,object_counting,instance_00030,Played,1.0
3663,bbh,Bentel rockers__qwen3.5-4b__Bentel_iter_3,object_counting,instance_00226,Played,1.0
3664,bbh,Bentel rockers__qwen3.5-4b__Bentel_iter_3,object_counting,instance_00017,Played,1.0
3665,bbh,Bentel rockers__qwen3.5-4b__Bentel_iter_3,object_counting,instance_00240,Played,1.0
3666,bbh,Bentel rockers__qwen3.5-4b__Bentel_iter_3,geometric_shapes,instance_00056,Played,1.0
3667,bbh,Bentel rockers__qwen3.5-4b__Bentel_iter_3,geometric_shapes,instance_00104,Played,1.0
3668,bbh,Bentel rockers__qwen3.5-4b__Bentel_iter_3,geometric_shapes,instance_00203,Played,1.0
3669,bbh,Bentel rockers__qwen3.5-4b__Bentel_iter_3,geometric_shapes,instance_00143,Played,1.0
3670,bbh,Bentel rockers__qwen3.5-4b__Bentel_iter_3,geometric_shapes,instance_00124,Played,1.0
3671,bbh,Bentel rockers__qwen3.5-4b__Bentel_iter_3,tracking_shuffled_objects_five_objects,instance_00170,Played,1.0
3672,bbh,Bentel rockers__qwen3.5-4b__Bentel_iter_3,tracking_shuffled_objects_five_objects,instance_00018,Played,1.0
3673,bbh,Bentel rockers__qwen3.5-4b__Bentel_iter_3,tracking_shuffled_objects_five_objects,instance_00135,Played,1.0
3674,bbh,Bentel rockers__qwen3.5-4b__Bentel_iter_3,tracking_shuffled_objects_five_objects,instance_00029,Played,1.0
3675,bbh,Bentel rockers__qwen3.5-4b__Bentel_iter_3,tracking_shuffled_objects_five_objects,instance_00241,Played,1.0
3676,bbh,Bentel rockers__qwen3.5-4b__Bentel_iter_3,sports_understanding,instance_00054,Played,1.0
3677,bbh,Bentel rockers__qwen3.5-4b__Bentel_iter_3,sports_understanding,instance_00225,Played,1.0
3678,bbh,Bentel rockers__qwen3.5-4b__Bentel_iter_3,sports_understanding,instance_00208,Played,1.0
3679,bbh,Bentel rockers__qwen3.5-4b__Bentel_iter_3,sports_understanding,instance_00186,Played,1.0
3680,bbh,Bentel rockers__qwen3.5-4b__Bentel_iter_3,sports_understanding,instance_00031,Played,1.0
3681,ifeval,Bentel rockers__qwen3.5-4b__Bentel_iter_3,ifeval,instance_00457,Played,1.0
3682,ifeval,Bentel rockers__qwen3.5-4b__Bentel_iter_3,ifeval,instance_00389,Played,1.0
3683,ifeval,Bentel rockers__qwen3.5-4b__Bentel_iter_3,ifeval,instance_00287,Played,1.0
3684,ifeval,Bentel rockers__qwen3.5-4b__Bentel_iter_3,ifeval,instance_00030,Played,1.0
3685,ifeval,Bentel rockers__qwen3.5-4b__Bentel_iter_3,ifeval,instance_00027,Played,1.0
3686,ifeval,Bentel rockers__qwen3.5-4b__Bentel_iter_3,ifeval,instance_00144,Played,1.0
3687,ifeval,Bentel rockers__qwen3.5-4b__Bentel_iter_3,ifeval,instance_00218,Played,1.0
3688,ifeval,Bentel rockers__qwen3.5-4b__Bentel_iter_3,ifeval,instance_00425,Played,1.0
3689,ifeval,Bentel rockers__qwen3.5-4b__Bentel_iter_3,ifeval,instance_00535,Played,1.0
3690,ifeval,Bentel rockers__qwen3.5-4b__Bentel_iter_3,ifeval,instance_00136,Played,1.0
3691,ifeval,Bentel rockers__qwen3.5-4b__Bentel_iter_3,ifeval,instance_00183,Played,1.0
3692,ifeval,Bentel rockers__qwen3.5-4b__Bentel_iter_3,ifeval,instance_00417,Played,1.0
3693,ifeval,Bentel rockers__qwen3.5-4b__Bentel_iter_3,ifeval,instance_00071,Played,1.0
3694,ifeval,Bentel rockers__qwen3.5-4b__Bentel_iter_3,ifeval,instance_00255,Played,1.0
3695,ifeval,Bentel rockers__qwen3.5-4b__Bentel_iter_3,ifeval,instance_00114,Played,1.0
3696,ifeval,Bentel rockers__qwen3.5-4b__Bentel_iter_3,ifeval,instance_00482,Played,1.0
3697,ifeval,Bentel rockers__qwen3.5-4b__Bentel_iter_3,ifeval,instance_00295,Played,1.0
3698,ifeval,Bentel rockers__qwen3.5-4b__Bentel_iter_3,ifeval,instance_00104,Played,1.0
3699,ifeval,Bentel rockers__qwen3.5-4b__Bentel_iter_3,ifeval,instance_00517,Played,1.0
3700,ifeval,Bentel rockers__qwen3.5-4b__Bentel_iter_3,ifeval,instance_00153,Played,1.0
3701,ifeval,Bentel rockers__qwen3.5-4b__Bentel_iter_3,ifeval,instance_00185,Played,1.0
3702,ifeval,Bentel rockers__qwen3.5-4b__Bentel_iter_3,ifeval,instance_00054,Played,1.0
3703,ifeval,Bentel rockers__qwen3.5-4b__Bentel_iter_3,ifeval,instance_00003,Played,1.0
3704,ifeval,Bentel rockers__qwen3.5-4b__Bentel_iter_3,ifeval,instance_00140,Played,1.0
3705,ifeval,Bentel rockers__qwen3.5-4b__Bentel_iter_3,ifeval,instance_00469,Played,1.0
3706,ifeval,Bentel rockers__qwen3.5-4b__Bentel_iter_3,ifeval,instance_00504,Played,1.0
3707,ifeval,Bentel rockers__qwen3.5-4b__Bentel_iter_3,ifeval,instance_00294,Played,1.0
3708,ifeval,Bentel rockers__qwen3.5-4b__Bentel_iter_3,ifeval,instance_00332,Played,1.0
3709,ifeval,Bentel rockers__qwen3.5-4b__Bentel_iter_3,ifeval,instance_00376,Played,1.0
3710,ifeval,Bentel rockers__qwen3.5-4b__Bentel_iter_3,ifeval,instance_00176,Played,1.0
3711,ifeval,Bentel rockers__qwen3.5-4b__Bentel_iter_3,ifeval,instance_00051,Played,1.0
3712,ifeval,Bentel rockers__qwen3.5-4b__Bentel_iter_3,ifeval,instance_00297,Played,1.0
3713,ifeval,Bentel rockers__qwen3.5-4b__Bentel_iter_3,ifeval,instance_00489,Played,1.0
3714,ifeval,Bentel rockers__qwen3.5-4b__Bentel_iter_3,ifeval,instance_00335,Played,1.0
3715,ifeval,Bentel rockers__qwen3.5-4b__Bentel_iter_3,ifeval,instance_00053,Played,1.0
3716,ifeval,Bentel rockers__qwen3.5-4b__Bentel_iter_3,ifeval,instance_00052,Played,1.0
3717,ifeval,Bentel rockers__qwen3.5-4b__Bentel_iter_3,ifeval,instance_00309,Played,1.0
3718,ifeval,Bentel rockers__qwen3.5-4b__Bentel_iter_3,ifeval,instance_00179,Played,1.0
3719,ifeval,Bentel rockers__qwen3.5-4b__Bentel_iter_3,ifeval,instance_00177,Played,1.0
3720,ifeval,Bentel rockers__qwen3.5-4b__Bentel_iter_3,ifeval,instance_00430,Played,1.0
3721,ifeval,Bentel rockers__qwen3.5-4b__Bentel_iter_3,ifeval,instance_00064,Played,1.0
3722,ifeval,Bentel rockers__qwen3.5-4b__Bentel_iter_3,ifeval,instance_00514,Played,1.0
3723,ifeval,Bentel rockers__qwen3.5-4b__Bentel_iter_3,ifeval,instance_00092,Played,1.0
3724,ifeval,Bentel rockers__qwen3.5-4b__Bentel_iter_3,ifeval,instance_00010,Played,1.0
3725,ifeval,Bentel rockers__qwen3.5-4b__Bentel_iter_3,ifeval,instance_00073,Played,1.0
3726,ifeval,Bentel rockers__qwen3.5-4b__Bentel_iter_3,ifeval,instance_00112,Played,1.0
3727,ifeval,Bentel rockers__qwen3.5-4b__Bentel_iter_3,ifeval,instance_00240,Played,1.0
3728,ifeval,Bentel rockers__qwen3.5-4b__Bentel_iter_3,ifeval,instance_00230,Played,1.0
3729,ifeval,Bentel rockers__qwen3.5-4b__Bentel_iter_3,ifeval,instance_00446,Played,1.0
3730,ifeval,Bentel rockers__qwen3.5-4b__Bentel_iter_3,ifeval,instance_00212,Played,1.0
3731,ifeval,Bentel rockers__qwen3.5-4b__Bentel_iter_3,ifeval,instance_00323,Played,1.0
3732,ifeval,Bentel rockers__qwen3.5-4b__Bentel_iter_3,ifeval,instance_00263,Played,1.0
3733,ifeval,Bentel rockers__qwen3.5-4b__Bentel_iter_3,ifeval,instance_00390,Played,1.0
3734,ifeval,Bentel rockers__qwen3.5-4b__Bentel_iter_3,ifeval,instance_00439,Played,1.0
3735,eqbench,Bentel rockers__qwen3.5-4b__Bentel_iter_3,eq_bench,instance_00162,Played,1.0
3736,eqbench,Bentel rockers__qwen3.5-4b__Bentel_iter_3,eq_bench,instance_00091,Played,1.0
3737,eqbench,Bentel rockers__qwen3.5-4b__Bentel_iter_3,eq_bench,instance_00116,Played,1.0
3738,eqbench,Bentel rockers__qwen3.5-4b__Bentel_iter_3,eq_bench,instance_00030,Played,1.0
3739,eqbench,Bentel rockers__qwen3.5-4b__Bentel_iter_3,eq_bench,instance_00133,Played,1.0
3740,eqbench,Bentel rockers__qwen3.5-4b__Bentel_iter_3,eq_bench,instance_00155,Played,1.0
3741,eqbench,Bentel rockers__qwen3.5-4b__Bentel_iter_3,eq_bench,instance_00011,Played,1.0
3742,eqbench,Bentel rockers__qwen3.5-4b__Bentel_iter_3,eq_bench,instance_00113,Played,1.0
3743,eqbench,Bentel rockers__qwen3.5-4b__Bentel_iter_3,eq_bench,instance_00146,Played,1.0
3744,eqbench,Bentel rockers__qwen3.5-4b__Bentel_iter_3,eq_bench,instance_00016,Played,1.0
3745,eqbench,Bentel rockers__qwen3.5-4b__Bentel_iter_3,eq_bench,instance_00167,Played,1.0
3746,eqbench,Bentel rockers__qwen3.5-4b__Bentel_iter_3,eq_bench,instance_00114,Played,1.0
3747,eqbench,Bentel rockers__qwen3.5-4b__Bentel_iter_3,eq_bench,instance_00045,Played,1.0
3748,eqbench,Bentel rockers__qwen3.5-4b__Bentel_iter_3,eq_bench,instance_00156,Played,1.0
3749,eqbench,Bentel rockers__qwen3.5-4b__Bentel_iter_3,eq_bench,instance_00147,Played,1.0
3750,eqbench,Bentel rockers__qwen3.5-4b__Bentel_iter_3,eq_bench,instance_00104,Played,1.0
3751,eqbench,Bentel rockers__qwen3.5-4b__Bentel_iter_3,eq_bench,instance_00153,Played,1.0
3752,eqbench,Bentel rockers__qwen3.5-4b__Bentel_iter_3,eq_bench,instance_00128,Played,1.0
3753,eqbench,Bentel rockers__qwen3.5-4b__Bentel_iter_3,eq_bench,instance_00049,Played,1.0
3754,eqbench,Bentel rockers__qwen3.5-4b__Bentel_iter_3,eq_bench,instance_00160,Played,1.0
3755,eqbench,Bentel rockers__qwen3.5-4b__Bentel_iter_3,eq_bench,instance_00003,Played,1.0
3756,eqbench,Bentel rockers__qwen3.5-4b__Bentel_iter_3,eq_bench,instance_00142,Played,1.0
3757,eqbench,Bentel rockers__qwen3.5-4b__Bentel_iter_3,eq_bench,instance_00137,Played,1.0
3758,eqbench,Bentel rockers__qwen3.5-4b__Bentel_iter_3,eq_bench,instance_00039,Played,1.0
3759,eqbench,Bentel rockers__qwen3.5-4b__Bentel_iter_3,eq_bench,instance_00083,Played,1.0
3760,eqbench,Bentel rockers__qwen3.5-4b__Bentel_iter_3,eq_bench,instance_00081,Played,1.0
3761,eqbench,Bentel rockers__qwen3.5-4b__Bentel_iter_3,eq_bench,instance_00042,Played,1.0
3762,eqbench,Bentel rockers__qwen3.5-4b__Bentel_iter_3,eq_bench,instance_00040,Played,1.0
3763,eqbench,Bentel rockers__qwen3.5-4b__Bentel_iter_3,eq_bench,instance_00143,Played,1.0
3764,eqbench,Bentel rockers__qwen3.5-4b__Bentel_iter_3,eq_bench,instance_00134,Played,1.0
3765,eqbench,Bentel rockers__qwen3.5-4b__Bentel_iter_3,eq_bench,instance_00101,Played,1.0
3766,eqbench,Bentel rockers__qwen3.5-4b__Bentel_iter_3,eq_bench,instance_00074,Played,1.0
3767,eqbench,Bentel rockers__qwen3.5-4b__Bentel_iter_3,eq_bench,instance_00078,Played,1.0
3768,eqbench,Bentel rockers__qwen3.5-4b__Bentel_iter_3,eq_bench,instance_00152,Played,1.0
3769,cladder,Bentel rockers__qwen3.5-4b__Bentel_iter_3,full_v1.5_default,instance_00004,Played,1.0
3770,cladder,Bentel rockers__qwen3.5-4b__Bentel_iter_3,full_v1.5_default,instance_03344,Played,1.0
3771,cladder,Bentel rockers__qwen3.5-4b__Bentel_iter_3,full_v1.5_default,instance_06328,Played,1.0
3772,cladder,Bentel rockers__qwen3.5-4b__Bentel_iter_3,full_v1.5_default,instance_08281,Played,1.0
3773,cladder,Bentel rockers__qwen3.5-4b__Bentel_iter_3,full_v1.5_default,instance_04570,Played,1.0
3774,cladder,Bentel rockers__qwen3.5-4b__Bentel_iter_3,full_v1.5_default,instance_08398,Played,1.0
3775,cladder,Bentel rockers__qwen3.5-4b__Bentel_iter_3,full_v1.5_default,instance_06429,Played,1.0
3776,cladder,Bentel rockers__qwen3.5-4b__Bentel_iter_3,full_v1.5_default,instance_03221,Played,1.0
3777,cladder,Bentel rockers__qwen3.5-4b__Bentel_iter_3,full_v1.5_default,instance_07668,Played,1.0
3778,cladder,Bentel rockers__qwen3.5-4b__Bentel_iter_3,full_v1.5_default,instance_02271,Played,1.0
3779,cladder,Bentel rockers__qwen3.5-4b__Bentel_iter_3,full_v1.5_default,instance_00127,Played,1.0
3780,cladder,Bentel rockers__qwen3.5-4b__Bentel_iter_3,full_v1.5_default,instance_09587,Played,1.0
3781,cladder,Bentel rockers__qwen3.5-4b__Bentel_iter_3,full_v1.5_default,instance_01468,Played,1.0
3782,cladder,Bentel rockers__qwen3.5-4b__Bentel_iter_3,full_v1.5_default,instance_08897,Played,1.0
3783,cladder,Bentel rockers__qwen3.5-4b__Bentel_iter_3,full_v1.5_default,instance_09436,Played,1.0
3784,cladder,Bentel rockers__qwen3.5-4b__Bentel_iter_3,full_v1.5_default,instance_03271,Played,1.0
3785,cladder,Bentel rockers__qwen3.5-4b__Bentel_iter_3,full_v1.5_default,instance_08915,Played,1.0
3786,cladder,Bentel rockers__qwen3.5-4b__Bentel_iter_3,full_v1.5_default,instance_04893,Played,1.0
3787,cladder,Bentel rockers__qwen3.5-4b__Bentel_iter_3,full_v1.5_default,instance_03134,Played,1.0
3788,cladder,Bentel rockers__qwen3.5-4b__Bentel_iter_3,full_v1.5_default,instance_00403,Played,1.0
3789,cladder,Bentel rockers__qwen3.5-4b__Bentel_iter_3,full_v1.5_default,instance_00855,Played,1.0
3790,cladder,Bentel rockers__qwen3.5-4b__Bentel_iter_3,full_v1.5_default,instance_04979,Played,1.0
3791,cladder,Bentel rockers__qwen3.5-4b__Bentel_iter_3,full_v1.5_default,instance_00108,Played,1.0
3792,cladder,Bentel rockers__qwen3.5-4b__Bentel_iter_3,full_v1.5_default,instance_06687,Played,1.0
3793,cladder,Bentel rockers__qwen3.5-4b__Bentel_iter_3,full_v1.5_default,instance_05585,Played,1.0
3794,cladder,Bentel rockers__qwen3.5-4b__Bentel_iter_3,full_v1.5_default,instance_07000,Played,1.0
3795,cladder,Bentel rockers__qwen3.5-4b__Bentel_iter_3,full_v1.5_default,instance_05055,Played,1.0
3796,cladder,Bentel rockers__qwen3.5-4b__Bentel_iter_3,full_v1.5_default,instance_04700,Played,1.0
3797,cladder,Bentel rockers__qwen3.5-4b__Bentel_iter_3,full_v1.5_default,instance_09607,Played,1.0
3798,cladder,Bentel rockers__qwen3.5-4b__Bentel_iter_3,full_v1.5_default,instance_03375,Played,1.0
3799,cladder,Bentel rockers__qwen3.5-4b__Bentel_iter_3,full_v1.5_default,instance_08207,Played,1.0
3800,cladder,Bentel rockers__qwen3.5-4b__Bentel_iter_3,full_v1.5_default,instance_07073,Played,1.0
3801,cladder,Bentel rockers__qwen3.5-4b__Bentel_iter_3,full_v1.5_default,instance_00708,Played,1.0
3802,cladder,Bentel rockers__qwen3.5-4b__Bentel_iter_3,full_v1.5_default,instance_05343,Played,1.0
3803,cladder,Bentel rockers__qwen3.5-4b__Bentel_iter_3,full_v1.5_default,instance_04068,Played,1.0
3804,cladder,Bentel rockers__qwen3.5-4b__Bentel_iter_3,full_v1.5_default,instance_00420,Played,1.0
3805,cladder,Bentel rockers__qwen3.5-4b__Bentel_iter_3,full_v1.5_default,instance_04050,Played,1.0
3806,cladder,Bentel rockers__qwen3.5-4b__Bentel_iter_3,full_v1.5_default,instance_09887,Played,1.0
3807,cladder,Bentel rockers__qwen3.5-4b__Bentel_iter_3,full_v1.5_default,instance_04490,Played,1.0
3808,cladder,Bentel rockers__qwen3.5-4b__Bentel_iter_3,full_v1.5_default,instance_09786,Played,1.0
3809,cladder,Bentel rockers__qwen3.5-4b__Bentel_iter_3,full_v1.5_default,instance_03701,Played,1.0
3810,cladder,Bentel rockers__qwen3.5-4b__Bentel_iter_3,full_v1.5_default,instance_04345,Played,1.0
3811,cladder,Bentel rockers__qwen3.5-4b__Bentel_iter_3,full_v1.5_default,instance_01529,Played,1.0
3812,cladder,Bentel rockers__qwen3.5-4b__Bentel_iter_3,full_v1.5_default,instance_02679,Played,1.0
3813,cladder,Bentel rockers__qwen3.5-4b__Bentel_iter_3,full_v1.5_default,instance_07911,Played,1.0
3814,cladder,Bentel rockers__qwen3.5-4b__Bentel_iter_3,full_v1.5_default,instance_01649,Played,1.0
3815,cladder,Bentel rockers__qwen3.5-4b__Bentel_iter_3,full_v1.5_default,instance_01988,Played,1.0
3816,cladder,Bentel rockers__qwen3.5-4b__Bentel_iter_3,full_v1.5_default,instance_03821,Played,1.0
3817,cladder,Bentel rockers__qwen3.5-4b__Bentel_iter_3,full_v1.5_default,instance_07754,Played,1.0
3818,cladder,Bentel rockers__qwen3.5-4b__Bentel_iter_3,full_v1.5_default,instance_07046,Played,1.0
3819,cladder,Bentel rockers__qwen3.5-4b__Bentel_iter_3,full_v1.5_default,instance_03636,Played,1.0
3820,cladder,Bentel rockers__qwen3.5-4b__Bentel_iter_3,full_v1.5_default,instance_02979,Played,1.0
3821,cladder,Bentel rockers__qwen3.5-4b__Bentel_iter_3,full_v1.5_default,instance_00948,Played,1.0
3822,cladder,Bentel rockers__qwen3.5-4b__Bentel_iter_3,full_v1.5_default,instance_10063,Played,1.0
3823,cladder,Bentel rockers__qwen3.5-4b__Bentel_iter_3,full_v1.5_default,instance_00905,Played,1.0
3824,cladder,Bentel rockers__qwen3.5-4b__Bentel_iter_3,full_v1.5_default,instance_03466,Played,1.0
3825,cladder,Bentel rockers__qwen3.5-4b__Bentel_iter_3,full_v1.5_default,instance_04837,Played,1.0
3826,cladder,Bentel rockers__qwen3.5-4b__Bentel_iter_3,full_v1.5_default,instance_01742,Played,1.0
3827,cladder,Bentel rockers__qwen3.5-4b__Bentel_iter_3,full_v1.5_default,instance_07275,Played,1.0
3828,cladder,Bentel rockers__qwen3.5-4b__Bentel_iter_3,full_v1.5_default,instance_01143,Played,1.0
3829,cladder,Bentel rockers__qwen3.5-4b__Bentel_iter_3,full_v1.5_default,instance_04237,Played,1.0
3830,cladder,Bentel rockers__qwen3.5-4b__Bentel_iter_3,full_v1.5_default,instance_00072,Played,1.0
3831,cladder,Bentel rockers__qwen3.5-4b__Bentel_iter_3,full_v1.5_default,instance_02125,Played,1.0
3832,cladder,Bentel rockers__qwen3.5-4b__Bentel_iter_3,full_v1.5_default,instance_04257,Played,1.0
3833,cladder,Bentel rockers__qwen3.5-4b__Bentel_iter_3,full_v1.5_default,instance_02303,Played,1.0
3834,cladder,Bentel rockers__qwen3.5-4b__Bentel_iter_3,full_v1.5_default,instance_07410,Played,1.0
3835,cladder,Bentel rockers__qwen3.5-4b__Bentel_iter_3,full_v1.5_default,instance_09908,Played,1.0
3836,cladder,Bentel rockers__qwen3.5-4b__Bentel_iter_3,full_v1.5_default,instance_05203,Played,1.0
3837,cladder,Bentel rockers__qwen3.5-4b__Bentel_iter_3,full_v1.5_default,instance_07503,Played,1.0
3838,cladder,Bentel rockers__qwen3.5-4b__Bentel_iter_3,full_v1.5_default,instance_06509,Played,1.0
3839,cladder,Bentel rockers__qwen3.5-4b__Bentel_iter_3,full_v1.5_default,instance_09350,Played,1.0
3840,cladder,Bentel rockers__qwen3.5-4b__Bentel_iter_3,full_v1.5_default,instance_04597,Played,1.0
3841,cladder,Bentel rockers__qwen3.5-4b__Bentel_iter_3,full_v1.5_default,instance_00994,Played,1.0
3842,cladder,Bentel rockers__qwen3.5-4b__Bentel_iter_3,full_v1.5_default,instance_00514,Played,1.0
3843,cladder,Bentel rockers__qwen3.5-4b__Bentel_iter_3,full_v1.5_default,instance_06357,Played,1.0
3844,cladder,Bentel rockers__qwen3.5-4b__Bentel_iter_3,full_v1.5_default,instance_01631,Played,1.0
3845,cladder,Bentel rockers__qwen3.5-4b__Bentel_iter_3,full_v1.5_default,instance_10091,Played,1.0
3846,cladder,Bentel rockers__qwen3.5-4b__Bentel_iter_3,full_v1.5_default,instance_06358,Played,1.0
3847,cladder,Bentel rockers__qwen3.5-4b__Bentel_iter_3,full_v1.5_default,instance_02340,Played,1.0
3848,cladder,Bentel rockers__qwen3.5-4b__Bentel_iter_3,full_v1.5_default,instance_09213,Played,1.0
3849,cladder,Bentel rockers__qwen3.5-4b__Bentel_iter_3,full_v1.5_default,instance_02389,Played,1.0
3850,cladder,Bentel rockers__qwen3.5-4b__Bentel_iter_3,full_v1.5_default,instance_04655,Played,1.0
3851,cladder,Bentel rockers__qwen3.5-4b__Bentel_iter_3,full_v1.5_default,instance_04908,Played,1.0
3852,cladder,Bentel rockers__qwen3.5-4b__Bentel_iter_3,full_v1.5_default,instance_06302,Played,1.0
3853,cladder,Bentel rockers__qwen3.5-4b__Bentel_iter_3,full_v1.5_default,instance_06776,Played,1.0
3854,cladder,Bentel rockers__qwen3.5-4b__Bentel_iter_3,full_v1.5_default,instance_08918,Played,1.0
3855,cladder,Bentel rockers__qwen3.5-4b__Bentel_iter_3,full_v1.5_default,instance_01296,Played,1.0
3856,cladder,Bentel rockers__qwen3.5-4b__Bentel_iter_3,full_v1.5_default,instance_09783,Played,1.0
3857,cladder,Bentel rockers__qwen3.5-4b__Bentel_iter_3,full_v1.5_default,instance_02017,Played,1.0
3858,cladder,Bentel rockers__qwen3.5-4b__Bentel_iter_3,full_v1.5_default,instance_01736,Played,1.0
3859,cladder,Bentel rockers__qwen3.5-4b__Bentel_iter_3,full_v1.5_default,instance_01442,Played,1.0
3860,cladder,Bentel rockers__qwen3.5-4b__Bentel_iter_3,full_v1.5_default,instance_02151,Played,1.0
3861,cladder,Bentel rockers__qwen3.5-4b__Bentel_iter_3,full_v1.5_default,instance_01437,Played,1.0
3862,cladder,Bentel rockers__qwen3.5-4b__Bentel_iter_3,full_v1.5_default,instance_03483,Played,1.0
3863,cladder,Bentel rockers__qwen3.5-4b__Bentel_iter_3,full_v1.5_default,instance_06801,Played,1.0
3864,cladder,Bentel rockers__qwen3.5-4b__Bentel_iter_3,full_v1.5_default,instance_04591,Played,1.0
3865,cladder,Bentel rockers__qwen3.5-4b__Bentel_iter_3,full_v1.5_default,instance_08089,Played,1.0
3866,cladder,Bentel rockers__qwen3.5-4b__Bentel_iter_3,full_v1.5_default,instance_04867,Played,1.0
3867,cladder,Bentel rockers__qwen3.5-4b__Bentel_iter_3,full_v1.5_default,instance_05136,Played,1.0
3868,cladder,Bentel rockers__qwen3.5-4b__Bentel_iter_3,full_v1.5_default,instance_00687,Played,1.0
3869,cladder,Bentel rockers__qwen3.5-4b__Bentel_iter_3,full_v1.5_default,instance_08235,Played,1.0
