,game,model,experiment,episode,metric,value
0,dond,qwen3.5-2b,coop_en,instance_00019,Request Count,1.0
1,dond,qwen3.5-2b,coop_en,instance_00019,Parsed Request Count,0.0
2,dond,qwen3.5-2b,coop_en,instance_00019,Violated Request Count,1.0
3,dond,qwen3.5-2b,coop_en,instance_00019,Request Success Ratio,0.0
4,dond,qwen3.5-2b,coop_en,instance_00019,Aborted,1.0
5,dond,qwen3.5-2b,coop_en,instance_00019,Lose,0.0
6,dond,qwen3.5-2b,coop_en,instance_00019,Success,0.0
7,dond,qwen3.5-2b,coop_en,instance_00019,Main Score,
8,dond,qwen3.5-2b,coop_en,instance_00006,Request Count,1.0
9,dond,qwen3.5-2b,coop_en,instance_00006,Parsed Request Count,0.0
10,dond,qwen3.5-2b,coop_en,instance_00006,Violated Request Count,1.0
11,dond,qwen3.5-2b,coop_en,instance_00006,Request Success Ratio,0.0
12,dond,qwen3.5-2b,coop_en,instance_00006,Aborted,1.0
13,dond,qwen3.5-2b,coop_en,instance_00006,Lose,0.0
14,dond,qwen3.5-2b,coop_en,instance_00006,Success,0.0
15,dond,qwen3.5-2b,coop_en,instance_00006,Main Score,
16,dond,qwen3.5-2b,semi_en,instance_00015,Request Count,11.0
17,dond,qwen3.5-2b,semi_en,instance_00015,Parsed Request Count,11.0
18,dond,qwen3.5-2b,semi_en,instance_00015,Violated Request Count,0.0
19,dond,qwen3.5-2b,semi_en,instance_00015,Request Success Ratio,1.0
20,dond,qwen3.5-2b,semi_en,instance_00015,Aborted,1.0
21,dond,qwen3.5-2b,semi_en,instance_00015,Lose,0.0
22,dond,qwen3.5-2b,semi_en,instance_00015,Success,0.0
23,dond,qwen3.5-2b,semi_en,instance_00015,Main Score,
24,dond,qwen3.5-2b,semi_en,instance_00001,Request Count,11.0
25,dond,qwen3.5-2b,semi_en,instance_00001,Parsed Request Count,11.0
26,dond,qwen3.5-2b,semi_en,instance_00001,Violated Request Count,0.0
27,dond,qwen3.5-2b,semi_en,instance_00001,Request Success Ratio,1.0
28,dond,qwen3.5-2b,semi_en,instance_00001,Aborted,1.0
29,dond,qwen3.5-2b,semi_en,instance_00001,Lose,0.0
30,dond,qwen3.5-2b,semi_en,instance_00001,Success,0.0
31,dond,qwen3.5-2b,semi_en,instance_00001,Main Score,
32,wordle,qwen3.5-2b,medium_frequency_words_no_clue_no_critic,instance_00014,Aborted,0.0
33,wordle,qwen3.5-2b,medium_frequency_words_no_clue_no_critic,instance_00014,Lose,1.0
34,wordle,qwen3.5-2b,medium_frequency_words_no_clue_no_critic,instance_00014,Success,0.0
35,wordle,qwen3.5-2b,medium_frequency_words_no_clue_no_critic,instance_00014,Request Count,6.0
36,wordle,qwen3.5-2b,medium_frequency_words_no_clue_no_critic,instance_00014,Parsed Request Count,6.0
37,wordle,qwen3.5-2b,medium_frequency_words_no_clue_no_critic,instance_00014,Violated Request Count,0.0
38,wordle,qwen3.5-2b,medium_frequency_words_no_clue_no_critic,instance_00014,Request Success Ratio,1.0
39,wordle,qwen3.5-2b,medium_frequency_words_no_clue_no_critic,instance_00014,Main Score,0.0
40,wordle,qwen3.5-2b,medium_frequency_words_no_clue_no_critic,instance_00014,Guess Repetitions,3.0
41,wordle,qwen3.5-2b,medium_frequency_words_no_clue_no_critic,instance_00007,Aborted,1.0
42,wordle,qwen3.5-2b,medium_frequency_words_no_clue_no_critic,instance_00007,Lose,0.0
43,wordle,qwen3.5-2b,medium_frequency_words_no_clue_no_critic,instance_00007,Success,0.0
44,wordle,qwen3.5-2b,medium_frequency_words_no_clue_no_critic,instance_00007,Request Count,2.0
45,wordle,qwen3.5-2b,medium_frequency_words_no_clue_no_critic,instance_00007,Parsed Request Count,1.0
46,wordle,qwen3.5-2b,medium_frequency_words_no_clue_no_critic,instance_00007,Violated Request Count,1.0
47,wordle,qwen3.5-2b,medium_frequency_words_no_clue_no_critic,instance_00007,Request Success Ratio,0.5
48,wordle,qwen3.5-2b,medium_frequency_words_no_clue_no_critic,instance_00007,Main Score,
49,wordle,qwen3.5-2b,medium_frequency_words_no_clue_no_critic,instance_00007,Guess Repetitions,
50,wordle,qwen3.5-2b,high_frequency_words_no_clue_no_critic,instance_00007,Aborted,1.0
51,wordle,qwen3.5-2b,high_frequency_words_no_clue_no_critic,instance_00007,Lose,0.0
52,wordle,qwen3.5-2b,high_frequency_words_no_clue_no_critic,instance_00007,Success,0.0
53,wordle,qwen3.5-2b,high_frequency_words_no_clue_no_critic,instance_00007,Request Count,2.0
54,wordle,qwen3.5-2b,high_frequency_words_no_clue_no_critic,instance_00007,Parsed Request Count,1.0
55,wordle,qwen3.5-2b,high_frequency_words_no_clue_no_critic,instance_00007,Violated Request Count,1.0
56,wordle,qwen3.5-2b,high_frequency_words_no_clue_no_critic,instance_00007,Request Success Ratio,0.5
57,wordle,qwen3.5-2b,high_frequency_words_no_clue_no_critic,instance_00007,Main Score,
58,wordle,qwen3.5-2b,high_frequency_words_no_clue_no_critic,instance_00007,Guess Repetitions,
59,guesswhat,qwen3.5-2b,Abs_Level_3,instance_00008,Violated Request Count,1.0
60,guesswhat,qwen3.5-2b,Abs_Level_3,instance_00008,Parsed Request Count,0.0
61,guesswhat,qwen3.5-2b,Abs_Level_3,instance_00008,Request Count,1.0
62,guesswhat,qwen3.5-2b,Abs_Level_3,instance_00008,Request Success Ratio,0.0
63,guesswhat,qwen3.5-2b,Abs_Level_3,instance_00008,Aborted,1.0
64,guesswhat,qwen3.5-2b,Abs_Level_3,instance_00008,Main Score,
65,guesswhat,qwen3.5-2b,Abs_Level_3,instance_00008,Invalid format guesser response,1.0
66,guesswhat,qwen3.5-2b,Abs_Level_3,instance_00008,Invalid format answerer response,0.0
67,guesswhat,qwen3.5-2b,Abs_Level_3,instance_00008,Invalid content guesser response,0.0
68,guesswhat,qwen3.5-2b,Abs_Level_3,instance_00008,Invalid content answerer response,0.0
69,guesswhat,qwen3.5-2b,Abs_Level_2,instance_00007,Violated Request Count,1.0
70,guesswhat,qwen3.5-2b,Abs_Level_2,instance_00007,Parsed Request Count,0.0
71,guesswhat,qwen3.5-2b,Abs_Level_2,instance_00007,Request Count,1.0
72,guesswhat,qwen3.5-2b,Abs_Level_2,instance_00007,Request Success Ratio,0.0
73,guesswhat,qwen3.5-2b,Abs_Level_2,instance_00007,Aborted,1.0
74,guesswhat,qwen3.5-2b,Abs_Level_2,instance_00007,Main Score,
75,guesswhat,qwen3.5-2b,Abs_Level_2,instance_00007,Invalid format guesser response,1.0
76,guesswhat,qwen3.5-2b,Abs_Level_2,instance_00007,Invalid format answerer response,0.0
77,guesswhat,qwen3.5-2b,Abs_Level_2,instance_00007,Invalid content guesser response,0.0
78,guesswhat,qwen3.5-2b,Abs_Level_2,instance_00007,Invalid content answerer response,0.0
79,guesswhat,qwen3.5-2b,Abs_Level_1,instance_00002,Violated Request Count,1.0
80,guesswhat,qwen3.5-2b,Abs_Level_1,instance_00002,Parsed Request Count,0.0
81,guesswhat,qwen3.5-2b,Abs_Level_1,instance_00002,Request Count,1.0
82,guesswhat,qwen3.5-2b,Abs_Level_1,instance_00002,Request Success Ratio,0.0
83,guesswhat,qwen3.5-2b,Abs_Level_1,instance_00002,Aborted,1.0
84,guesswhat,qwen3.5-2b,Abs_Level_1,instance_00002,Main Score,
85,guesswhat,qwen3.5-2b,Abs_Level_1,instance_00002,Invalid format guesser response,1.0
86,guesswhat,qwen3.5-2b,Abs_Level_1,instance_00002,Invalid format answerer response,0.0
87,guesswhat,qwen3.5-2b,Abs_Level_1,instance_00002,Invalid content guesser response,0.0
88,guesswhat,qwen3.5-2b,Abs_Level_1,instance_00002,Invalid content answerer response,0.0
89,guesswhat,qwen3.5-2b,Level_1,instance_00002,Violated Request Count,1.0
90,guesswhat,qwen3.5-2b,Level_1,instance_00002,Parsed Request Count,0.0
91,guesswhat,qwen3.5-2b,Level_1,instance_00002,Request Count,1.0
92,guesswhat,qwen3.5-2b,Level_1,instance_00002,Request Success Ratio,0.0
93,guesswhat,qwen3.5-2b,Level_1,instance_00002,Aborted,1.0
94,guesswhat,qwen3.5-2b,Level_1,instance_00002,Main Score,
95,guesswhat,qwen3.5-2b,Level_1,instance_00002,Invalid format guesser response,1.0
96,guesswhat,qwen3.5-2b,Level_1,instance_00002,Invalid format answerer response,0.0
97,guesswhat,qwen3.5-2b,Level_1,instance_00002,Invalid content guesser response,0.0
98,guesswhat,qwen3.5-2b,Level_1,instance_00002,Invalid content answerer response,0.0
99,guesswhat,qwen3.5-2b,Level_2,instance_00009,Violated Request Count,1.0
100,guesswhat,qwen3.5-2b,Level_2,instance_00009,Parsed Request Count,0.0
101,guesswhat,qwen3.5-2b,Level_2,instance_00009,Request Count,1.0
102,guesswhat,qwen3.5-2b,Level_2,instance_00009,Request Success Ratio,0.0
103,guesswhat,qwen3.5-2b,Level_2,instance_00009,Aborted,1.0
104,guesswhat,qwen3.5-2b,Level_2,instance_00009,Main Score,
105,guesswhat,qwen3.5-2b,Level_2,instance_00009,Invalid format guesser response,1.0
106,guesswhat,qwen3.5-2b,Level_2,instance_00009,Invalid format answerer response,0.0
107,guesswhat,qwen3.5-2b,Level_2,instance_00009,Invalid content guesser response,0.0
108,guesswhat,qwen3.5-2b,Level_2,instance_00009,Invalid content answerer response,0.0
109,guesswhat,qwen3.5-2b,Level_3,instance_00008,Violated Request Count,1.0
110,guesswhat,qwen3.5-2b,Level_3,instance_00008,Parsed Request Count,0.0
111,guesswhat,qwen3.5-2b,Level_3,instance_00008,Request Count,1.0
112,guesswhat,qwen3.5-2b,Level_3,instance_00008,Request Success Ratio,0.0
113,guesswhat,qwen3.5-2b,Level_3,instance_00008,Aborted,1.0
114,guesswhat,qwen3.5-2b,Level_3,instance_00008,Main Score,
115,guesswhat,qwen3.5-2b,Level_3,instance_00008,Invalid format guesser response,1.0
116,guesswhat,qwen3.5-2b,Level_3,instance_00008,Invalid format answerer response,0.0
117,guesswhat,qwen3.5-2b,Level_3,instance_00008,Invalid content guesser response,0.0
118,guesswhat,qwen3.5-2b,Level_3,instance_00008,Invalid content answerer response,0.0
119,privateshared,qwen3.5-2b,things-places,instance_00003,Accuracy,
120,privateshared,qwen3.5-2b,things-places,instance_00003,Kappa,
121,privateshared,qwen3.5-2b,things-places,instance_00003,Truncated Kappa,
122,privateshared,qwen3.5-2b,things-places,instance_00003,Slot-Filling-Accuracy,
123,privateshared,qwen3.5-2b,things-places,instance_00003,Main Score,
124,privateshared,qwen3.5-2b,things-places,instance_00003,Aborted,1.0
125,privateshared,qwen3.5-2b,things-places,instance_00003,Lose,0.0
126,privateshared,qwen3.5-2b,things-places,instance_00003,Success,0.0
127,privateshared,qwen3.5-2b,things-places,instance_00003,Request Count,5.0
128,privateshared,qwen3.5-2b,things-places,instance_00003,Parsed Request Count,0.0
129,privateshared,qwen3.5-2b,things-places,instance_00003,Violated Request Count,5.0
130,privateshared,qwen3.5-2b,things-places,instance_00003,Request Success Ratio,0.0
131,privateshared,qwen3.5-2b,restaurant,instance_00007,Accuracy,
132,privateshared,qwen3.5-2b,restaurant,instance_00007,Kappa,
133,privateshared,qwen3.5-2b,restaurant,instance_00007,Truncated Kappa,
134,privateshared,qwen3.5-2b,restaurant,instance_00007,Slot-Filling-Accuracy,
135,privateshared,qwen3.5-2b,restaurant,instance_00007,Main Score,
136,privateshared,qwen3.5-2b,restaurant,instance_00007,Aborted,1.0
137,privateshared,qwen3.5-2b,restaurant,instance_00007,Lose,0.0
138,privateshared,qwen3.5-2b,restaurant,instance_00007,Success,0.0
139,privateshared,qwen3.5-2b,restaurant,instance_00007,Request Count,5.0
140,privateshared,qwen3.5-2b,restaurant,instance_00007,Parsed Request Count,0.0
141,privateshared,qwen3.5-2b,restaurant,instance_00007,Violated Request Count,5.0
142,privateshared,qwen3.5-2b,restaurant,instance_00007,Request Success Ratio,0.0
143,privateshared,qwen3.5-2b,travel-booking,instance_00009,Accuracy,
144,privateshared,qwen3.5-2b,travel-booking,instance_00009,Kappa,
145,privateshared,qwen3.5-2b,travel-booking,instance_00009,Truncated Kappa,
146,privateshared,qwen3.5-2b,travel-booking,instance_00009,Slot-Filling-Accuracy,
147,privateshared,qwen3.5-2b,travel-booking,instance_00009,Main Score,
148,privateshared,qwen3.5-2b,travel-booking,instance_00009,Aborted,1.0
149,privateshared,qwen3.5-2b,travel-booking,instance_00009,Lose,0.0
150,privateshared,qwen3.5-2b,travel-booking,instance_00009,Success,0.0
151,privateshared,qwen3.5-2b,travel-booking,instance_00009,Request Count,5.0
152,privateshared,qwen3.5-2b,travel-booking,instance_00009,Parsed Request Count,0.0
153,privateshared,qwen3.5-2b,travel-booking,instance_00009,Violated Request Count,5.0
154,privateshared,qwen3.5-2b,travel-booking,instance_00009,Request Success Ratio,0.0
155,privateshared,qwen3.5-2b,job-interview,instance_00008,Accuracy,
156,privateshared,qwen3.5-2b,job-interview,instance_00008,Kappa,
157,privateshared,qwen3.5-2b,job-interview,instance_00008,Truncated Kappa,
158,privateshared,qwen3.5-2b,job-interview,instance_00008,Slot-Filling-Accuracy,
159,privateshared,qwen3.5-2b,job-interview,instance_00008,Main Score,
160,privateshared,qwen3.5-2b,job-interview,instance_00008,Aborted,1.0
161,privateshared,qwen3.5-2b,job-interview,instance_00008,Lose,0.0
162,privateshared,qwen3.5-2b,job-interview,instance_00008,Success,0.0
163,privateshared,qwen3.5-2b,job-interview,instance_00008,Request Count,5.0
164,privateshared,qwen3.5-2b,job-interview,instance_00008,Parsed Request Count,0.0
165,privateshared,qwen3.5-2b,job-interview,instance_00008,Violated Request Count,5.0
166,privateshared,qwen3.5-2b,job-interview,instance_00008,Request Success Ratio,0.0
167,privateshared,qwen3.5-2b,letter-number,instance_00009,Accuracy,
168,privateshared,qwen3.5-2b,letter-number,instance_00009,Kappa,
169,privateshared,qwen3.5-2b,letter-number,instance_00009,Truncated Kappa,
170,privateshared,qwen3.5-2b,letter-number,instance_00009,Slot-Filling-Accuracy,
171,privateshared,qwen3.5-2b,letter-number,instance_00009,Main Score,
172,privateshared,qwen3.5-2b,letter-number,instance_00009,Aborted,1.0
173,privateshared,qwen3.5-2b,letter-number,instance_00009,Lose,0.0
174,privateshared,qwen3.5-2b,letter-number,instance_00009,Success,0.0
175,privateshared,qwen3.5-2b,letter-number,instance_00009,Request Count,5.0
176,privateshared,qwen3.5-2b,letter-number,instance_00009,Parsed Request Count,0.0
177,privateshared,qwen3.5-2b,letter-number,instance_00009,Violated Request Count,5.0
178,privateshared,qwen3.5-2b,letter-number,instance_00009,Request Success Ratio,0.0
179,wordle_withcritic,qwen3.5-2b,medium_frequency_words_clue_with_critic,instance_00004,Aborted,1.0
180,wordle_withcritic,qwen3.5-2b,medium_frequency_words_clue_with_critic,instance_00004,Lose,0.0
181,wordle_withcritic,qwen3.5-2b,medium_frequency_words_clue_with_critic,instance_00004,Success,0.0
182,wordle_withcritic,qwen3.5-2b,medium_frequency_words_clue_with_critic,instance_00004,Request Count,1.0
183,wordle_withcritic,qwen3.5-2b,medium_frequency_words_clue_with_critic,instance_00004,Parsed Request Count,0.0
184,wordle_withcritic,qwen3.5-2b,medium_frequency_words_clue_with_critic,instance_00004,Violated Request Count,1.0
185,wordle_withcritic,qwen3.5-2b,medium_frequency_words_clue_with_critic,instance_00004,Request Success Ratio,0.0
186,wordle_withcritic,qwen3.5-2b,medium_frequency_words_clue_with_critic,instance_00004,Main Score,
187,wordle_withcritic,qwen3.5-2b,medium_frequency_words_clue_with_critic,instance_00004,Guess Repetitions,
188,wordle_withcritic,qwen3.5-2b,medium_frequency_words_clue_with_critic,instance_00004,Repetition-Guesser-On-Critic-Agreement,
189,wordle_withcritic,qwen3.5-2b,medium_frequency_words_clue_with_critic,instance_00004,Non-Repetition-Guesser-On-Critic-Agreement,
190,wordle_withcritic,qwen3.5-2b,medium_frequency_words_clue_with_critic,instance_00004,Repetition-Guesser-On-Critic-Disagreement,
191,wordle_withcritic,qwen3.5-2b,medium_frequency_words_clue_with_critic,instance_00004,Non-Repetition-Guesser-On-Critic-Disagreement,
192,wordle_withcritic,qwen3.5-2b,medium_frequency_words_clue_with_critic,instance_00019,Aborted,1.0
193,wordle_withcritic,qwen3.5-2b,medium_frequency_words_clue_with_critic,instance_00019,Lose,0.0
194,wordle_withcritic,qwen3.5-2b,medium_frequency_words_clue_with_critic,instance_00019,Success,0.0
195,wordle_withcritic,qwen3.5-2b,medium_frequency_words_clue_with_critic,instance_00019,Request Count,1.0
196,wordle_withcritic,qwen3.5-2b,medium_frequency_words_clue_with_critic,instance_00019,Parsed Request Count,0.0
197,wordle_withcritic,qwen3.5-2b,medium_frequency_words_clue_with_critic,instance_00019,Violated Request Count,1.0
198,wordle_withcritic,qwen3.5-2b,medium_frequency_words_clue_with_critic,instance_00019,Request Success Ratio,0.0
199,wordle_withcritic,qwen3.5-2b,medium_frequency_words_clue_with_critic,instance_00019,Main Score,
200,wordle_withcritic,qwen3.5-2b,medium_frequency_words_clue_with_critic,instance_00019,Guess Repetitions,
201,wordle_withcritic,qwen3.5-2b,medium_frequency_words_clue_with_critic,instance_00019,Repetition-Guesser-On-Critic-Agreement,
202,wordle_withcritic,qwen3.5-2b,medium_frequency_words_clue_with_critic,instance_00019,Non-Repetition-Guesser-On-Critic-Agreement,
203,wordle_withcritic,qwen3.5-2b,medium_frequency_words_clue_with_critic,instance_00019,Repetition-Guesser-On-Critic-Disagreement,
204,wordle_withcritic,qwen3.5-2b,medium_frequency_words_clue_with_critic,instance_00019,Non-Repetition-Guesser-On-Critic-Disagreement,
205,wordle_withcritic,qwen3.5-2b,high_frequency_words_clue_with_critic,instance_00002,Aborted,1.0
206,wordle_withcritic,qwen3.5-2b,high_frequency_words_clue_with_critic,instance_00002,Lose,0.0
207,wordle_withcritic,qwen3.5-2b,high_frequency_words_clue_with_critic,instance_00002,Success,0.0
208,wordle_withcritic,qwen3.5-2b,high_frequency_words_clue_with_critic,instance_00002,Request Count,1.0
209,wordle_withcritic,qwen3.5-2b,high_frequency_words_clue_with_critic,instance_00002,Parsed Request Count,0.0
210,wordle_withcritic,qwen3.5-2b,high_frequency_words_clue_with_critic,instance_00002,Violated Request Count,1.0
211,wordle_withcritic,qwen3.5-2b,high_frequency_words_clue_with_critic,instance_00002,Request Success Ratio,0.0
212,wordle_withcritic,qwen3.5-2b,high_frequency_words_clue_with_critic,instance_00002,Main Score,
213,wordle_withcritic,qwen3.5-2b,high_frequency_words_clue_with_critic,instance_00002,Guess Repetitions,
214,wordle_withcritic,qwen3.5-2b,high_frequency_words_clue_with_critic,instance_00002,Repetition-Guesser-On-Critic-Agreement,
215,wordle_withcritic,qwen3.5-2b,high_frequency_words_clue_with_critic,instance_00002,Non-Repetition-Guesser-On-Critic-Agreement,
216,wordle_withcritic,qwen3.5-2b,high_frequency_words_clue_with_critic,instance_00002,Repetition-Guesser-On-Critic-Disagreement,
217,wordle_withcritic,qwen3.5-2b,high_frequency_words_clue_with_critic,instance_00002,Non-Repetition-Guesser-On-Critic-Disagreement,
218,taboo,qwen3.5-2b,high_en,instance_00016,Violated Request Count,0.0
219,taboo,qwen3.5-2b,high_en,instance_00016,Parsed Request Count,1.0
220,taboo,qwen3.5-2b,high_en,instance_00016,Request Count,1.0
221,taboo,qwen3.5-2b,high_en,instance_00016,Request Success Ratio,1.0
222,taboo,qwen3.5-2b,high_en,instance_00016,Aborted,0.0
223,taboo,qwen3.5-2b,high_en,instance_00016,Success,0.0
224,taboo,qwen3.5-2b,high_en,instance_00016,Lose,1.0
225,taboo,qwen3.5-2b,high_en,instance_00016,Main Score,0.0
226,taboo,qwen3.5-2b,high_en,instance_00016,Repetition-Guesser,0.0
227,taboo,qwen3.5-2b,high_en,instance_00016,Repetition-Describer,0.0
228,taboo,qwen3.5-2b,high_en,instance_00010,Violated Request Count,0.0
229,taboo,qwen3.5-2b,high_en,instance_00010,Parsed Request Count,3.0
230,taboo,qwen3.5-2b,high_en,instance_00010,Request Count,3.0
231,taboo,qwen3.5-2b,high_en,instance_00010,Request Success Ratio,1.0
232,taboo,qwen3.5-2b,high_en,instance_00010,Aborted,0.0
233,taboo,qwen3.5-2b,high_en,instance_00010,Success,0.0
234,taboo,qwen3.5-2b,high_en,instance_00010,Lose,1.0
235,taboo,qwen3.5-2b,high_en,instance_00010,Main Score,0.0
236,taboo,qwen3.5-2b,high_en,instance_00010,Repetition-Guesser,0.0
237,taboo,qwen3.5-2b,high_en,instance_00010,Repetition-Describer,0.0
238,taboo,qwen3.5-2b,low_en,instance_00018,Violated Request Count,0.0
239,taboo,qwen3.5-2b,low_en,instance_00018,Parsed Request Count,3.0
240,taboo,qwen3.5-2b,low_en,instance_00018,Request Count,3.0
241,taboo,qwen3.5-2b,low_en,instance_00018,Request Success Ratio,1.0
242,taboo,qwen3.5-2b,low_en,instance_00018,Aborted,0.0
243,taboo,qwen3.5-2b,low_en,instance_00018,Success,0.0
244,taboo,qwen3.5-2b,low_en,instance_00018,Lose,1.0
245,taboo,qwen3.5-2b,low_en,instance_00018,Main Score,0.0
246,taboo,qwen3.5-2b,low_en,instance_00018,Repetition-Guesser,0.0
247,taboo,qwen3.5-2b,low_en,instance_00018,Repetition-Describer,0.0
248,taboo,qwen3.5-2b,low_en,instance_00012,Violated Request Count,0.0
249,taboo,qwen3.5-2b,low_en,instance_00012,Parsed Request Count,1.0
250,taboo,qwen3.5-2b,low_en,instance_00012,Request Count,1.0
251,taboo,qwen3.5-2b,low_en,instance_00012,Request Success Ratio,1.0
252,taboo,qwen3.5-2b,low_en,instance_00012,Aborted,0.0
253,taboo,qwen3.5-2b,low_en,instance_00012,Success,0.0
254,taboo,qwen3.5-2b,low_en,instance_00012,Lose,1.0
255,taboo,qwen3.5-2b,low_en,instance_00012,Main Score,0.0
256,taboo,qwen3.5-2b,low_en,instance_00012,Repetition-Guesser,0.0
257,taboo,qwen3.5-2b,low_en,instance_00012,Repetition-Describer,0.0
258,taboo,qwen3.5-2b,medium_en,instance_00007,Violated Request Count,0.0
259,taboo,qwen3.5-2b,medium_en,instance_00007,Parsed Request Count,1.0
260,taboo,qwen3.5-2b,medium_en,instance_00007,Request Count,1.0
261,taboo,qwen3.5-2b,medium_en,instance_00007,Request Success Ratio,1.0
262,taboo,qwen3.5-2b,medium_en,instance_00007,Aborted,0.0
263,taboo,qwen3.5-2b,medium_en,instance_00007,Success,0.0
264,taboo,qwen3.5-2b,medium_en,instance_00007,Lose,1.0
265,taboo,qwen3.5-2b,medium_en,instance_00007,Main Score,0.0
266,taboo,qwen3.5-2b,medium_en,instance_00007,Repetition-Guesser,0.0
267,taboo,qwen3.5-2b,medium_en,instance_00007,Repetition-Describer,0.0
268,taboo,qwen3.5-2b,medium_en,instance_00010,Violated Request Count,0.0
269,taboo,qwen3.5-2b,medium_en,instance_00010,Parsed Request Count,1.0
270,taboo,qwen3.5-2b,medium_en,instance_00010,Request Count,1.0
271,taboo,qwen3.5-2b,medium_en,instance_00010,Request Success Ratio,1.0
272,taboo,qwen3.5-2b,medium_en,instance_00010,Aborted,0.0
273,taboo,qwen3.5-2b,medium_en,instance_00010,Success,0.0
274,taboo,qwen3.5-2b,medium_en,instance_00010,Lose,1.0
275,taboo,qwen3.5-2b,medium_en,instance_00010,Main Score,0.0
276,taboo,qwen3.5-2b,medium_en,instance_00010,Repetition-Guesser,0.0
277,taboo,qwen3.5-2b,medium_en,instance_00010,Repetition-Describer,0.0
278,wordle_withclue,qwen3.5-2b,high_frequency_words_clue_no_critic,instance_00009,Aborted,1.0
279,wordle_withclue,qwen3.5-2b,high_frequency_words_clue_no_critic,instance_00009,Lose,0.0
280,wordle_withclue,qwen3.5-2b,high_frequency_words_clue_no_critic,instance_00009,Success,0.0
281,wordle_withclue,qwen3.5-2b,high_frequency_words_clue_no_critic,instance_00009,Request Count,1.0
282,wordle_withclue,qwen3.5-2b,high_frequency_words_clue_no_critic,instance_00009,Parsed Request Count,0.0
283,wordle_withclue,qwen3.5-2b,high_frequency_words_clue_no_critic,instance_00009,Violated Request Count,1.0
284,wordle_withclue,qwen3.5-2b,high_frequency_words_clue_no_critic,instance_00009,Request Success Ratio,0.0
285,wordle_withclue,qwen3.5-2b,high_frequency_words_clue_no_critic,instance_00009,Main Score,
286,wordle_withclue,qwen3.5-2b,high_frequency_words_clue_no_critic,instance_00009,Guess Repetitions,
287,wordle_withclue,qwen3.5-2b,medium_frequency_words_clue_no_critic,instance_00011,Aborted,1.0
288,wordle_withclue,qwen3.5-2b,medium_frequency_words_clue_no_critic,instance_00011,Lose,0.0
289,wordle_withclue,qwen3.5-2b,medium_frequency_words_clue_no_critic,instance_00011,Success,0.0
290,wordle_withclue,qwen3.5-2b,medium_frequency_words_clue_no_critic,instance_00011,Request Count,1.0
291,wordle_withclue,qwen3.5-2b,medium_frequency_words_clue_no_critic,instance_00011,Parsed Request Count,0.0
292,wordle_withclue,qwen3.5-2b,medium_frequency_words_clue_no_critic,instance_00011,Violated Request Count,1.0
293,wordle_withclue,qwen3.5-2b,medium_frequency_words_clue_no_critic,instance_00011,Request Success Ratio,0.0
294,wordle_withclue,qwen3.5-2b,medium_frequency_words_clue_no_critic,instance_00011,Main Score,
295,wordle_withclue,qwen3.5-2b,medium_frequency_words_clue_no_critic,instance_00011,Guess Repetitions,
296,wordle_withclue,qwen3.5-2b,medium_frequency_words_clue_no_critic,instance_00018,Aborted,1.0
297,wordle_withclue,qwen3.5-2b,medium_frequency_words_clue_no_critic,instance_00018,Lose,0.0
298,wordle_withclue,qwen3.5-2b,medium_frequency_words_clue_no_critic,instance_00018,Success,0.0
299,wordle_withclue,qwen3.5-2b,medium_frequency_words_clue_no_critic,instance_00018,Request Count,2.0
300,wordle_withclue,qwen3.5-2b,medium_frequency_words_clue_no_critic,instance_00018,Parsed Request Count,1.0
301,wordle_withclue,qwen3.5-2b,medium_frequency_words_clue_no_critic,instance_00018,Violated Request Count,1.0
302,wordle_withclue,qwen3.5-2b,medium_frequency_words_clue_no_critic,instance_00018,Request Success Ratio,0.5
303,wordle_withclue,qwen3.5-2b,medium_frequency_words_clue_no_critic,instance_00018,Main Score,
304,wordle_withclue,qwen3.5-2b,medium_frequency_words_clue_no_critic,instance_00018,Guess Repetitions,
305,textmapworld,qwen3.5-2b,large_cycle,instance_00049,Aborted,1.0
306,textmapworld,qwen3.5-2b,large_cycle,instance_00049,Success,0.0
307,textmapworld,qwen3.5-2b,large_cycle,instance_00049,Lose,0.0
308,textmapworld,qwen3.5-2b,large_cycle,instance_00049,moves,
309,textmapworld,qwen3.5-2b,large_cycle,instance_00049,valid_moves,
310,textmapworld,qwen3.5-2b,large_cycle,instance_00049,invalid_moves,
311,textmapworld,qwen3.5-2b,large_cycle,instance_00049,stopped,
312,textmapworld,qwen3.5-2b,large_cycle,instance_00049,turns_limit,
313,textmapworld,qwen3.5-2b,large_cycle,instance_00049,loops,
314,textmapworld,qwen3.5-2b,large_cycle,instance_00049,number_visited,
315,textmapworld,qwen3.5-2b,large_cycle,instance_00049,seen,
316,textmapworld,qwen3.5-2b,large_cycle,instance_00049,efficiency,
317,textmapworld,qwen3.5-2b,large_cycle,instance_00049,exploration,
318,textmapworld,qwen3.5-2b,large_cycle,instance_00049,Main Score,
319,textmapworld,qwen3.5-2b,small,instance_00006,Aborted,1.0
320,textmapworld,qwen3.5-2b,small,instance_00006,Success,0.0
321,textmapworld,qwen3.5-2b,small,instance_00006,Lose,0.0
322,textmapworld,qwen3.5-2b,small,instance_00006,moves,
323,textmapworld,qwen3.5-2b,small,instance_00006,valid_moves,
324,textmapworld,qwen3.5-2b,small,instance_00006,invalid_moves,
325,textmapworld,qwen3.5-2b,small,instance_00006,stopped,
326,textmapworld,qwen3.5-2b,small,instance_00006,turns_limit,
327,textmapworld,qwen3.5-2b,small,instance_00006,loops,
328,textmapworld,qwen3.5-2b,small,instance_00006,number_visited,
329,textmapworld,qwen3.5-2b,small,instance_00006,seen,
330,textmapworld,qwen3.5-2b,small,instance_00006,efficiency,
331,textmapworld,qwen3.5-2b,small,instance_00006,exploration,
332,textmapworld,qwen3.5-2b,small,instance_00006,Main Score,
333,textmapworld,qwen3.5-2b,large,instance_00028,Aborted,1.0
334,textmapworld,qwen3.5-2b,large,instance_00028,Success,0.0
335,textmapworld,qwen3.5-2b,large,instance_00028,Lose,0.0
336,textmapworld,qwen3.5-2b,large,instance_00028,moves,
337,textmapworld,qwen3.5-2b,large,instance_00028,valid_moves,
338,textmapworld,qwen3.5-2b,large,instance_00028,invalid_moves,
339,textmapworld,qwen3.5-2b,large,instance_00028,stopped,
340,textmapworld,qwen3.5-2b,large,instance_00028,turns_limit,
341,textmapworld,qwen3.5-2b,large,instance_00028,loops,
342,textmapworld,qwen3.5-2b,large,instance_00028,number_visited,
343,textmapworld,qwen3.5-2b,large,instance_00028,seen,
344,textmapworld,qwen3.5-2b,large,instance_00028,efficiency,
345,textmapworld,qwen3.5-2b,large,instance_00028,exploration,
346,textmapworld,qwen3.5-2b,large,instance_00028,Main Score,
347,textmapworld,qwen3.5-2b,medium_cycle,instance_00034,Aborted,1.0
348,textmapworld,qwen3.5-2b,medium_cycle,instance_00034,Success,0.0
349,textmapworld,qwen3.5-2b,medium_cycle,instance_00034,Lose,0.0
350,textmapworld,qwen3.5-2b,medium_cycle,instance_00034,moves,
351,textmapworld,qwen3.5-2b,medium_cycle,instance_00034,valid_moves,
352,textmapworld,qwen3.5-2b,medium_cycle,instance_00034,invalid_moves,
353,textmapworld,qwen3.5-2b,medium_cycle,instance_00034,stopped,
354,textmapworld,qwen3.5-2b,medium_cycle,instance_00034,turns_limit,
355,textmapworld,qwen3.5-2b,medium_cycle,instance_00034,loops,
356,textmapworld,qwen3.5-2b,medium_cycle,instance_00034,number_visited,
357,textmapworld,qwen3.5-2b,medium_cycle,instance_00034,seen,
358,textmapworld,qwen3.5-2b,medium_cycle,instance_00034,efficiency,
359,textmapworld,qwen3.5-2b,medium_cycle,instance_00034,exploration,
360,textmapworld,qwen3.5-2b,medium_cycle,instance_00034,Main Score,
361,textmapworld,qwen3.5-2b,medium,instance_00010,Aborted,1.0
362,textmapworld,qwen3.5-2b,medium,instance_00010,Success,0.0
363,textmapworld,qwen3.5-2b,medium,instance_00010,Lose,0.0
364,textmapworld,qwen3.5-2b,medium,instance_00010,moves,
365,textmapworld,qwen3.5-2b,medium,instance_00010,valid_moves,
366,textmapworld,qwen3.5-2b,medium,instance_00010,invalid_moves,
367,textmapworld,qwen3.5-2b,medium,instance_00010,stopped,
368,textmapworld,qwen3.5-2b,medium,instance_00010,turns_limit,
369,textmapworld,qwen3.5-2b,medium,instance_00010,loops,
370,textmapworld,qwen3.5-2b,medium,instance_00010,number_visited,
371,textmapworld,qwen3.5-2b,medium,instance_00010,seen,
372,textmapworld,qwen3.5-2b,medium,instance_00010,efficiency,
373,textmapworld,qwen3.5-2b,medium,instance_00010,exploration,
374,textmapworld,qwen3.5-2b,medium,instance_00010,Main Score,
375,referencegame,qwen3.5-2b,random_grids,instance_00005,Generated Expression Length,62.0
376,referencegame,qwen3.5-2b,random_grids,instance_00005,Generated Expression Number of Tokens,22.0
377,referencegame,qwen3.5-2b,random_grids,instance_00005,Aborted at Player 1,0.0
378,referencegame,qwen3.5-2b,random_grids,instance_00005,Aborted at Player 2,0.0
379,referencegame,qwen3.5-2b,random_grids,instance_00005,Request Count,2.0
380,referencegame,qwen3.5-2b,random_grids,instance_00005,Parsed Request Count,2.0
381,referencegame,qwen3.5-2b,random_grids,instance_00005,Violated Request Count,0.0
382,referencegame,qwen3.5-2b,random_grids,instance_00005,Aborted,0.0
383,referencegame,qwen3.5-2b,random_grids,instance_00005,Success,1.0
384,referencegame,qwen3.5-2b,random_grids,instance_00005,Lose,0.0
385,referencegame,qwen3.5-2b,random_grids,instance_00005,Main Score,100.0
386,referencegame,qwen3.5-2b,random_grids,instance_00005,Request Success Ratio,1.0
387,referencegame,qwen3.5-2b,line_grids_columns,instance_00013,Generated Expression Length,96.0
388,referencegame,qwen3.5-2b,line_grids_columns,instance_00013,Generated Expression Number of Tokens,21.0
389,referencegame,qwen3.5-2b,line_grids_columns,instance_00013,Aborted at Player 1,0.0
390,referencegame,qwen3.5-2b,line_grids_columns,instance_00013,Aborted at Player 2,0.0
391,referencegame,qwen3.5-2b,line_grids_columns,instance_00013,Request Count,2.0
392,referencegame,qwen3.5-2b,line_grids_columns,instance_00013,Parsed Request Count,2.0
393,referencegame,qwen3.5-2b,line_grids_columns,instance_00013,Violated Request Count,0.0
394,referencegame,qwen3.5-2b,line_grids_columns,instance_00013,Aborted,0.0
395,referencegame,qwen3.5-2b,line_grids_columns,instance_00013,Success,0.0
396,referencegame,qwen3.5-2b,line_grids_columns,instance_00013,Lose,1.0
397,referencegame,qwen3.5-2b,line_grids_columns,instance_00013,Main Score,0.0
398,referencegame,qwen3.5-2b,line_grids_columns,instance_00013,Request Success Ratio,1.0
399,referencegame,qwen3.5-2b,number_grids,instance_00017,Generated Expression Length,66.0
400,referencegame,qwen3.5-2b,number_grids,instance_00017,Generated Expression Number of Tokens,26.0
401,referencegame,qwen3.5-2b,number_grids,instance_00017,Aborted at Player 1,0.0
402,referencegame,qwen3.5-2b,number_grids,instance_00017,Aborted at Player 2,0.0
403,referencegame,qwen3.5-2b,number_grids,instance_00017,Request Count,2.0
404,referencegame,qwen3.5-2b,number_grids,instance_00017,Parsed Request Count,2.0
405,referencegame,qwen3.5-2b,number_grids,instance_00017,Violated Request Count,0.0
406,referencegame,qwen3.5-2b,number_grids,instance_00017,Aborted,0.0
407,referencegame,qwen3.5-2b,number_grids,instance_00017,Success,1.0
408,referencegame,qwen3.5-2b,number_grids,instance_00017,Lose,0.0
409,referencegame,qwen3.5-2b,number_grids,instance_00017,Main Score,100.0
410,referencegame,qwen3.5-2b,number_grids,instance_00017,Request Success Ratio,1.0
411,referencegame,qwen3.5-2b,line_grids_rows,instance_00017,Generated Expression Length,96.0
412,referencegame,qwen3.5-2b,line_grids_rows,instance_00017,Generated Expression Number of Tokens,21.0
413,referencegame,qwen3.5-2b,line_grids_rows,instance_00017,Aborted at Player 1,0.0
414,referencegame,qwen3.5-2b,line_grids_rows,instance_00017,Aborted at Player 2,0.0
415,referencegame,qwen3.5-2b,line_grids_rows,instance_00017,Request Count,2.0
416,referencegame,qwen3.5-2b,line_grids_rows,instance_00017,Parsed Request Count,2.0
417,referencegame,qwen3.5-2b,line_grids_rows,instance_00017,Violated Request Count,0.0
418,referencegame,qwen3.5-2b,line_grids_rows,instance_00017,Aborted,0.0
419,referencegame,qwen3.5-2b,line_grids_rows,instance_00017,Success,1.0
420,referencegame,qwen3.5-2b,line_grids_rows,instance_00017,Lose,0.0
421,referencegame,qwen3.5-2b,line_grids_rows,instance_00017,Main Score,100.0
422,referencegame,qwen3.5-2b,line_grids_rows,instance_00017,Request Success Ratio,1.0
423,referencegame,qwen3.5-2b,letter_grids,instance_00012,Generated Expression Length,10007.0
424,referencegame,qwen3.5-2b,letter_grids,instance_00012,Generated Expression Number of Tokens,4999.0
425,referencegame,qwen3.5-2b,letter_grids,instance_00012,Aborted at Player 1,0.0
426,referencegame,qwen3.5-2b,letter_grids,instance_00012,Aborted at Player 2,0.0
427,referencegame,qwen3.5-2b,letter_grids,instance_00012,Request Count,2.0
428,referencegame,qwen3.5-2b,letter_grids,instance_00012,Parsed Request Count,2.0
429,referencegame,qwen3.5-2b,letter_grids,instance_00012,Violated Request Count,0.0
430,referencegame,qwen3.5-2b,letter_grids,instance_00012,Aborted,0.0
431,referencegame,qwen3.5-2b,letter_grids,instance_00012,Success,1.0
432,referencegame,qwen3.5-2b,letter_grids,instance_00012,Lose,0.0
433,referencegame,qwen3.5-2b,letter_grids,instance_00012,Main Score,100.0
434,referencegame,qwen3.5-2b,letter_grids,instance_00012,Request Success Ratio,1.0
435,adventuregame,qwen3.5-2b,new-words_home-delivery_medium_basic_medium,instance_00002,Violated Request Count,0.0
436,adventuregame,qwen3.5-2b,new-words_home-delivery_medium_basic_medium,instance_00002,Parsed Request Count,50.0
437,adventuregame,qwen3.5-2b,new-words_home-delivery_medium_basic_medium,instance_00002,Request Count,50.0
438,adventuregame,qwen3.5-2b,new-words_home-delivery_medium_basic_medium,instance_00002,Request Success Ratio,1.0
439,adventuregame,qwen3.5-2b,new-words_home-delivery_medium_basic_medium,instance_00002,hallucination_count,0.0
440,adventuregame,qwen3.5-2b,new-words_home-delivery_medium_basic_medium,instance_00002,action_parsing_fail,50.0
441,adventuregame,qwen3.5-2b,new-words_home-delivery_medium_basic_medium,instance_00002,action_resolution_fail,0.0
442,adventuregame,qwen3.5-2b,new-words_home-delivery_medium_basic_medium,instance_00002,lark_exception,0.0
443,adventuregame,qwen3.5-2b,new-words_home-delivery_medium_basic_medium,instance_00002,malformed_command,50.0
444,adventuregame,qwen3.5-2b,new-words_home-delivery_medium_basic_medium,instance_00002,undefined_action_verb,0.0
445,adventuregame,qwen3.5-2b,new-words_home-delivery_medium_basic_medium,instance_00002,undefined_action,0.0
446,adventuregame,qwen3.5-2b,new-words_home-delivery_medium_basic_medium,instance_00002,undefined_repr_str,0.0
447,adventuregame,qwen3.5-2b,new-words_home-delivery_medium_basic_medium,instance_00002,manipulating_room,0.0
448,adventuregame,qwen3.5-2b,new-words_home-delivery_medium_basic_medium,instance_00002,undefined_argument_type,0.0
449,adventuregame,qwen3.5-2b,new-words_home-delivery_medium_basic_medium,instance_00002,taking_from_inventory,0.0
450,adventuregame,qwen3.5-2b,new-words_home-delivery_medium_basic_medium,instance_00002,other_room_argument,0.0
451,adventuregame,qwen3.5-2b,new-words_home-delivery_medium_basic_medium,instance_00002,domain_trait_type_mismatch,0.0
452,adventuregame,qwen3.5-2b,new-words_home-delivery_medium_basic_medium,instance_00002,domain_type_discrepancy,0.0
453,adventuregame,qwen3.5-2b,new-words_home-delivery_medium_basic_medium,instance_00002,world_state_discrepancy,0.0
454,adventuregame,qwen3.5-2b,new-words_home-delivery_medium_basic_medium,instance_00002,entity_not_accessible,0.0
455,adventuregame,qwen3.5-2b,new-words_home-delivery_medium_basic_medium,instance_00002,entity_state_mismatch,0.0
456,adventuregame,qwen3.5-2b,new-words_home-delivery_medium_basic_medium,instance_00002,entity_trait_mismatch,0.0
457,adventuregame,qwen3.5-2b,new-words_home-delivery_medium_basic_medium,instance_00002,entity_already_inventory,0.0
458,adventuregame,qwen3.5-2b,new-words_home-delivery_medium_basic_medium,instance_00002,going_to_current_room,0.0
459,adventuregame,qwen3.5-2b,new-words_home-delivery_medium_basic_medium,instance_00002,no_exit_to,0.0
460,adventuregame,qwen3.5-2b,new-words_home-delivery_medium_basic_medium,instance_00002,inventory_limit_exceeded,0.0
461,adventuregame,qwen3.5-2b,new-words_home-delivery_medium_basic_medium,instance_00002,successful_actions,0.0
462,adventuregame,qwen3.5-2b,new-words_home-delivery_medium_basic_medium,instance_00002,turn_limit_loss,1.0
463,adventuregame,qwen3.5-2b,new-words_home-delivery_medium_basic_medium,instance_00002,turns_over_par,
464,adventuregame,qwen3.5-2b,new-words_home-delivery_medium_basic_medium,instance_00002,turn_ratio,
465,adventuregame,qwen3.5-2b,new-words_home-delivery_medium_basic_medium,instance_00002,finish_speed,
466,adventuregame,qwen3.5-2b,new-words_home-delivery_medium_basic_medium,instance_00002,achieved_goal_ratio,0.0
467,adventuregame,qwen3.5-2b,new-words_home-delivery_medium_basic_medium,instance_00002,Aborted,1.0
468,adventuregame,qwen3.5-2b,new-words_home-delivery_medium_basic_medium,instance_00002,Success,0.0
469,adventuregame,qwen3.5-2b,new-words_home-delivery_medium_basic_medium,instance_00002,Lose,0.0
470,adventuregame,qwen3.5-2b,new-words_home-delivery_medium_basic_medium,instance_00002,Main Score,
471,adventuregame,qwen3.5-2b,new-words_home-delivery_medium_basic_medium,instance_00002,plan_followed_ratio,0.0
472,adventuregame,qwen3.5-2b,new-words_home-delivery_medium_basic_medium,instance_00002,plan_average_viability_ratio,0.0
473,adventuregame,qwen3.5-2b,new-words_home-delivery_medium_basic_medium,instance_00002,bad_plan_follow_ratio,0.0
474,adventuregame,qwen3.5-2b,new-words_home-delivery_medium_basic_medium,instance_00002,bad_plan_dismiss_ratio,1.0
475,adventuregame,qwen3.5-2b,potion_brewing_basic_undefined,instance_00004,Violated Request Count,0.0
476,adventuregame,qwen3.5-2b,potion_brewing_basic_undefined,instance_00004,Parsed Request Count,100.0
477,adventuregame,qwen3.5-2b,potion_brewing_basic_undefined,instance_00004,Request Count,100.0
478,adventuregame,qwen3.5-2b,potion_brewing_basic_undefined,instance_00004,Request Success Ratio,1.0
479,adventuregame,qwen3.5-2b,potion_brewing_basic_undefined,instance_00004,hallucination_count,0.0
480,adventuregame,qwen3.5-2b,potion_brewing_basic_undefined,instance_00004,action_parsing_fail,1.0
481,adventuregame,qwen3.5-2b,potion_brewing_basic_undefined,instance_00004,action_resolution_fail,98.0
482,adventuregame,qwen3.5-2b,potion_brewing_basic_undefined,instance_00004,lark_exception,0.0
483,adventuregame,qwen3.5-2b,potion_brewing_basic_undefined,instance_00004,malformed_command,0.0
484,adventuregame,qwen3.5-2b,potion_brewing_basic_undefined,instance_00004,undefined_action_verb,0.0
485,adventuregame,qwen3.5-2b,potion_brewing_basic_undefined,instance_00004,undefined_action,0.0
486,adventuregame,qwen3.5-2b,potion_brewing_basic_undefined,instance_00004,undefined_repr_str,1.0
487,adventuregame,qwen3.5-2b,potion_brewing_basic_undefined,instance_00004,manipulating_room,0.0
488,adventuregame,qwen3.5-2b,potion_brewing_basic_undefined,instance_00004,undefined_argument_type,0.0
489,adventuregame,qwen3.5-2b,potion_brewing_basic_undefined,instance_00004,taking_from_inventory,0.0
490,adventuregame,qwen3.5-2b,potion_brewing_basic_undefined,instance_00004,other_room_argument,0.0
491,adventuregame,qwen3.5-2b,potion_brewing_basic_undefined,instance_00004,domain_trait_type_mismatch,0.0
492,adventuregame,qwen3.5-2b,potion_brewing_basic_undefined,instance_00004,domain_type_discrepancy,0.0
493,adventuregame,qwen3.5-2b,potion_brewing_basic_undefined,instance_00004,world_state_discrepancy,0.0
494,adventuregame,qwen3.5-2b,potion_brewing_basic_undefined,instance_00004,entity_not_accessible,0.0
495,adventuregame,qwen3.5-2b,potion_brewing_basic_undefined,instance_00004,entity_state_mismatch,98.0
496,adventuregame,qwen3.5-2b,potion_brewing_basic_undefined,instance_00004,entity_trait_mismatch,0.0
497,adventuregame,qwen3.5-2b,potion_brewing_basic_undefined,instance_00004,entity_already_inventory,0.0
498,adventuregame,qwen3.5-2b,potion_brewing_basic_undefined,instance_00004,going_to_current_room,0.0
499,adventuregame,qwen3.5-2b,potion_brewing_basic_undefined,instance_00004,no_exit_to,0.0
500,adventuregame,qwen3.5-2b,potion_brewing_basic_undefined,instance_00004,inventory_limit_exceeded,0.0
501,adventuregame,qwen3.5-2b,potion_brewing_basic_undefined,instance_00004,successful_actions,1.0
502,adventuregame,qwen3.5-2b,potion_brewing_basic_undefined,instance_00004,turn_limit_loss,1.0
503,adventuregame,qwen3.5-2b,potion_brewing_basic_undefined,instance_00004,turns_over_par,
504,adventuregame,qwen3.5-2b,potion_brewing_basic_undefined,instance_00004,turn_ratio,
505,adventuregame,qwen3.5-2b,potion_brewing_basic_undefined,instance_00004,finish_speed,
506,adventuregame,qwen3.5-2b,potion_brewing_basic_undefined,instance_00004,achieved_goal_ratio,0.0
507,adventuregame,qwen3.5-2b,potion_brewing_basic_undefined,instance_00004,Aborted,1.0
508,adventuregame,qwen3.5-2b,potion_brewing_basic_undefined,instance_00004,Success,0.0
509,adventuregame,qwen3.5-2b,potion_brewing_basic_undefined,instance_00004,Lose,0.0
510,adventuregame,qwen3.5-2b,potion_brewing_basic_undefined,instance_00004,Main Score,
511,adventuregame,qwen3.5-2b,potion_brewing_basic_undefined,instance_00004,plan_followed_ratio,0.0
512,adventuregame,qwen3.5-2b,potion_brewing_basic_undefined,instance_00004,plan_average_viability_ratio,0.0
513,adventuregame,qwen3.5-2b,potion_brewing_basic_undefined,instance_00004,bad_plan_follow_ratio,0.0
514,adventuregame,qwen3.5-2b,potion_brewing_basic_undefined,instance_00004,bad_plan_dismiss_ratio,1.0
515,adventuregame,qwen3.5-2b,new-words_home-delivery_easy_basic_easy,instance_00002,Violated Request Count,0.0
516,adventuregame,qwen3.5-2b,new-words_home-delivery_easy_basic_easy,instance_00002,Parsed Request Count,50.0
517,adventuregame,qwen3.5-2b,new-words_home-delivery_easy_basic_easy,instance_00002,Request Count,50.0
518,adventuregame,qwen3.5-2b,new-words_home-delivery_easy_basic_easy,instance_00002,Request Success Ratio,1.0
519,adventuregame,qwen3.5-2b,new-words_home-delivery_easy_basic_easy,instance_00002,hallucination_count,0.0
520,adventuregame,qwen3.5-2b,new-words_home-delivery_easy_basic_easy,instance_00002,action_parsing_fail,48.0
521,adventuregame,qwen3.5-2b,new-words_home-delivery_easy_basic_easy,instance_00002,action_resolution_fail,1.0
522,adventuregame,qwen3.5-2b,new-words_home-delivery_easy_basic_easy,instance_00002,lark_exception,0.0
523,adventuregame,qwen3.5-2b,new-words_home-delivery_easy_basic_easy,instance_00002,malformed_command,48.0
524,adventuregame,qwen3.5-2b,new-words_home-delivery_easy_basic_easy,instance_00002,undefined_action_verb,0.0
525,adventuregame,qwen3.5-2b,new-words_home-delivery_easy_basic_easy,instance_00002,undefined_action,0.0
526,adventuregame,qwen3.5-2b,new-words_home-delivery_easy_basic_easy,instance_00002,undefined_repr_str,0.0
527,adventuregame,qwen3.5-2b,new-words_home-delivery_easy_basic_easy,instance_00002,manipulating_room,0.0
528,adventuregame,qwen3.5-2b,new-words_home-delivery_easy_basic_easy,instance_00002,undefined_argument_type,0.0
529,adventuregame,qwen3.5-2b,new-words_home-delivery_easy_basic_easy,instance_00002,taking_from_inventory,0.0
530,adventuregame,qwen3.5-2b,new-words_home-delivery_easy_basic_easy,instance_00002,other_room_argument,0.0
531,adventuregame,qwen3.5-2b,new-words_home-delivery_easy_basic_easy,instance_00002,domain_trait_type_mismatch,0.0
532,adventuregame,qwen3.5-2b,new-words_home-delivery_easy_basic_easy,instance_00002,domain_type_discrepancy,0.0
533,adventuregame,qwen3.5-2b,new-words_home-delivery_easy_basic_easy,instance_00002,world_state_discrepancy,0.0
534,adventuregame,qwen3.5-2b,new-words_home-delivery_easy_basic_easy,instance_00002,entity_not_accessible,0.0
535,adventuregame,qwen3.5-2b,new-words_home-delivery_easy_basic_easy,instance_00002,entity_state_mismatch,1.0
536,adventuregame,qwen3.5-2b,new-words_home-delivery_easy_basic_easy,instance_00002,entity_trait_mismatch,0.0
537,adventuregame,qwen3.5-2b,new-words_home-delivery_easy_basic_easy,instance_00002,entity_already_inventory,0.0
538,adventuregame,qwen3.5-2b,new-words_home-delivery_easy_basic_easy,instance_00002,going_to_current_room,0.0
539,adventuregame,qwen3.5-2b,new-words_home-delivery_easy_basic_easy,instance_00002,no_exit_to,0.0
540,adventuregame,qwen3.5-2b,new-words_home-delivery_easy_basic_easy,instance_00002,inventory_limit_exceeded,0.0
541,adventuregame,qwen3.5-2b,new-words_home-delivery_easy_basic_easy,instance_00002,successful_actions,1.0
542,adventuregame,qwen3.5-2b,new-words_home-delivery_easy_basic_easy,instance_00002,turn_limit_loss,1.0
543,adventuregame,qwen3.5-2b,new-words_home-delivery_easy_basic_easy,instance_00002,turns_over_par,
544,adventuregame,qwen3.5-2b,new-words_home-delivery_easy_basic_easy,instance_00002,turn_ratio,
545,adventuregame,qwen3.5-2b,new-words_home-delivery_easy_basic_easy,instance_00002,finish_speed,
546,adventuregame,qwen3.5-2b,new-words_home-delivery_easy_basic_easy,instance_00002,achieved_goal_ratio,0.0
547,adventuregame,qwen3.5-2b,new-words_home-delivery_easy_basic_easy,instance_00002,Aborted,1.0
548,adventuregame,qwen3.5-2b,new-words_home-delivery_easy_basic_easy,instance_00002,Success,0.0
549,adventuregame,qwen3.5-2b,new-words_home-delivery_easy_basic_easy,instance_00002,Lose,0.0
550,adventuregame,qwen3.5-2b,new-words_home-delivery_easy_basic_easy,instance_00002,Main Score,
551,adventuregame,qwen3.5-2b,new-words_home-delivery_easy_basic_easy,instance_00002,plan_followed_ratio,0.0
552,adventuregame,qwen3.5-2b,new-words_home-delivery_easy_basic_easy,instance_00002,plan_average_viability_ratio,0.0
553,adventuregame,qwen3.5-2b,new-words_home-delivery_easy_basic_easy,instance_00002,bad_plan_follow_ratio,0.0
554,adventuregame,qwen3.5-2b,new-words_home-delivery_easy_basic_easy,instance_00002,bad_plan_dismiss_ratio,1.0
555,adventuregame,qwen3.5-2b,new-words_created_basic_hard,instance_00000,Violated Request Count,0.0
556,adventuregame,qwen3.5-2b,new-words_created_basic_hard,instance_00000,Parsed Request Count,50.0
557,adventuregame,qwen3.5-2b,new-words_created_basic_hard,instance_00000,Request Count,50.0
558,adventuregame,qwen3.5-2b,new-words_created_basic_hard,instance_00000,Request Success Ratio,1.0
559,adventuregame,qwen3.5-2b,new-words_created_basic_hard,instance_00000,hallucination_count,0.0
560,adventuregame,qwen3.5-2b,new-words_created_basic_hard,instance_00000,action_parsing_fail,50.0
561,adventuregame,qwen3.5-2b,new-words_created_basic_hard,instance_00000,action_resolution_fail,0.0
562,adventuregame,qwen3.5-2b,new-words_created_basic_hard,instance_00000,lark_exception,0.0
563,adventuregame,qwen3.5-2b,new-words_created_basic_hard,instance_00000,malformed_command,0.0
564,adventuregame,qwen3.5-2b,new-words_created_basic_hard,instance_00000,undefined_action_verb,50.0
565,adventuregame,qwen3.5-2b,new-words_created_basic_hard,instance_00000,undefined_action,0.0
566,adventuregame,qwen3.5-2b,new-words_created_basic_hard,instance_00000,undefined_repr_str,0.0
567,adventuregame,qwen3.5-2b,new-words_created_basic_hard,instance_00000,manipulating_room,0.0
568,adventuregame,qwen3.5-2b,new-words_created_basic_hard,instance_00000,undefined_argument_type,0.0
569,adventuregame,qwen3.5-2b,new-words_created_basic_hard,instance_00000,taking_from_inventory,0.0
570,adventuregame,qwen3.5-2b,new-words_created_basic_hard,instance_00000,other_room_argument,0.0
571,adventuregame,qwen3.5-2b,new-words_created_basic_hard,instance_00000,domain_trait_type_mismatch,0.0
572,adventuregame,qwen3.5-2b,new-words_created_basic_hard,instance_00000,domain_type_discrepancy,0.0
573,adventuregame,qwen3.5-2b,new-words_created_basic_hard,instance_00000,world_state_discrepancy,0.0
574,adventuregame,qwen3.5-2b,new-words_created_basic_hard,instance_00000,entity_not_accessible,0.0
575,adventuregame,qwen3.5-2b,new-words_created_basic_hard,instance_00000,entity_state_mismatch,0.0
576,adventuregame,qwen3.5-2b,new-words_created_basic_hard,instance_00000,entity_trait_mismatch,0.0
577,adventuregame,qwen3.5-2b,new-words_created_basic_hard,instance_00000,entity_already_inventory,0.0
578,adventuregame,qwen3.5-2b,new-words_created_basic_hard,instance_00000,going_to_current_room,0.0
579,adventuregame,qwen3.5-2b,new-words_created_basic_hard,instance_00000,no_exit_to,0.0
580,adventuregame,qwen3.5-2b,new-words_created_basic_hard,instance_00000,inventory_limit_exceeded,0.0
581,adventuregame,qwen3.5-2b,new-words_created_basic_hard,instance_00000,successful_actions,0.0
582,adventuregame,qwen3.5-2b,new-words_created_basic_hard,instance_00000,turn_limit_loss,1.0
583,adventuregame,qwen3.5-2b,new-words_created_basic_hard,instance_00000,turns_over_par,
584,adventuregame,qwen3.5-2b,new-words_created_basic_hard,instance_00000,turn_ratio,
585,adventuregame,qwen3.5-2b,new-words_created_basic_hard,instance_00000,finish_speed,
586,adventuregame,qwen3.5-2b,new-words_created_basic_hard,instance_00000,achieved_goal_ratio,0.0
587,adventuregame,qwen3.5-2b,new-words_created_basic_hard,instance_00000,Aborted,1.0
588,adventuregame,qwen3.5-2b,new-words_created_basic_hard,instance_00000,Success,0.0
589,adventuregame,qwen3.5-2b,new-words_created_basic_hard,instance_00000,Lose,0.0
590,adventuregame,qwen3.5-2b,new-words_created_basic_hard,instance_00000,Main Score,
591,adventuregame,qwen3.5-2b,new-words_created_basic_hard,instance_00000,plan_followed_ratio,0.0
592,adventuregame,qwen3.5-2b,new-words_created_basic_hard,instance_00000,plan_average_viability_ratio,0.0
593,adventuregame,qwen3.5-2b,new-words_created_basic_hard,instance_00000,bad_plan_follow_ratio,0.0
594,adventuregame,qwen3.5-2b,new-words_created_basic_hard,instance_00000,bad_plan_dismiss_ratio,1.0
595,adventuregame,qwen3.5-2b,home_deliver_three_basic_hard_invlimittwo,instance_00000,Violated Request Count,0.0
596,adventuregame,qwen3.5-2b,home_deliver_three_basic_hard_invlimittwo,instance_00000,Parsed Request Count,50.0
597,adventuregame,qwen3.5-2b,home_deliver_three_basic_hard_invlimittwo,instance_00000,Request Count,50.0
598,adventuregame,qwen3.5-2b,home_deliver_three_basic_hard_invlimittwo,instance_00000,Request Success Ratio,1.0
599,adventuregame,qwen3.5-2b,home_deliver_three_basic_hard_invlimittwo,instance_00000,hallucination_count,0.0
600,adventuregame,qwen3.5-2b,home_deliver_three_basic_hard_invlimittwo,instance_00000,action_parsing_fail,49.0
601,adventuregame,qwen3.5-2b,home_deliver_three_basic_hard_invlimittwo,instance_00000,action_resolution_fail,1.0
602,adventuregame,qwen3.5-2b,home_deliver_three_basic_hard_invlimittwo,instance_00000,lark_exception,0.0
603,adventuregame,qwen3.5-2b,home_deliver_three_basic_hard_invlimittwo,instance_00000,malformed_command,0.0
604,adventuregame,qwen3.5-2b,home_deliver_three_basic_hard_invlimittwo,instance_00000,undefined_action_verb,49.0
605,adventuregame,qwen3.5-2b,home_deliver_three_basic_hard_invlimittwo,instance_00000,undefined_action,0.0
606,adventuregame,qwen3.5-2b,home_deliver_three_basic_hard_invlimittwo,instance_00000,undefined_repr_str,0.0
607,adventuregame,qwen3.5-2b,home_deliver_three_basic_hard_invlimittwo,instance_00000,manipulating_room,0.0
608,adventuregame,qwen3.5-2b,home_deliver_three_basic_hard_invlimittwo,instance_00000,undefined_argument_type,0.0
609,adventuregame,qwen3.5-2b,home_deliver_three_basic_hard_invlimittwo,instance_00000,taking_from_inventory,0.0
610,adventuregame,qwen3.5-2b,home_deliver_three_basic_hard_invlimittwo,instance_00000,other_room_argument,0.0
611,adventuregame,qwen3.5-2b,home_deliver_three_basic_hard_invlimittwo,instance_00000,domain_trait_type_mismatch,0.0
612,adventuregame,qwen3.5-2b,home_deliver_three_basic_hard_invlimittwo,instance_00000,domain_type_discrepancy,0.0
613,adventuregame,qwen3.5-2b,home_deliver_three_basic_hard_invlimittwo,instance_00000,world_state_discrepancy,0.0
614,adventuregame,qwen3.5-2b,home_deliver_three_basic_hard_invlimittwo,instance_00000,entity_not_accessible,1.0
615,adventuregame,qwen3.5-2b,home_deliver_three_basic_hard_invlimittwo,instance_00000,entity_state_mismatch,0.0
616,adventuregame,qwen3.5-2b,home_deliver_three_basic_hard_invlimittwo,instance_00000,entity_trait_mismatch,0.0
617,adventuregame,qwen3.5-2b,home_deliver_three_basic_hard_invlimittwo,instance_00000,entity_already_inventory,0.0
618,adventuregame,qwen3.5-2b,home_deliver_three_basic_hard_invlimittwo,instance_00000,going_to_current_room,0.0
619,adventuregame,qwen3.5-2b,home_deliver_three_basic_hard_invlimittwo,instance_00000,no_exit_to,0.0
620,adventuregame,qwen3.5-2b,home_deliver_three_basic_hard_invlimittwo,instance_00000,inventory_limit_exceeded,0.0
621,adventuregame,qwen3.5-2b,home_deliver_three_basic_hard_invlimittwo,instance_00000,successful_actions,0.0
622,adventuregame,qwen3.5-2b,home_deliver_three_basic_hard_invlimittwo,instance_00000,turn_limit_loss,1.0
623,adventuregame,qwen3.5-2b,home_deliver_three_basic_hard_invlimittwo,instance_00000,turns_over_par,
624,adventuregame,qwen3.5-2b,home_deliver_three_basic_hard_invlimittwo,instance_00000,turn_ratio,
625,adventuregame,qwen3.5-2b,home_deliver_three_basic_hard_invlimittwo,instance_00000,finish_speed,
626,adventuregame,qwen3.5-2b,home_deliver_three_basic_hard_invlimittwo,instance_00000,achieved_goal_ratio,0.0
627,adventuregame,qwen3.5-2b,home_deliver_three_basic_hard_invlimittwo,instance_00000,Aborted,1.0
628,adventuregame,qwen3.5-2b,home_deliver_three_basic_hard_invlimittwo,instance_00000,Success,0.0
629,adventuregame,qwen3.5-2b,home_deliver_three_basic_hard_invlimittwo,instance_00000,Lose,0.0
630,adventuregame,qwen3.5-2b,home_deliver_three_basic_hard_invlimittwo,instance_00000,Main Score,
631,adventuregame,qwen3.5-2b,home_deliver_three_basic_hard_invlimittwo,instance_00000,plan_followed_ratio,0.0
632,adventuregame,qwen3.5-2b,home_deliver_three_basic_hard_invlimittwo,instance_00000,plan_average_viability_ratio,0.0
633,adventuregame,qwen3.5-2b,home_deliver_three_basic_hard_invlimittwo,instance_00000,bad_plan_follow_ratio,0.0
634,adventuregame,qwen3.5-2b,home_deliver_three_basic_hard_invlimittwo,instance_00000,bad_plan_dismiss_ratio,1.0
635,textmapworld_specificroom,qwen3.5-2b,on,instance_00000,Aborted,1.0
636,textmapworld_specificroom,qwen3.5-2b,on,instance_00000,Success,0.0
637,textmapworld_specificroom,qwen3.5-2b,on,instance_00000,Lose,0.0
638,textmapworld_specificroom,qwen3.5-2b,on,instance_00000,moves,
639,textmapworld_specificroom,qwen3.5-2b,on,instance_00000,valid_moves,
640,textmapworld_specificroom,qwen3.5-2b,on,instance_00000,invalid_moves,
641,textmapworld_specificroom,qwen3.5-2b,on,instance_00000,stopped,
642,textmapworld_specificroom,qwen3.5-2b,on,instance_00000,turns_limit,
643,textmapworld_specificroom,qwen3.5-2b,on,instance_00000,loops,
644,textmapworld_specificroom,qwen3.5-2b,on,instance_00000,number_visited,
645,textmapworld_specificroom,qwen3.5-2b,on,instance_00000,seen,
646,textmapworld_specificroom,qwen3.5-2b,on,instance_00000,efficiency,
647,textmapworld_specificroom,qwen3.5-2b,on,instance_00000,exploration,
648,textmapworld_specificroom,qwen3.5-2b,on,instance_00000,old_benchscore,
649,textmapworld_specificroom,qwen3.5-2b,on,instance_00000,Main Score,
650,textmapworld_specificroom,qwen3.5-2b,far,instance_00027,Aborted,1.0
651,textmapworld_specificroom,qwen3.5-2b,far,instance_00027,Success,0.0
652,textmapworld_specificroom,qwen3.5-2b,far,instance_00027,Lose,0.0
653,textmapworld_specificroom,qwen3.5-2b,far,instance_00027,moves,
654,textmapworld_specificroom,qwen3.5-2b,far,instance_00027,valid_moves,
655,textmapworld_specificroom,qwen3.5-2b,far,instance_00027,invalid_moves,
656,textmapworld_specificroom,qwen3.5-2b,far,instance_00027,stopped,
657,textmapworld_specificroom,qwen3.5-2b,far,instance_00027,turns_limit,
658,textmapworld_specificroom,qwen3.5-2b,far,instance_00027,loops,
659,textmapworld_specificroom,qwen3.5-2b,far,instance_00027,number_visited,
660,textmapworld_specificroom,qwen3.5-2b,far,instance_00027,seen,
661,textmapworld_specificroom,qwen3.5-2b,far,instance_00027,efficiency,
662,textmapworld_specificroom,qwen3.5-2b,far,instance_00027,exploration,
663,textmapworld_specificroom,qwen3.5-2b,far,instance_00027,old_benchscore,
664,textmapworld_specificroom,qwen3.5-2b,far,instance_00027,Main Score,
665,textmapworld_specificroom,qwen3.5-2b,close,instance_00017,Aborted,1.0
666,textmapworld_specificroom,qwen3.5-2b,close,instance_00017,Success,0.0
667,textmapworld_specificroom,qwen3.5-2b,close,instance_00017,Lose,0.0
668,textmapworld_specificroom,qwen3.5-2b,close,instance_00017,moves,
669,textmapworld_specificroom,qwen3.5-2b,close,instance_00017,valid_moves,
670,textmapworld_specificroom,qwen3.5-2b,close,instance_00017,invalid_moves,
671,textmapworld_specificroom,qwen3.5-2b,close,instance_00017,stopped,
672,textmapworld_specificroom,qwen3.5-2b,close,instance_00017,turns_limit,
673,textmapworld_specificroom,qwen3.5-2b,close,instance_00017,loops,
674,textmapworld_specificroom,qwen3.5-2b,close,instance_00017,number_visited,
675,textmapworld_specificroom,qwen3.5-2b,close,instance_00017,seen,
676,textmapworld_specificroom,qwen3.5-2b,close,instance_00017,efficiency,
677,textmapworld_specificroom,qwen3.5-2b,close,instance_00017,exploration,
678,textmapworld_specificroom,qwen3.5-2b,close,instance_00017,old_benchscore,
679,textmapworld_specificroom,qwen3.5-2b,close,instance_00017,Main Score,
680,imagegame,qwen3.5-2b,random_grids,instance_00014,Precision,0.0
681,imagegame,qwen3.5-2b,random_grids,instance_00014,Recall,0.0
682,imagegame,qwen3.5-2b,random_grids,instance_00014,F1,0.0
683,imagegame,qwen3.5-2b,random_grids,instance_00014,Main Score,0.0
684,imagegame,qwen3.5-2b,random_grids,instance_00014,Average Changed Cell Count,0.5
685,imagegame,qwen3.5-2b,random_grids,instance_00014,Average Generated Instruction Length,35.82
686,imagegame,qwen3.5-2b,random_grids,instance_00014,Average Generated Expression Number of Tokens,7.0
687,imagegame,qwen3.5-2b,random_grids,instance_00014,Success,0.0
688,imagegame,qwen3.5-2b,random_grids,instance_00014,Lose,1.0
689,imagegame,qwen3.5-2b,random_grids,instance_00014,Aborted,0.0
690,imagegame,qwen3.5-2b,random_grids,instance_00014,Request Count,301.0
691,imagegame,qwen3.5-2b,random_grids,instance_00014,Violated Request Count,0.0
692,imagegame,qwen3.5-2b,random_grids,instance_00014,Parsed Request Count,301.0
693,imagegame,qwen3.5-2b,random_grids,instance_00014,Request Success Ratio,1.0
694,imagegame,qwen3.5-2b,random_grids,instance_00016,Precision,32.0
695,imagegame,qwen3.5-2b,random_grids,instance_00016,Recall,100.0
696,imagegame,qwen3.5-2b,random_grids,instance_00016,F1,48.0
697,imagegame,qwen3.5-2b,random_grids,instance_00016,Main Score,48.0
698,imagegame,qwen3.5-2b,random_grids,instance_00016,Average Changed Cell Count,4.1667
699,imagegame,qwen3.5-2b,random_grids,instance_00016,Average Generated Instruction Length,34.5
700,imagegame,qwen3.5-2b,random_grids,instance_00016,Average Generated Expression Number of Tokens,7.0
701,imagegame,qwen3.5-2b,random_grids,instance_00016,Success,0.0
702,imagegame,qwen3.5-2b,random_grids,instance_00016,Lose,1.0
703,imagegame,qwen3.5-2b,random_grids,instance_00016,Aborted,0.0
704,imagegame,qwen3.5-2b,random_grids,instance_00016,Request Count,38.0
705,imagegame,qwen3.5-2b,random_grids,instance_00016,Violated Request Count,0.0
706,imagegame,qwen3.5-2b,random_grids,instance_00016,Parsed Request Count,38.0
707,imagegame,qwen3.5-2b,random_grids,instance_00016,Request Success Ratio,1.0
708,imagegame,qwen3.5-2b,compact_grids,instance_00019,Precision,60.0
709,imagegame,qwen3.5-2b,compact_grids,instance_00019,Recall,100.0
710,imagegame,qwen3.5-2b,compact_grids,instance_00019,F1,75.0
711,imagegame,qwen3.5-2b,compact_grids,instance_00019,Main Score,75.0
712,imagegame,qwen3.5-2b,compact_grids,instance_00019,Average Changed Cell Count,0.5
713,imagegame,qwen3.5-2b,compact_grids,instance_00019,Average Generated Instruction Length,35.9
714,imagegame,qwen3.5-2b,compact_grids,instance_00019,Average Generated Expression Number of Tokens,7.0
715,imagegame,qwen3.5-2b,compact_grids,instance_00019,Success,0.0
716,imagegame,qwen3.5-2b,compact_grids,instance_00019,Lose,1.0
717,imagegame,qwen3.5-2b,compact_grids,instance_00019,Aborted,0.0
718,imagegame,qwen3.5-2b,compact_grids,instance_00019,Request Count,301.0
719,imagegame,qwen3.5-2b,compact_grids,instance_00019,Violated Request Count,0.0
720,imagegame,qwen3.5-2b,compact_grids,instance_00019,Parsed Request Count,301.0
721,imagegame,qwen3.5-2b,compact_grids,instance_00019,Request Success Ratio,1.0
722,imagegame,qwen3.5-2b,compact_grids,instance_00002,Precision,
723,imagegame,qwen3.5-2b,compact_grids,instance_00002,Recall,
724,imagegame,qwen3.5-2b,compact_grids,instance_00002,F1,
725,imagegame,qwen3.5-2b,compact_grids,instance_00002,Main Score,
726,imagegame,qwen3.5-2b,compact_grids,instance_00002,Average Changed Cell Count,
727,imagegame,qwen3.5-2b,compact_grids,instance_00002,Average Generated Instruction Length,
728,imagegame,qwen3.5-2b,compact_grids,instance_00002,Average Generated Expression Number of Tokens,
729,imagegame,qwen3.5-2b,compact_grids,instance_00002,Success,0.0
730,imagegame,qwen3.5-2b,compact_grids,instance_00002,Lose,0.0
731,imagegame,qwen3.5-2b,compact_grids,instance_00002,Aborted,1.0
732,imagegame,qwen3.5-2b,compact_grids,instance_00002,Request Count,6.0
733,imagegame,qwen3.5-2b,compact_grids,instance_00002,Violated Request Count,1.0
734,imagegame,qwen3.5-2b,compact_grids,instance_00002,Parsed Request Count,5.0
735,imagegame,qwen3.5-2b,compact_grids,instance_00002,Request Success Ratio,0.8333
736,textmapworld_graphreasoning,qwen3.5-2b,small,instance_00009,Aborted,1.0
737,textmapworld_graphreasoning,qwen3.5-2b,small,instance_00009,Success,0.0
738,textmapworld_graphreasoning,qwen3.5-2b,small,instance_00009,Lose,0.0
739,textmapworld_graphreasoning,qwen3.5-2b,small,instance_00009,moves,
740,textmapworld_graphreasoning,qwen3.5-2b,small,instance_00009,valid_moves,
741,textmapworld_graphreasoning,qwen3.5-2b,small,instance_00009,invalid_moves,
742,textmapworld_graphreasoning,qwen3.5-2b,small,instance_00009,stopped,
743,textmapworld_graphreasoning,qwen3.5-2b,small,instance_00009,turns_limit,
744,textmapworld_graphreasoning,qwen3.5-2b,small,instance_00009,loops,
745,textmapworld_graphreasoning,qwen3.5-2b,small,instance_00009,number_visited,
746,textmapworld_graphreasoning,qwen3.5-2b,small,instance_00009,seen,
747,textmapworld_graphreasoning,qwen3.5-2b,small,instance_00009,efficiency,
748,textmapworld_graphreasoning,qwen3.5-2b,small,instance_00009,exploration,
749,textmapworld_graphreasoning,qwen3.5-2b,small,instance_00009,graph_similarity,
750,textmapworld_graphreasoning,qwen3.5-2b,small,instance_00009,Main Score,
751,textmapworld_graphreasoning,qwen3.5-2b,large,instance_00028,Aborted,1.0
752,textmapworld_graphreasoning,qwen3.5-2b,large,instance_00028,Success,0.0
753,textmapworld_graphreasoning,qwen3.5-2b,large,instance_00028,Lose,0.0
754,textmapworld_graphreasoning,qwen3.5-2b,large,instance_00028,moves,
755,textmapworld_graphreasoning,qwen3.5-2b,large,instance_00028,valid_moves,
756,textmapworld_graphreasoning,qwen3.5-2b,large,instance_00028,invalid_moves,
757,textmapworld_graphreasoning,qwen3.5-2b,large,instance_00028,stopped,
758,textmapworld_graphreasoning,qwen3.5-2b,large,instance_00028,turns_limit,
759,textmapworld_graphreasoning,qwen3.5-2b,large,instance_00028,loops,
760,textmapworld_graphreasoning,qwen3.5-2b,large,instance_00028,number_visited,
761,textmapworld_graphreasoning,qwen3.5-2b,large,instance_00028,seen,
762,textmapworld_graphreasoning,qwen3.5-2b,large,instance_00028,efficiency,
763,textmapworld_graphreasoning,qwen3.5-2b,large,instance_00028,exploration,
764,textmapworld_graphreasoning,qwen3.5-2b,large,instance_00028,graph_similarity,
765,textmapworld_graphreasoning,qwen3.5-2b,large,instance_00028,Main Score,
766,textmapworld_graphreasoning,qwen3.5-2b,medium,instance_00010,Aborted,1.0
767,textmapworld_graphreasoning,qwen3.5-2b,medium,instance_00010,Success,0.0
768,textmapworld_graphreasoning,qwen3.5-2b,medium,instance_00010,Lose,0.0
769,textmapworld_graphreasoning,qwen3.5-2b,medium,instance_00010,moves,
770,textmapworld_graphreasoning,qwen3.5-2b,medium,instance_00010,valid_moves,
771,textmapworld_graphreasoning,qwen3.5-2b,medium,instance_00010,invalid_moves,
772,textmapworld_graphreasoning,qwen3.5-2b,medium,instance_00010,stopped,
773,textmapworld_graphreasoning,qwen3.5-2b,medium,instance_00010,turns_limit,
774,textmapworld_graphreasoning,qwen3.5-2b,medium,instance_00010,loops,
775,textmapworld_graphreasoning,qwen3.5-2b,medium,instance_00010,number_visited,
776,textmapworld_graphreasoning,qwen3.5-2b,medium,instance_00010,seen,
777,textmapworld_graphreasoning,qwen3.5-2b,medium,instance_00010,efficiency,
778,textmapworld_graphreasoning,qwen3.5-2b,medium,instance_00010,exploration,
779,textmapworld_graphreasoning,qwen3.5-2b,medium,instance_00010,graph_similarity,
780,textmapworld_graphreasoning,qwen3.5-2b,medium,instance_00010,Main Score,
781,codenames,qwen3.5-2b,association_difficult,instance_00000,experiment variable,Word Assignments
782,codenames,qwen3.5-2b,association_difficult,instance_00000,experiment name,association_difficult
783,codenames,qwen3.5-2b,association_difficult,instance_00000,Cluegiver strip words,0
784,codenames,qwen3.5-2b,association_difficult,instance_00000,Guesser strip words,0
785,codenames,qwen3.5-2b,association_difficult,instance_00000,Average Cluegiver Number of Targets,0
786,codenames,qwen3.5-2b,association_difficult,instance_00000,Average Cluegiver Team Precision,0
787,codenames,qwen3.5-2b,association_difficult,instance_00000,Average Cluegiver Team Recall,0.0
788,codenames,qwen3.5-2b,association_difficult,instance_00000,Average Cluegiver Team F1,0
789,codenames,qwen3.5-2b,association_difficult,instance_00000,Average Guesser Number of Guesses,0
790,codenames,qwen3.5-2b,association_difficult,instance_00000,Average Guesser Number of Revealed Words,0
791,codenames,qwen3.5-2b,association_difficult,instance_00000,Average Guesser Number of Unrevealed Guesses,0
792,codenames,qwen3.5-2b,association_difficult,instance_00000,Average Guesser Target Precision,0
793,codenames,qwen3.5-2b,association_difficult,instance_00000,Average Guesser Target Recall,0
794,codenames,qwen3.5-2b,association_difficult,instance_00000,Average Guesser Target F1,0
795,codenames,qwen3.5-2b,association_difficult,instance_00000,Average Guesser Team Precision,0
796,codenames,qwen3.5-2b,association_difficult,instance_00000,Average Guesser Team Recall,0.0
797,codenames,qwen3.5-2b,association_difficult,instance_00000,Average Guesser Team F1,0
798,codenames,qwen3.5-2b,association_difficult,instance_00000,Aborted,1
799,codenames,qwen3.5-2b,association_difficult,instance_00000,Lose,0
800,codenames,qwen3.5-2b,association_difficult,instance_00000,Success,0
801,codenames,qwen3.5-2b,association_difficult,instance_00000,Game ended through assassin,0
802,codenames,qwen3.5-2b,association_difficult,instance_00000,Episode Recall,0.0
803,codenames,qwen3.5-2b,association_difficult,instance_00000,Episode Negative Recall,1.0
804,codenames,qwen3.5-2b,association_difficult,instance_00000,Number of turns,1
805,codenames,qwen3.5-2b,association_difficult,instance_00000,Efficiency,0.0
806,codenames,qwen3.5-2b,association_difficult,instance_00000,Request Count,1
807,codenames,qwen3.5-2b,association_difficult,instance_00000,Parsed Request Count,0
808,codenames,qwen3.5-2b,association_difficult,instance_00000,Violated Request Count,1
809,codenames,qwen3.5-2b,association_difficult,instance_00000,Request Success Ratio,0.0
810,codenames,qwen3.5-2b,association_difficult,instance_00000,Main Score,
811,codenames,qwen3.5-2b,risk_low,instance_00008,experiment variable,Risk
812,codenames,qwen3.5-2b,risk_low,instance_00008,experiment name,risk_low
813,codenames,qwen3.5-2b,risk_low,instance_00008,Cluegiver strip words,0
814,codenames,qwen3.5-2b,risk_low,instance_00008,Guesser strip words,0
815,codenames,qwen3.5-2b,risk_low,instance_00008,Average Cluegiver Number of Targets,0
816,codenames,qwen3.5-2b,risk_low,instance_00008,Average Cluegiver Team Precision,0
817,codenames,qwen3.5-2b,risk_low,instance_00008,Average Cluegiver Team Recall,0.0
818,codenames,qwen3.5-2b,risk_low,instance_00008,Average Cluegiver Team F1,0
819,codenames,qwen3.5-2b,risk_low,instance_00008,Average Guesser Number of Guesses,0
820,codenames,qwen3.5-2b,risk_low,instance_00008,Average Guesser Number of Revealed Words,0
821,codenames,qwen3.5-2b,risk_low,instance_00008,Average Guesser Number of Unrevealed Guesses,0
822,codenames,qwen3.5-2b,risk_low,instance_00008,Average Guesser Target Precision,0
823,codenames,qwen3.5-2b,risk_low,instance_00008,Average Guesser Target Recall,0
824,codenames,qwen3.5-2b,risk_low,instance_00008,Average Guesser Target F1,0
825,codenames,qwen3.5-2b,risk_low,instance_00008,Average Guesser Team Precision,0
826,codenames,qwen3.5-2b,risk_low,instance_00008,Average Guesser Team Recall,0.0
827,codenames,qwen3.5-2b,risk_low,instance_00008,Average Guesser Team F1,0
828,codenames,qwen3.5-2b,risk_low,instance_00008,Aborted,1
829,codenames,qwen3.5-2b,risk_low,instance_00008,Lose,0
830,codenames,qwen3.5-2b,risk_low,instance_00008,Success,0
831,codenames,qwen3.5-2b,risk_low,instance_00008,Game ended through assassin,0
832,codenames,qwen3.5-2b,risk_low,instance_00008,Episode Recall,0.0
833,codenames,qwen3.5-2b,risk_low,instance_00008,Episode Negative Recall,1.0
834,codenames,qwen3.5-2b,risk_low,instance_00008,Number of turns,1
835,codenames,qwen3.5-2b,risk_low,instance_00008,Efficiency,0.0
836,codenames,qwen3.5-2b,risk_low,instance_00008,Request Count,1
837,codenames,qwen3.5-2b,risk_low,instance_00008,Parsed Request Count,0
838,codenames,qwen3.5-2b,risk_low,instance_00008,Violated Request Count,1
839,codenames,qwen3.5-2b,risk_low,instance_00008,Request Success Ratio,0.0
840,codenames,qwen3.5-2b,risk_low,instance_00008,Main Score,
841,codenames,qwen3.5-2b,ambiguous,instance_00001,experiment variable,Word Ambiguity
842,codenames,qwen3.5-2b,ambiguous,instance_00001,experiment name,ambiguous
843,codenames,qwen3.5-2b,ambiguous,instance_00001,Cluegiver strip words,0
844,codenames,qwen3.5-2b,ambiguous,instance_00001,Guesser strip words,0
845,codenames,qwen3.5-2b,ambiguous,instance_00001,Average Cluegiver Number of Targets,0
846,codenames,qwen3.5-2b,ambiguous,instance_00001,Average Cluegiver Team Precision,0
847,codenames,qwen3.5-2b,ambiguous,instance_00001,Average Cluegiver Team Recall,0.0
848,codenames,qwen3.5-2b,ambiguous,instance_00001,Average Cluegiver Team F1,0
849,codenames,qwen3.5-2b,ambiguous,instance_00001,Average Guesser Number of Guesses,0
850,codenames,qwen3.5-2b,ambiguous,instance_00001,Average Guesser Number of Revealed Words,0
851,codenames,qwen3.5-2b,ambiguous,instance_00001,Average Guesser Number of Unrevealed Guesses,0
852,codenames,qwen3.5-2b,ambiguous,instance_00001,Average Guesser Target Precision,0
853,codenames,qwen3.5-2b,ambiguous,instance_00001,Average Guesser Target Recall,0
854,codenames,qwen3.5-2b,ambiguous,instance_00001,Average Guesser Target F1,0
855,codenames,qwen3.5-2b,ambiguous,instance_00001,Average Guesser Team Precision,0
856,codenames,qwen3.5-2b,ambiguous,instance_00001,Average Guesser Team Recall,0.0
857,codenames,qwen3.5-2b,ambiguous,instance_00001,Average Guesser Team F1,0
858,codenames,qwen3.5-2b,ambiguous,instance_00001,Aborted,1
859,codenames,qwen3.5-2b,ambiguous,instance_00001,Lose,0
860,codenames,qwen3.5-2b,ambiguous,instance_00001,Success,0
861,codenames,qwen3.5-2b,ambiguous,instance_00001,Game ended through assassin,0
862,codenames,qwen3.5-2b,ambiguous,instance_00001,Episode Recall,0.0
863,codenames,qwen3.5-2b,ambiguous,instance_00001,Episode Negative Recall,1.0
864,codenames,qwen3.5-2b,ambiguous,instance_00001,Number of turns,1
865,codenames,qwen3.5-2b,ambiguous,instance_00001,Efficiency,0.0
866,codenames,qwen3.5-2b,ambiguous,instance_00001,Request Count,1
867,codenames,qwen3.5-2b,ambiguous,instance_00001,Parsed Request Count,0
868,codenames,qwen3.5-2b,ambiguous,instance_00001,Violated Request Count,1
869,codenames,qwen3.5-2b,ambiguous,instance_00001,Request Success Ratio,0.0
870,codenames,qwen3.5-2b,ambiguous,instance_00001,Main Score,
871,codenames,qwen3.5-2b,opponent_difficult,instance_00007,experiment variable,Opponent Difficulty
872,codenames,qwen3.5-2b,opponent_difficult,instance_00007,experiment name,opponent_difficult
873,codenames,qwen3.5-2b,opponent_difficult,instance_00007,Cluegiver strip words,0
874,codenames,qwen3.5-2b,opponent_difficult,instance_00007,Guesser strip words,0
875,codenames,qwen3.5-2b,opponent_difficult,instance_00007,Average Cluegiver Number of Targets,0
876,codenames,qwen3.5-2b,opponent_difficult,instance_00007,Average Cluegiver Team Precision,0
877,codenames,qwen3.5-2b,opponent_difficult,instance_00007,Average Cluegiver Team Recall,0.0
878,codenames,qwen3.5-2b,opponent_difficult,instance_00007,Average Cluegiver Team F1,0
879,codenames,qwen3.5-2b,opponent_difficult,instance_00007,Average Guesser Number of Guesses,0
880,codenames,qwen3.5-2b,opponent_difficult,instance_00007,Average Guesser Number of Revealed Words,0
881,codenames,qwen3.5-2b,opponent_difficult,instance_00007,Average Guesser Number of Unrevealed Guesses,0
882,codenames,qwen3.5-2b,opponent_difficult,instance_00007,Average Guesser Target Precision,0
883,codenames,qwen3.5-2b,opponent_difficult,instance_00007,Average Guesser Target Recall,0
884,codenames,qwen3.5-2b,opponent_difficult,instance_00007,Average Guesser Target F1,0
885,codenames,qwen3.5-2b,opponent_difficult,instance_00007,Average Guesser Team Precision,0
886,codenames,qwen3.5-2b,opponent_difficult,instance_00007,Average Guesser Team Recall,0.0
887,codenames,qwen3.5-2b,opponent_difficult,instance_00007,Average Guesser Team F1,0
888,codenames,qwen3.5-2b,opponent_difficult,instance_00007,Aborted,1
889,codenames,qwen3.5-2b,opponent_difficult,instance_00007,Lose,0
890,codenames,qwen3.5-2b,opponent_difficult,instance_00007,Success,0
891,codenames,qwen3.5-2b,opponent_difficult,instance_00007,Game ended through assassin,0
892,codenames,qwen3.5-2b,opponent_difficult,instance_00007,Episode Recall,0.0
893,codenames,qwen3.5-2b,opponent_difficult,instance_00007,Episode Negative Recall,1.0
894,codenames,qwen3.5-2b,opponent_difficult,instance_00007,Number of turns,1
895,codenames,qwen3.5-2b,opponent_difficult,instance_00007,Efficiency,0.0
896,codenames,qwen3.5-2b,opponent_difficult,instance_00007,Request Count,1
897,codenames,qwen3.5-2b,opponent_difficult,instance_00007,Parsed Request Count,0
898,codenames,qwen3.5-2b,opponent_difficult,instance_00007,Violated Request Count,1
899,codenames,qwen3.5-2b,opponent_difficult,instance_00007,Request Success Ratio,0.0
900,codenames,qwen3.5-2b,opponent_difficult,instance_00007,Main Score,
901,codenames,qwen3.5-2b,risk_high,instance_00009,experiment variable,Risk
902,codenames,qwen3.5-2b,risk_high,instance_00009,experiment name,risk_high
903,codenames,qwen3.5-2b,risk_high,instance_00009,Cluegiver strip words,0
904,codenames,qwen3.5-2b,risk_high,instance_00009,Guesser strip words,0
905,codenames,qwen3.5-2b,risk_high,instance_00009,Average Cluegiver Number of Targets,0
906,codenames,qwen3.5-2b,risk_high,instance_00009,Average Cluegiver Team Precision,0
907,codenames,qwen3.5-2b,risk_high,instance_00009,Average Cluegiver Team Recall,0.0
908,codenames,qwen3.5-2b,risk_high,instance_00009,Average Cluegiver Team F1,0
909,codenames,qwen3.5-2b,risk_high,instance_00009,Average Guesser Number of Guesses,0
910,codenames,qwen3.5-2b,risk_high,instance_00009,Average Guesser Number of Revealed Words,0
911,codenames,qwen3.5-2b,risk_high,instance_00009,Average Guesser Number of Unrevealed Guesses,0
912,codenames,qwen3.5-2b,risk_high,instance_00009,Average Guesser Target Precision,0
913,codenames,qwen3.5-2b,risk_high,instance_00009,Average Guesser Target Recall,0
914,codenames,qwen3.5-2b,risk_high,instance_00009,Average Guesser Target F1,0
915,codenames,qwen3.5-2b,risk_high,instance_00009,Average Guesser Team Precision,0
916,codenames,qwen3.5-2b,risk_high,instance_00009,Average Guesser Team Recall,0.0
917,codenames,qwen3.5-2b,risk_high,instance_00009,Average Guesser Team F1,0
918,codenames,qwen3.5-2b,risk_high,instance_00009,Aborted,1
919,codenames,qwen3.5-2b,risk_high,instance_00009,Lose,0
920,codenames,qwen3.5-2b,risk_high,instance_00009,Success,0
921,codenames,qwen3.5-2b,risk_high,instance_00009,Game ended through assassin,0
922,codenames,qwen3.5-2b,risk_high,instance_00009,Episode Recall,0.0
923,codenames,qwen3.5-2b,risk_high,instance_00009,Episode Negative Recall,1.0
924,codenames,qwen3.5-2b,risk_high,instance_00009,Number of turns,1
925,codenames,qwen3.5-2b,risk_high,instance_00009,Efficiency,0.0
926,codenames,qwen3.5-2b,risk_high,instance_00009,Request Count,1
927,codenames,qwen3.5-2b,risk_high,instance_00009,Parsed Request Count,0
928,codenames,qwen3.5-2b,risk_high,instance_00009,Violated Request Count,1
929,codenames,qwen3.5-2b,risk_high,instance_00009,Request Success Ratio,0.0
930,codenames,qwen3.5-2b,risk_high,instance_00009,Main Score,
931,codenames,qwen3.5-2b,abstract,instance_00007,experiment variable,Word Concreteness
932,codenames,qwen3.5-2b,abstract,instance_00007,experiment name,abstract
933,codenames,qwen3.5-2b,abstract,instance_00007,Cluegiver strip words,0
934,codenames,qwen3.5-2b,abstract,instance_00007,Guesser strip words,0
935,codenames,qwen3.5-2b,abstract,instance_00007,Average Cluegiver Number of Targets,0
936,codenames,qwen3.5-2b,abstract,instance_00007,Average Cluegiver Team Precision,0
937,codenames,qwen3.5-2b,abstract,instance_00007,Average Cluegiver Team Recall,0.0
938,codenames,qwen3.5-2b,abstract,instance_00007,Average Cluegiver Team F1,0
939,codenames,qwen3.5-2b,abstract,instance_00007,Average Guesser Number of Guesses,0
940,codenames,qwen3.5-2b,abstract,instance_00007,Average Guesser Number of Revealed Words,0
941,codenames,qwen3.5-2b,abstract,instance_00007,Average Guesser Number of Unrevealed Guesses,0
942,codenames,qwen3.5-2b,abstract,instance_00007,Average Guesser Target Precision,0
943,codenames,qwen3.5-2b,abstract,instance_00007,Average Guesser Target Recall,0
944,codenames,qwen3.5-2b,abstract,instance_00007,Average Guesser Target F1,0
945,codenames,qwen3.5-2b,abstract,instance_00007,Average Guesser Team Precision,0
946,codenames,qwen3.5-2b,abstract,instance_00007,Average Guesser Team Recall,0.0
947,codenames,qwen3.5-2b,abstract,instance_00007,Average Guesser Team F1,0
948,codenames,qwen3.5-2b,abstract,instance_00007,Aborted,1
949,codenames,qwen3.5-2b,abstract,instance_00007,Lose,0
950,codenames,qwen3.5-2b,abstract,instance_00007,Success,0
951,codenames,qwen3.5-2b,abstract,instance_00007,Game ended through assassin,0
952,codenames,qwen3.5-2b,abstract,instance_00007,Episode Recall,0.0
953,codenames,qwen3.5-2b,abstract,instance_00007,Episode Negative Recall,1.0
954,codenames,qwen3.5-2b,abstract,instance_00007,Number of turns,1
955,codenames,qwen3.5-2b,abstract,instance_00007,Efficiency,0.0
956,codenames,qwen3.5-2b,abstract,instance_00007,Request Count,1
957,codenames,qwen3.5-2b,abstract,instance_00007,Parsed Request Count,0
958,codenames,qwen3.5-2b,abstract,instance_00007,Violated Request Count,1
959,codenames,qwen3.5-2b,abstract,instance_00007,Request Success Ratio,0.0
960,codenames,qwen3.5-2b,abstract,instance_00007,Main Score,
961,codenames,qwen3.5-2b,association_easy,instance_00009,experiment variable,Word Assignments
962,codenames,qwen3.5-2b,association_easy,instance_00009,experiment name,association_easy
963,codenames,qwen3.5-2b,association_easy,instance_00009,Cluegiver strip words,0
964,codenames,qwen3.5-2b,association_easy,instance_00009,Guesser strip words,0
965,codenames,qwen3.5-2b,association_easy,instance_00009,Average Cluegiver Number of Targets,0
966,codenames,qwen3.5-2b,association_easy,instance_00009,Average Cluegiver Team Precision,0
967,codenames,qwen3.5-2b,association_easy,instance_00009,Average Cluegiver Team Recall,0.0
968,codenames,qwen3.5-2b,association_easy,instance_00009,Average Cluegiver Team F1,0
969,codenames,qwen3.5-2b,association_easy,instance_00009,Average Guesser Number of Guesses,0
970,codenames,qwen3.5-2b,association_easy,instance_00009,Average Guesser Number of Revealed Words,0
971,codenames,qwen3.5-2b,association_easy,instance_00009,Average Guesser Number of Unrevealed Guesses,0
972,codenames,qwen3.5-2b,association_easy,instance_00009,Average Guesser Target Precision,0
973,codenames,qwen3.5-2b,association_easy,instance_00009,Average Guesser Target Recall,0
974,codenames,qwen3.5-2b,association_easy,instance_00009,Average Guesser Target F1,0
975,codenames,qwen3.5-2b,association_easy,instance_00009,Average Guesser Team Precision,0
976,codenames,qwen3.5-2b,association_easy,instance_00009,Average Guesser Team Recall,0.0
977,codenames,qwen3.5-2b,association_easy,instance_00009,Average Guesser Team F1,0
978,codenames,qwen3.5-2b,association_easy,instance_00009,Aborted,1
979,codenames,qwen3.5-2b,association_easy,instance_00009,Lose,0
980,codenames,qwen3.5-2b,association_easy,instance_00009,Success,0
981,codenames,qwen3.5-2b,association_easy,instance_00009,Game ended through assassin,0
982,codenames,qwen3.5-2b,association_easy,instance_00009,Episode Recall,0.0
983,codenames,qwen3.5-2b,association_easy,instance_00009,Episode Negative Recall,1.0
984,codenames,qwen3.5-2b,association_easy,instance_00009,Number of turns,1
985,codenames,qwen3.5-2b,association_easy,instance_00009,Efficiency,0.0
986,codenames,qwen3.5-2b,association_easy,instance_00009,Request Count,1
987,codenames,qwen3.5-2b,association_easy,instance_00009,Parsed Request Count,0
988,codenames,qwen3.5-2b,association_easy,instance_00009,Violated Request Count,1
989,codenames,qwen3.5-2b,association_easy,instance_00009,Request Success Ratio,0.0
990,codenames,qwen3.5-2b,association_easy,instance_00009,Main Score,
991,codenames,qwen3.5-2b,opponent_easy,instance_00009,experiment variable,Opponent Difficulty
992,codenames,qwen3.5-2b,opponent_easy,instance_00009,experiment name,opponent_easy
993,codenames,qwen3.5-2b,opponent_easy,instance_00009,Cluegiver strip words,0
994,codenames,qwen3.5-2b,opponent_easy,instance_00009,Guesser strip words,0
995,codenames,qwen3.5-2b,opponent_easy,instance_00009,Average Cluegiver Number of Targets,0
996,codenames,qwen3.5-2b,opponent_easy,instance_00009,Average Cluegiver Team Precision,0
997,codenames,qwen3.5-2b,opponent_easy,instance_00009,Average Cluegiver Team Recall,0.0
998,codenames,qwen3.5-2b,opponent_easy,instance_00009,Average Cluegiver Team F1,0
999,codenames,qwen3.5-2b,opponent_easy,instance_00009,Average Guesser Number of Guesses,0
1000,codenames,qwen3.5-2b,opponent_easy,instance_00009,Average Guesser Number of Revealed Words,0
1001,codenames,qwen3.5-2b,opponent_easy,instance_00009,Average Guesser Number of Unrevealed Guesses,0
1002,codenames,qwen3.5-2b,opponent_easy,instance_00009,Average Guesser Target Precision,0
1003,codenames,qwen3.5-2b,opponent_easy,instance_00009,Average Guesser Target Recall,0
1004,codenames,qwen3.5-2b,opponent_easy,instance_00009,Average Guesser Target F1,0
1005,codenames,qwen3.5-2b,opponent_easy,instance_00009,Average Guesser Team Precision,0
1006,codenames,qwen3.5-2b,opponent_easy,instance_00009,Average Guesser Team Recall,0.0
1007,codenames,qwen3.5-2b,opponent_easy,instance_00009,Average Guesser Team F1,0
1008,codenames,qwen3.5-2b,opponent_easy,instance_00009,Aborted,1
1009,codenames,qwen3.5-2b,opponent_easy,instance_00009,Lose,0
1010,codenames,qwen3.5-2b,opponent_easy,instance_00009,Success,0
1011,codenames,qwen3.5-2b,opponent_easy,instance_00009,Game ended through assassin,0
1012,codenames,qwen3.5-2b,opponent_easy,instance_00009,Episode Recall,0.0
1013,codenames,qwen3.5-2b,opponent_easy,instance_00009,Episode Negative Recall,1.0
1014,codenames,qwen3.5-2b,opponent_easy,instance_00009,Number of turns,1
1015,codenames,qwen3.5-2b,opponent_easy,instance_00009,Efficiency,0.0
1016,codenames,qwen3.5-2b,opponent_easy,instance_00009,Request Count,1
1017,codenames,qwen3.5-2b,opponent_easy,instance_00009,Parsed Request Count,0
1018,codenames,qwen3.5-2b,opponent_easy,instance_00009,Violated Request Count,1
1019,codenames,qwen3.5-2b,opponent_easy,instance_00009,Request Success Ratio,0.0
1020,codenames,qwen3.5-2b,opponent_easy,instance_00009,Main Score,
1021,codenames,qwen3.5-2b,concrete,instance_00004,experiment variable,Word Concreteness
1022,codenames,qwen3.5-2b,concrete,instance_00004,experiment name,concrete
1023,codenames,qwen3.5-2b,concrete,instance_00004,Cluegiver strip words,0
1024,codenames,qwen3.5-2b,concrete,instance_00004,Guesser strip words,0
1025,codenames,qwen3.5-2b,concrete,instance_00004,Average Cluegiver Number of Targets,0
1026,codenames,qwen3.5-2b,concrete,instance_00004,Average Cluegiver Team Precision,0
1027,codenames,qwen3.5-2b,concrete,instance_00004,Average Cluegiver Team Recall,0.0
1028,codenames,qwen3.5-2b,concrete,instance_00004,Average Cluegiver Team F1,0
1029,codenames,qwen3.5-2b,concrete,instance_00004,Average Guesser Number of Guesses,0
1030,codenames,qwen3.5-2b,concrete,instance_00004,Average Guesser Number of Revealed Words,0
1031,codenames,qwen3.5-2b,concrete,instance_00004,Average Guesser Number of Unrevealed Guesses,0
1032,codenames,qwen3.5-2b,concrete,instance_00004,Average Guesser Target Precision,0
1033,codenames,qwen3.5-2b,concrete,instance_00004,Average Guesser Target Recall,0
1034,codenames,qwen3.5-2b,concrete,instance_00004,Average Guesser Target F1,0
1035,codenames,qwen3.5-2b,concrete,instance_00004,Average Guesser Team Precision,0
1036,codenames,qwen3.5-2b,concrete,instance_00004,Average Guesser Team Recall,0.0
1037,codenames,qwen3.5-2b,concrete,instance_00004,Average Guesser Team F1,0
1038,codenames,qwen3.5-2b,concrete,instance_00004,Aborted,1
1039,codenames,qwen3.5-2b,concrete,instance_00004,Lose,0
1040,codenames,qwen3.5-2b,concrete,instance_00004,Success,0
1041,codenames,qwen3.5-2b,concrete,instance_00004,Game ended through assassin,0
1042,codenames,qwen3.5-2b,concrete,instance_00004,Episode Recall,0.0
1043,codenames,qwen3.5-2b,concrete,instance_00004,Episode Negative Recall,1.0
1044,codenames,qwen3.5-2b,concrete,instance_00004,Number of turns,1
1045,codenames,qwen3.5-2b,concrete,instance_00004,Efficiency,0.0
1046,codenames,qwen3.5-2b,concrete,instance_00004,Request Count,1
1047,codenames,qwen3.5-2b,concrete,instance_00004,Parsed Request Count,0
1048,codenames,qwen3.5-2b,concrete,instance_00004,Violated Request Count,1
1049,codenames,qwen3.5-2b,concrete,instance_00004,Request Success Ratio,0.0
1050,codenames,qwen3.5-2b,concrete,instance_00004,Main Score,
1051,codenames,qwen3.5-2b,unambiguous,instance_00002,experiment variable,Word Ambiguity
1052,codenames,qwen3.5-2b,unambiguous,instance_00002,experiment name,unambiguous
1053,codenames,qwen3.5-2b,unambiguous,instance_00002,Cluegiver strip words,0
1054,codenames,qwen3.5-2b,unambiguous,instance_00002,Guesser strip words,0
1055,codenames,qwen3.5-2b,unambiguous,instance_00002,Average Cluegiver Number of Targets,0
1056,codenames,qwen3.5-2b,unambiguous,instance_00002,Average Cluegiver Team Precision,0
1057,codenames,qwen3.5-2b,unambiguous,instance_00002,Average Cluegiver Team Recall,0.0
1058,codenames,qwen3.5-2b,unambiguous,instance_00002,Average Cluegiver Team F1,0
1059,codenames,qwen3.5-2b,unambiguous,instance_00002,Average Guesser Number of Guesses,0
1060,codenames,qwen3.5-2b,unambiguous,instance_00002,Average Guesser Number of Revealed Words,0
1061,codenames,qwen3.5-2b,unambiguous,instance_00002,Average Guesser Number of Unrevealed Guesses,0
1062,codenames,qwen3.5-2b,unambiguous,instance_00002,Average Guesser Target Precision,0
1063,codenames,qwen3.5-2b,unambiguous,instance_00002,Average Guesser Target Recall,0
1064,codenames,qwen3.5-2b,unambiguous,instance_00002,Average Guesser Target F1,0
1065,codenames,qwen3.5-2b,unambiguous,instance_00002,Average Guesser Team Precision,0
1066,codenames,qwen3.5-2b,unambiguous,instance_00002,Average Guesser Team Recall,0.0
1067,codenames,qwen3.5-2b,unambiguous,instance_00002,Average Guesser Team F1,0
1068,codenames,qwen3.5-2b,unambiguous,instance_00002,Aborted,1
1069,codenames,qwen3.5-2b,unambiguous,instance_00002,Lose,0
1070,codenames,qwen3.5-2b,unambiguous,instance_00002,Success,0
1071,codenames,qwen3.5-2b,unambiguous,instance_00002,Game ended through assassin,0
1072,codenames,qwen3.5-2b,unambiguous,instance_00002,Episode Recall,0.0
1073,codenames,qwen3.5-2b,unambiguous,instance_00002,Episode Negative Recall,1.0
1074,codenames,qwen3.5-2b,unambiguous,instance_00002,Number of turns,1
1075,codenames,qwen3.5-2b,unambiguous,instance_00002,Efficiency,0.0
1076,codenames,qwen3.5-2b,unambiguous,instance_00002,Request Count,1
1077,codenames,qwen3.5-2b,unambiguous,instance_00002,Parsed Request Count,0
1078,codenames,qwen3.5-2b,unambiguous,instance_00002,Violated Request Count,1
1079,codenames,qwen3.5-2b,unambiguous,instance_00002,Request Success Ratio,0.0
1080,codenames,qwen3.5-2b,unambiguous,instance_00002,Main Score,
1081,codenames,qwen3.5-2b,opponent_none,instance_00008,experiment variable,Opponent Difficulty
1082,codenames,qwen3.5-2b,opponent_none,instance_00008,experiment name,opponent_none
1083,codenames,qwen3.5-2b,opponent_none,instance_00008,Cluegiver strip words,0
1084,codenames,qwen3.5-2b,opponent_none,instance_00008,Guesser strip words,0
1085,codenames,qwen3.5-2b,opponent_none,instance_00008,Average Cluegiver Number of Targets,0
1086,codenames,qwen3.5-2b,opponent_none,instance_00008,Average Cluegiver Team Precision,0
1087,codenames,qwen3.5-2b,opponent_none,instance_00008,Average Cluegiver Team Recall,0.0
1088,codenames,qwen3.5-2b,opponent_none,instance_00008,Average Cluegiver Team F1,0
1089,codenames,qwen3.5-2b,opponent_none,instance_00008,Average Guesser Number of Guesses,0
1090,codenames,qwen3.5-2b,opponent_none,instance_00008,Average Guesser Number of Revealed Words,0
1091,codenames,qwen3.5-2b,opponent_none,instance_00008,Average Guesser Number of Unrevealed Guesses,0
1092,codenames,qwen3.5-2b,opponent_none,instance_00008,Average Guesser Target Precision,0
1093,codenames,qwen3.5-2b,opponent_none,instance_00008,Average Guesser Target Recall,0
1094,codenames,qwen3.5-2b,opponent_none,instance_00008,Average Guesser Target F1,0
1095,codenames,qwen3.5-2b,opponent_none,instance_00008,Average Guesser Team Precision,0
1096,codenames,qwen3.5-2b,opponent_none,instance_00008,Average Guesser Team Recall,0.0
1097,codenames,qwen3.5-2b,opponent_none,instance_00008,Average Guesser Team F1,0
1098,codenames,qwen3.5-2b,opponent_none,instance_00008,Aborted,1
1099,codenames,qwen3.5-2b,opponent_none,instance_00008,Lose,0
1100,codenames,qwen3.5-2b,opponent_none,instance_00008,Success,0
1101,codenames,qwen3.5-2b,opponent_none,instance_00008,Game ended through assassin,0
1102,codenames,qwen3.5-2b,opponent_none,instance_00008,Episode Recall,0.0
1103,codenames,qwen3.5-2b,opponent_none,instance_00008,Episode Negative Recall,1.0
1104,codenames,qwen3.5-2b,opponent_none,instance_00008,Number of turns,1
1105,codenames,qwen3.5-2b,opponent_none,instance_00008,Efficiency,0.0
1106,codenames,qwen3.5-2b,opponent_none,instance_00008,Request Count,1
1107,codenames,qwen3.5-2b,opponent_none,instance_00008,Parsed Request Count,0
1108,codenames,qwen3.5-2b,opponent_none,instance_00008,Violated Request Count,1
1109,codenames,qwen3.5-2b,opponent_none,instance_00008,Request Success Ratio,0.0
1110,codenames,qwen3.5-2b,opponent_none,instance_00008,Main Score,
1111,codenames,qwen3.5-2b,frequency_high,instance_00002,experiment variable,Word Frequency
1112,codenames,qwen3.5-2b,frequency_high,instance_00002,experiment name,frequency_high
1113,codenames,qwen3.5-2b,frequency_high,instance_00002,Cluegiver strip words,0
1114,codenames,qwen3.5-2b,frequency_high,instance_00002,Guesser strip words,0
1115,codenames,qwen3.5-2b,frequency_high,instance_00002,Average Cluegiver Number of Targets,0
1116,codenames,qwen3.5-2b,frequency_high,instance_00002,Average Cluegiver Team Precision,0
1117,codenames,qwen3.5-2b,frequency_high,instance_00002,Average Cluegiver Team Recall,0.0
1118,codenames,qwen3.5-2b,frequency_high,instance_00002,Average Cluegiver Team F1,0
1119,codenames,qwen3.5-2b,frequency_high,instance_00002,Average Guesser Number of Guesses,0
1120,codenames,qwen3.5-2b,frequency_high,instance_00002,Average Guesser Number of Revealed Words,0
1121,codenames,qwen3.5-2b,frequency_high,instance_00002,Average Guesser Number of Unrevealed Guesses,0
1122,codenames,qwen3.5-2b,frequency_high,instance_00002,Average Guesser Target Precision,0
1123,codenames,qwen3.5-2b,frequency_high,instance_00002,Average Guesser Target Recall,0
1124,codenames,qwen3.5-2b,frequency_high,instance_00002,Average Guesser Target F1,0
1125,codenames,qwen3.5-2b,frequency_high,instance_00002,Average Guesser Team Precision,0
1126,codenames,qwen3.5-2b,frequency_high,instance_00002,Average Guesser Team Recall,0.0
1127,codenames,qwen3.5-2b,frequency_high,instance_00002,Average Guesser Team F1,0
1128,codenames,qwen3.5-2b,frequency_high,instance_00002,Aborted,1
1129,codenames,qwen3.5-2b,frequency_high,instance_00002,Lose,0
1130,codenames,qwen3.5-2b,frequency_high,instance_00002,Success,0
1131,codenames,qwen3.5-2b,frequency_high,instance_00002,Game ended through assassin,0
1132,codenames,qwen3.5-2b,frequency_high,instance_00002,Episode Recall,0.0
1133,codenames,qwen3.5-2b,frequency_high,instance_00002,Episode Negative Recall,1.0
1134,codenames,qwen3.5-2b,frequency_high,instance_00002,Number of turns,1
1135,codenames,qwen3.5-2b,frequency_high,instance_00002,Efficiency,0.0
1136,codenames,qwen3.5-2b,frequency_high,instance_00002,Request Count,1
1137,codenames,qwen3.5-2b,frequency_high,instance_00002,Parsed Request Count,0
1138,codenames,qwen3.5-2b,frequency_high,instance_00002,Violated Request Count,1
1139,codenames,qwen3.5-2b,frequency_high,instance_00002,Request Success Ratio,0.0
1140,codenames,qwen3.5-2b,frequency_high,instance_00002,Main Score,
1141,codenames,qwen3.5-2b,frequency_low,instance_00004,experiment variable,Word Frequency
1142,codenames,qwen3.5-2b,frequency_low,instance_00004,experiment name,frequency_low
1143,codenames,qwen3.5-2b,frequency_low,instance_00004,Cluegiver strip words,0
1144,codenames,qwen3.5-2b,frequency_low,instance_00004,Guesser strip words,0
1145,codenames,qwen3.5-2b,frequency_low,instance_00004,Average Cluegiver Number of Targets,0
1146,codenames,qwen3.5-2b,frequency_low,instance_00004,Average Cluegiver Team Precision,0
1147,codenames,qwen3.5-2b,frequency_low,instance_00004,Average Cluegiver Team Recall,0.0
1148,codenames,qwen3.5-2b,frequency_low,instance_00004,Average Cluegiver Team F1,0
1149,codenames,qwen3.5-2b,frequency_low,instance_00004,Average Guesser Number of Guesses,0
1150,codenames,qwen3.5-2b,frequency_low,instance_00004,Average Guesser Number of Revealed Words,0
1151,codenames,qwen3.5-2b,frequency_low,instance_00004,Average Guesser Number of Unrevealed Guesses,0
1152,codenames,qwen3.5-2b,frequency_low,instance_00004,Average Guesser Target Precision,0
1153,codenames,qwen3.5-2b,frequency_low,instance_00004,Average Guesser Target Recall,0
1154,codenames,qwen3.5-2b,frequency_low,instance_00004,Average Guesser Target F1,0
1155,codenames,qwen3.5-2b,frequency_low,instance_00004,Average Guesser Team Precision,0
1156,codenames,qwen3.5-2b,frequency_low,instance_00004,Average Guesser Team Recall,0.0
1157,codenames,qwen3.5-2b,frequency_low,instance_00004,Average Guesser Team F1,0
1158,codenames,qwen3.5-2b,frequency_low,instance_00004,Aborted,1
1159,codenames,qwen3.5-2b,frequency_low,instance_00004,Lose,0
1160,codenames,qwen3.5-2b,frequency_low,instance_00004,Success,0
1161,codenames,qwen3.5-2b,frequency_low,instance_00004,Game ended through assassin,0
1162,codenames,qwen3.5-2b,frequency_low,instance_00004,Episode Recall,0.0
1163,codenames,qwen3.5-2b,frequency_low,instance_00004,Episode Negative Recall,1.0
1164,codenames,qwen3.5-2b,frequency_low,instance_00004,Number of turns,1
1165,codenames,qwen3.5-2b,frequency_low,instance_00004,Efficiency,0.0
1166,codenames,qwen3.5-2b,frequency_low,instance_00004,Request Count,1
1167,codenames,qwen3.5-2b,frequency_low,instance_00004,Parsed Request Count,0
1168,codenames,qwen3.5-2b,frequency_low,instance_00004,Violated Request Count,1
1169,codenames,qwen3.5-2b,frequency_low,instance_00004,Request Success Ratio,0.0
1170,codenames,qwen3.5-2b,frequency_low,instance_00004,Main Score,
1171,matchit_ascii,qwen3.5-2b,similar_grid_2,instance_00007,Violated Request Count,0
1172,matchit_ascii,qwen3.5-2b,similar_grid_2,instance_00007,Parsed Request Count,16
1173,matchit_ascii,qwen3.5-2b,similar_grid_2,instance_00007,Request Count,16
1174,matchit_ascii,qwen3.5-2b,similar_grid_2,instance_00007,Aborted,0
1175,matchit_ascii,qwen3.5-2b,similar_grid_2,instance_00007,Success,1
1176,matchit_ascii,qwen3.5-2b,similar_grid_2,instance_00007,Lose,0
1177,matchit_ascii,qwen3.5-2b,similar_grid_2,instance_00007,Main Score,100
1178,matchit_ascii,qwen3.5-2b,similar_grid_2,instance_00007,Player Score,100
1179,matchit_ascii,qwen3.5-2b,same_grid,instance_00002,Violated Request Count,0
1180,matchit_ascii,qwen3.5-2b,same_grid,instance_00002,Parsed Request Count,16
1181,matchit_ascii,qwen3.5-2b,same_grid,instance_00002,Request Count,16
1182,matchit_ascii,qwen3.5-2b,same_grid,instance_00002,Aborted,0
1183,matchit_ascii,qwen3.5-2b,same_grid,instance_00002,Success,0
1184,matchit_ascii,qwen3.5-2b,same_grid,instance_00002,Lose,1
1185,matchit_ascii,qwen3.5-2b,same_grid,instance_00002,Main Score,0
1186,matchit_ascii,qwen3.5-2b,same_grid,instance_00002,Player Score,0
1187,matchit_ascii,qwen3.5-2b,similar_grid_1,instance_00002,Violated Request Count,0
1188,matchit_ascii,qwen3.5-2b,similar_grid_1,instance_00002,Parsed Request Count,16
1189,matchit_ascii,qwen3.5-2b,similar_grid_1,instance_00002,Request Count,16
1190,matchit_ascii,qwen3.5-2b,similar_grid_1,instance_00002,Aborted,0
1191,matchit_ascii,qwen3.5-2b,similar_grid_1,instance_00002,Success,1
1192,matchit_ascii,qwen3.5-2b,similar_grid_1,instance_00002,Lose,0
1193,matchit_ascii,qwen3.5-2b,similar_grid_1,instance_00002,Main Score,100
1194,matchit_ascii,qwen3.5-2b,similar_grid_1,instance_00002,Player Score,100
1195,matchit_ascii,qwen3.5-2b,different_grid,instance_00002,Violated Request Count,0
1196,matchit_ascii,qwen3.5-2b,different_grid,instance_00002,Parsed Request Count,16
1197,matchit_ascii,qwen3.5-2b,different_grid,instance_00002,Request Count,16
1198,matchit_ascii,qwen3.5-2b,different_grid,instance_00002,Aborted,0
1199,matchit_ascii,qwen3.5-2b,different_grid,instance_00002,Success,1
1200,matchit_ascii,qwen3.5-2b,different_grid,instance_00002,Lose,0
1201,matchit_ascii,qwen3.5-2b,different_grid,instance_00002,Main Score,100
1202,matchit_ascii,qwen3.5-2b,different_grid,instance_00002,Player Score,100
1203,dond,qwen3.5-2b,coop_en,instance_00019,Played,0.0
1204,dond,qwen3.5-2b,coop_en,instance_00006,Played,0.0
1205,dond,qwen3.5-2b,semi_en,instance_00015,Played,0.0
1206,dond,qwen3.5-2b,semi_en,instance_00001,Played,0.0
1207,wordle,qwen3.5-2b,medium_frequency_words_no_clue_no_critic,instance_00014,Played,1.0
1208,wordle,qwen3.5-2b,medium_frequency_words_no_clue_no_critic,instance_00007,Played,0.0
1209,wordle,qwen3.5-2b,high_frequency_words_no_clue_no_critic,instance_00007,Played,0.0
1210,guesswhat,qwen3.5-2b,Abs_Level_3,instance_00008,Played,0.0
1211,guesswhat,qwen3.5-2b,Abs_Level_2,instance_00007,Played,0.0
1212,guesswhat,qwen3.5-2b,Abs_Level_1,instance_00002,Played,0.0
1213,guesswhat,qwen3.5-2b,Level_1,instance_00002,Played,0.0
1214,guesswhat,qwen3.5-2b,Level_2,instance_00009,Played,0.0
1215,guesswhat,qwen3.5-2b,Level_3,instance_00008,Played,0.0
1216,privateshared,qwen3.5-2b,things-places,instance_00003,Played,0.0
1217,privateshared,qwen3.5-2b,restaurant,instance_00007,Played,0.0
1218,privateshared,qwen3.5-2b,travel-booking,instance_00009,Played,0.0
1219,privateshared,qwen3.5-2b,job-interview,instance_00008,Played,0.0
1220,privateshared,qwen3.5-2b,letter-number,instance_00009,Played,0.0
1221,wordle_withcritic,qwen3.5-2b,medium_frequency_words_clue_with_critic,instance_00004,Played,0.0
1222,wordle_withcritic,qwen3.5-2b,medium_frequency_words_clue_with_critic,instance_00019,Played,0.0
1223,wordle_withcritic,qwen3.5-2b,high_frequency_words_clue_with_critic,instance_00002,Played,0.0
1224,taboo,qwen3.5-2b,high_en,instance_00016,Played,1.0
1225,taboo,qwen3.5-2b,high_en,instance_00010,Played,1.0
1226,taboo,qwen3.5-2b,low_en,instance_00018,Played,1.0
1227,taboo,qwen3.5-2b,low_en,instance_00012,Played,1.0
1228,taboo,qwen3.5-2b,medium_en,instance_00007,Played,1.0
1229,taboo,qwen3.5-2b,medium_en,instance_00010,Played,1.0
1230,wordle_withclue,qwen3.5-2b,high_frequency_words_clue_no_critic,instance_00009,Played,0.0
1231,wordle_withclue,qwen3.5-2b,medium_frequency_words_clue_no_critic,instance_00011,Played,0.0
1232,wordle_withclue,qwen3.5-2b,medium_frequency_words_clue_no_critic,instance_00018,Played,0.0
1233,textmapworld,qwen3.5-2b,large_cycle,instance_00049,Played,0.0
1234,textmapworld,qwen3.5-2b,small,instance_00006,Played,0.0
1235,textmapworld,qwen3.5-2b,large,instance_00028,Played,0.0
1236,textmapworld,qwen3.5-2b,medium_cycle,instance_00034,Played,0.0
1237,textmapworld,qwen3.5-2b,medium,instance_00010,Played,0.0
1238,referencegame,qwen3.5-2b,random_grids,instance_00005,Played,1.0
1239,referencegame,qwen3.5-2b,line_grids_columns,instance_00013,Played,1.0
1240,referencegame,qwen3.5-2b,number_grids,instance_00017,Played,1.0
1241,referencegame,qwen3.5-2b,line_grids_rows,instance_00017,Played,1.0
1242,referencegame,qwen3.5-2b,letter_grids,instance_00012,Played,1.0
1243,adventuregame,qwen3.5-2b,new-words_home-delivery_medium_basic_medium,instance_00002,Played,0.0
1244,adventuregame,qwen3.5-2b,potion_brewing_basic_undefined,instance_00004,Played,0.0
1245,adventuregame,qwen3.5-2b,new-words_home-delivery_easy_basic_easy,instance_00002,Played,0.0
1246,adventuregame,qwen3.5-2b,new-words_created_basic_hard,instance_00000,Played,0.0
1247,adventuregame,qwen3.5-2b,home_deliver_three_basic_hard_invlimittwo,instance_00000,Played,0.0
1248,textmapworld_specificroom,qwen3.5-2b,on,instance_00000,Played,0.0
1249,textmapworld_specificroom,qwen3.5-2b,far,instance_00027,Played,0.0
1250,textmapworld_specificroom,qwen3.5-2b,close,instance_00017,Played,0.0
1251,imagegame,qwen3.5-2b,random_grids,instance_00014,Played,1.0
1252,imagegame,qwen3.5-2b,random_grids,instance_00016,Played,1.0
1253,imagegame,qwen3.5-2b,compact_grids,instance_00019,Played,1.0
1254,imagegame,qwen3.5-2b,compact_grids,instance_00002,Played,0.0
1255,textmapworld_graphreasoning,qwen3.5-2b,small,instance_00009,Played,0.0
1256,textmapworld_graphreasoning,qwen3.5-2b,large,instance_00028,Played,0.0
1257,textmapworld_graphreasoning,qwen3.5-2b,medium,instance_00010,Played,0.0
1258,codenames,qwen3.5-2b,association_difficult,instance_00000,Played,0
1259,codenames,qwen3.5-2b,risk_low,instance_00008,Played,0
1260,codenames,qwen3.5-2b,ambiguous,instance_00001,Played,0
1261,codenames,qwen3.5-2b,opponent_difficult,instance_00007,Played,0
1262,codenames,qwen3.5-2b,risk_high,instance_00009,Played,0
1263,codenames,qwen3.5-2b,abstract,instance_00007,Played,0
1264,codenames,qwen3.5-2b,association_easy,instance_00009,Played,0
1265,codenames,qwen3.5-2b,opponent_easy,instance_00009,Played,0
1266,codenames,qwen3.5-2b,concrete,instance_00004,Played,0
1267,codenames,qwen3.5-2b,unambiguous,instance_00002,Played,0
1268,codenames,qwen3.5-2b,opponent_none,instance_00008,Played,0
1269,codenames,qwen3.5-2b,frequency_high,instance_00002,Played,0
1270,codenames,qwen3.5-2b,frequency_low,instance_00004,Played,0
1271,matchit_ascii,qwen3.5-2b,similar_grid_2,instance_00007,Played,1
1272,matchit_ascii,qwen3.5-2b,same_grid,instance_00002,Played,1
1273,matchit_ascii,qwen3.5-2b,similar_grid_1,instance_00002,Played,1
1274,matchit_ascii,qwen3.5-2b,different_grid,instance_00002,Played,1
