{
  "meta": {},
  "players": {},
  "turn scores": {
    "0": {
      "efficient_move": 1,
      "similarity": 1.3385701848569465
    },
    "1": {
      "efficient_move": 1,
      "similarity": 3.5972419924183097
    },
    "2": {
      "efficient_move": 1,
      "similarity": 3.5972419924183097
    },
    "3": {
      "efficient_move": 1,
      "similarity": 5.862446150271272
    },
    "4": {
      "efficient_move": 1,
      "similarity": 15.17163600424869
    },
    "5": {
      "efficient_move": 1,
      "similarity": 36.48510476127127
    },
    "6": {
      "efficient_move": 0,
      "similarity": 75.50813375962908
    },
    "7": {
      "efficient_move": 0,
      "similarity": 75.50813375962908
    },
    "8": {
      "efficient_move": 0,
      "similarity": 75.50813375962908
    },
    "9": {
      "efficient_move": 0,
      "similarity": 75.50813375962908
    },
    "10": {
      "efficient_move": 0,
      "similarity": 75.50813375962908
    }
  },
  "episode scores": {
    "Success": 1,
    "Aborted": 0,
    "Lose": 0,
    "moves": 11,
    "valid_moves": 11,
    "invalid_moves": 0,
    "stopped": 1,
    "turns_limit": 0,
    "loops": 0,
    "number_visited": 6,
    "seen": 6,
    "efficiency": 54.54545454545454,
    "exploration": 100.0,
    "graph_similarity": 75.50813375962908,
    "Main Score": 70.58823529411765
  }
}