,game,model,experiment,episode,metric,value
0,dond,CityUoL__qwen3.5-2b__Qwen-GuidePlay-2B-v1,coop_en,instance_00019,Request Count,6.0
1,dond,CityUoL__qwen3.5-2b__Qwen-GuidePlay-2B-v1,coop_en,instance_00019,Parsed Request Count,6.0
2,dond,CityUoL__qwen3.5-2b__Qwen-GuidePlay-2B-v1,coop_en,instance_00019,Violated Request Count,0.0
3,dond,CityUoL__qwen3.5-2b__Qwen-GuidePlay-2B-v1,coop_en,instance_00019,Request Success Ratio,1.0
4,dond,CityUoL__qwen3.5-2b__Qwen-GuidePlay-2B-v1,coop_en,instance_00019,Aborted,0.0
5,dond,CityUoL__qwen3.5-2b__Qwen-GuidePlay-2B-v1,coop_en,instance_00019,Lose,0.0
6,dond,CityUoL__qwen3.5-2b__Qwen-GuidePlay-2B-v1,coop_en,instance_00019,Success,1.0
7,dond,CityUoL__qwen3.5-2b__Qwen-GuidePlay-2B-v1,coop_en,instance_00019,Main Score,92.3076923076923
8,dond,CityUoL__qwen3.5-2b__Qwen-GuidePlay-2B-v1,coop_en,instance_00019,Sum of Points,0.9230769230769231
9,dond,CityUoL__qwen3.5-2b__Qwen-GuidePlay-2B-v1,coop_en,instance_00019,Pareto Optimal,0.0
10,dond,CityUoL__qwen3.5-2b__Qwen-GuidePlay-2B-v1,coop_en,instance_00006,Request Count,4.0
11,dond,CityUoL__qwen3.5-2b__Qwen-GuidePlay-2B-v1,coop_en,instance_00006,Parsed Request Count,4.0
12,dond,CityUoL__qwen3.5-2b__Qwen-GuidePlay-2B-v1,coop_en,instance_00006,Violated Request Count,0.0
13,dond,CityUoL__qwen3.5-2b__Qwen-GuidePlay-2B-v1,coop_en,instance_00006,Request Success Ratio,1.0
14,dond,CityUoL__qwen3.5-2b__Qwen-GuidePlay-2B-v1,coop_en,instance_00006,Aborted,0.0
15,dond,CityUoL__qwen3.5-2b__Qwen-GuidePlay-2B-v1,coop_en,instance_00006,Lose,0.0
16,dond,CityUoL__qwen3.5-2b__Qwen-GuidePlay-2B-v1,coop_en,instance_00006,Success,1.0
17,dond,CityUoL__qwen3.5-2b__Qwen-GuidePlay-2B-v1,coop_en,instance_00006,Main Score,100.0
18,dond,CityUoL__qwen3.5-2b__Qwen-GuidePlay-2B-v1,coop_en,instance_00006,Sum of Points,1.0
19,dond,CityUoL__qwen3.5-2b__Qwen-GuidePlay-2B-v1,coop_en,instance_00006,Pareto Optimal,1.0
20,dond,CityUoL__qwen3.5-2b__Qwen-GuidePlay-2B-v1,semi_en,instance_00015,Request Count,4.0
21,dond,CityUoL__qwen3.5-2b__Qwen-GuidePlay-2B-v1,semi_en,instance_00015,Parsed Request Count,4.0
22,dond,CityUoL__qwen3.5-2b__Qwen-GuidePlay-2B-v1,semi_en,instance_00015,Violated Request Count,0.0
23,dond,CityUoL__qwen3.5-2b__Qwen-GuidePlay-2B-v1,semi_en,instance_00015,Request Success Ratio,1.0
24,dond,CityUoL__qwen3.5-2b__Qwen-GuidePlay-2B-v1,semi_en,instance_00015,Aborted,0.0
25,dond,CityUoL__qwen3.5-2b__Qwen-GuidePlay-2B-v1,semi_en,instance_00015,Lose,0.0
26,dond,CityUoL__qwen3.5-2b__Qwen-GuidePlay-2B-v1,semi_en,instance_00015,Success,1.0
27,dond,CityUoL__qwen3.5-2b__Qwen-GuidePlay-2B-v1,semi_en,instance_00015,Main Score,100.0
28,dond,CityUoL__qwen3.5-2b__Qwen-GuidePlay-2B-v1,semi_en,instance_00015,Sum of Points,0.875
29,dond,CityUoL__qwen3.5-2b__Qwen-GuidePlay-2B-v1,semi_en,instance_00015,Pareto Optimal,1.0
30,dond,CityUoL__qwen3.5-2b__Qwen-GuidePlay-2B-v1,semi_en,instance_00001,Request Count,8.0
31,dond,CityUoL__qwen3.5-2b__Qwen-GuidePlay-2B-v1,semi_en,instance_00001,Parsed Request Count,8.0
32,dond,CityUoL__qwen3.5-2b__Qwen-GuidePlay-2B-v1,semi_en,instance_00001,Violated Request Count,0.0
33,dond,CityUoL__qwen3.5-2b__Qwen-GuidePlay-2B-v1,semi_en,instance_00001,Request Success Ratio,1.0
34,dond,CityUoL__qwen3.5-2b__Qwen-GuidePlay-2B-v1,semi_en,instance_00001,Aborted,0.0
35,dond,CityUoL__qwen3.5-2b__Qwen-GuidePlay-2B-v1,semi_en,instance_00001,Lose,0.0
36,dond,CityUoL__qwen3.5-2b__Qwen-GuidePlay-2B-v1,semi_en,instance_00001,Success,1.0
37,dond,CityUoL__qwen3.5-2b__Qwen-GuidePlay-2B-v1,semi_en,instance_00001,Main Score,60.0
38,dond,CityUoL__qwen3.5-2b__Qwen-GuidePlay-2B-v1,semi_en,instance_00001,Sum of Points,0.6875
39,dond,CityUoL__qwen3.5-2b__Qwen-GuidePlay-2B-v1,semi_en,instance_00001,Pareto Optimal,0.0
40,wordle,CityUoL__qwen3.5-2b__Qwen-GuidePlay-2B-v1,medium_frequency_words_no_clue_no_critic,instance_00014,Aborted,0.0
41,wordle,CityUoL__qwen3.5-2b__Qwen-GuidePlay-2B-v1,medium_frequency_words_no_clue_no_critic,instance_00014,Lose,1.0
42,wordle,CityUoL__qwen3.5-2b__Qwen-GuidePlay-2B-v1,medium_frequency_words_no_clue_no_critic,instance_00014,Success,0.0
43,wordle,CityUoL__qwen3.5-2b__Qwen-GuidePlay-2B-v1,medium_frequency_words_no_clue_no_critic,instance_00014,Request Count,6.0
44,wordle,CityUoL__qwen3.5-2b__Qwen-GuidePlay-2B-v1,medium_frequency_words_no_clue_no_critic,instance_00014,Parsed Request Count,6.0
45,wordle,CityUoL__qwen3.5-2b__Qwen-GuidePlay-2B-v1,medium_frequency_words_no_clue_no_critic,instance_00014,Violated Request Count,0.0
46,wordle,CityUoL__qwen3.5-2b__Qwen-GuidePlay-2B-v1,medium_frequency_words_no_clue_no_critic,instance_00014,Request Success Ratio,1.0
47,wordle,CityUoL__qwen3.5-2b__Qwen-GuidePlay-2B-v1,medium_frequency_words_no_clue_no_critic,instance_00014,Main Score,0.0
48,wordle,CityUoL__qwen3.5-2b__Qwen-GuidePlay-2B-v1,medium_frequency_words_no_clue_no_critic,instance_00014,Guess Repetitions,2.0
49,wordle,CityUoL__qwen3.5-2b__Qwen-GuidePlay-2B-v1,medium_frequency_words_no_clue_no_critic,instance_00007,Aborted,1.0
50,wordle,CityUoL__qwen3.5-2b__Qwen-GuidePlay-2B-v1,medium_frequency_words_no_clue_no_critic,instance_00007,Lose,0.0
51,wordle,CityUoL__qwen3.5-2b__Qwen-GuidePlay-2B-v1,medium_frequency_words_no_clue_no_critic,instance_00007,Success,0.0
52,wordle,CityUoL__qwen3.5-2b__Qwen-GuidePlay-2B-v1,medium_frequency_words_no_clue_no_critic,instance_00007,Request Count,2.0
53,wordle,CityUoL__qwen3.5-2b__Qwen-GuidePlay-2B-v1,medium_frequency_words_no_clue_no_critic,instance_00007,Parsed Request Count,1.0
54,wordle,CityUoL__qwen3.5-2b__Qwen-GuidePlay-2B-v1,medium_frequency_words_no_clue_no_critic,instance_00007,Violated Request Count,1.0
55,wordle,CityUoL__qwen3.5-2b__Qwen-GuidePlay-2B-v1,medium_frequency_words_no_clue_no_critic,instance_00007,Request Success Ratio,0.5
56,wordle,CityUoL__qwen3.5-2b__Qwen-GuidePlay-2B-v1,medium_frequency_words_no_clue_no_critic,instance_00007,Main Score,
57,wordle,CityUoL__qwen3.5-2b__Qwen-GuidePlay-2B-v1,medium_frequency_words_no_clue_no_critic,instance_00007,Guess Repetitions,
58,wordle,CityUoL__qwen3.5-2b__Qwen-GuidePlay-2B-v1,high_frequency_words_no_clue_no_critic,instance_00007,Aborted,0.0
59,wordle,CityUoL__qwen3.5-2b__Qwen-GuidePlay-2B-v1,high_frequency_words_no_clue_no_critic,instance_00007,Lose,1.0
60,wordle,CityUoL__qwen3.5-2b__Qwen-GuidePlay-2B-v1,high_frequency_words_no_clue_no_critic,instance_00007,Success,0.0
61,wordle,CityUoL__qwen3.5-2b__Qwen-GuidePlay-2B-v1,high_frequency_words_no_clue_no_critic,instance_00007,Request Count,6.0
62,wordle,CityUoL__qwen3.5-2b__Qwen-GuidePlay-2B-v1,high_frequency_words_no_clue_no_critic,instance_00007,Parsed Request Count,6.0
63,wordle,CityUoL__qwen3.5-2b__Qwen-GuidePlay-2B-v1,high_frequency_words_no_clue_no_critic,instance_00007,Violated Request Count,0.0
64,wordle,CityUoL__qwen3.5-2b__Qwen-GuidePlay-2B-v1,high_frequency_words_no_clue_no_critic,instance_00007,Request Success Ratio,1.0
65,wordle,CityUoL__qwen3.5-2b__Qwen-GuidePlay-2B-v1,high_frequency_words_no_clue_no_critic,instance_00007,Main Score,0.0
66,wordle,CityUoL__qwen3.5-2b__Qwen-GuidePlay-2B-v1,high_frequency_words_no_clue_no_critic,instance_00007,Guess Repetitions,1.0
67,guesswhat,CityUoL__qwen3.5-2b__Qwen-GuidePlay-2B-v1,Abs_Level_3,instance_00008,Violated Request Count,0.0
68,guesswhat,CityUoL__qwen3.5-2b__Qwen-GuidePlay-2B-v1,Abs_Level_3,instance_00008,Parsed Request Count,5.0
69,guesswhat,CityUoL__qwen3.5-2b__Qwen-GuidePlay-2B-v1,Abs_Level_3,instance_00008,Request Count,5.0
70,guesswhat,CityUoL__qwen3.5-2b__Qwen-GuidePlay-2B-v1,Abs_Level_3,instance_00008,Request Success Ratio,1.0
71,guesswhat,CityUoL__qwen3.5-2b__Qwen-GuidePlay-2B-v1,Abs_Level_3,instance_00008,Aborted,0.0
72,guesswhat,CityUoL__qwen3.5-2b__Qwen-GuidePlay-2B-v1,Abs_Level_3,instance_00008,Success,0.0
73,guesswhat,CityUoL__qwen3.5-2b__Qwen-GuidePlay-2B-v1,Abs_Level_3,instance_00008,Lose,1.0
74,guesswhat,CityUoL__qwen3.5-2b__Qwen-GuidePlay-2B-v1,Abs_Level_3,instance_00008,Main Score,0.0
75,guesswhat,CityUoL__qwen3.5-2b__Qwen-GuidePlay-2B-v1,Abs_Level_3,instance_00008,Invalid format guesser response,0.0
76,guesswhat,CityUoL__qwen3.5-2b__Qwen-GuidePlay-2B-v1,Abs_Level_3,instance_00008,Invalid format answerer response,0.0
77,guesswhat,CityUoL__qwen3.5-2b__Qwen-GuidePlay-2B-v1,Abs_Level_3,instance_00008,Invalid content guesser response,0.0
78,guesswhat,CityUoL__qwen3.5-2b__Qwen-GuidePlay-2B-v1,Abs_Level_3,instance_00008,Invalid content answerer response,0.0
79,guesswhat,CityUoL__qwen3.5-2b__Qwen-GuidePlay-2B-v1,Abs_Level_2,instance_00007,Violated Request Count,0.0
80,guesswhat,CityUoL__qwen3.5-2b__Qwen-GuidePlay-2B-v1,Abs_Level_2,instance_00007,Parsed Request Count,5.0
81,guesswhat,CityUoL__qwen3.5-2b__Qwen-GuidePlay-2B-v1,Abs_Level_2,instance_00007,Request Count,5.0
82,guesswhat,CityUoL__qwen3.5-2b__Qwen-GuidePlay-2B-v1,Abs_Level_2,instance_00007,Request Success Ratio,1.0
83,guesswhat,CityUoL__qwen3.5-2b__Qwen-GuidePlay-2B-v1,Abs_Level_2,instance_00007,Aborted,0.0
84,guesswhat,CityUoL__qwen3.5-2b__Qwen-GuidePlay-2B-v1,Abs_Level_2,instance_00007,Success,1.0
85,guesswhat,CityUoL__qwen3.5-2b__Qwen-GuidePlay-2B-v1,Abs_Level_2,instance_00007,Lose,0.0
86,guesswhat,CityUoL__qwen3.5-2b__Qwen-GuidePlay-2B-v1,Abs_Level_2,instance_00007,Speed,100.0
87,guesswhat,CityUoL__qwen3.5-2b__Qwen-GuidePlay-2B-v1,Abs_Level_2,instance_00007,Main Score,100.0
88,guesswhat,CityUoL__qwen3.5-2b__Qwen-GuidePlay-2B-v1,Abs_Level_2,instance_00007,Invalid format guesser response,0.0
89,guesswhat,CityUoL__qwen3.5-2b__Qwen-GuidePlay-2B-v1,Abs_Level_2,instance_00007,Invalid format answerer response,0.0
90,guesswhat,CityUoL__qwen3.5-2b__Qwen-GuidePlay-2B-v1,Abs_Level_2,instance_00007,Invalid content guesser response,0.0
91,guesswhat,CityUoL__qwen3.5-2b__Qwen-GuidePlay-2B-v1,Abs_Level_2,instance_00007,Invalid content answerer response,0.0
92,guesswhat,CityUoL__qwen3.5-2b__Qwen-GuidePlay-2B-v1,Abs_Level_1,instance_00002,Violated Request Count,0.0
93,guesswhat,CityUoL__qwen3.5-2b__Qwen-GuidePlay-2B-v1,Abs_Level_1,instance_00002,Parsed Request Count,3.0
94,guesswhat,CityUoL__qwen3.5-2b__Qwen-GuidePlay-2B-v1,Abs_Level_1,instance_00002,Request Count,3.0
95,guesswhat,CityUoL__qwen3.5-2b__Qwen-GuidePlay-2B-v1,Abs_Level_1,instance_00002,Request Success Ratio,1.0
96,guesswhat,CityUoL__qwen3.5-2b__Qwen-GuidePlay-2B-v1,Abs_Level_1,instance_00002,Aborted,0.0
97,guesswhat,CityUoL__qwen3.5-2b__Qwen-GuidePlay-2B-v1,Abs_Level_1,instance_00002,Success,1.0
98,guesswhat,CityUoL__qwen3.5-2b__Qwen-GuidePlay-2B-v1,Abs_Level_1,instance_00002,Lose,0.0
99,guesswhat,CityUoL__qwen3.5-2b__Qwen-GuidePlay-2B-v1,Abs_Level_1,instance_00002,Speed,100.0
100,guesswhat,CityUoL__qwen3.5-2b__Qwen-GuidePlay-2B-v1,Abs_Level_1,instance_00002,Main Score,100.0
101,guesswhat,CityUoL__qwen3.5-2b__Qwen-GuidePlay-2B-v1,Abs_Level_1,instance_00002,Invalid format guesser response,0.0
102,guesswhat,CityUoL__qwen3.5-2b__Qwen-GuidePlay-2B-v1,Abs_Level_1,instance_00002,Invalid format answerer response,0.0
103,guesswhat,CityUoL__qwen3.5-2b__Qwen-GuidePlay-2B-v1,Abs_Level_1,instance_00002,Invalid content guesser response,0.0
104,guesswhat,CityUoL__qwen3.5-2b__Qwen-GuidePlay-2B-v1,Abs_Level_1,instance_00002,Invalid content answerer response,0.0
105,guesswhat,CityUoL__qwen3.5-2b__Qwen-GuidePlay-2B-v1,Level_1,instance_00002,Violated Request Count,0.0
106,guesswhat,CityUoL__qwen3.5-2b__Qwen-GuidePlay-2B-v1,Level_1,instance_00002,Parsed Request Count,5.0
107,guesswhat,CityUoL__qwen3.5-2b__Qwen-GuidePlay-2B-v1,Level_1,instance_00002,Request Count,5.0
108,guesswhat,CityUoL__qwen3.5-2b__Qwen-GuidePlay-2B-v1,Level_1,instance_00002,Request Success Ratio,1.0
109,guesswhat,CityUoL__qwen3.5-2b__Qwen-GuidePlay-2B-v1,Level_1,instance_00002,Aborted,0.0
110,guesswhat,CityUoL__qwen3.5-2b__Qwen-GuidePlay-2B-v1,Level_1,instance_00002,Success,0.0
111,guesswhat,CityUoL__qwen3.5-2b__Qwen-GuidePlay-2B-v1,Level_1,instance_00002,Lose,1.0
112,guesswhat,CityUoL__qwen3.5-2b__Qwen-GuidePlay-2B-v1,Level_1,instance_00002,Main Score,0.0
113,guesswhat,CityUoL__qwen3.5-2b__Qwen-GuidePlay-2B-v1,Level_1,instance_00002,Invalid format guesser response,0.0
114,guesswhat,CityUoL__qwen3.5-2b__Qwen-GuidePlay-2B-v1,Level_1,instance_00002,Invalid format answerer response,0.0
115,guesswhat,CityUoL__qwen3.5-2b__Qwen-GuidePlay-2B-v1,Level_1,instance_00002,Invalid content guesser response,0.0
116,guesswhat,CityUoL__qwen3.5-2b__Qwen-GuidePlay-2B-v1,Level_1,instance_00002,Invalid content answerer response,0.0
117,guesswhat,CityUoL__qwen3.5-2b__Qwen-GuidePlay-2B-v1,Level_2,instance_00009,Violated Request Count,0.0
118,guesswhat,CityUoL__qwen3.5-2b__Qwen-GuidePlay-2B-v1,Level_2,instance_00009,Parsed Request Count,5.0
119,guesswhat,CityUoL__qwen3.5-2b__Qwen-GuidePlay-2B-v1,Level_2,instance_00009,Request Count,5.0
120,guesswhat,CityUoL__qwen3.5-2b__Qwen-GuidePlay-2B-v1,Level_2,instance_00009,Request Success Ratio,1.0
121,guesswhat,CityUoL__qwen3.5-2b__Qwen-GuidePlay-2B-v1,Level_2,instance_00009,Aborted,0.0
122,guesswhat,CityUoL__qwen3.5-2b__Qwen-GuidePlay-2B-v1,Level_2,instance_00009,Success,0.0
123,guesswhat,CityUoL__qwen3.5-2b__Qwen-GuidePlay-2B-v1,Level_2,instance_00009,Lose,1.0
124,guesswhat,CityUoL__qwen3.5-2b__Qwen-GuidePlay-2B-v1,Level_2,instance_00009,Main Score,0.0
125,guesswhat,CityUoL__qwen3.5-2b__Qwen-GuidePlay-2B-v1,Level_2,instance_00009,Invalid format guesser response,0.0
126,guesswhat,CityUoL__qwen3.5-2b__Qwen-GuidePlay-2B-v1,Level_2,instance_00009,Invalid format answerer response,0.0
127,guesswhat,CityUoL__qwen3.5-2b__Qwen-GuidePlay-2B-v1,Level_2,instance_00009,Invalid content guesser response,0.0
128,guesswhat,CityUoL__qwen3.5-2b__Qwen-GuidePlay-2B-v1,Level_2,instance_00009,Invalid content answerer response,0.0
129,guesswhat,CityUoL__qwen3.5-2b__Qwen-GuidePlay-2B-v1,Level_3,instance_00008,Violated Request Count,0.0
130,guesswhat,CityUoL__qwen3.5-2b__Qwen-GuidePlay-2B-v1,Level_3,instance_00008,Parsed Request Count,5.0
131,guesswhat,CityUoL__qwen3.5-2b__Qwen-GuidePlay-2B-v1,Level_3,instance_00008,Request Count,5.0
132,guesswhat,CityUoL__qwen3.5-2b__Qwen-GuidePlay-2B-v1,Level_3,instance_00008,Request Success Ratio,1.0
133,guesswhat,CityUoL__qwen3.5-2b__Qwen-GuidePlay-2B-v1,Level_3,instance_00008,Aborted,0.0
134,guesswhat,CityUoL__qwen3.5-2b__Qwen-GuidePlay-2B-v1,Level_3,instance_00008,Success,0.0
135,guesswhat,CityUoL__qwen3.5-2b__Qwen-GuidePlay-2B-v1,Level_3,instance_00008,Lose,1.0
136,guesswhat,CityUoL__qwen3.5-2b__Qwen-GuidePlay-2B-v1,Level_3,instance_00008,Main Score,0.0
137,guesswhat,CityUoL__qwen3.5-2b__Qwen-GuidePlay-2B-v1,Level_3,instance_00008,Invalid format guesser response,0.0
138,guesswhat,CityUoL__qwen3.5-2b__Qwen-GuidePlay-2B-v1,Level_3,instance_00008,Invalid format answerer response,0.0
139,guesswhat,CityUoL__qwen3.5-2b__Qwen-GuidePlay-2B-v1,Level_3,instance_00008,Invalid content guesser response,0.0
140,guesswhat,CityUoL__qwen3.5-2b__Qwen-GuidePlay-2B-v1,Level_3,instance_00008,Invalid content answerer response,0.0
141,privateshared,CityUoL__qwen3.5-2b__Qwen-GuidePlay-2B-v1,things-places,instance_00003,Middle-Accuracy,0.8
142,privateshared,CityUoL__qwen3.5-2b__Qwen-GuidePlay-2B-v1,things-places,instance_00003,Accuracy,0.8047619047619048
143,privateshared,CityUoL__qwen3.5-2b__Qwen-GuidePlay-2B-v1,things-places,instance_00003,Kappa,0.607744874715262
144,privateshared,CityUoL__qwen3.5-2b__Qwen-GuidePlay-2B-v1,things-places,instance_00003,Truncated Kappa,0.607744874715262
145,privateshared,CityUoL__qwen3.5-2b__Qwen-GuidePlay-2B-v1,things-places,instance_00003,Slot-Filling-Accuracy,1.0
146,privateshared,CityUoL__qwen3.5-2b__Qwen-GuidePlay-2B-v1,things-places,instance_00003,Main Score,75.60215358458487
147,privateshared,CityUoL__qwen3.5-2b__Qwen-GuidePlay-2B-v1,things-places,instance_00003,Aborted,0.0
148,privateshared,CityUoL__qwen3.5-2b__Qwen-GuidePlay-2B-v1,things-places,instance_00003,Lose,1.0
149,privateshared,CityUoL__qwen3.5-2b__Qwen-GuidePlay-2B-v1,things-places,instance_00003,Success,0.0
150,privateshared,CityUoL__qwen3.5-2b__Qwen-GuidePlay-2B-v1,things-places,instance_00003,Request Count,223.0
151,privateshared,CityUoL__qwen3.5-2b__Qwen-GuidePlay-2B-v1,things-places,instance_00003,Parsed Request Count,223.0
152,privateshared,CityUoL__qwen3.5-2b__Qwen-GuidePlay-2B-v1,things-places,instance_00003,Violated Request Count,2.0
153,privateshared,CityUoL__qwen3.5-2b__Qwen-GuidePlay-2B-v1,things-places,instance_00003,Request Success Ratio,1.0
154,privateshared,CityUoL__qwen3.5-2b__Qwen-GuidePlay-2B-v1,restaurant,instance_00007,Middle-Accuracy,0.8
155,privateshared,CityUoL__qwen3.5-2b__Qwen-GuidePlay-2B-v1,restaurant,instance_00007,Accuracy,0.7
156,privateshared,CityUoL__qwen3.5-2b__Qwen-GuidePlay-2B-v1,restaurant,instance_00007,Kappa,0.4
157,privateshared,CityUoL__qwen3.5-2b__Qwen-GuidePlay-2B-v1,restaurant,instance_00007,Truncated Kappa,0.4
158,privateshared,CityUoL__qwen3.5-2b__Qwen-GuidePlay-2B-v1,restaurant,instance_00007,Slot-Filling-Accuracy,1.0
159,privateshared,CityUoL__qwen3.5-2b__Qwen-GuidePlay-2B-v1,restaurant,instance_00007,Main Score,57.14285714285715
160,privateshared,CityUoL__qwen3.5-2b__Qwen-GuidePlay-2B-v1,restaurant,instance_00007,Aborted,0.0
161,privateshared,CityUoL__qwen3.5-2b__Qwen-GuidePlay-2B-v1,restaurant,instance_00007,Lose,1.0
162,privateshared,CityUoL__qwen3.5-2b__Qwen-GuidePlay-2B-v1,restaurant,instance_00007,Success,0.0
163,privateshared,CityUoL__qwen3.5-2b__Qwen-GuidePlay-2B-v1,restaurant,instance_00007,Request Count,35.0
164,privateshared,CityUoL__qwen3.5-2b__Qwen-GuidePlay-2B-v1,restaurant,instance_00007,Parsed Request Count,35.0
165,privateshared,CityUoL__qwen3.5-2b__Qwen-GuidePlay-2B-v1,restaurant,instance_00007,Violated Request Count,0.0
166,privateshared,CityUoL__qwen3.5-2b__Qwen-GuidePlay-2B-v1,restaurant,instance_00007,Request Success Ratio,1.0
167,privateshared,CityUoL__qwen3.5-2b__Qwen-GuidePlay-2B-v1,travel-booking,instance_00009,Middle-Accuracy,0.6
168,privateshared,CityUoL__qwen3.5-2b__Qwen-GuidePlay-2B-v1,travel-booking,instance_00009,Accuracy,0.7333333333333333
169,privateshared,CityUoL__qwen3.5-2b__Qwen-GuidePlay-2B-v1,travel-booking,instance_00009,Kappa,0.4666666666666667
170,privateshared,CityUoL__qwen3.5-2b__Qwen-GuidePlay-2B-v1,travel-booking,instance_00009,Truncated Kappa,0.4666666666666667
171,privateshared,CityUoL__qwen3.5-2b__Qwen-GuidePlay-2B-v1,travel-booking,instance_00009,Slot-Filling-Accuracy,1.0
172,privateshared,CityUoL__qwen3.5-2b__Qwen-GuidePlay-2B-v1,travel-booking,instance_00009,Main Score,63.63636363636363
173,privateshared,CityUoL__qwen3.5-2b__Qwen-GuidePlay-2B-v1,travel-booking,instance_00009,Aborted,0.0
174,privateshared,CityUoL__qwen3.5-2b__Qwen-GuidePlay-2B-v1,travel-booking,instance_00009,Lose,1.0
175,privateshared,CityUoL__qwen3.5-2b__Qwen-GuidePlay-2B-v1,travel-booking,instance_00009,Success,0.0
176,privateshared,CityUoL__qwen3.5-2b__Qwen-GuidePlay-2B-v1,travel-booking,instance_00009,Request Count,35.0
177,privateshared,CityUoL__qwen3.5-2b__Qwen-GuidePlay-2B-v1,travel-booking,instance_00009,Parsed Request Count,35.0
178,privateshared,CityUoL__qwen3.5-2b__Qwen-GuidePlay-2B-v1,travel-booking,instance_00009,Violated Request Count,0.0
179,privateshared,CityUoL__qwen3.5-2b__Qwen-GuidePlay-2B-v1,travel-booking,instance_00009,Request Success Ratio,1.0
180,privateshared,CityUoL__qwen3.5-2b__Qwen-GuidePlay-2B-v1,job-interview,instance_00008,Middle-Accuracy,0.6
181,privateshared,CityUoL__qwen3.5-2b__Qwen-GuidePlay-2B-v1,job-interview,instance_00008,Accuracy,0.8333333333333334
182,privateshared,CityUoL__qwen3.5-2b__Qwen-GuidePlay-2B-v1,job-interview,instance_00008,Kappa,0.6666666666666667
183,privateshared,CityUoL__qwen3.5-2b__Qwen-GuidePlay-2B-v1,job-interview,instance_00008,Truncated Kappa,0.6666666666666667
184,privateshared,CityUoL__qwen3.5-2b__Qwen-GuidePlay-2B-v1,job-interview,instance_00008,Slot-Filling-Accuracy,0.8
185,privateshared,CityUoL__qwen3.5-2b__Qwen-GuidePlay-2B-v1,job-interview,instance_00008,Main Score,72.72727272727273
186,privateshared,CityUoL__qwen3.5-2b__Qwen-GuidePlay-2B-v1,job-interview,instance_00008,Aborted,0.0
187,privateshared,CityUoL__qwen3.5-2b__Qwen-GuidePlay-2B-v1,job-interview,instance_00008,Lose,1.0
188,privateshared,CityUoL__qwen3.5-2b__Qwen-GuidePlay-2B-v1,job-interview,instance_00008,Success,0.0
189,privateshared,CityUoL__qwen3.5-2b__Qwen-GuidePlay-2B-v1,job-interview,instance_00008,Request Count,35.0
190,privateshared,CityUoL__qwen3.5-2b__Qwen-GuidePlay-2B-v1,job-interview,instance_00008,Parsed Request Count,35.0
191,privateshared,CityUoL__qwen3.5-2b__Qwen-GuidePlay-2B-v1,job-interview,instance_00008,Violated Request Count,0.0
192,privateshared,CityUoL__qwen3.5-2b__Qwen-GuidePlay-2B-v1,job-interview,instance_00008,Request Success Ratio,1.0
193,privateshared,CityUoL__qwen3.5-2b__Qwen-GuidePlay-2B-v1,letter-number,instance_00009,Middle-Accuracy,0.6
194,privateshared,CityUoL__qwen3.5-2b__Qwen-GuidePlay-2B-v1,letter-number,instance_00009,Accuracy,0.5
195,privateshared,CityUoL__qwen3.5-2b__Qwen-GuidePlay-2B-v1,letter-number,instance_00009,Kappa,0.0
196,privateshared,CityUoL__qwen3.5-2b__Qwen-GuidePlay-2B-v1,letter-number,instance_00009,Truncated Kappa,0.0
197,privateshared,CityUoL__qwen3.5-2b__Qwen-GuidePlay-2B-v1,letter-number,instance_00009,Slot-Filling-Accuracy,1.0
198,privateshared,CityUoL__qwen3.5-2b__Qwen-GuidePlay-2B-v1,letter-number,instance_00009,Main Score,0.0
199,privateshared,CityUoL__qwen3.5-2b__Qwen-GuidePlay-2B-v1,letter-number,instance_00009,Aborted,0.0
200,privateshared,CityUoL__qwen3.5-2b__Qwen-GuidePlay-2B-v1,letter-number,instance_00009,Lose,1.0
201,privateshared,CityUoL__qwen3.5-2b__Qwen-GuidePlay-2B-v1,letter-number,instance_00009,Success,0.0
202,privateshared,CityUoL__qwen3.5-2b__Qwen-GuidePlay-2B-v1,letter-number,instance_00009,Request Count,120.0
203,privateshared,CityUoL__qwen3.5-2b__Qwen-GuidePlay-2B-v1,letter-number,instance_00009,Parsed Request Count,120.0
204,privateshared,CityUoL__qwen3.5-2b__Qwen-GuidePlay-2B-v1,letter-number,instance_00009,Violated Request Count,0.0
205,privateshared,CityUoL__qwen3.5-2b__Qwen-GuidePlay-2B-v1,letter-number,instance_00009,Request Success Ratio,1.0
206,wordle_withcritic,CityUoL__qwen3.5-2b__Qwen-GuidePlay-2B-v1,medium_frequency_words_clue_with_critic,instance_00004,Aborted,1.0
207,wordle_withcritic,CityUoL__qwen3.5-2b__Qwen-GuidePlay-2B-v1,medium_frequency_words_clue_with_critic,instance_00004,Lose,0.0
208,wordle_withcritic,CityUoL__qwen3.5-2b__Qwen-GuidePlay-2B-v1,medium_frequency_words_clue_with_critic,instance_00004,Success,0.0
209,wordle_withcritic,CityUoL__qwen3.5-2b__Qwen-GuidePlay-2B-v1,medium_frequency_words_clue_with_critic,instance_00004,Request Count,1.0
210,wordle_withcritic,CityUoL__qwen3.5-2b__Qwen-GuidePlay-2B-v1,medium_frequency_words_clue_with_critic,instance_00004,Parsed Request Count,0.0
211,wordle_withcritic,CityUoL__qwen3.5-2b__Qwen-GuidePlay-2B-v1,medium_frequency_words_clue_with_critic,instance_00004,Violated Request Count,1.0
212,wordle_withcritic,CityUoL__qwen3.5-2b__Qwen-GuidePlay-2B-v1,medium_frequency_words_clue_with_critic,instance_00004,Request Success Ratio,0.0
213,wordle_withcritic,CityUoL__qwen3.5-2b__Qwen-GuidePlay-2B-v1,medium_frequency_words_clue_with_critic,instance_00004,Main Score,
214,wordle_withcritic,CityUoL__qwen3.5-2b__Qwen-GuidePlay-2B-v1,medium_frequency_words_clue_with_critic,instance_00004,Guess Repetitions,
215,wordle_withcritic,CityUoL__qwen3.5-2b__Qwen-GuidePlay-2B-v1,medium_frequency_words_clue_with_critic,instance_00004,Repetition-Guesser-On-Critic-Agreement,
216,wordle_withcritic,CityUoL__qwen3.5-2b__Qwen-GuidePlay-2B-v1,medium_frequency_words_clue_with_critic,instance_00004,Non-Repetition-Guesser-On-Critic-Agreement,
217,wordle_withcritic,CityUoL__qwen3.5-2b__Qwen-GuidePlay-2B-v1,medium_frequency_words_clue_with_critic,instance_00004,Repetition-Guesser-On-Critic-Disagreement,
218,wordle_withcritic,CityUoL__qwen3.5-2b__Qwen-GuidePlay-2B-v1,medium_frequency_words_clue_with_critic,instance_00004,Non-Repetition-Guesser-On-Critic-Disagreement,
219,wordle_withcritic,CityUoL__qwen3.5-2b__Qwen-GuidePlay-2B-v1,medium_frequency_words_clue_with_critic,instance_00019,Aborted,1.0
220,wordle_withcritic,CityUoL__qwen3.5-2b__Qwen-GuidePlay-2B-v1,medium_frequency_words_clue_with_critic,instance_00019,Lose,0.0
221,wordle_withcritic,CityUoL__qwen3.5-2b__Qwen-GuidePlay-2B-v1,medium_frequency_words_clue_with_critic,instance_00019,Success,0.0
222,wordle_withcritic,CityUoL__qwen3.5-2b__Qwen-GuidePlay-2B-v1,medium_frequency_words_clue_with_critic,instance_00019,Request Count,6.0
223,wordle_withcritic,CityUoL__qwen3.5-2b__Qwen-GuidePlay-2B-v1,medium_frequency_words_clue_with_critic,instance_00019,Parsed Request Count,6.0
224,wordle_withcritic,CityUoL__qwen3.5-2b__Qwen-GuidePlay-2B-v1,medium_frequency_words_clue_with_critic,instance_00019,Violated Request Count,0.0
225,wordle_withcritic,CityUoL__qwen3.5-2b__Qwen-GuidePlay-2B-v1,medium_frequency_words_clue_with_critic,instance_00019,Request Success Ratio,1.0
226,wordle_withcritic,CityUoL__qwen3.5-2b__Qwen-GuidePlay-2B-v1,medium_frequency_words_clue_with_critic,instance_00019,Main Score,
227,wordle_withcritic,CityUoL__qwen3.5-2b__Qwen-GuidePlay-2B-v1,medium_frequency_words_clue_with_critic,instance_00019,Guess Repetitions,
228,wordle_withcritic,CityUoL__qwen3.5-2b__Qwen-GuidePlay-2B-v1,medium_frequency_words_clue_with_critic,instance_00019,Repetition-Guesser-On-Critic-Agreement,
229,wordle_withcritic,CityUoL__qwen3.5-2b__Qwen-GuidePlay-2B-v1,medium_frequency_words_clue_with_critic,instance_00019,Non-Repetition-Guesser-On-Critic-Agreement,
230,wordle_withcritic,CityUoL__qwen3.5-2b__Qwen-GuidePlay-2B-v1,medium_frequency_words_clue_with_critic,instance_00019,Repetition-Guesser-On-Critic-Disagreement,
231,wordle_withcritic,CityUoL__qwen3.5-2b__Qwen-GuidePlay-2B-v1,medium_frequency_words_clue_with_critic,instance_00019,Non-Repetition-Guesser-On-Critic-Disagreement,
232,wordle_withcritic,CityUoL__qwen3.5-2b__Qwen-GuidePlay-2B-v1,high_frequency_words_clue_with_critic,instance_00002,Aborted,0.0
233,wordle_withcritic,CityUoL__qwen3.5-2b__Qwen-GuidePlay-2B-v1,high_frequency_words_clue_with_critic,instance_00002,Lose,1.0
234,wordle_withcritic,CityUoL__qwen3.5-2b__Qwen-GuidePlay-2B-v1,high_frequency_words_clue_with_critic,instance_00002,Success,0.0
235,wordle_withcritic,CityUoL__qwen3.5-2b__Qwen-GuidePlay-2B-v1,high_frequency_words_clue_with_critic,instance_00002,Request Count,18.0
236,wordle_withcritic,CityUoL__qwen3.5-2b__Qwen-GuidePlay-2B-v1,high_frequency_words_clue_with_critic,instance_00002,Parsed Request Count,18.0
237,wordle_withcritic,CityUoL__qwen3.5-2b__Qwen-GuidePlay-2B-v1,high_frequency_words_clue_with_critic,instance_00002,Violated Request Count,0.0
238,wordle_withcritic,CityUoL__qwen3.5-2b__Qwen-GuidePlay-2B-v1,high_frequency_words_clue_with_critic,instance_00002,Request Success Ratio,1.0
239,wordle_withcritic,CityUoL__qwen3.5-2b__Qwen-GuidePlay-2B-v1,high_frequency_words_clue_with_critic,instance_00002,Main Score,0.0
240,wordle_withcritic,CityUoL__qwen3.5-2b__Qwen-GuidePlay-2B-v1,high_frequency_words_clue_with_critic,instance_00002,Guess Repetitions,4.0
241,wordle_withcritic,CityUoL__qwen3.5-2b__Qwen-GuidePlay-2B-v1,high_frequency_words_clue_with_critic,instance_00002,Repetition-Guesser-On-Critic-Agreement,1.0
242,wordle_withcritic,CityUoL__qwen3.5-2b__Qwen-GuidePlay-2B-v1,high_frequency_words_clue_with_critic,instance_00002,Non-Repetition-Guesser-On-Critic-Agreement,0.0
243,wordle_withcritic,CityUoL__qwen3.5-2b__Qwen-GuidePlay-2B-v1,high_frequency_words_clue_with_critic,instance_00002,Repetition-Guesser-On-Critic-Disagreement,1.0
244,wordle_withcritic,CityUoL__qwen3.5-2b__Qwen-GuidePlay-2B-v1,high_frequency_words_clue_with_critic,instance_00002,Non-Repetition-Guesser-On-Critic-Disagreement,0.0
245,taboo,CityUoL__qwen3.5-2b__Qwen-GuidePlay-2B-v1,high_en,instance_00016,Violated Request Count,0.0
246,taboo,CityUoL__qwen3.5-2b__Qwen-GuidePlay-2B-v1,high_en,instance_00016,Parsed Request Count,1.0
247,taboo,CityUoL__qwen3.5-2b__Qwen-GuidePlay-2B-v1,high_en,instance_00016,Request Count,1.0
248,taboo,CityUoL__qwen3.5-2b__Qwen-GuidePlay-2B-v1,high_en,instance_00016,Request Success Ratio,1.0
249,taboo,CityUoL__qwen3.5-2b__Qwen-GuidePlay-2B-v1,high_en,instance_00016,Aborted,0.0
250,taboo,CityUoL__qwen3.5-2b__Qwen-GuidePlay-2B-v1,high_en,instance_00016,Success,0.0
251,taboo,CityUoL__qwen3.5-2b__Qwen-GuidePlay-2B-v1,high_en,instance_00016,Lose,1.0
252,taboo,CityUoL__qwen3.5-2b__Qwen-GuidePlay-2B-v1,high_en,instance_00016,Main Score,0.0
253,taboo,CityUoL__qwen3.5-2b__Qwen-GuidePlay-2B-v1,high_en,instance_00016,Repetition-Guesser,0.0
254,taboo,CityUoL__qwen3.5-2b__Qwen-GuidePlay-2B-v1,high_en,instance_00016,Repetition-Describer,0.0
255,taboo,CityUoL__qwen3.5-2b__Qwen-GuidePlay-2B-v1,high_en,instance_00010,Violated Request Count,0.0
256,taboo,CityUoL__qwen3.5-2b__Qwen-GuidePlay-2B-v1,high_en,instance_00010,Parsed Request Count,1.0
257,taboo,CityUoL__qwen3.5-2b__Qwen-GuidePlay-2B-v1,high_en,instance_00010,Request Count,1.0
258,taboo,CityUoL__qwen3.5-2b__Qwen-GuidePlay-2B-v1,high_en,instance_00010,Request Success Ratio,1.0
259,taboo,CityUoL__qwen3.5-2b__Qwen-GuidePlay-2B-v1,high_en,instance_00010,Aborted,0.0
260,taboo,CityUoL__qwen3.5-2b__Qwen-GuidePlay-2B-v1,high_en,instance_00010,Success,1.0
261,taboo,CityUoL__qwen3.5-2b__Qwen-GuidePlay-2B-v1,high_en,instance_00010,Lose,0.0
262,taboo,CityUoL__qwen3.5-2b__Qwen-GuidePlay-2B-v1,high_en,instance_00010,Main Score,100.0
263,taboo,CityUoL__qwen3.5-2b__Qwen-GuidePlay-2B-v1,high_en,instance_00010,Repetition-Guesser,0.0
264,taboo,CityUoL__qwen3.5-2b__Qwen-GuidePlay-2B-v1,high_en,instance_00010,Repetition-Describer,0.0
265,taboo,CityUoL__qwen3.5-2b__Qwen-GuidePlay-2B-v1,low_en,instance_00018,Violated Request Count,0.0
266,taboo,CityUoL__qwen3.5-2b__Qwen-GuidePlay-2B-v1,low_en,instance_00018,Parsed Request Count,2.0
267,taboo,CityUoL__qwen3.5-2b__Qwen-GuidePlay-2B-v1,low_en,instance_00018,Request Count,2.0
268,taboo,CityUoL__qwen3.5-2b__Qwen-GuidePlay-2B-v1,low_en,instance_00018,Request Success Ratio,1.0
269,taboo,CityUoL__qwen3.5-2b__Qwen-GuidePlay-2B-v1,low_en,instance_00018,Aborted,0.0
270,taboo,CityUoL__qwen3.5-2b__Qwen-GuidePlay-2B-v1,low_en,instance_00018,Success,0.0
271,taboo,CityUoL__qwen3.5-2b__Qwen-GuidePlay-2B-v1,low_en,instance_00018,Lose,1.0
272,taboo,CityUoL__qwen3.5-2b__Qwen-GuidePlay-2B-v1,low_en,instance_00018,Main Score,0.0
273,taboo,CityUoL__qwen3.5-2b__Qwen-GuidePlay-2B-v1,low_en,instance_00018,Repetition-Guesser,0.0
274,taboo,CityUoL__qwen3.5-2b__Qwen-GuidePlay-2B-v1,low_en,instance_00018,Repetition-Describer,0.0
275,taboo,CityUoL__qwen3.5-2b__Qwen-GuidePlay-2B-v1,low_en,instance_00012,Violated Request Count,0.0
276,taboo,CityUoL__qwen3.5-2b__Qwen-GuidePlay-2B-v1,low_en,instance_00012,Parsed Request Count,1.0
277,taboo,CityUoL__qwen3.5-2b__Qwen-GuidePlay-2B-v1,low_en,instance_00012,Request Count,1.0
278,taboo,CityUoL__qwen3.5-2b__Qwen-GuidePlay-2B-v1,low_en,instance_00012,Request Success Ratio,1.0
279,taboo,CityUoL__qwen3.5-2b__Qwen-GuidePlay-2B-v1,low_en,instance_00012,Aborted,0.0
280,taboo,CityUoL__qwen3.5-2b__Qwen-GuidePlay-2B-v1,low_en,instance_00012,Success,1.0
281,taboo,CityUoL__qwen3.5-2b__Qwen-GuidePlay-2B-v1,low_en,instance_00012,Lose,0.0
282,taboo,CityUoL__qwen3.5-2b__Qwen-GuidePlay-2B-v1,low_en,instance_00012,Main Score,100.0
283,taboo,CityUoL__qwen3.5-2b__Qwen-GuidePlay-2B-v1,low_en,instance_00012,Repetition-Guesser,0.0
284,taboo,CityUoL__qwen3.5-2b__Qwen-GuidePlay-2B-v1,low_en,instance_00012,Repetition-Describer,0.0
285,taboo,CityUoL__qwen3.5-2b__Qwen-GuidePlay-2B-v1,medium_en,instance_00007,Violated Request Count,0.0
286,taboo,CityUoL__qwen3.5-2b__Qwen-GuidePlay-2B-v1,medium_en,instance_00007,Parsed Request Count,1.0
287,taboo,CityUoL__qwen3.5-2b__Qwen-GuidePlay-2B-v1,medium_en,instance_00007,Request Count,1.0
288,taboo,CityUoL__qwen3.5-2b__Qwen-GuidePlay-2B-v1,medium_en,instance_00007,Request Success Ratio,1.0
289,taboo,CityUoL__qwen3.5-2b__Qwen-GuidePlay-2B-v1,medium_en,instance_00007,Aborted,0.0
290,taboo,CityUoL__qwen3.5-2b__Qwen-GuidePlay-2B-v1,medium_en,instance_00007,Success,1.0
291,taboo,CityUoL__qwen3.5-2b__Qwen-GuidePlay-2B-v1,medium_en,instance_00007,Lose,0.0
292,taboo,CityUoL__qwen3.5-2b__Qwen-GuidePlay-2B-v1,medium_en,instance_00007,Main Score,100.0
293,taboo,CityUoL__qwen3.5-2b__Qwen-GuidePlay-2B-v1,medium_en,instance_00007,Repetition-Guesser,0.0
294,taboo,CityUoL__qwen3.5-2b__Qwen-GuidePlay-2B-v1,medium_en,instance_00007,Repetition-Describer,0.0
295,taboo,CityUoL__qwen3.5-2b__Qwen-GuidePlay-2B-v1,medium_en,instance_00010,Violated Request Count,0.0
296,taboo,CityUoL__qwen3.5-2b__Qwen-GuidePlay-2B-v1,medium_en,instance_00010,Parsed Request Count,1.0
297,taboo,CityUoL__qwen3.5-2b__Qwen-GuidePlay-2B-v1,medium_en,instance_00010,Request Count,1.0
298,taboo,CityUoL__qwen3.5-2b__Qwen-GuidePlay-2B-v1,medium_en,instance_00010,Request Success Ratio,1.0
299,taboo,CityUoL__qwen3.5-2b__Qwen-GuidePlay-2B-v1,medium_en,instance_00010,Aborted,0.0
300,taboo,CityUoL__qwen3.5-2b__Qwen-GuidePlay-2B-v1,medium_en,instance_00010,Success,1.0
301,taboo,CityUoL__qwen3.5-2b__Qwen-GuidePlay-2B-v1,medium_en,instance_00010,Lose,0.0
302,taboo,CityUoL__qwen3.5-2b__Qwen-GuidePlay-2B-v1,medium_en,instance_00010,Main Score,100.0
303,taboo,CityUoL__qwen3.5-2b__Qwen-GuidePlay-2B-v1,medium_en,instance_00010,Repetition-Guesser,0.0
304,taboo,CityUoL__qwen3.5-2b__Qwen-GuidePlay-2B-v1,medium_en,instance_00010,Repetition-Describer,0.0
305,wordle_withclue,CityUoL__qwen3.5-2b__Qwen-GuidePlay-2B-v1,high_frequency_words_clue_no_critic,instance_00009,Aborted,1.0
306,wordle_withclue,CityUoL__qwen3.5-2b__Qwen-GuidePlay-2B-v1,high_frequency_words_clue_no_critic,instance_00009,Lose,0.0
307,wordle_withclue,CityUoL__qwen3.5-2b__Qwen-GuidePlay-2B-v1,high_frequency_words_clue_no_critic,instance_00009,Success,0.0
308,wordle_withclue,CityUoL__qwen3.5-2b__Qwen-GuidePlay-2B-v1,high_frequency_words_clue_no_critic,instance_00009,Request Count,1.0
309,wordle_withclue,CityUoL__qwen3.5-2b__Qwen-GuidePlay-2B-v1,high_frequency_words_clue_no_critic,instance_00009,Parsed Request Count,0.0
310,wordle_withclue,CityUoL__qwen3.5-2b__Qwen-GuidePlay-2B-v1,high_frequency_words_clue_no_critic,instance_00009,Violated Request Count,1.0
311,wordle_withclue,CityUoL__qwen3.5-2b__Qwen-GuidePlay-2B-v1,high_frequency_words_clue_no_critic,instance_00009,Request Success Ratio,0.0
312,wordle_withclue,CityUoL__qwen3.5-2b__Qwen-GuidePlay-2B-v1,high_frequency_words_clue_no_critic,instance_00009,Main Score,
313,wordle_withclue,CityUoL__qwen3.5-2b__Qwen-GuidePlay-2B-v1,high_frequency_words_clue_no_critic,instance_00009,Guess Repetitions,
314,wordle_withclue,CityUoL__qwen3.5-2b__Qwen-GuidePlay-2B-v1,medium_frequency_words_clue_no_critic,instance_00011,Aborted,1.0
315,wordle_withclue,CityUoL__qwen3.5-2b__Qwen-GuidePlay-2B-v1,medium_frequency_words_clue_no_critic,instance_00011,Lose,0.0
316,wordle_withclue,CityUoL__qwen3.5-2b__Qwen-GuidePlay-2B-v1,medium_frequency_words_clue_no_critic,instance_00011,Success,0.0
317,wordle_withclue,CityUoL__qwen3.5-2b__Qwen-GuidePlay-2B-v1,medium_frequency_words_clue_no_critic,instance_00011,Request Count,2.0
318,wordle_withclue,CityUoL__qwen3.5-2b__Qwen-GuidePlay-2B-v1,medium_frequency_words_clue_no_critic,instance_00011,Parsed Request Count,1.0
319,wordle_withclue,CityUoL__qwen3.5-2b__Qwen-GuidePlay-2B-v1,medium_frequency_words_clue_no_critic,instance_00011,Violated Request Count,1.0
320,wordle_withclue,CityUoL__qwen3.5-2b__Qwen-GuidePlay-2B-v1,medium_frequency_words_clue_no_critic,instance_00011,Request Success Ratio,0.5
321,wordle_withclue,CityUoL__qwen3.5-2b__Qwen-GuidePlay-2B-v1,medium_frequency_words_clue_no_critic,instance_00011,Main Score,
322,wordle_withclue,CityUoL__qwen3.5-2b__Qwen-GuidePlay-2B-v1,medium_frequency_words_clue_no_critic,instance_00011,Guess Repetitions,
323,wordle_withclue,CityUoL__qwen3.5-2b__Qwen-GuidePlay-2B-v1,medium_frequency_words_clue_no_critic,instance_00018,Aborted,1.0
324,wordle_withclue,CityUoL__qwen3.5-2b__Qwen-GuidePlay-2B-v1,medium_frequency_words_clue_no_critic,instance_00018,Lose,0.0
325,wordle_withclue,CityUoL__qwen3.5-2b__Qwen-GuidePlay-2B-v1,medium_frequency_words_clue_no_critic,instance_00018,Success,0.0
326,wordle_withclue,CityUoL__qwen3.5-2b__Qwen-GuidePlay-2B-v1,medium_frequency_words_clue_no_critic,instance_00018,Request Count,1.0
327,wordle_withclue,CityUoL__qwen3.5-2b__Qwen-GuidePlay-2B-v1,medium_frequency_words_clue_no_critic,instance_00018,Parsed Request Count,0.0
328,wordle_withclue,CityUoL__qwen3.5-2b__Qwen-GuidePlay-2B-v1,medium_frequency_words_clue_no_critic,instance_00018,Violated Request Count,1.0
329,wordle_withclue,CityUoL__qwen3.5-2b__Qwen-GuidePlay-2B-v1,medium_frequency_words_clue_no_critic,instance_00018,Request Success Ratio,0.0
330,wordle_withclue,CityUoL__qwen3.5-2b__Qwen-GuidePlay-2B-v1,medium_frequency_words_clue_no_critic,instance_00018,Main Score,
331,wordle_withclue,CityUoL__qwen3.5-2b__Qwen-GuidePlay-2B-v1,medium_frequency_words_clue_no_critic,instance_00018,Guess Repetitions,
332,textmapworld,CityUoL__qwen3.5-2b__Qwen-GuidePlay-2B-v1,large_cycle,instance_00049,Success,0.0
333,textmapworld,CityUoL__qwen3.5-2b__Qwen-GuidePlay-2B-v1,large_cycle,instance_00049,Aborted,0.0
334,textmapworld,CityUoL__qwen3.5-2b__Qwen-GuidePlay-2B-v1,large_cycle,instance_00049,Lose,1.0
335,textmapworld,CityUoL__qwen3.5-2b__Qwen-GuidePlay-2B-v1,large_cycle,instance_00049,moves,10.0
336,textmapworld,CityUoL__qwen3.5-2b__Qwen-GuidePlay-2B-v1,large_cycle,instance_00049,valid_moves,10.0
337,textmapworld,CityUoL__qwen3.5-2b__Qwen-GuidePlay-2B-v1,large_cycle,instance_00049,invalid_moves,0.0
338,textmapworld,CityUoL__qwen3.5-2b__Qwen-GuidePlay-2B-v1,large_cycle,instance_00049,stopped,1.0
339,textmapworld,CityUoL__qwen3.5-2b__Qwen-GuidePlay-2B-v1,large_cycle,instance_00049,turns_limit,0.0
340,textmapworld,CityUoL__qwen3.5-2b__Qwen-GuidePlay-2B-v1,large_cycle,instance_00049,loops,0.0
341,textmapworld,CityUoL__qwen3.5-2b__Qwen-GuidePlay-2B-v1,large_cycle,instance_00049,number_visited,7.0
342,textmapworld,CityUoL__qwen3.5-2b__Qwen-GuidePlay-2B-v1,large_cycle,instance_00049,seen,8.0
343,textmapworld,CityUoL__qwen3.5-2b__Qwen-GuidePlay-2B-v1,large_cycle,instance_00049,efficiency,70.0
344,textmapworld,CityUoL__qwen3.5-2b__Qwen-GuidePlay-2B-v1,large_cycle,instance_00049,exploration,87.5
345,textmapworld,CityUoL__qwen3.5-2b__Qwen-GuidePlay-2B-v1,large_cycle,instance_00049,Main Score,77.77777777777777
346,textmapworld,CityUoL__qwen3.5-2b__Qwen-GuidePlay-2B-v1,small,instance_00006,Success,1.0
347,textmapworld,CityUoL__qwen3.5-2b__Qwen-GuidePlay-2B-v1,small,instance_00006,Aborted,0.0
348,textmapworld,CityUoL__qwen3.5-2b__Qwen-GuidePlay-2B-v1,small,instance_00006,Lose,0.0
349,textmapworld,CityUoL__qwen3.5-2b__Qwen-GuidePlay-2B-v1,small,instance_00006,moves,7.0
350,textmapworld,CityUoL__qwen3.5-2b__Qwen-GuidePlay-2B-v1,small,instance_00006,valid_moves,7.0
351,textmapworld,CityUoL__qwen3.5-2b__Qwen-GuidePlay-2B-v1,small,instance_00006,invalid_moves,0.0
352,textmapworld,CityUoL__qwen3.5-2b__Qwen-GuidePlay-2B-v1,small,instance_00006,stopped,1.0
353,textmapworld,CityUoL__qwen3.5-2b__Qwen-GuidePlay-2B-v1,small,instance_00006,turns_limit,0.0
354,textmapworld,CityUoL__qwen3.5-2b__Qwen-GuidePlay-2B-v1,small,instance_00006,loops,0.0
355,textmapworld,CityUoL__qwen3.5-2b__Qwen-GuidePlay-2B-v1,small,instance_00006,number_visited,4.0
356,textmapworld,CityUoL__qwen3.5-2b__Qwen-GuidePlay-2B-v1,small,instance_00006,seen,4.0
357,textmapworld,CityUoL__qwen3.5-2b__Qwen-GuidePlay-2B-v1,small,instance_00006,efficiency,57.14285714285714
358,textmapworld,CityUoL__qwen3.5-2b__Qwen-GuidePlay-2B-v1,small,instance_00006,exploration,100.0
359,textmapworld,CityUoL__qwen3.5-2b__Qwen-GuidePlay-2B-v1,small,instance_00006,Main Score,72.72727272727272
360,textmapworld,CityUoL__qwen3.5-2b__Qwen-GuidePlay-2B-v1,large,instance_00028,Success,1.0
361,textmapworld,CityUoL__qwen3.5-2b__Qwen-GuidePlay-2B-v1,large,instance_00028,Aborted,0.0
362,textmapworld,CityUoL__qwen3.5-2b__Qwen-GuidePlay-2B-v1,large,instance_00028,Lose,0.0
363,textmapworld,CityUoL__qwen3.5-2b__Qwen-GuidePlay-2B-v1,large,instance_00028,moves,14.0
364,textmapworld,CityUoL__qwen3.5-2b__Qwen-GuidePlay-2B-v1,large,instance_00028,valid_moves,14.0
365,textmapworld,CityUoL__qwen3.5-2b__Qwen-GuidePlay-2B-v1,large,instance_00028,invalid_moves,0.0
366,textmapworld,CityUoL__qwen3.5-2b__Qwen-GuidePlay-2B-v1,large,instance_00028,stopped,1.0
367,textmapworld,CityUoL__qwen3.5-2b__Qwen-GuidePlay-2B-v1,large,instance_00028,turns_limit,0.0
368,textmapworld,CityUoL__qwen3.5-2b__Qwen-GuidePlay-2B-v1,large,instance_00028,loops,0.0
369,textmapworld,CityUoL__qwen3.5-2b__Qwen-GuidePlay-2B-v1,large,instance_00028,number_visited,8.0
370,textmapworld,CityUoL__qwen3.5-2b__Qwen-GuidePlay-2B-v1,large,instance_00028,seen,8.0
371,textmapworld,CityUoL__qwen3.5-2b__Qwen-GuidePlay-2B-v1,large,instance_00028,efficiency,64.28571428571429
372,textmapworld,CityUoL__qwen3.5-2b__Qwen-GuidePlay-2B-v1,large,instance_00028,exploration,100.0
373,textmapworld,CityUoL__qwen3.5-2b__Qwen-GuidePlay-2B-v1,large,instance_00028,Main Score,78.2608695652174
374,textmapworld,CityUoL__qwen3.5-2b__Qwen-GuidePlay-2B-v1,medium_cycle,instance_00034,Success,1.0
375,textmapworld,CityUoL__qwen3.5-2b__Qwen-GuidePlay-2B-v1,medium_cycle,instance_00034,Aborted,0.0
376,textmapworld,CityUoL__qwen3.5-2b__Qwen-GuidePlay-2B-v1,medium_cycle,instance_00034,Lose,0.0
377,textmapworld,CityUoL__qwen3.5-2b__Qwen-GuidePlay-2B-v1,medium_cycle,instance_00034,moves,8.0
378,textmapworld,CityUoL__qwen3.5-2b__Qwen-GuidePlay-2B-v1,medium_cycle,instance_00034,valid_moves,8.0
379,textmapworld,CityUoL__qwen3.5-2b__Qwen-GuidePlay-2B-v1,medium_cycle,instance_00034,invalid_moves,0.0
380,textmapworld,CityUoL__qwen3.5-2b__Qwen-GuidePlay-2B-v1,medium_cycle,instance_00034,stopped,1.0
381,textmapworld,CityUoL__qwen3.5-2b__Qwen-GuidePlay-2B-v1,medium_cycle,instance_00034,turns_limit,0.0
382,textmapworld,CityUoL__qwen3.5-2b__Qwen-GuidePlay-2B-v1,medium_cycle,instance_00034,loops,0.0
383,textmapworld,CityUoL__qwen3.5-2b__Qwen-GuidePlay-2B-v1,medium_cycle,instance_00034,number_visited,6.0
384,textmapworld,CityUoL__qwen3.5-2b__Qwen-GuidePlay-2B-v1,medium_cycle,instance_00034,seen,6.0
385,textmapworld,CityUoL__qwen3.5-2b__Qwen-GuidePlay-2B-v1,medium_cycle,instance_00034,efficiency,62.5
386,textmapworld,CityUoL__qwen3.5-2b__Qwen-GuidePlay-2B-v1,medium_cycle,instance_00034,exploration,100.0
387,textmapworld,CityUoL__qwen3.5-2b__Qwen-GuidePlay-2B-v1,medium_cycle,instance_00034,Main Score,76.92307692307692
388,textmapworld,CityUoL__qwen3.5-2b__Qwen-GuidePlay-2B-v1,medium,instance_00010,Success,1.0
389,textmapworld,CityUoL__qwen3.5-2b__Qwen-GuidePlay-2B-v1,medium,instance_00010,Aborted,0.0
390,textmapworld,CityUoL__qwen3.5-2b__Qwen-GuidePlay-2B-v1,medium,instance_00010,Lose,0.0
391,textmapworld,CityUoL__qwen3.5-2b__Qwen-GuidePlay-2B-v1,medium,instance_00010,moves,10.0
392,textmapworld,CityUoL__qwen3.5-2b__Qwen-GuidePlay-2B-v1,medium,instance_00010,valid_moves,10.0
393,textmapworld,CityUoL__qwen3.5-2b__Qwen-GuidePlay-2B-v1,medium,instance_00010,invalid_moves,0.0
394,textmapworld,CityUoL__qwen3.5-2b__Qwen-GuidePlay-2B-v1,medium,instance_00010,stopped,1.0
395,textmapworld,CityUoL__qwen3.5-2b__Qwen-GuidePlay-2B-v1,medium,instance_00010,turns_limit,0.0
396,textmapworld,CityUoL__qwen3.5-2b__Qwen-GuidePlay-2B-v1,medium,instance_00010,loops,0.0
397,textmapworld,CityUoL__qwen3.5-2b__Qwen-GuidePlay-2B-v1,medium,instance_00010,number_visited,6.0
398,textmapworld,CityUoL__qwen3.5-2b__Qwen-GuidePlay-2B-v1,medium,instance_00010,seen,6.0
399,textmapworld,CityUoL__qwen3.5-2b__Qwen-GuidePlay-2B-v1,medium,instance_00010,efficiency,60.0
400,textmapworld,CityUoL__qwen3.5-2b__Qwen-GuidePlay-2B-v1,medium,instance_00010,exploration,100.0
401,textmapworld,CityUoL__qwen3.5-2b__Qwen-GuidePlay-2B-v1,medium,instance_00010,Main Score,75.0
402,referencegame,CityUoL__qwen3.5-2b__Qwen-GuidePlay-2B-v1,random_grids,instance_00005,Generated Expression Length,108.0
403,referencegame,CityUoL__qwen3.5-2b__Qwen-GuidePlay-2B-v1,random_grids,instance_00005,Generated Expression Number of Tokens,19.0
404,referencegame,CityUoL__qwen3.5-2b__Qwen-GuidePlay-2B-v1,random_grids,instance_00005,Aborted at Player 1,0.0
405,referencegame,CityUoL__qwen3.5-2b__Qwen-GuidePlay-2B-v1,random_grids,instance_00005,Aborted at Player 2,0.0
406,referencegame,CityUoL__qwen3.5-2b__Qwen-GuidePlay-2B-v1,random_grids,instance_00005,Request Count,2.0
407,referencegame,CityUoL__qwen3.5-2b__Qwen-GuidePlay-2B-v1,random_grids,instance_00005,Parsed Request Count,2.0
408,referencegame,CityUoL__qwen3.5-2b__Qwen-GuidePlay-2B-v1,random_grids,instance_00005,Violated Request Count,0.0
409,referencegame,CityUoL__qwen3.5-2b__Qwen-GuidePlay-2B-v1,random_grids,instance_00005,Aborted,0.0
410,referencegame,CityUoL__qwen3.5-2b__Qwen-GuidePlay-2B-v1,random_grids,instance_00005,Success,0.0
411,referencegame,CityUoL__qwen3.5-2b__Qwen-GuidePlay-2B-v1,random_grids,instance_00005,Lose,1.0
412,referencegame,CityUoL__qwen3.5-2b__Qwen-GuidePlay-2B-v1,random_grids,instance_00005,Main Score,0.0
413,referencegame,CityUoL__qwen3.5-2b__Qwen-GuidePlay-2B-v1,random_grids,instance_00005,Request Success Ratio,1.0
414,referencegame,CityUoL__qwen3.5-2b__Qwen-GuidePlay-2B-v1,line_grids_columns,instance_00013,Generated Expression Length,114.0
415,referencegame,CityUoL__qwen3.5-2b__Qwen-GuidePlay-2B-v1,line_grids_columns,instance_00013,Generated Expression Number of Tokens,21.0
416,referencegame,CityUoL__qwen3.5-2b__Qwen-GuidePlay-2B-v1,line_grids_columns,instance_00013,Aborted at Player 1,0.0
417,referencegame,CityUoL__qwen3.5-2b__Qwen-GuidePlay-2B-v1,line_grids_columns,instance_00013,Aborted at Player 2,0.0
418,referencegame,CityUoL__qwen3.5-2b__Qwen-GuidePlay-2B-v1,line_grids_columns,instance_00013,Request Count,2.0
419,referencegame,CityUoL__qwen3.5-2b__Qwen-GuidePlay-2B-v1,line_grids_columns,instance_00013,Parsed Request Count,2.0
420,referencegame,CityUoL__qwen3.5-2b__Qwen-GuidePlay-2B-v1,line_grids_columns,instance_00013,Violated Request Count,0.0
421,referencegame,CityUoL__qwen3.5-2b__Qwen-GuidePlay-2B-v1,line_grids_columns,instance_00013,Aborted,0.0
422,referencegame,CityUoL__qwen3.5-2b__Qwen-GuidePlay-2B-v1,line_grids_columns,instance_00013,Success,1.0
423,referencegame,CityUoL__qwen3.5-2b__Qwen-GuidePlay-2B-v1,line_grids_columns,instance_00013,Lose,0.0
424,referencegame,CityUoL__qwen3.5-2b__Qwen-GuidePlay-2B-v1,line_grids_columns,instance_00013,Main Score,100.0
425,referencegame,CityUoL__qwen3.5-2b__Qwen-GuidePlay-2B-v1,line_grids_columns,instance_00013,Request Success Ratio,1.0
426,referencegame,CityUoL__qwen3.5-2b__Qwen-GuidePlay-2B-v1,number_grids,instance_00017,Generated Expression Length,73.0
427,referencegame,CityUoL__qwen3.5-2b__Qwen-GuidePlay-2B-v1,number_grids,instance_00017,Generated Expression Number of Tokens,13.0
428,referencegame,CityUoL__qwen3.5-2b__Qwen-GuidePlay-2B-v1,number_grids,instance_00017,Aborted at Player 1,0.0
429,referencegame,CityUoL__qwen3.5-2b__Qwen-GuidePlay-2B-v1,number_grids,instance_00017,Aborted at Player 2,0.0
430,referencegame,CityUoL__qwen3.5-2b__Qwen-GuidePlay-2B-v1,number_grids,instance_00017,Request Count,2.0
431,referencegame,CityUoL__qwen3.5-2b__Qwen-GuidePlay-2B-v1,number_grids,instance_00017,Parsed Request Count,2.0
432,referencegame,CityUoL__qwen3.5-2b__Qwen-GuidePlay-2B-v1,number_grids,instance_00017,Violated Request Count,0.0
433,referencegame,CityUoL__qwen3.5-2b__Qwen-GuidePlay-2B-v1,number_grids,instance_00017,Aborted,0.0
434,referencegame,CityUoL__qwen3.5-2b__Qwen-GuidePlay-2B-v1,number_grids,instance_00017,Success,1.0
435,referencegame,CityUoL__qwen3.5-2b__Qwen-GuidePlay-2B-v1,number_grids,instance_00017,Lose,0.0
436,referencegame,CityUoL__qwen3.5-2b__Qwen-GuidePlay-2B-v1,number_grids,instance_00017,Main Score,100.0
437,referencegame,CityUoL__qwen3.5-2b__Qwen-GuidePlay-2B-v1,number_grids,instance_00017,Request Success Ratio,1.0
438,referencegame,CityUoL__qwen3.5-2b__Qwen-GuidePlay-2B-v1,line_grids_rows,instance_00017,Generated Expression Length,219.0
439,referencegame,CityUoL__qwen3.5-2b__Qwen-GuidePlay-2B-v1,line_grids_rows,instance_00017,Generated Expression Number of Tokens,41.0
440,referencegame,CityUoL__qwen3.5-2b__Qwen-GuidePlay-2B-v1,line_grids_rows,instance_00017,Aborted at Player 1,0.0
441,referencegame,CityUoL__qwen3.5-2b__Qwen-GuidePlay-2B-v1,line_grids_rows,instance_00017,Aborted at Player 2,0.0
442,referencegame,CityUoL__qwen3.5-2b__Qwen-GuidePlay-2B-v1,line_grids_rows,instance_00017,Request Count,2.0
443,referencegame,CityUoL__qwen3.5-2b__Qwen-GuidePlay-2B-v1,line_grids_rows,instance_00017,Parsed Request Count,2.0
444,referencegame,CityUoL__qwen3.5-2b__Qwen-GuidePlay-2B-v1,line_grids_rows,instance_00017,Violated Request Count,0.0
445,referencegame,CityUoL__qwen3.5-2b__Qwen-GuidePlay-2B-v1,line_grids_rows,instance_00017,Aborted,0.0
446,referencegame,CityUoL__qwen3.5-2b__Qwen-GuidePlay-2B-v1,line_grids_rows,instance_00017,Success,1.0
447,referencegame,CityUoL__qwen3.5-2b__Qwen-GuidePlay-2B-v1,line_grids_rows,instance_00017,Lose,0.0
448,referencegame,CityUoL__qwen3.5-2b__Qwen-GuidePlay-2B-v1,line_grids_rows,instance_00017,Main Score,100.0
449,referencegame,CityUoL__qwen3.5-2b__Qwen-GuidePlay-2B-v1,line_grids_rows,instance_00017,Request Success Ratio,1.0
450,referencegame,CityUoL__qwen3.5-2b__Qwen-GuidePlay-2B-v1,letter_grids,instance_00012,Generated Expression Length,109.0
451,referencegame,CityUoL__qwen3.5-2b__Qwen-GuidePlay-2B-v1,letter_grids,instance_00012,Generated Expression Number of Tokens,21.0
452,referencegame,CityUoL__qwen3.5-2b__Qwen-GuidePlay-2B-v1,letter_grids,instance_00012,Aborted at Player 1,0.0
453,referencegame,CityUoL__qwen3.5-2b__Qwen-GuidePlay-2B-v1,letter_grids,instance_00012,Aborted at Player 2,0.0
454,referencegame,CityUoL__qwen3.5-2b__Qwen-GuidePlay-2B-v1,letter_grids,instance_00012,Request Count,2.0
455,referencegame,CityUoL__qwen3.5-2b__Qwen-GuidePlay-2B-v1,letter_grids,instance_00012,Parsed Request Count,2.0
456,referencegame,CityUoL__qwen3.5-2b__Qwen-GuidePlay-2B-v1,letter_grids,instance_00012,Violated Request Count,0.0
457,referencegame,CityUoL__qwen3.5-2b__Qwen-GuidePlay-2B-v1,letter_grids,instance_00012,Aborted,0.0
458,referencegame,CityUoL__qwen3.5-2b__Qwen-GuidePlay-2B-v1,letter_grids,instance_00012,Success,1.0
459,referencegame,CityUoL__qwen3.5-2b__Qwen-GuidePlay-2B-v1,letter_grids,instance_00012,Lose,0.0
460,referencegame,CityUoL__qwen3.5-2b__Qwen-GuidePlay-2B-v1,letter_grids,instance_00012,Main Score,100.0
461,referencegame,CityUoL__qwen3.5-2b__Qwen-GuidePlay-2B-v1,letter_grids,instance_00012,Request Success Ratio,1.0
462,adventuregame,CityUoL__qwen3.5-2b__Qwen-GuidePlay-2B-v1,new-words_home-delivery_medium_basic_medium,instance_00002,Violated Request Count,0.0
463,adventuregame,CityUoL__qwen3.5-2b__Qwen-GuidePlay-2B-v1,new-words_home-delivery_medium_basic_medium,instance_00002,Parsed Request Count,50.0
464,adventuregame,CityUoL__qwen3.5-2b__Qwen-GuidePlay-2B-v1,new-words_home-delivery_medium_basic_medium,instance_00002,Request Count,50.0
465,adventuregame,CityUoL__qwen3.5-2b__Qwen-GuidePlay-2B-v1,new-words_home-delivery_medium_basic_medium,instance_00002,Request Success Ratio,1.0
466,adventuregame,CityUoL__qwen3.5-2b__Qwen-GuidePlay-2B-v1,new-words_home-delivery_medium_basic_medium,instance_00002,hallucination_count,0.0
467,adventuregame,CityUoL__qwen3.5-2b__Qwen-GuidePlay-2B-v1,new-words_home-delivery_medium_basic_medium,instance_00002,action_parsing_fail,3.0
468,adventuregame,CityUoL__qwen3.5-2b__Qwen-GuidePlay-2B-v1,new-words_home-delivery_medium_basic_medium,instance_00002,action_resolution_fail,7.0
469,adventuregame,CityUoL__qwen3.5-2b__Qwen-GuidePlay-2B-v1,new-words_home-delivery_medium_basic_medium,instance_00002,lark_exception,0.0
470,adventuregame,CityUoL__qwen3.5-2b__Qwen-GuidePlay-2B-v1,new-words_home-delivery_medium_basic_medium,instance_00002,malformed_command,3.0
471,adventuregame,CityUoL__qwen3.5-2b__Qwen-GuidePlay-2B-v1,new-words_home-delivery_medium_basic_medium,instance_00002,undefined_action_verb,0.0
472,adventuregame,CityUoL__qwen3.5-2b__Qwen-GuidePlay-2B-v1,new-words_home-delivery_medium_basic_medium,instance_00002,undefined_action,0.0
473,adventuregame,CityUoL__qwen3.5-2b__Qwen-GuidePlay-2B-v1,new-words_home-delivery_medium_basic_medium,instance_00002,undefined_repr_str,0.0
474,adventuregame,CityUoL__qwen3.5-2b__Qwen-GuidePlay-2B-v1,new-words_home-delivery_medium_basic_medium,instance_00002,manipulating_room,0.0
475,adventuregame,CityUoL__qwen3.5-2b__Qwen-GuidePlay-2B-v1,new-words_home-delivery_medium_basic_medium,instance_00002,undefined_argument_type,0.0
476,adventuregame,CityUoL__qwen3.5-2b__Qwen-GuidePlay-2B-v1,new-words_home-delivery_medium_basic_medium,instance_00002,taking_from_inventory,0.0
477,adventuregame,CityUoL__qwen3.5-2b__Qwen-GuidePlay-2B-v1,new-words_home-delivery_medium_basic_medium,instance_00002,other_room_argument,0.0
478,adventuregame,CityUoL__qwen3.5-2b__Qwen-GuidePlay-2B-v1,new-words_home-delivery_medium_basic_medium,instance_00002,domain_trait_type_mismatch,1.0
479,adventuregame,CityUoL__qwen3.5-2b__Qwen-GuidePlay-2B-v1,new-words_home-delivery_medium_basic_medium,instance_00002,domain_type_discrepancy,0.0
480,adventuregame,CityUoL__qwen3.5-2b__Qwen-GuidePlay-2B-v1,new-words_home-delivery_medium_basic_medium,instance_00002,world_state_discrepancy,0.0
481,adventuregame,CityUoL__qwen3.5-2b__Qwen-GuidePlay-2B-v1,new-words_home-delivery_medium_basic_medium,instance_00002,entity_not_accessible,2.0
482,adventuregame,CityUoL__qwen3.5-2b__Qwen-GuidePlay-2B-v1,new-words_home-delivery_medium_basic_medium,instance_00002,entity_state_mismatch,0.0
483,adventuregame,CityUoL__qwen3.5-2b__Qwen-GuidePlay-2B-v1,new-words_home-delivery_medium_basic_medium,instance_00002,entity_trait_mismatch,0.0
484,adventuregame,CityUoL__qwen3.5-2b__Qwen-GuidePlay-2B-v1,new-words_home-delivery_medium_basic_medium,instance_00002,entity_already_inventory,0.0
485,adventuregame,CityUoL__qwen3.5-2b__Qwen-GuidePlay-2B-v1,new-words_home-delivery_medium_basic_medium,instance_00002,going_to_current_room,0.0
486,adventuregame,CityUoL__qwen3.5-2b__Qwen-GuidePlay-2B-v1,new-words_home-delivery_medium_basic_medium,instance_00002,no_exit_to,4.0
487,adventuregame,CityUoL__qwen3.5-2b__Qwen-GuidePlay-2B-v1,new-words_home-delivery_medium_basic_medium,instance_00002,inventory_limit_exceeded,0.0
488,adventuregame,CityUoL__qwen3.5-2b__Qwen-GuidePlay-2B-v1,new-words_home-delivery_medium_basic_medium,instance_00002,successful_actions,40.0
489,adventuregame,CityUoL__qwen3.5-2b__Qwen-GuidePlay-2B-v1,new-words_home-delivery_medium_basic_medium,instance_00002,turn_limit_loss,1.0
490,adventuregame,CityUoL__qwen3.5-2b__Qwen-GuidePlay-2B-v1,new-words_home-delivery_medium_basic_medium,instance_00002,turns_over_par,
491,adventuregame,CityUoL__qwen3.5-2b__Qwen-GuidePlay-2B-v1,new-words_home-delivery_medium_basic_medium,instance_00002,turn_ratio,
492,adventuregame,CityUoL__qwen3.5-2b__Qwen-GuidePlay-2B-v1,new-words_home-delivery_medium_basic_medium,instance_00002,finish_speed,
493,adventuregame,CityUoL__qwen3.5-2b__Qwen-GuidePlay-2B-v1,new-words_home-delivery_medium_basic_medium,instance_00002,achieved_goal_ratio,0.0
494,adventuregame,CityUoL__qwen3.5-2b__Qwen-GuidePlay-2B-v1,new-words_home-delivery_medium_basic_medium,instance_00002,Aborted,1.0
495,adventuregame,CityUoL__qwen3.5-2b__Qwen-GuidePlay-2B-v1,new-words_home-delivery_medium_basic_medium,instance_00002,Success,0.0
496,adventuregame,CityUoL__qwen3.5-2b__Qwen-GuidePlay-2B-v1,new-words_home-delivery_medium_basic_medium,instance_00002,Lose,0.0
497,adventuregame,CityUoL__qwen3.5-2b__Qwen-GuidePlay-2B-v1,new-words_home-delivery_medium_basic_medium,instance_00002,Main Score,
498,adventuregame,CityUoL__qwen3.5-2b__Qwen-GuidePlay-2B-v1,new-words_home-delivery_medium_basic_medium,instance_00002,plan_followed_ratio,0.0
499,adventuregame,CityUoL__qwen3.5-2b__Qwen-GuidePlay-2B-v1,new-words_home-delivery_medium_basic_medium,instance_00002,plan_average_viability_ratio,0.0
500,adventuregame,CityUoL__qwen3.5-2b__Qwen-GuidePlay-2B-v1,new-words_home-delivery_medium_basic_medium,instance_00002,bad_plan_follow_ratio,0.0
501,adventuregame,CityUoL__qwen3.5-2b__Qwen-GuidePlay-2B-v1,new-words_home-delivery_medium_basic_medium,instance_00002,bad_plan_dismiss_ratio,1.0
502,adventuregame,CityUoL__qwen3.5-2b__Qwen-GuidePlay-2B-v1,potion_brewing_basic_undefined,instance_00004,Violated Request Count,0.0
503,adventuregame,CityUoL__qwen3.5-2b__Qwen-GuidePlay-2B-v1,potion_brewing_basic_undefined,instance_00004,Parsed Request Count,100.0
504,adventuregame,CityUoL__qwen3.5-2b__Qwen-GuidePlay-2B-v1,potion_brewing_basic_undefined,instance_00004,Request Count,100.0
505,adventuregame,CityUoL__qwen3.5-2b__Qwen-GuidePlay-2B-v1,potion_brewing_basic_undefined,instance_00004,Request Success Ratio,1.0
506,adventuregame,CityUoL__qwen3.5-2b__Qwen-GuidePlay-2B-v1,potion_brewing_basic_undefined,instance_00004,hallucination_count,0.0
507,adventuregame,CityUoL__qwen3.5-2b__Qwen-GuidePlay-2B-v1,potion_brewing_basic_undefined,instance_00004,action_parsing_fail,0.0
508,adventuregame,CityUoL__qwen3.5-2b__Qwen-GuidePlay-2B-v1,potion_brewing_basic_undefined,instance_00004,action_resolution_fail,11.0
509,adventuregame,CityUoL__qwen3.5-2b__Qwen-GuidePlay-2B-v1,potion_brewing_basic_undefined,instance_00004,lark_exception,0.0
510,adventuregame,CityUoL__qwen3.5-2b__Qwen-GuidePlay-2B-v1,potion_brewing_basic_undefined,instance_00004,malformed_command,0.0
511,adventuregame,CityUoL__qwen3.5-2b__Qwen-GuidePlay-2B-v1,potion_brewing_basic_undefined,instance_00004,undefined_action_verb,0.0
512,adventuregame,CityUoL__qwen3.5-2b__Qwen-GuidePlay-2B-v1,potion_brewing_basic_undefined,instance_00004,undefined_action,0.0
513,adventuregame,CityUoL__qwen3.5-2b__Qwen-GuidePlay-2B-v1,potion_brewing_basic_undefined,instance_00004,undefined_repr_str,0.0
514,adventuregame,CityUoL__qwen3.5-2b__Qwen-GuidePlay-2B-v1,potion_brewing_basic_undefined,instance_00004,manipulating_room,0.0
515,adventuregame,CityUoL__qwen3.5-2b__Qwen-GuidePlay-2B-v1,potion_brewing_basic_undefined,instance_00004,undefined_argument_type,0.0
516,adventuregame,CityUoL__qwen3.5-2b__Qwen-GuidePlay-2B-v1,potion_brewing_basic_undefined,instance_00004,taking_from_inventory,0.0
517,adventuregame,CityUoL__qwen3.5-2b__Qwen-GuidePlay-2B-v1,potion_brewing_basic_undefined,instance_00004,other_room_argument,0.0
518,adventuregame,CityUoL__qwen3.5-2b__Qwen-GuidePlay-2B-v1,potion_brewing_basic_undefined,instance_00004,domain_trait_type_mismatch,0.0
519,adventuregame,CityUoL__qwen3.5-2b__Qwen-GuidePlay-2B-v1,potion_brewing_basic_undefined,instance_00004,domain_type_discrepancy,0.0
520,adventuregame,CityUoL__qwen3.5-2b__Qwen-GuidePlay-2B-v1,potion_brewing_basic_undefined,instance_00004,world_state_discrepancy,0.0
521,adventuregame,CityUoL__qwen3.5-2b__Qwen-GuidePlay-2B-v1,potion_brewing_basic_undefined,instance_00004,entity_not_accessible,2.0
522,adventuregame,CityUoL__qwen3.5-2b__Qwen-GuidePlay-2B-v1,potion_brewing_basic_undefined,instance_00004,entity_state_mismatch,0.0
523,adventuregame,CityUoL__qwen3.5-2b__Qwen-GuidePlay-2B-v1,potion_brewing_basic_undefined,instance_00004,entity_trait_mismatch,0.0
524,adventuregame,CityUoL__qwen3.5-2b__Qwen-GuidePlay-2B-v1,potion_brewing_basic_undefined,instance_00004,entity_already_inventory,0.0
525,adventuregame,CityUoL__qwen3.5-2b__Qwen-GuidePlay-2B-v1,potion_brewing_basic_undefined,instance_00004,going_to_current_room,0.0
526,adventuregame,CityUoL__qwen3.5-2b__Qwen-GuidePlay-2B-v1,potion_brewing_basic_undefined,instance_00004,no_exit_to,0.0
527,adventuregame,CityUoL__qwen3.5-2b__Qwen-GuidePlay-2B-v1,potion_brewing_basic_undefined,instance_00004,inventory_limit_exceeded,6.0
528,adventuregame,CityUoL__qwen3.5-2b__Qwen-GuidePlay-2B-v1,potion_brewing_basic_undefined,instance_00004,successful_actions,89.0
529,adventuregame,CityUoL__qwen3.5-2b__Qwen-GuidePlay-2B-v1,potion_brewing_basic_undefined,instance_00004,turn_limit_loss,1.0
530,adventuregame,CityUoL__qwen3.5-2b__Qwen-GuidePlay-2B-v1,potion_brewing_basic_undefined,instance_00004,turns_over_par,
531,adventuregame,CityUoL__qwen3.5-2b__Qwen-GuidePlay-2B-v1,potion_brewing_basic_undefined,instance_00004,turn_ratio,
532,adventuregame,CityUoL__qwen3.5-2b__Qwen-GuidePlay-2B-v1,potion_brewing_basic_undefined,instance_00004,finish_speed,
533,adventuregame,CityUoL__qwen3.5-2b__Qwen-GuidePlay-2B-v1,potion_brewing_basic_undefined,instance_00004,achieved_goal_ratio,0.0
534,adventuregame,CityUoL__qwen3.5-2b__Qwen-GuidePlay-2B-v1,potion_brewing_basic_undefined,instance_00004,Aborted,1.0
535,adventuregame,CityUoL__qwen3.5-2b__Qwen-GuidePlay-2B-v1,potion_brewing_basic_undefined,instance_00004,Success,0.0
536,adventuregame,CityUoL__qwen3.5-2b__Qwen-GuidePlay-2B-v1,potion_brewing_basic_undefined,instance_00004,Lose,0.0
537,adventuregame,CityUoL__qwen3.5-2b__Qwen-GuidePlay-2B-v1,potion_brewing_basic_undefined,instance_00004,Main Score,
538,adventuregame,CityUoL__qwen3.5-2b__Qwen-GuidePlay-2B-v1,potion_brewing_basic_undefined,instance_00004,plan_followed_ratio,0.0
539,adventuregame,CityUoL__qwen3.5-2b__Qwen-GuidePlay-2B-v1,potion_brewing_basic_undefined,instance_00004,plan_average_viability_ratio,0.0
540,adventuregame,CityUoL__qwen3.5-2b__Qwen-GuidePlay-2B-v1,potion_brewing_basic_undefined,instance_00004,bad_plan_follow_ratio,0.0
541,adventuregame,CityUoL__qwen3.5-2b__Qwen-GuidePlay-2B-v1,potion_brewing_basic_undefined,instance_00004,bad_plan_dismiss_ratio,1.0
542,adventuregame,CityUoL__qwen3.5-2b__Qwen-GuidePlay-2B-v1,new-words_home-delivery_easy_basic_easy,instance_00002,Violated Request Count,0.0
543,adventuregame,CityUoL__qwen3.5-2b__Qwen-GuidePlay-2B-v1,new-words_home-delivery_easy_basic_easy,instance_00002,Parsed Request Count,50.0
544,adventuregame,CityUoL__qwen3.5-2b__Qwen-GuidePlay-2B-v1,new-words_home-delivery_easy_basic_easy,instance_00002,Request Count,50.0
545,adventuregame,CityUoL__qwen3.5-2b__Qwen-GuidePlay-2B-v1,new-words_home-delivery_easy_basic_easy,instance_00002,Request Success Ratio,1.0
546,adventuregame,CityUoL__qwen3.5-2b__Qwen-GuidePlay-2B-v1,new-words_home-delivery_easy_basic_easy,instance_00002,hallucination_count,0.0
547,adventuregame,CityUoL__qwen3.5-2b__Qwen-GuidePlay-2B-v1,new-words_home-delivery_easy_basic_easy,instance_00002,action_parsing_fail,19.0
548,adventuregame,CityUoL__qwen3.5-2b__Qwen-GuidePlay-2B-v1,new-words_home-delivery_easy_basic_easy,instance_00002,action_resolution_fail,21.0
549,adventuregame,CityUoL__qwen3.5-2b__Qwen-GuidePlay-2B-v1,new-words_home-delivery_easy_basic_easy,instance_00002,lark_exception,0.0
550,adventuregame,CityUoL__qwen3.5-2b__Qwen-GuidePlay-2B-v1,new-words_home-delivery_easy_basic_easy,instance_00002,malformed_command,0.0
551,adventuregame,CityUoL__qwen3.5-2b__Qwen-GuidePlay-2B-v1,new-words_home-delivery_easy_basic_easy,instance_00002,undefined_action_verb,19.0
552,adventuregame,CityUoL__qwen3.5-2b__Qwen-GuidePlay-2B-v1,new-words_home-delivery_easy_basic_easy,instance_00002,undefined_action,0.0
553,adventuregame,CityUoL__qwen3.5-2b__Qwen-GuidePlay-2B-v1,new-words_home-delivery_easy_basic_easy,instance_00002,undefined_repr_str,0.0
554,adventuregame,CityUoL__qwen3.5-2b__Qwen-GuidePlay-2B-v1,new-words_home-delivery_easy_basic_easy,instance_00002,manipulating_room,0.0
555,adventuregame,CityUoL__qwen3.5-2b__Qwen-GuidePlay-2B-v1,new-words_home-delivery_easy_basic_easy,instance_00002,undefined_argument_type,0.0
556,adventuregame,CityUoL__qwen3.5-2b__Qwen-GuidePlay-2B-v1,new-words_home-delivery_easy_basic_easy,instance_00002,taking_from_inventory,0.0
557,adventuregame,CityUoL__qwen3.5-2b__Qwen-GuidePlay-2B-v1,new-words_home-delivery_easy_basic_easy,instance_00002,other_room_argument,0.0
558,adventuregame,CityUoL__qwen3.5-2b__Qwen-GuidePlay-2B-v1,new-words_home-delivery_easy_basic_easy,instance_00002,domain_trait_type_mismatch,0.0
559,adventuregame,CityUoL__qwen3.5-2b__Qwen-GuidePlay-2B-v1,new-words_home-delivery_easy_basic_easy,instance_00002,domain_type_discrepancy,0.0
560,adventuregame,CityUoL__qwen3.5-2b__Qwen-GuidePlay-2B-v1,new-words_home-delivery_easy_basic_easy,instance_00002,world_state_discrepancy,0.0
561,adventuregame,CityUoL__qwen3.5-2b__Qwen-GuidePlay-2B-v1,new-words_home-delivery_easy_basic_easy,instance_00002,entity_not_accessible,0.0
562,adventuregame,CityUoL__qwen3.5-2b__Qwen-GuidePlay-2B-v1,new-words_home-delivery_easy_basic_easy,instance_00002,entity_state_mismatch,21.0
563,adventuregame,CityUoL__qwen3.5-2b__Qwen-GuidePlay-2B-v1,new-words_home-delivery_easy_basic_easy,instance_00002,entity_trait_mismatch,0.0
564,adventuregame,CityUoL__qwen3.5-2b__Qwen-GuidePlay-2B-v1,new-words_home-delivery_easy_basic_easy,instance_00002,entity_already_inventory,0.0
565,adventuregame,CityUoL__qwen3.5-2b__Qwen-GuidePlay-2B-v1,new-words_home-delivery_easy_basic_easy,instance_00002,going_to_current_room,0.0
566,adventuregame,CityUoL__qwen3.5-2b__Qwen-GuidePlay-2B-v1,new-words_home-delivery_easy_basic_easy,instance_00002,no_exit_to,0.0
567,adventuregame,CityUoL__qwen3.5-2b__Qwen-GuidePlay-2B-v1,new-words_home-delivery_easy_basic_easy,instance_00002,inventory_limit_exceeded,0.0
568,adventuregame,CityUoL__qwen3.5-2b__Qwen-GuidePlay-2B-v1,new-words_home-delivery_easy_basic_easy,instance_00002,successful_actions,10.0
569,adventuregame,CityUoL__qwen3.5-2b__Qwen-GuidePlay-2B-v1,new-words_home-delivery_easy_basic_easy,instance_00002,turn_limit_loss,1.0
570,adventuregame,CityUoL__qwen3.5-2b__Qwen-GuidePlay-2B-v1,new-words_home-delivery_easy_basic_easy,instance_00002,turns_over_par,
571,adventuregame,CityUoL__qwen3.5-2b__Qwen-GuidePlay-2B-v1,new-words_home-delivery_easy_basic_easy,instance_00002,turn_ratio,
572,adventuregame,CityUoL__qwen3.5-2b__Qwen-GuidePlay-2B-v1,new-words_home-delivery_easy_basic_easy,instance_00002,finish_speed,
573,adventuregame,CityUoL__qwen3.5-2b__Qwen-GuidePlay-2B-v1,new-words_home-delivery_easy_basic_easy,instance_00002,achieved_goal_ratio,0.0
574,adventuregame,CityUoL__qwen3.5-2b__Qwen-GuidePlay-2B-v1,new-words_home-delivery_easy_basic_easy,instance_00002,Aborted,1.0
575,adventuregame,CityUoL__qwen3.5-2b__Qwen-GuidePlay-2B-v1,new-words_home-delivery_easy_basic_easy,instance_00002,Success,0.0
576,adventuregame,CityUoL__qwen3.5-2b__Qwen-GuidePlay-2B-v1,new-words_home-delivery_easy_basic_easy,instance_00002,Lose,0.0
577,adventuregame,CityUoL__qwen3.5-2b__Qwen-GuidePlay-2B-v1,new-words_home-delivery_easy_basic_easy,instance_00002,Main Score,
578,adventuregame,CityUoL__qwen3.5-2b__Qwen-GuidePlay-2B-v1,new-words_home-delivery_easy_basic_easy,instance_00002,plan_followed_ratio,0.0
579,adventuregame,CityUoL__qwen3.5-2b__Qwen-GuidePlay-2B-v1,new-words_home-delivery_easy_basic_easy,instance_00002,plan_average_viability_ratio,0.0
580,adventuregame,CityUoL__qwen3.5-2b__Qwen-GuidePlay-2B-v1,new-words_home-delivery_easy_basic_easy,instance_00002,bad_plan_follow_ratio,0.0
581,adventuregame,CityUoL__qwen3.5-2b__Qwen-GuidePlay-2B-v1,new-words_home-delivery_easy_basic_easy,instance_00002,bad_plan_dismiss_ratio,1.0
582,adventuregame,CityUoL__qwen3.5-2b__Qwen-GuidePlay-2B-v1,new-words_created_basic_hard,instance_00000,Violated Request Count,0.0
583,adventuregame,CityUoL__qwen3.5-2b__Qwen-GuidePlay-2B-v1,new-words_created_basic_hard,instance_00000,Parsed Request Count,36.0
584,adventuregame,CityUoL__qwen3.5-2b__Qwen-GuidePlay-2B-v1,new-words_created_basic_hard,instance_00000,Request Count,36.0
585,adventuregame,CityUoL__qwen3.5-2b__Qwen-GuidePlay-2B-v1,new-words_created_basic_hard,instance_00000,Request Success Ratio,1.0
586,adventuregame,CityUoL__qwen3.5-2b__Qwen-GuidePlay-2B-v1,new-words_created_basic_hard,instance_00000,hallucination_count,1.0
587,adventuregame,CityUoL__qwen3.5-2b__Qwen-GuidePlay-2B-v1,new-words_created_basic_hard,instance_00000,action_parsing_fail,1.0
588,adventuregame,CityUoL__qwen3.5-2b__Qwen-GuidePlay-2B-v1,new-words_created_basic_hard,instance_00000,action_resolution_fail,13.0
589,adventuregame,CityUoL__qwen3.5-2b__Qwen-GuidePlay-2B-v1,new-words_created_basic_hard,instance_00000,lark_exception,0.0
590,adventuregame,CityUoL__qwen3.5-2b__Qwen-GuidePlay-2B-v1,new-words_created_basic_hard,instance_00000,malformed_command,0.0
591,adventuregame,CityUoL__qwen3.5-2b__Qwen-GuidePlay-2B-v1,new-words_created_basic_hard,instance_00000,undefined_action_verb,0.0
592,adventuregame,CityUoL__qwen3.5-2b__Qwen-GuidePlay-2B-v1,new-words_created_basic_hard,instance_00000,undefined_action,0.0
593,adventuregame,CityUoL__qwen3.5-2b__Qwen-GuidePlay-2B-v1,new-words_created_basic_hard,instance_00000,undefined_repr_str,1.0
594,adventuregame,CityUoL__qwen3.5-2b__Qwen-GuidePlay-2B-v1,new-words_created_basic_hard,instance_00000,manipulating_room,0.0
595,adventuregame,CityUoL__qwen3.5-2b__Qwen-GuidePlay-2B-v1,new-words_created_basic_hard,instance_00000,undefined_argument_type,0.0
596,adventuregame,CityUoL__qwen3.5-2b__Qwen-GuidePlay-2B-v1,new-words_created_basic_hard,instance_00000,taking_from_inventory,0.0
597,adventuregame,CityUoL__qwen3.5-2b__Qwen-GuidePlay-2B-v1,new-words_created_basic_hard,instance_00000,other_room_argument,0.0
598,adventuregame,CityUoL__qwen3.5-2b__Qwen-GuidePlay-2B-v1,new-words_created_basic_hard,instance_00000,domain_trait_type_mismatch,2.0
599,adventuregame,CityUoL__qwen3.5-2b__Qwen-GuidePlay-2B-v1,new-words_created_basic_hard,instance_00000,domain_type_discrepancy,0.0
600,adventuregame,CityUoL__qwen3.5-2b__Qwen-GuidePlay-2B-v1,new-words_created_basic_hard,instance_00000,world_state_discrepancy,0.0
601,adventuregame,CityUoL__qwen3.5-2b__Qwen-GuidePlay-2B-v1,new-words_created_basic_hard,instance_00000,entity_not_accessible,0.0
602,adventuregame,CityUoL__qwen3.5-2b__Qwen-GuidePlay-2B-v1,new-words_created_basic_hard,instance_00000,entity_state_mismatch,11.0
603,adventuregame,CityUoL__qwen3.5-2b__Qwen-GuidePlay-2B-v1,new-words_created_basic_hard,instance_00000,entity_trait_mismatch,0.0
604,adventuregame,CityUoL__qwen3.5-2b__Qwen-GuidePlay-2B-v1,new-words_created_basic_hard,instance_00000,entity_already_inventory,0.0
605,adventuregame,CityUoL__qwen3.5-2b__Qwen-GuidePlay-2B-v1,new-words_created_basic_hard,instance_00000,going_to_current_room,0.0
606,adventuregame,CityUoL__qwen3.5-2b__Qwen-GuidePlay-2B-v1,new-words_created_basic_hard,instance_00000,no_exit_to,0.0
607,adventuregame,CityUoL__qwen3.5-2b__Qwen-GuidePlay-2B-v1,new-words_created_basic_hard,instance_00000,inventory_limit_exceeded,0.0
608,adventuregame,CityUoL__qwen3.5-2b__Qwen-GuidePlay-2B-v1,new-words_created_basic_hard,instance_00000,successful_actions,22.0
609,adventuregame,CityUoL__qwen3.5-2b__Qwen-GuidePlay-2B-v1,new-words_created_basic_hard,instance_00000,turn_limit_loss,0.0
610,adventuregame,CityUoL__qwen3.5-2b__Qwen-GuidePlay-2B-v1,new-words_created_basic_hard,instance_00000,turns_over_par,
611,adventuregame,CityUoL__qwen3.5-2b__Qwen-GuidePlay-2B-v1,new-words_created_basic_hard,instance_00000,turn_ratio,
612,adventuregame,CityUoL__qwen3.5-2b__Qwen-GuidePlay-2B-v1,new-words_created_basic_hard,instance_00000,finish_speed,
613,adventuregame,CityUoL__qwen3.5-2b__Qwen-GuidePlay-2B-v1,new-words_created_basic_hard,instance_00000,achieved_goal_ratio,0.0
614,adventuregame,CityUoL__qwen3.5-2b__Qwen-GuidePlay-2B-v1,new-words_created_basic_hard,instance_00000,Aborted,0.0
615,adventuregame,CityUoL__qwen3.5-2b__Qwen-GuidePlay-2B-v1,new-words_created_basic_hard,instance_00000,Success,0.0
616,adventuregame,CityUoL__qwen3.5-2b__Qwen-GuidePlay-2B-v1,new-words_created_basic_hard,instance_00000,Lose,1.0
617,adventuregame,CityUoL__qwen3.5-2b__Qwen-GuidePlay-2B-v1,new-words_created_basic_hard,instance_00000,Main Score,0.0
618,adventuregame,CityUoL__qwen3.5-2b__Qwen-GuidePlay-2B-v1,new-words_created_basic_hard,instance_00000,plan_followed_ratio,0.0
619,adventuregame,CityUoL__qwen3.5-2b__Qwen-GuidePlay-2B-v1,new-words_created_basic_hard,instance_00000,plan_average_viability_ratio,0.0
620,adventuregame,CityUoL__qwen3.5-2b__Qwen-GuidePlay-2B-v1,new-words_created_basic_hard,instance_00000,bad_plan_follow_ratio,0.0
621,adventuregame,CityUoL__qwen3.5-2b__Qwen-GuidePlay-2B-v1,new-words_created_basic_hard,instance_00000,bad_plan_dismiss_ratio,1.0
622,adventuregame,CityUoL__qwen3.5-2b__Qwen-GuidePlay-2B-v1,home_deliver_three_basic_hard_invlimittwo,instance_00000,Violated Request Count,0.0
623,adventuregame,CityUoL__qwen3.5-2b__Qwen-GuidePlay-2B-v1,home_deliver_three_basic_hard_invlimittwo,instance_00000,Parsed Request Count,50.0
624,adventuregame,CityUoL__qwen3.5-2b__Qwen-GuidePlay-2B-v1,home_deliver_three_basic_hard_invlimittwo,instance_00000,Request Count,50.0
625,adventuregame,CityUoL__qwen3.5-2b__Qwen-GuidePlay-2B-v1,home_deliver_three_basic_hard_invlimittwo,instance_00000,Request Success Ratio,1.0
626,adventuregame,CityUoL__qwen3.5-2b__Qwen-GuidePlay-2B-v1,home_deliver_three_basic_hard_invlimittwo,instance_00000,hallucination_count,0.0
627,adventuregame,CityUoL__qwen3.5-2b__Qwen-GuidePlay-2B-v1,home_deliver_three_basic_hard_invlimittwo,instance_00000,action_parsing_fail,0.0
628,adventuregame,CityUoL__qwen3.5-2b__Qwen-GuidePlay-2B-v1,home_deliver_three_basic_hard_invlimittwo,instance_00000,action_resolution_fail,6.0
629,adventuregame,CityUoL__qwen3.5-2b__Qwen-GuidePlay-2B-v1,home_deliver_three_basic_hard_invlimittwo,instance_00000,lark_exception,0.0
630,adventuregame,CityUoL__qwen3.5-2b__Qwen-GuidePlay-2B-v1,home_deliver_three_basic_hard_invlimittwo,instance_00000,malformed_command,0.0
631,adventuregame,CityUoL__qwen3.5-2b__Qwen-GuidePlay-2B-v1,home_deliver_three_basic_hard_invlimittwo,instance_00000,undefined_action_verb,0.0
632,adventuregame,CityUoL__qwen3.5-2b__Qwen-GuidePlay-2B-v1,home_deliver_three_basic_hard_invlimittwo,instance_00000,undefined_action,0.0
633,adventuregame,CityUoL__qwen3.5-2b__Qwen-GuidePlay-2B-v1,home_deliver_three_basic_hard_invlimittwo,instance_00000,undefined_repr_str,0.0
634,adventuregame,CityUoL__qwen3.5-2b__Qwen-GuidePlay-2B-v1,home_deliver_three_basic_hard_invlimittwo,instance_00000,manipulating_room,0.0
635,adventuregame,CityUoL__qwen3.5-2b__Qwen-GuidePlay-2B-v1,home_deliver_three_basic_hard_invlimittwo,instance_00000,undefined_argument_type,0.0
636,adventuregame,CityUoL__qwen3.5-2b__Qwen-GuidePlay-2B-v1,home_deliver_three_basic_hard_invlimittwo,instance_00000,taking_from_inventory,0.0
637,adventuregame,CityUoL__qwen3.5-2b__Qwen-GuidePlay-2B-v1,home_deliver_three_basic_hard_invlimittwo,instance_00000,other_room_argument,0.0
638,adventuregame,CityUoL__qwen3.5-2b__Qwen-GuidePlay-2B-v1,home_deliver_three_basic_hard_invlimittwo,instance_00000,domain_trait_type_mismatch,0.0
639,adventuregame,CityUoL__qwen3.5-2b__Qwen-GuidePlay-2B-v1,home_deliver_three_basic_hard_invlimittwo,instance_00000,domain_type_discrepancy,0.0
640,adventuregame,CityUoL__qwen3.5-2b__Qwen-GuidePlay-2B-v1,home_deliver_three_basic_hard_invlimittwo,instance_00000,world_state_discrepancy,0.0
641,adventuregame,CityUoL__qwen3.5-2b__Qwen-GuidePlay-2B-v1,home_deliver_three_basic_hard_invlimittwo,instance_00000,entity_not_accessible,1.0
642,adventuregame,CityUoL__qwen3.5-2b__Qwen-GuidePlay-2B-v1,home_deliver_three_basic_hard_invlimittwo,instance_00000,entity_state_mismatch,0.0
643,adventuregame,CityUoL__qwen3.5-2b__Qwen-GuidePlay-2B-v1,home_deliver_three_basic_hard_invlimittwo,instance_00000,entity_trait_mismatch,0.0
644,adventuregame,CityUoL__qwen3.5-2b__Qwen-GuidePlay-2B-v1,home_deliver_three_basic_hard_invlimittwo,instance_00000,entity_already_inventory,0.0
645,adventuregame,CityUoL__qwen3.5-2b__Qwen-GuidePlay-2B-v1,home_deliver_three_basic_hard_invlimittwo,instance_00000,going_to_current_room,0.0
646,adventuregame,CityUoL__qwen3.5-2b__Qwen-GuidePlay-2B-v1,home_deliver_three_basic_hard_invlimittwo,instance_00000,no_exit_to,5.0
647,adventuregame,CityUoL__qwen3.5-2b__Qwen-GuidePlay-2B-v1,home_deliver_three_basic_hard_invlimittwo,instance_00000,inventory_limit_exceeded,0.0
648,adventuregame,CityUoL__qwen3.5-2b__Qwen-GuidePlay-2B-v1,home_deliver_three_basic_hard_invlimittwo,instance_00000,successful_actions,44.0
649,adventuregame,CityUoL__qwen3.5-2b__Qwen-GuidePlay-2B-v1,home_deliver_three_basic_hard_invlimittwo,instance_00000,turn_limit_loss,1.0
650,adventuregame,CityUoL__qwen3.5-2b__Qwen-GuidePlay-2B-v1,home_deliver_three_basic_hard_invlimittwo,instance_00000,turns_over_par,
651,adventuregame,CityUoL__qwen3.5-2b__Qwen-GuidePlay-2B-v1,home_deliver_three_basic_hard_invlimittwo,instance_00000,turn_ratio,
652,adventuregame,CityUoL__qwen3.5-2b__Qwen-GuidePlay-2B-v1,home_deliver_three_basic_hard_invlimittwo,instance_00000,finish_speed,
653,adventuregame,CityUoL__qwen3.5-2b__Qwen-GuidePlay-2B-v1,home_deliver_three_basic_hard_invlimittwo,instance_00000,achieved_goal_ratio,0.0
654,adventuregame,CityUoL__qwen3.5-2b__Qwen-GuidePlay-2B-v1,home_deliver_three_basic_hard_invlimittwo,instance_00000,Aborted,1.0
655,adventuregame,CityUoL__qwen3.5-2b__Qwen-GuidePlay-2B-v1,home_deliver_three_basic_hard_invlimittwo,instance_00000,Success,0.0
656,adventuregame,CityUoL__qwen3.5-2b__Qwen-GuidePlay-2B-v1,home_deliver_three_basic_hard_invlimittwo,instance_00000,Lose,0.0
657,adventuregame,CityUoL__qwen3.5-2b__Qwen-GuidePlay-2B-v1,home_deliver_three_basic_hard_invlimittwo,instance_00000,Main Score,
658,adventuregame,CityUoL__qwen3.5-2b__Qwen-GuidePlay-2B-v1,home_deliver_three_basic_hard_invlimittwo,instance_00000,plan_followed_ratio,0.0
659,adventuregame,CityUoL__qwen3.5-2b__Qwen-GuidePlay-2B-v1,home_deliver_three_basic_hard_invlimittwo,instance_00000,plan_average_viability_ratio,0.0
660,adventuregame,CityUoL__qwen3.5-2b__Qwen-GuidePlay-2B-v1,home_deliver_three_basic_hard_invlimittwo,instance_00000,bad_plan_follow_ratio,0.0
661,adventuregame,CityUoL__qwen3.5-2b__Qwen-GuidePlay-2B-v1,home_deliver_three_basic_hard_invlimittwo,instance_00000,bad_plan_dismiss_ratio,1.0
662,textmapworld_specificroom,CityUoL__qwen3.5-2b__Qwen-GuidePlay-2B-v1,on,instance_00000,Success,1.0
663,textmapworld_specificroom,CityUoL__qwen3.5-2b__Qwen-GuidePlay-2B-v1,on,instance_00000,Aborted,0.0
664,textmapworld_specificroom,CityUoL__qwen3.5-2b__Qwen-GuidePlay-2B-v1,on,instance_00000,Lose,0.0
665,textmapworld_specificroom,CityUoL__qwen3.5-2b__Qwen-GuidePlay-2B-v1,on,instance_00000,moves,0.0
666,textmapworld_specificroom,CityUoL__qwen3.5-2b__Qwen-GuidePlay-2B-v1,on,instance_00000,valid_moves,0.0
667,textmapworld_specificroom,CityUoL__qwen3.5-2b__Qwen-GuidePlay-2B-v1,on,instance_00000,invalid_moves,0.0
668,textmapworld_specificroom,CityUoL__qwen3.5-2b__Qwen-GuidePlay-2B-v1,on,instance_00000,stopped,1.0
669,textmapworld_specificroom,CityUoL__qwen3.5-2b__Qwen-GuidePlay-2B-v1,on,instance_00000,turns_limit,0.0
670,textmapworld_specificroom,CityUoL__qwen3.5-2b__Qwen-GuidePlay-2B-v1,on,instance_00000,loops,0.0
671,textmapworld_specificroom,CityUoL__qwen3.5-2b__Qwen-GuidePlay-2B-v1,on,instance_00000,number_visited,1.0
672,textmapworld_specificroom,CityUoL__qwen3.5-2b__Qwen-GuidePlay-2B-v1,on,instance_00000,seen,3.0
673,textmapworld_specificroom,CityUoL__qwen3.5-2b__Qwen-GuidePlay-2B-v1,on,instance_00000,efficiency,0.0
674,textmapworld_specificroom,CityUoL__qwen3.5-2b__Qwen-GuidePlay-2B-v1,on,instance_00000,exploration,12.5
675,textmapworld_specificroom,CityUoL__qwen3.5-2b__Qwen-GuidePlay-2B-v1,on,instance_00000,old_benchscore,0.0
676,textmapworld_specificroom,CityUoL__qwen3.5-2b__Qwen-GuidePlay-2B-v1,on,instance_00000,Main Score,100.0
677,textmapworld_specificroom,CityUoL__qwen3.5-2b__Qwen-GuidePlay-2B-v1,far,instance_00027,Success,1.0
678,textmapworld_specificroom,CityUoL__qwen3.5-2b__Qwen-GuidePlay-2B-v1,far,instance_00027,Aborted,0.0
679,textmapworld_specificroom,CityUoL__qwen3.5-2b__Qwen-GuidePlay-2B-v1,far,instance_00027,Lose,0.0
680,textmapworld_specificroom,CityUoL__qwen3.5-2b__Qwen-GuidePlay-2B-v1,far,instance_00027,moves,5.0
681,textmapworld_specificroom,CityUoL__qwen3.5-2b__Qwen-GuidePlay-2B-v1,far,instance_00027,valid_moves,5.0
682,textmapworld_specificroom,CityUoL__qwen3.5-2b__Qwen-GuidePlay-2B-v1,far,instance_00027,invalid_moves,0.0
683,textmapworld_specificroom,CityUoL__qwen3.5-2b__Qwen-GuidePlay-2B-v1,far,instance_00027,stopped,1.0
684,textmapworld_specificroom,CityUoL__qwen3.5-2b__Qwen-GuidePlay-2B-v1,far,instance_00027,turns_limit,0.0
685,textmapworld_specificroom,CityUoL__qwen3.5-2b__Qwen-GuidePlay-2B-v1,far,instance_00027,loops,0.0
686,textmapworld_specificroom,CityUoL__qwen3.5-2b__Qwen-GuidePlay-2B-v1,far,instance_00027,number_visited,5.0
687,textmapworld_specificroom,CityUoL__qwen3.5-2b__Qwen-GuidePlay-2B-v1,far,instance_00027,seen,7.0
688,textmapworld_specificroom,CityUoL__qwen3.5-2b__Qwen-GuidePlay-2B-v1,far,instance_00027,efficiency,60.0
689,textmapworld_specificroom,CityUoL__qwen3.5-2b__Qwen-GuidePlay-2B-v1,far,instance_00027,exploration,62.5
690,textmapworld_specificroom,CityUoL__qwen3.5-2b__Qwen-GuidePlay-2B-v1,far,instance_00027,old_benchscore,61.224489795918366
691,textmapworld_specificroom,CityUoL__qwen3.5-2b__Qwen-GuidePlay-2B-v1,far,instance_00027,Main Score,100.0
692,textmapworld_specificroom,CityUoL__qwen3.5-2b__Qwen-GuidePlay-2B-v1,close,instance_00017,Success,1.0
693,textmapworld_specificroom,CityUoL__qwen3.5-2b__Qwen-GuidePlay-2B-v1,close,instance_00017,Aborted,0.0
694,textmapworld_specificroom,CityUoL__qwen3.5-2b__Qwen-GuidePlay-2B-v1,close,instance_00017,Lose,0.0
695,textmapworld_specificroom,CityUoL__qwen3.5-2b__Qwen-GuidePlay-2B-v1,close,instance_00017,moves,4.0
696,textmapworld_specificroom,CityUoL__qwen3.5-2b__Qwen-GuidePlay-2B-v1,close,instance_00017,valid_moves,4.0
697,textmapworld_specificroom,CityUoL__qwen3.5-2b__Qwen-GuidePlay-2B-v1,close,instance_00017,invalid_moves,0.0
698,textmapworld_specificroom,CityUoL__qwen3.5-2b__Qwen-GuidePlay-2B-v1,close,instance_00017,stopped,1.0
699,textmapworld_specificroom,CityUoL__qwen3.5-2b__Qwen-GuidePlay-2B-v1,close,instance_00017,turns_limit,0.0
700,textmapworld_specificroom,CityUoL__qwen3.5-2b__Qwen-GuidePlay-2B-v1,close,instance_00017,loops,0.0
701,textmapworld_specificroom,CityUoL__qwen3.5-2b__Qwen-GuidePlay-2B-v1,close,instance_00017,number_visited,4.0
702,textmapworld_specificroom,CityUoL__qwen3.5-2b__Qwen-GuidePlay-2B-v1,close,instance_00017,seen,6.0
703,textmapworld_specificroom,CityUoL__qwen3.5-2b__Qwen-GuidePlay-2B-v1,close,instance_00017,efficiency,50.0
704,textmapworld_specificroom,CityUoL__qwen3.5-2b__Qwen-GuidePlay-2B-v1,close,instance_00017,exploration,50.0
705,textmapworld_specificroom,CityUoL__qwen3.5-2b__Qwen-GuidePlay-2B-v1,close,instance_00017,old_benchscore,50.0
706,textmapworld_specificroom,CityUoL__qwen3.5-2b__Qwen-GuidePlay-2B-v1,close,instance_00017,Main Score,100.0
707,imagegame,CityUoL__qwen3.5-2b__Qwen-GuidePlay-2B-v1,random_grids,instance_00014,Precision,100.0
708,imagegame,CityUoL__qwen3.5-2b__Qwen-GuidePlay-2B-v1,random_grids,instance_00014,Recall,100.0
709,imagegame,CityUoL__qwen3.5-2b__Qwen-GuidePlay-2B-v1,random_grids,instance_00014,F1,100.0
710,imagegame,CityUoL__qwen3.5-2b__Qwen-GuidePlay-2B-v1,random_grids,instance_00014,Main Score,100.0
711,imagegame,CityUoL__qwen3.5-2b__Qwen-GuidePlay-2B-v1,random_grids,instance_00014,Average Changed Cell Count,1.6667
712,imagegame,CityUoL__qwen3.5-2b__Qwen-GuidePlay-2B-v1,random_grids,instance_00014,Average Generated Instruction Length,62.3333
713,imagegame,CityUoL__qwen3.5-2b__Qwen-GuidePlay-2B-v1,random_grids,instance_00014,Average Generated Expression Number of Tokens,12.3333
714,imagegame,CityUoL__qwen3.5-2b__Qwen-GuidePlay-2B-v1,random_grids,instance_00014,Success,1.0
715,imagegame,CityUoL__qwen3.5-2b__Qwen-GuidePlay-2B-v1,random_grids,instance_00014,Lose,0.0
716,imagegame,CityUoL__qwen3.5-2b__Qwen-GuidePlay-2B-v1,random_grids,instance_00014,Aborted,0.0
717,imagegame,CityUoL__qwen3.5-2b__Qwen-GuidePlay-2B-v1,random_grids,instance_00014,Request Count,20.0
718,imagegame,CityUoL__qwen3.5-2b__Qwen-GuidePlay-2B-v1,random_grids,instance_00014,Violated Request Count,0.0
719,imagegame,CityUoL__qwen3.5-2b__Qwen-GuidePlay-2B-v1,random_grids,instance_00014,Parsed Request Count,20.0
720,imagegame,CityUoL__qwen3.5-2b__Qwen-GuidePlay-2B-v1,random_grids,instance_00014,Request Success Ratio,1.0
721,imagegame,CityUoL__qwen3.5-2b__Qwen-GuidePlay-2B-v1,random_grids,instance_00016,Precision,100.0
722,imagegame,CityUoL__qwen3.5-2b__Qwen-GuidePlay-2B-v1,random_grids,instance_00016,Recall,100.0
723,imagegame,CityUoL__qwen3.5-2b__Qwen-GuidePlay-2B-v1,random_grids,instance_00016,F1,100.0
724,imagegame,CityUoL__qwen3.5-2b__Qwen-GuidePlay-2B-v1,random_grids,instance_00016,Main Score,100.0
725,imagegame,CityUoL__qwen3.5-2b__Qwen-GuidePlay-2B-v1,random_grids,instance_00016,Average Changed Cell Count,2.0
726,imagegame,CityUoL__qwen3.5-2b__Qwen-GuidePlay-2B-v1,random_grids,instance_00016,Average Generated Instruction Length,69.5
727,imagegame,CityUoL__qwen3.5-2b__Qwen-GuidePlay-2B-v1,random_grids,instance_00016,Average Generated Expression Number of Tokens,13.5
728,imagegame,CityUoL__qwen3.5-2b__Qwen-GuidePlay-2B-v1,random_grids,instance_00016,Success,1.0
729,imagegame,CityUoL__qwen3.5-2b__Qwen-GuidePlay-2B-v1,random_grids,instance_00016,Lose,0.0
730,imagegame,CityUoL__qwen3.5-2b__Qwen-GuidePlay-2B-v1,random_grids,instance_00016,Aborted,0.0
731,imagegame,CityUoL__qwen3.5-2b__Qwen-GuidePlay-2B-v1,random_grids,instance_00016,Request Count,26.0
732,imagegame,CityUoL__qwen3.5-2b__Qwen-GuidePlay-2B-v1,random_grids,instance_00016,Violated Request Count,0.0
733,imagegame,CityUoL__qwen3.5-2b__Qwen-GuidePlay-2B-v1,random_grids,instance_00016,Parsed Request Count,26.0
734,imagegame,CityUoL__qwen3.5-2b__Qwen-GuidePlay-2B-v1,random_grids,instance_00016,Request Success Ratio,1.0
735,imagegame,CityUoL__qwen3.5-2b__Qwen-GuidePlay-2B-v1,compact_grids,instance_00019,Precision,94.0
736,imagegame,CityUoL__qwen3.5-2b__Qwen-GuidePlay-2B-v1,compact_grids,instance_00019,Recall,100.0
737,imagegame,CityUoL__qwen3.5-2b__Qwen-GuidePlay-2B-v1,compact_grids,instance_00019,F1,97.0
738,imagegame,CityUoL__qwen3.5-2b__Qwen-GuidePlay-2B-v1,compact_grids,instance_00019,Main Score,97.0
739,imagegame,CityUoL__qwen3.5-2b__Qwen-GuidePlay-2B-v1,compact_grids,instance_00019,Average Changed Cell Count,2.6667
740,imagegame,CityUoL__qwen3.5-2b__Qwen-GuidePlay-2B-v1,compact_grids,instance_00019,Average Generated Instruction Length,53.6667
741,imagegame,CityUoL__qwen3.5-2b__Qwen-GuidePlay-2B-v1,compact_grids,instance_00019,Average Generated Expression Number of Tokens,12.0
742,imagegame,CityUoL__qwen3.5-2b__Qwen-GuidePlay-2B-v1,compact_grids,instance_00019,Success,0.0
743,imagegame,CityUoL__qwen3.5-2b__Qwen-GuidePlay-2B-v1,compact_grids,instance_00019,Lose,1.0
744,imagegame,CityUoL__qwen3.5-2b__Qwen-GuidePlay-2B-v1,compact_grids,instance_00019,Aborted,0.0
745,imagegame,CityUoL__qwen3.5-2b__Qwen-GuidePlay-2B-v1,compact_grids,instance_00019,Request Count,38.0
746,imagegame,CityUoL__qwen3.5-2b__Qwen-GuidePlay-2B-v1,compact_grids,instance_00019,Violated Request Count,0.0
747,imagegame,CityUoL__qwen3.5-2b__Qwen-GuidePlay-2B-v1,compact_grids,instance_00019,Parsed Request Count,38.0
748,imagegame,CityUoL__qwen3.5-2b__Qwen-GuidePlay-2B-v1,compact_grids,instance_00019,Request Success Ratio,1.0
749,imagegame,CityUoL__qwen3.5-2b__Qwen-GuidePlay-2B-v1,compact_grids,instance_00002,Precision,100.0
750,imagegame,CityUoL__qwen3.5-2b__Qwen-GuidePlay-2B-v1,compact_grids,instance_00002,Recall,92.0
751,imagegame,CityUoL__qwen3.5-2b__Qwen-GuidePlay-2B-v1,compact_grids,instance_00002,F1,96.0
752,imagegame,CityUoL__qwen3.5-2b__Qwen-GuidePlay-2B-v1,compact_grids,instance_00002,Main Score,96.0
753,imagegame,CityUoL__qwen3.5-2b__Qwen-GuidePlay-2B-v1,compact_grids,instance_00002,Average Changed Cell Count,2.4
754,imagegame,CityUoL__qwen3.5-2b__Qwen-GuidePlay-2B-v1,compact_grids,instance_00002,Average Generated Instruction Length,54.8
755,imagegame,CityUoL__qwen3.5-2b__Qwen-GuidePlay-2B-v1,compact_grids,instance_00002,Average Generated Expression Number of Tokens,13.6
756,imagegame,CityUoL__qwen3.5-2b__Qwen-GuidePlay-2B-v1,compact_grids,instance_00002,Success,0.0
757,imagegame,CityUoL__qwen3.5-2b__Qwen-GuidePlay-2B-v1,compact_grids,instance_00002,Lose,1.0
758,imagegame,CityUoL__qwen3.5-2b__Qwen-GuidePlay-2B-v1,compact_grids,instance_00002,Aborted,0.0
759,imagegame,CityUoL__qwen3.5-2b__Qwen-GuidePlay-2B-v1,compact_grids,instance_00002,Request Count,32.0
760,imagegame,CityUoL__qwen3.5-2b__Qwen-GuidePlay-2B-v1,compact_grids,instance_00002,Violated Request Count,0.0
761,imagegame,CityUoL__qwen3.5-2b__Qwen-GuidePlay-2B-v1,compact_grids,instance_00002,Parsed Request Count,32.0
762,imagegame,CityUoL__qwen3.5-2b__Qwen-GuidePlay-2B-v1,compact_grids,instance_00002,Request Success Ratio,1.0
763,textmapworld_graphreasoning,CityUoL__qwen3.5-2b__Qwen-GuidePlay-2B-v1,small,instance_00009,Success,1.0
764,textmapworld_graphreasoning,CityUoL__qwen3.5-2b__Qwen-GuidePlay-2B-v1,small,instance_00009,Aborted,0.0
765,textmapworld_graphreasoning,CityUoL__qwen3.5-2b__Qwen-GuidePlay-2B-v1,small,instance_00009,Lose,0.0
766,textmapworld_graphreasoning,CityUoL__qwen3.5-2b__Qwen-GuidePlay-2B-v1,small,instance_00009,moves,11.0
767,textmapworld_graphreasoning,CityUoL__qwen3.5-2b__Qwen-GuidePlay-2B-v1,small,instance_00009,valid_moves,11.0
768,textmapworld_graphreasoning,CityUoL__qwen3.5-2b__Qwen-GuidePlay-2B-v1,small,instance_00009,invalid_moves,0.0
769,textmapworld_graphreasoning,CityUoL__qwen3.5-2b__Qwen-GuidePlay-2B-v1,small,instance_00009,stopped,1.0
770,textmapworld_graphreasoning,CityUoL__qwen3.5-2b__Qwen-GuidePlay-2B-v1,small,instance_00009,turns_limit,0.0
771,textmapworld_graphreasoning,CityUoL__qwen3.5-2b__Qwen-GuidePlay-2B-v1,small,instance_00009,loops,0.0
772,textmapworld_graphreasoning,CityUoL__qwen3.5-2b__Qwen-GuidePlay-2B-v1,small,instance_00009,number_visited,4.0
773,textmapworld_graphreasoning,CityUoL__qwen3.5-2b__Qwen-GuidePlay-2B-v1,small,instance_00009,seen,4.0
774,textmapworld_graphreasoning,CityUoL__qwen3.5-2b__Qwen-GuidePlay-2B-v1,small,instance_00009,efficiency,36.36363636363637
775,textmapworld_graphreasoning,CityUoL__qwen3.5-2b__Qwen-GuidePlay-2B-v1,small,instance_00009,exploration,100.0
776,textmapworld_graphreasoning,CityUoL__qwen3.5-2b__Qwen-GuidePlay-2B-v1,small,instance_00009,graph_similarity,100.0
777,textmapworld_graphreasoning,CityUoL__qwen3.5-2b__Qwen-GuidePlay-2B-v1,small,instance_00009,Main Score,53.33333333333333
778,textmapworld_graphreasoning,CityUoL__qwen3.5-2b__Qwen-GuidePlay-2B-v1,large,instance_00028,Success,1.0
779,textmapworld_graphreasoning,CityUoL__qwen3.5-2b__Qwen-GuidePlay-2B-v1,large,instance_00028,Aborted,0.0
780,textmapworld_graphreasoning,CityUoL__qwen3.5-2b__Qwen-GuidePlay-2B-v1,large,instance_00028,Lose,0.0
781,textmapworld_graphreasoning,CityUoL__qwen3.5-2b__Qwen-GuidePlay-2B-v1,large,instance_00028,moves,14.0
782,textmapworld_graphreasoning,CityUoL__qwen3.5-2b__Qwen-GuidePlay-2B-v1,large,instance_00028,valid_moves,14.0
783,textmapworld_graphreasoning,CityUoL__qwen3.5-2b__Qwen-GuidePlay-2B-v1,large,instance_00028,invalid_moves,0.0
784,textmapworld_graphreasoning,CityUoL__qwen3.5-2b__Qwen-GuidePlay-2B-v1,large,instance_00028,stopped,1.0
785,textmapworld_graphreasoning,CityUoL__qwen3.5-2b__Qwen-GuidePlay-2B-v1,large,instance_00028,turns_limit,0.0
786,textmapworld_graphreasoning,CityUoL__qwen3.5-2b__Qwen-GuidePlay-2B-v1,large,instance_00028,loops,0.0
787,textmapworld_graphreasoning,CityUoL__qwen3.5-2b__Qwen-GuidePlay-2B-v1,large,instance_00028,number_visited,8.0
788,textmapworld_graphreasoning,CityUoL__qwen3.5-2b__Qwen-GuidePlay-2B-v1,large,instance_00028,seen,8.0
789,textmapworld_graphreasoning,CityUoL__qwen3.5-2b__Qwen-GuidePlay-2B-v1,large,instance_00028,efficiency,71.42857142857143
790,textmapworld_graphreasoning,CityUoL__qwen3.5-2b__Qwen-GuidePlay-2B-v1,large,instance_00028,exploration,100.0
791,textmapworld_graphreasoning,CityUoL__qwen3.5-2b__Qwen-GuidePlay-2B-v1,large,instance_00028,graph_similarity,100.0
792,textmapworld_graphreasoning,CityUoL__qwen3.5-2b__Qwen-GuidePlay-2B-v1,large,instance_00028,Main Score,83.33333333333333
793,textmapworld_graphreasoning,CityUoL__qwen3.5-2b__Qwen-GuidePlay-2B-v1,medium,instance_00010,Success,1.0
794,textmapworld_graphreasoning,CityUoL__qwen3.5-2b__Qwen-GuidePlay-2B-v1,medium,instance_00010,Aborted,0.0
795,textmapworld_graphreasoning,CityUoL__qwen3.5-2b__Qwen-GuidePlay-2B-v1,medium,instance_00010,Lose,0.0
796,textmapworld_graphreasoning,CityUoL__qwen3.5-2b__Qwen-GuidePlay-2B-v1,medium,instance_00010,moves,10.0
797,textmapworld_graphreasoning,CityUoL__qwen3.5-2b__Qwen-GuidePlay-2B-v1,medium,instance_00010,valid_moves,10.0
798,textmapworld_graphreasoning,CityUoL__qwen3.5-2b__Qwen-GuidePlay-2B-v1,medium,instance_00010,invalid_moves,0.0
799,textmapworld_graphreasoning,CityUoL__qwen3.5-2b__Qwen-GuidePlay-2B-v1,medium,instance_00010,stopped,1.0
800,textmapworld_graphreasoning,CityUoL__qwen3.5-2b__Qwen-GuidePlay-2B-v1,medium,instance_00010,turns_limit,0.0
801,textmapworld_graphreasoning,CityUoL__qwen3.5-2b__Qwen-GuidePlay-2B-v1,medium,instance_00010,loops,0.0
802,textmapworld_graphreasoning,CityUoL__qwen3.5-2b__Qwen-GuidePlay-2B-v1,medium,instance_00010,number_visited,6.0
803,textmapworld_graphreasoning,CityUoL__qwen3.5-2b__Qwen-GuidePlay-2B-v1,medium,instance_00010,seen,6.0
804,textmapworld_graphreasoning,CityUoL__qwen3.5-2b__Qwen-GuidePlay-2B-v1,medium,instance_00010,efficiency,60.0
805,textmapworld_graphreasoning,CityUoL__qwen3.5-2b__Qwen-GuidePlay-2B-v1,medium,instance_00010,exploration,100.0
806,textmapworld_graphreasoning,CityUoL__qwen3.5-2b__Qwen-GuidePlay-2B-v1,medium,instance_00010,graph_similarity,100.0
807,textmapworld_graphreasoning,CityUoL__qwen3.5-2b__Qwen-GuidePlay-2B-v1,medium,instance_00010,Main Score,75.0
808,codenames,CityUoL__qwen3.5-2b__Qwen-GuidePlay-2B-v1,association_difficult,instance_00000,experiment variable,Word Assignments
809,codenames,CityUoL__qwen3.5-2b__Qwen-GuidePlay-2B-v1,association_difficult,instance_00000,experiment name,association_difficult
810,codenames,CityUoL__qwen3.5-2b__Qwen-GuidePlay-2B-v1,association_difficult,instance_00000,Cluegiver strip words,0
811,codenames,CityUoL__qwen3.5-2b__Qwen-GuidePlay-2B-v1,association_difficult,instance_00000,Guesser strip words,0
812,codenames,CityUoL__qwen3.5-2b__Qwen-GuidePlay-2B-v1,association_difficult,instance_00000,Average Cluegiver Number of Targets,1.25
813,codenames,CityUoL__qwen3.5-2b__Qwen-GuidePlay-2B-v1,association_difficult,instance_00000,Average Cluegiver Team Precision,1.0
814,codenames,CityUoL__qwen3.5-2b__Qwen-GuidePlay-2B-v1,association_difficult,instance_00000,Average Cluegiver Team Recall,0.306
815,codenames,CityUoL__qwen3.5-2b__Qwen-GuidePlay-2B-v1,association_difficult,instance_00000,Average Cluegiver Team F1,0.46
816,codenames,CityUoL__qwen3.5-2b__Qwen-GuidePlay-2B-v1,association_difficult,instance_00000,Average Guesser Number of Guesses,1.125
817,codenames,CityUoL__qwen3.5-2b__Qwen-GuidePlay-2B-v1,association_difficult,instance_00000,Average Guesser Number of Revealed Words,1.125
818,codenames,CityUoL__qwen3.5-2b__Qwen-GuidePlay-2B-v1,association_difficult,instance_00000,Average Guesser Number of Unrevealed Guesses,0
819,codenames,CityUoL__qwen3.5-2b__Qwen-GuidePlay-2B-v1,association_difficult,instance_00000,Average Guesser Target Precision,0.625
820,codenames,CityUoL__qwen3.5-2b__Qwen-GuidePlay-2B-v1,association_difficult,instance_00000,Average Guesser Target Recall,0.625
821,codenames,CityUoL__qwen3.5-2b__Qwen-GuidePlay-2B-v1,association_difficult,instance_00000,Average Guesser Target F1,0.625
822,codenames,CityUoL__qwen3.5-2b__Qwen-GuidePlay-2B-v1,association_difficult,instance_00000,Average Guesser Team Precision,0.625
823,codenames,CityUoL__qwen3.5-2b__Qwen-GuidePlay-2B-v1,association_difficult,instance_00000,Average Guesser Team Recall,0.16
824,codenames,CityUoL__qwen3.5-2b__Qwen-GuidePlay-2B-v1,association_difficult,instance_00000,Average Guesser Team F1,0.252
825,codenames,CityUoL__qwen3.5-2b__Qwen-GuidePlay-2B-v1,association_difficult,instance_00000,Aborted,0
826,codenames,CityUoL__qwen3.5-2b__Qwen-GuidePlay-2B-v1,association_difficult,instance_00000,Lose,1
827,codenames,CityUoL__qwen3.5-2b__Qwen-GuidePlay-2B-v1,association_difficult,instance_00000,Success,0
828,codenames,CityUoL__qwen3.5-2b__Qwen-GuidePlay-2B-v1,association_difficult,instance_00000,Game ended through assassin,0
829,codenames,CityUoL__qwen3.5-2b__Qwen-GuidePlay-2B-v1,association_difficult,instance_00000,Episode Recall,0.778
830,codenames,CityUoL__qwen3.5-2b__Qwen-GuidePlay-2B-v1,association_difficult,instance_00000,Episode Negative Recall,0.875
831,codenames,CityUoL__qwen3.5-2b__Qwen-GuidePlay-2B-v1,association_difficult,instance_00000,Number of turns,8
832,codenames,CityUoL__qwen3.5-2b__Qwen-GuidePlay-2B-v1,association_difficult,instance_00000,Efficiency,0.562
833,codenames,CityUoL__qwen3.5-2b__Qwen-GuidePlay-2B-v1,association_difficult,instance_00000,Request Count,15
834,codenames,CityUoL__qwen3.5-2b__Qwen-GuidePlay-2B-v1,association_difficult,instance_00000,Parsed Request Count,15
835,codenames,CityUoL__qwen3.5-2b__Qwen-GuidePlay-2B-v1,association_difficult,instance_00000,Violated Request Count,0
836,codenames,CityUoL__qwen3.5-2b__Qwen-GuidePlay-2B-v1,association_difficult,instance_00000,Request Success Ratio,1.0
837,codenames,CityUoL__qwen3.5-2b__Qwen-GuidePlay-2B-v1,association_difficult,instance_00000,Main Score,0
838,codenames,CityUoL__qwen3.5-2b__Qwen-GuidePlay-2B-v1,risk_low,instance_00008,experiment variable,Risk
839,codenames,CityUoL__qwen3.5-2b__Qwen-GuidePlay-2B-v1,risk_low,instance_00008,experiment name,risk_low
840,codenames,CityUoL__qwen3.5-2b__Qwen-GuidePlay-2B-v1,risk_low,instance_00008,Cluegiver strip words,0
841,codenames,CityUoL__qwen3.5-2b__Qwen-GuidePlay-2B-v1,risk_low,instance_00008,Guesser strip words,0
842,codenames,CityUoL__qwen3.5-2b__Qwen-GuidePlay-2B-v1,risk_low,instance_00008,Average Cluegiver Number of Targets,1.714
843,codenames,CityUoL__qwen3.5-2b__Qwen-GuidePlay-2B-v1,risk_low,instance_00008,Average Cluegiver Team Precision,1.0
844,codenames,CityUoL__qwen3.5-2b__Qwen-GuidePlay-2B-v1,risk_low,instance_00008,Average Cluegiver Team Recall,0.258
845,codenames,CityUoL__qwen3.5-2b__Qwen-GuidePlay-2B-v1,risk_low,instance_00008,Average Cluegiver Team F1,0.402
846,codenames,CityUoL__qwen3.5-2b__Qwen-GuidePlay-2B-v1,risk_low,instance_00008,Average Guesser Number of Guesses,1.571
847,codenames,CityUoL__qwen3.5-2b__Qwen-GuidePlay-2B-v1,risk_low,instance_00008,Average Guesser Number of Revealed Words,1.143
848,codenames,CityUoL__qwen3.5-2b__Qwen-GuidePlay-2B-v1,risk_low,instance_00008,Average Guesser Number of Unrevealed Guesses,0.429
849,codenames,CityUoL__qwen3.5-2b__Qwen-GuidePlay-2B-v1,risk_low,instance_00008,Average Guesser Target Precision,0.286
850,codenames,CityUoL__qwen3.5-2b__Qwen-GuidePlay-2B-v1,risk_low,instance_00008,Average Guesser Target Recall,0.262
851,codenames,CityUoL__qwen3.5-2b__Qwen-GuidePlay-2B-v1,risk_low,instance_00008,Average Guesser Target F1,0.271
852,codenames,CityUoL__qwen3.5-2b__Qwen-GuidePlay-2B-v1,risk_low,instance_00008,Average Guesser Team Precision,0.357
853,codenames,CityUoL__qwen3.5-2b__Qwen-GuidePlay-2B-v1,risk_low,instance_00008,Average Guesser Team Recall,0.075
854,codenames,CityUoL__qwen3.5-2b__Qwen-GuidePlay-2B-v1,risk_low,instance_00008,Average Guesser Team F1,0.124
855,codenames,CityUoL__qwen3.5-2b__Qwen-GuidePlay-2B-v1,risk_low,instance_00008,Aborted,0
856,codenames,CityUoL__qwen3.5-2b__Qwen-GuidePlay-2B-v1,risk_low,instance_00008,Lose,1
857,codenames,CityUoL__qwen3.5-2b__Qwen-GuidePlay-2B-v1,risk_low,instance_00008,Success,0
858,codenames,CityUoL__qwen3.5-2b__Qwen-GuidePlay-2B-v1,risk_low,instance_00008,Game ended through assassin,0
859,codenames,CityUoL__qwen3.5-2b__Qwen-GuidePlay-2B-v1,risk_low,instance_00008,Episode Recall,0.444
860,codenames,CityUoL__qwen3.5-2b__Qwen-GuidePlay-2B-v1,risk_low,instance_00008,Episode Negative Recall,0.75
861,codenames,CityUoL__qwen3.5-2b__Qwen-GuidePlay-2B-v1,risk_low,instance_00008,Number of turns,7
862,codenames,CityUoL__qwen3.5-2b__Qwen-GuidePlay-2B-v1,risk_low,instance_00008,Efficiency,0.786
863,codenames,CityUoL__qwen3.5-2b__Qwen-GuidePlay-2B-v1,risk_low,instance_00008,Request Count,13
864,codenames,CityUoL__qwen3.5-2b__Qwen-GuidePlay-2B-v1,risk_low,instance_00008,Parsed Request Count,13
865,codenames,CityUoL__qwen3.5-2b__Qwen-GuidePlay-2B-v1,risk_low,instance_00008,Violated Request Count,0
866,codenames,CityUoL__qwen3.5-2b__Qwen-GuidePlay-2B-v1,risk_low,instance_00008,Request Success Ratio,1.0
867,codenames,CityUoL__qwen3.5-2b__Qwen-GuidePlay-2B-v1,risk_low,instance_00008,Main Score,0
868,codenames,CityUoL__qwen3.5-2b__Qwen-GuidePlay-2B-v1,ambiguous,instance_00001,experiment variable,Word Ambiguity
869,codenames,CityUoL__qwen3.5-2b__Qwen-GuidePlay-2B-v1,ambiguous,instance_00001,experiment name,ambiguous
870,codenames,CityUoL__qwen3.5-2b__Qwen-GuidePlay-2B-v1,ambiguous,instance_00001,Cluegiver strip words,0
871,codenames,CityUoL__qwen3.5-2b__Qwen-GuidePlay-2B-v1,ambiguous,instance_00001,Guesser strip words,0
872,codenames,CityUoL__qwen3.5-2b__Qwen-GuidePlay-2B-v1,ambiguous,instance_00001,Average Cluegiver Number of Targets,2.333
873,codenames,CityUoL__qwen3.5-2b__Qwen-GuidePlay-2B-v1,ambiguous,instance_00001,Average Cluegiver Team Precision,0.667
874,codenames,CityUoL__qwen3.5-2b__Qwen-GuidePlay-2B-v1,ambiguous,instance_00001,Average Cluegiver Team Recall,0.259
875,codenames,CityUoL__qwen3.5-2b__Qwen-GuidePlay-2B-v1,ambiguous,instance_00001,Average Cluegiver Team F1,0.359
876,codenames,CityUoL__qwen3.5-2b__Qwen-GuidePlay-2B-v1,ambiguous,instance_00001,Average Guesser Number of Guesses,2.333
877,codenames,CityUoL__qwen3.5-2b__Qwen-GuidePlay-2B-v1,ambiguous,instance_00001,Average Guesser Number of Revealed Words,1
878,codenames,CityUoL__qwen3.5-2b__Qwen-GuidePlay-2B-v1,ambiguous,instance_00001,Average Guesser Number of Unrevealed Guesses,1.333
879,codenames,CityUoL__qwen3.5-2b__Qwen-GuidePlay-2B-v1,ambiguous,instance_00001,Average Guesser Target Precision,0.167
880,codenames,CityUoL__qwen3.5-2b__Qwen-GuidePlay-2B-v1,ambiguous,instance_00001,Average Guesser Target Recall,0.167
881,codenames,CityUoL__qwen3.5-2b__Qwen-GuidePlay-2B-v1,ambiguous,instance_00001,Average Guesser Target F1,0.167
882,codenames,CityUoL__qwen3.5-2b__Qwen-GuidePlay-2B-v1,ambiguous,instance_00001,Average Guesser Team Precision,0.167
883,codenames,CityUoL__qwen3.5-2b__Qwen-GuidePlay-2B-v1,ambiguous,instance_00001,Average Guesser Team Recall,0.037
884,codenames,CityUoL__qwen3.5-2b__Qwen-GuidePlay-2B-v1,ambiguous,instance_00001,Average Guesser Team F1,0.061
885,codenames,CityUoL__qwen3.5-2b__Qwen-GuidePlay-2B-v1,ambiguous,instance_00001,Aborted,1
886,codenames,CityUoL__qwen3.5-2b__Qwen-GuidePlay-2B-v1,ambiguous,instance_00001,Lose,0
887,codenames,CityUoL__qwen3.5-2b__Qwen-GuidePlay-2B-v1,ambiguous,instance_00001,Success,0
888,codenames,CityUoL__qwen3.5-2b__Qwen-GuidePlay-2B-v1,ambiguous,instance_00001,Game ended through assassin,0
889,codenames,CityUoL__qwen3.5-2b__Qwen-GuidePlay-2B-v1,ambiguous,instance_00001,Episode Recall,0.111
890,codenames,CityUoL__qwen3.5-2b__Qwen-GuidePlay-2B-v1,ambiguous,instance_00001,Episode Negative Recall,0.875
891,codenames,CityUoL__qwen3.5-2b__Qwen-GuidePlay-2B-v1,ambiguous,instance_00001,Number of turns,3
892,codenames,CityUoL__qwen3.5-2b__Qwen-GuidePlay-2B-v1,ambiguous,instance_00001,Efficiency,1
893,codenames,CityUoL__qwen3.5-2b__Qwen-GuidePlay-2B-v1,ambiguous,instance_00001,Request Count,5
894,codenames,CityUoL__qwen3.5-2b__Qwen-GuidePlay-2B-v1,ambiguous,instance_00001,Parsed Request Count,4
895,codenames,CityUoL__qwen3.5-2b__Qwen-GuidePlay-2B-v1,ambiguous,instance_00001,Violated Request Count,1
896,codenames,CityUoL__qwen3.5-2b__Qwen-GuidePlay-2B-v1,ambiguous,instance_00001,Request Success Ratio,0.8
897,codenames,CityUoL__qwen3.5-2b__Qwen-GuidePlay-2B-v1,ambiguous,instance_00001,Main Score,
898,codenames,CityUoL__qwen3.5-2b__Qwen-GuidePlay-2B-v1,opponent_difficult,instance_00007,experiment variable,Opponent Difficulty
899,codenames,CityUoL__qwen3.5-2b__Qwen-GuidePlay-2B-v1,opponent_difficult,instance_00007,experiment name,opponent_difficult
900,codenames,CityUoL__qwen3.5-2b__Qwen-GuidePlay-2B-v1,opponent_difficult,instance_00007,Cluegiver strip words,0
901,codenames,CityUoL__qwen3.5-2b__Qwen-GuidePlay-2B-v1,opponent_difficult,instance_00007,Guesser strip words,0
902,codenames,CityUoL__qwen3.5-2b__Qwen-GuidePlay-2B-v1,opponent_difficult,instance_00007,Average Cluegiver Number of Targets,1.5
903,codenames,CityUoL__qwen3.5-2b__Qwen-GuidePlay-2B-v1,opponent_difficult,instance_00007,Average Cluegiver Team Precision,0.5
904,codenames,CityUoL__qwen3.5-2b__Qwen-GuidePlay-2B-v1,opponent_difficult,instance_00007,Average Cluegiver Team Recall,0.167
905,codenames,CityUoL__qwen3.5-2b__Qwen-GuidePlay-2B-v1,opponent_difficult,instance_00007,Average Cluegiver Team F1,0.25
906,codenames,CityUoL__qwen3.5-2b__Qwen-GuidePlay-2B-v1,opponent_difficult,instance_00007,Average Guesser Number of Guesses,1.5
907,codenames,CityUoL__qwen3.5-2b__Qwen-GuidePlay-2B-v1,opponent_difficult,instance_00007,Average Guesser Number of Revealed Words,1.5
908,codenames,CityUoL__qwen3.5-2b__Qwen-GuidePlay-2B-v1,opponent_difficult,instance_00007,Average Guesser Number of Unrevealed Guesses,0
909,codenames,CityUoL__qwen3.5-2b__Qwen-GuidePlay-2B-v1,opponent_difficult,instance_00007,Average Guesser Target Precision,0.5
910,codenames,CityUoL__qwen3.5-2b__Qwen-GuidePlay-2B-v1,opponent_difficult,instance_00007,Average Guesser Target Recall,0.5
911,codenames,CityUoL__qwen3.5-2b__Qwen-GuidePlay-2B-v1,opponent_difficult,instance_00007,Average Guesser Target F1,0.5
912,codenames,CityUoL__qwen3.5-2b__Qwen-GuidePlay-2B-v1,opponent_difficult,instance_00007,Average Guesser Team Precision,0.5
913,codenames,CityUoL__qwen3.5-2b__Qwen-GuidePlay-2B-v1,opponent_difficult,instance_00007,Average Guesser Team Recall,0.167
914,codenames,CityUoL__qwen3.5-2b__Qwen-GuidePlay-2B-v1,opponent_difficult,instance_00007,Average Guesser Team F1,0.25
915,codenames,CityUoL__qwen3.5-2b__Qwen-GuidePlay-2B-v1,opponent_difficult,instance_00007,Aborted,1
916,codenames,CityUoL__qwen3.5-2b__Qwen-GuidePlay-2B-v1,opponent_difficult,instance_00007,Lose,0
917,codenames,CityUoL__qwen3.5-2b__Qwen-GuidePlay-2B-v1,opponent_difficult,instance_00007,Success,0
918,codenames,CityUoL__qwen3.5-2b__Qwen-GuidePlay-2B-v1,opponent_difficult,instance_00007,Game ended through assassin,0
919,codenames,CityUoL__qwen3.5-2b__Qwen-GuidePlay-2B-v1,opponent_difficult,instance_00007,Episode Recall,0.333
920,codenames,CityUoL__qwen3.5-2b__Qwen-GuidePlay-2B-v1,opponent_difficult,instance_00007,Episode Negative Recall,1.0
921,codenames,CityUoL__qwen3.5-2b__Qwen-GuidePlay-2B-v1,opponent_difficult,instance_00007,Number of turns,2
922,codenames,CityUoL__qwen3.5-2b__Qwen-GuidePlay-2B-v1,opponent_difficult,instance_00007,Efficiency,0.75
923,codenames,CityUoL__qwen3.5-2b__Qwen-GuidePlay-2B-v1,opponent_difficult,instance_00007,Request Count,3
924,codenames,CityUoL__qwen3.5-2b__Qwen-GuidePlay-2B-v1,opponent_difficult,instance_00007,Parsed Request Count,2
925,codenames,CityUoL__qwen3.5-2b__Qwen-GuidePlay-2B-v1,opponent_difficult,instance_00007,Violated Request Count,1
926,codenames,CityUoL__qwen3.5-2b__Qwen-GuidePlay-2B-v1,opponent_difficult,instance_00007,Request Success Ratio,0.667
927,codenames,CityUoL__qwen3.5-2b__Qwen-GuidePlay-2B-v1,opponent_difficult,instance_00007,Main Score,
928,codenames,CityUoL__qwen3.5-2b__Qwen-GuidePlay-2B-v1,risk_high,instance_00009,experiment variable,Risk
929,codenames,CityUoL__qwen3.5-2b__Qwen-GuidePlay-2B-v1,risk_high,instance_00009,experiment name,risk_high
930,codenames,CityUoL__qwen3.5-2b__Qwen-GuidePlay-2B-v1,risk_high,instance_00009,Cluegiver strip words,0
931,codenames,CityUoL__qwen3.5-2b__Qwen-GuidePlay-2B-v1,risk_high,instance_00009,Guesser strip words,0
932,codenames,CityUoL__qwen3.5-2b__Qwen-GuidePlay-2B-v1,risk_high,instance_00009,Average Cluegiver Number of Targets,1.5
933,codenames,CityUoL__qwen3.5-2b__Qwen-GuidePlay-2B-v1,risk_high,instance_00009,Average Cluegiver Team Precision,0.5
934,codenames,CityUoL__qwen3.5-2b__Qwen-GuidePlay-2B-v1,risk_high,instance_00009,Average Cluegiver Team Recall,0.167
935,codenames,CityUoL__qwen3.5-2b__Qwen-GuidePlay-2B-v1,risk_high,instance_00009,Average Cluegiver Team F1,0.25
936,codenames,CityUoL__qwen3.5-2b__Qwen-GuidePlay-2B-v1,risk_high,instance_00009,Average Guesser Number of Guesses,1.5
937,codenames,CityUoL__qwen3.5-2b__Qwen-GuidePlay-2B-v1,risk_high,instance_00009,Average Guesser Number of Revealed Words,1.5
938,codenames,CityUoL__qwen3.5-2b__Qwen-GuidePlay-2B-v1,risk_high,instance_00009,Average Guesser Number of Unrevealed Guesses,0
939,codenames,CityUoL__qwen3.5-2b__Qwen-GuidePlay-2B-v1,risk_high,instance_00009,Average Guesser Target Precision,0.167
940,codenames,CityUoL__qwen3.5-2b__Qwen-GuidePlay-2B-v1,risk_high,instance_00009,Average Guesser Target Recall,0.167
941,codenames,CityUoL__qwen3.5-2b__Qwen-GuidePlay-2B-v1,risk_high,instance_00009,Average Guesser Target F1,0.167
942,codenames,CityUoL__qwen3.5-2b__Qwen-GuidePlay-2B-v1,risk_high,instance_00009,Average Guesser Team Precision,0.334
943,codenames,CityUoL__qwen3.5-2b__Qwen-GuidePlay-2B-v1,risk_high,instance_00009,Average Guesser Team Recall,0.111
944,codenames,CityUoL__qwen3.5-2b__Qwen-GuidePlay-2B-v1,risk_high,instance_00009,Average Guesser Team F1,0.167
945,codenames,CityUoL__qwen3.5-2b__Qwen-GuidePlay-2B-v1,risk_high,instance_00009,Aborted,1
946,codenames,CityUoL__qwen3.5-2b__Qwen-GuidePlay-2B-v1,risk_high,instance_00009,Lose,0
947,codenames,CityUoL__qwen3.5-2b__Qwen-GuidePlay-2B-v1,risk_high,instance_00009,Success,0
948,codenames,CityUoL__qwen3.5-2b__Qwen-GuidePlay-2B-v1,risk_high,instance_00009,Game ended through assassin,0
949,codenames,CityUoL__qwen3.5-2b__Qwen-GuidePlay-2B-v1,risk_high,instance_00009,Episode Recall,0.222
950,codenames,CityUoL__qwen3.5-2b__Qwen-GuidePlay-2B-v1,risk_high,instance_00009,Episode Negative Recall,0.938
951,codenames,CityUoL__qwen3.5-2b__Qwen-GuidePlay-2B-v1,risk_high,instance_00009,Number of turns,2
952,codenames,CityUoL__qwen3.5-2b__Qwen-GuidePlay-2B-v1,risk_high,instance_00009,Efficiency,0.75
953,codenames,CityUoL__qwen3.5-2b__Qwen-GuidePlay-2B-v1,risk_high,instance_00009,Request Count,3
954,codenames,CityUoL__qwen3.5-2b__Qwen-GuidePlay-2B-v1,risk_high,instance_00009,Parsed Request Count,2
955,codenames,CityUoL__qwen3.5-2b__Qwen-GuidePlay-2B-v1,risk_high,instance_00009,Violated Request Count,1
956,codenames,CityUoL__qwen3.5-2b__Qwen-GuidePlay-2B-v1,risk_high,instance_00009,Request Success Ratio,0.667
957,codenames,CityUoL__qwen3.5-2b__Qwen-GuidePlay-2B-v1,risk_high,instance_00009,Main Score,
958,codenames,CityUoL__qwen3.5-2b__Qwen-GuidePlay-2B-v1,abstract,instance_00007,experiment variable,Word Concreteness
959,codenames,CityUoL__qwen3.5-2b__Qwen-GuidePlay-2B-v1,abstract,instance_00007,experiment name,abstract
960,codenames,CityUoL__qwen3.5-2b__Qwen-GuidePlay-2B-v1,abstract,instance_00007,Cluegiver strip words,0
961,codenames,CityUoL__qwen3.5-2b__Qwen-GuidePlay-2B-v1,abstract,instance_00007,Guesser strip words,0
962,codenames,CityUoL__qwen3.5-2b__Qwen-GuidePlay-2B-v1,abstract,instance_00007,Average Cluegiver Number of Targets,1.667
963,codenames,CityUoL__qwen3.5-2b__Qwen-GuidePlay-2B-v1,abstract,instance_00007,Average Cluegiver Team Precision,1.0
964,codenames,CityUoL__qwen3.5-2b__Qwen-GuidePlay-2B-v1,abstract,instance_00007,Average Cluegiver Team Recall,0.597
965,codenames,CityUoL__qwen3.5-2b__Qwen-GuidePlay-2B-v1,abstract,instance_00007,Average Cluegiver Team F1,0.7
966,codenames,CityUoL__qwen3.5-2b__Qwen-GuidePlay-2B-v1,abstract,instance_00007,Average Guesser Number of Guesses,1.667
967,codenames,CityUoL__qwen3.5-2b__Qwen-GuidePlay-2B-v1,abstract,instance_00007,Average Guesser Number of Revealed Words,1.667
968,codenames,CityUoL__qwen3.5-2b__Qwen-GuidePlay-2B-v1,abstract,instance_00007,Average Guesser Number of Unrevealed Guesses,0
969,codenames,CityUoL__qwen3.5-2b__Qwen-GuidePlay-2B-v1,abstract,instance_00007,Average Guesser Target Precision,0.583
970,codenames,CityUoL__qwen3.5-2b__Qwen-GuidePlay-2B-v1,abstract,instance_00007,Average Guesser Target Recall,0.583
971,codenames,CityUoL__qwen3.5-2b__Qwen-GuidePlay-2B-v1,abstract,instance_00007,Average Guesser Target F1,0.583
972,codenames,CityUoL__qwen3.5-2b__Qwen-GuidePlay-2B-v1,abstract,instance_00007,Average Guesser Team Precision,0.667
973,codenames,CityUoL__qwen3.5-2b__Qwen-GuidePlay-2B-v1,abstract,instance_00007,Average Guesser Team Recall,0.264
974,codenames,CityUoL__qwen3.5-2b__Qwen-GuidePlay-2B-v1,abstract,instance_00007,Average Guesser Team F1,0.367
975,codenames,CityUoL__qwen3.5-2b__Qwen-GuidePlay-2B-v1,abstract,instance_00007,Aborted,0
976,codenames,CityUoL__qwen3.5-2b__Qwen-GuidePlay-2B-v1,abstract,instance_00007,Lose,1
977,codenames,CityUoL__qwen3.5-2b__Qwen-GuidePlay-2B-v1,abstract,instance_00007,Success,0
978,codenames,CityUoL__qwen3.5-2b__Qwen-GuidePlay-2B-v1,abstract,instance_00007,Game ended through assassin,1
979,codenames,CityUoL__qwen3.5-2b__Qwen-GuidePlay-2B-v1,abstract,instance_00007,Episode Recall,0.889
980,codenames,CityUoL__qwen3.5-2b__Qwen-GuidePlay-2B-v1,abstract,instance_00007,Episode Negative Recall,0.875
981,codenames,CityUoL__qwen3.5-2b__Qwen-GuidePlay-2B-v1,abstract,instance_00007,Number of turns,7
982,codenames,CityUoL__qwen3.5-2b__Qwen-GuidePlay-2B-v1,abstract,instance_00007,Efficiency,0.714
983,codenames,CityUoL__qwen3.5-2b__Qwen-GuidePlay-2B-v1,abstract,instance_00007,Request Count,12
984,codenames,CityUoL__qwen3.5-2b__Qwen-GuidePlay-2B-v1,abstract,instance_00007,Parsed Request Count,12
985,codenames,CityUoL__qwen3.5-2b__Qwen-GuidePlay-2B-v1,abstract,instance_00007,Violated Request Count,0
986,codenames,CityUoL__qwen3.5-2b__Qwen-GuidePlay-2B-v1,abstract,instance_00007,Request Success Ratio,1.0
987,codenames,CityUoL__qwen3.5-2b__Qwen-GuidePlay-2B-v1,abstract,instance_00007,Main Score,0
988,codenames,CityUoL__qwen3.5-2b__Qwen-GuidePlay-2B-v1,association_easy,instance_00009,experiment variable,Word Assignments
989,codenames,CityUoL__qwen3.5-2b__Qwen-GuidePlay-2B-v1,association_easy,instance_00009,experiment name,association_easy
990,codenames,CityUoL__qwen3.5-2b__Qwen-GuidePlay-2B-v1,association_easy,instance_00009,Cluegiver strip words,0
991,codenames,CityUoL__qwen3.5-2b__Qwen-GuidePlay-2B-v1,association_easy,instance_00009,Guesser strip words,0
992,codenames,CityUoL__qwen3.5-2b__Qwen-GuidePlay-2B-v1,association_easy,instance_00009,Average Cluegiver Number of Targets,2.2
993,codenames,CityUoL__qwen3.5-2b__Qwen-GuidePlay-2B-v1,association_easy,instance_00009,Average Cluegiver Team Precision,0.8
994,codenames,CityUoL__qwen3.5-2b__Qwen-GuidePlay-2B-v1,association_easy,instance_00009,Average Cluegiver Team Recall,0.609
995,codenames,CityUoL__qwen3.5-2b__Qwen-GuidePlay-2B-v1,association_easy,instance_00009,Average Cluegiver Team F1,0.673
996,codenames,CityUoL__qwen3.5-2b__Qwen-GuidePlay-2B-v1,association_easy,instance_00009,Average Guesser Number of Guesses,2.2
997,codenames,CityUoL__qwen3.5-2b__Qwen-GuidePlay-2B-v1,association_easy,instance_00009,Average Guesser Number of Revealed Words,2
998,codenames,CityUoL__qwen3.5-2b__Qwen-GuidePlay-2B-v1,association_easy,instance_00009,Average Guesser Number of Unrevealed Guesses,0.2
999,codenames,CityUoL__qwen3.5-2b__Qwen-GuidePlay-2B-v1,association_easy,instance_00009,Average Guesser Target Precision,0.5
1000,codenames,CityUoL__qwen3.5-2b__Qwen-GuidePlay-2B-v1,association_easy,instance_00009,Average Guesser Target Recall,0.5
1001,codenames,CityUoL__qwen3.5-2b__Qwen-GuidePlay-2B-v1,association_easy,instance_00009,Average Guesser Target F1,0.5
1002,codenames,CityUoL__qwen3.5-2b__Qwen-GuidePlay-2B-v1,association_easy,instance_00009,Average Guesser Team Precision,0.5
1003,codenames,CityUoL__qwen3.5-2b__Qwen-GuidePlay-2B-v1,association_easy,instance_00009,Average Guesser Team Recall,0.309
1004,codenames,CityUoL__qwen3.5-2b__Qwen-GuidePlay-2B-v1,association_easy,instance_00009,Average Guesser Team F1,0.373
1005,codenames,CityUoL__qwen3.5-2b__Qwen-GuidePlay-2B-v1,association_easy,instance_00009,Aborted,1
1006,codenames,CityUoL__qwen3.5-2b__Qwen-GuidePlay-2B-v1,association_easy,instance_00009,Lose,0
1007,codenames,CityUoL__qwen3.5-2b__Qwen-GuidePlay-2B-v1,association_easy,instance_00009,Success,0
1008,codenames,CityUoL__qwen3.5-2b__Qwen-GuidePlay-2B-v1,association_easy,instance_00009,Game ended through assassin,0
1009,codenames,CityUoL__qwen3.5-2b__Qwen-GuidePlay-2B-v1,association_easy,instance_00009,Episode Recall,0.889
1010,codenames,CityUoL__qwen3.5-2b__Qwen-GuidePlay-2B-v1,association_easy,instance_00009,Episode Negative Recall,0.875
1011,codenames,CityUoL__qwen3.5-2b__Qwen-GuidePlay-2B-v1,association_easy,instance_00009,Number of turns,5
1012,codenames,CityUoL__qwen3.5-2b__Qwen-GuidePlay-2B-v1,association_easy,instance_00009,Efficiency,1
1013,codenames,CityUoL__qwen3.5-2b__Qwen-GuidePlay-2B-v1,association_easy,instance_00009,Request Count,9
1014,codenames,CityUoL__qwen3.5-2b__Qwen-GuidePlay-2B-v1,association_easy,instance_00009,Parsed Request Count,8
1015,codenames,CityUoL__qwen3.5-2b__Qwen-GuidePlay-2B-v1,association_easy,instance_00009,Violated Request Count,1
1016,codenames,CityUoL__qwen3.5-2b__Qwen-GuidePlay-2B-v1,association_easy,instance_00009,Request Success Ratio,0.889
1017,codenames,CityUoL__qwen3.5-2b__Qwen-GuidePlay-2B-v1,association_easy,instance_00009,Main Score,
1018,codenames,CityUoL__qwen3.5-2b__Qwen-GuidePlay-2B-v1,opponent_easy,instance_00009,experiment variable,Opponent Difficulty
1019,codenames,CityUoL__qwen3.5-2b__Qwen-GuidePlay-2B-v1,opponent_easy,instance_00009,experiment name,opponent_easy
1020,codenames,CityUoL__qwen3.5-2b__Qwen-GuidePlay-2B-v1,opponent_easy,instance_00009,Cluegiver strip words,0
1021,codenames,CityUoL__qwen3.5-2b__Qwen-GuidePlay-2B-v1,opponent_easy,instance_00009,Guesser strip words,0
1022,codenames,CityUoL__qwen3.5-2b__Qwen-GuidePlay-2B-v1,opponent_easy,instance_00009,Average Cluegiver Number of Targets,2
1023,codenames,CityUoL__qwen3.5-2b__Qwen-GuidePlay-2B-v1,opponent_easy,instance_00009,Average Cluegiver Team Precision,0.667
1024,codenames,CityUoL__qwen3.5-2b__Qwen-GuidePlay-2B-v1,opponent_easy,instance_00009,Average Cluegiver Team Recall,0.281
1025,codenames,CityUoL__qwen3.5-2b__Qwen-GuidePlay-2B-v1,opponent_easy,instance_00009,Average Cluegiver Team F1,0.395
1026,codenames,CityUoL__qwen3.5-2b__Qwen-GuidePlay-2B-v1,opponent_easy,instance_00009,Average Guesser Number of Guesses,2
1027,codenames,CityUoL__qwen3.5-2b__Qwen-GuidePlay-2B-v1,opponent_easy,instance_00009,Average Guesser Number of Revealed Words,2
1028,codenames,CityUoL__qwen3.5-2b__Qwen-GuidePlay-2B-v1,opponent_easy,instance_00009,Average Guesser Number of Unrevealed Guesses,0
1029,codenames,CityUoL__qwen3.5-2b__Qwen-GuidePlay-2B-v1,opponent_easy,instance_00009,Average Guesser Target Precision,0.5
1030,codenames,CityUoL__qwen3.5-2b__Qwen-GuidePlay-2B-v1,opponent_easy,instance_00009,Average Guesser Target Recall,0.5
1031,codenames,CityUoL__qwen3.5-2b__Qwen-GuidePlay-2B-v1,opponent_easy,instance_00009,Average Guesser Target F1,0.5
1032,codenames,CityUoL__qwen3.5-2b__Qwen-GuidePlay-2B-v1,opponent_easy,instance_00009,Average Guesser Team Precision,0.5
1033,codenames,CityUoL__qwen3.5-2b__Qwen-GuidePlay-2B-v1,opponent_easy,instance_00009,Average Guesser Team Recall,0.215
1034,codenames,CityUoL__qwen3.5-2b__Qwen-GuidePlay-2B-v1,opponent_easy,instance_00009,Average Guesser Team F1,0.3
1035,codenames,CityUoL__qwen3.5-2b__Qwen-GuidePlay-2B-v1,opponent_easy,instance_00009,Aborted,1
1036,codenames,CityUoL__qwen3.5-2b__Qwen-GuidePlay-2B-v1,opponent_easy,instance_00009,Lose,0
1037,codenames,CityUoL__qwen3.5-2b__Qwen-GuidePlay-2B-v1,opponent_easy,instance_00009,Success,0
1038,codenames,CityUoL__qwen3.5-2b__Qwen-GuidePlay-2B-v1,opponent_easy,instance_00009,Game ended through assassin,0
1039,codenames,CityUoL__qwen3.5-2b__Qwen-GuidePlay-2B-v1,opponent_easy,instance_00009,Episode Recall,0.556
1040,codenames,CityUoL__qwen3.5-2b__Qwen-GuidePlay-2B-v1,opponent_easy,instance_00009,Episode Negative Recall,0.938
1041,codenames,CityUoL__qwen3.5-2b__Qwen-GuidePlay-2B-v1,opponent_easy,instance_00009,Number of turns,3
1042,codenames,CityUoL__qwen3.5-2b__Qwen-GuidePlay-2B-v1,opponent_easy,instance_00009,Efficiency,1.0
1043,codenames,CityUoL__qwen3.5-2b__Qwen-GuidePlay-2B-v1,opponent_easy,instance_00009,Request Count,5
1044,codenames,CityUoL__qwen3.5-2b__Qwen-GuidePlay-2B-v1,opponent_easy,instance_00009,Parsed Request Count,4
1045,codenames,CityUoL__qwen3.5-2b__Qwen-GuidePlay-2B-v1,opponent_easy,instance_00009,Violated Request Count,1
1046,codenames,CityUoL__qwen3.5-2b__Qwen-GuidePlay-2B-v1,opponent_easy,instance_00009,Request Success Ratio,0.8
1047,codenames,CityUoL__qwen3.5-2b__Qwen-GuidePlay-2B-v1,opponent_easy,instance_00009,Main Score,
1048,codenames,CityUoL__qwen3.5-2b__Qwen-GuidePlay-2B-v1,concrete,instance_00004,experiment variable,Word Concreteness
1049,codenames,CityUoL__qwen3.5-2b__Qwen-GuidePlay-2B-v1,concrete,instance_00004,experiment name,concrete
1050,codenames,CityUoL__qwen3.5-2b__Qwen-GuidePlay-2B-v1,concrete,instance_00004,Cluegiver strip words,0
1051,codenames,CityUoL__qwen3.5-2b__Qwen-GuidePlay-2B-v1,concrete,instance_00004,Guesser strip words,0
1052,codenames,CityUoL__qwen3.5-2b__Qwen-GuidePlay-2B-v1,concrete,instance_00004,Average Cluegiver Number of Targets,1.857
1053,codenames,CityUoL__qwen3.5-2b__Qwen-GuidePlay-2B-v1,concrete,instance_00004,Average Cluegiver Team Precision,1.0
1054,codenames,CityUoL__qwen3.5-2b__Qwen-GuidePlay-2B-v1,concrete,instance_00004,Average Cluegiver Team Recall,0.587
1055,codenames,CityUoL__qwen3.5-2b__Qwen-GuidePlay-2B-v1,concrete,instance_00004,Average Cluegiver Team F1,0.707
1056,codenames,CityUoL__qwen3.5-2b__Qwen-GuidePlay-2B-v1,concrete,instance_00004,Average Guesser Number of Guesses,1.857
1057,codenames,CityUoL__qwen3.5-2b__Qwen-GuidePlay-2B-v1,concrete,instance_00004,Average Guesser Number of Revealed Words,1.714
1058,codenames,CityUoL__qwen3.5-2b__Qwen-GuidePlay-2B-v1,concrete,instance_00004,Average Guesser Number of Unrevealed Guesses,0.143
1059,codenames,CityUoL__qwen3.5-2b__Qwen-GuidePlay-2B-v1,concrete,instance_00004,Average Guesser Target Precision,0.75
1060,codenames,CityUoL__qwen3.5-2b__Qwen-GuidePlay-2B-v1,concrete,instance_00004,Average Guesser Target Recall,0.75
1061,codenames,CityUoL__qwen3.5-2b__Qwen-GuidePlay-2B-v1,concrete,instance_00004,Average Guesser Target F1,0.75
1062,codenames,CityUoL__qwen3.5-2b__Qwen-GuidePlay-2B-v1,concrete,instance_00004,Average Guesser Team Precision,0.75
1063,codenames,CityUoL__qwen3.5-2b__Qwen-GuidePlay-2B-v1,concrete,instance_00004,Average Guesser Team Recall,0.393
1064,codenames,CityUoL__qwen3.5-2b__Qwen-GuidePlay-2B-v1,concrete,instance_00004,Average Guesser Team F1,0.495
1065,codenames,CityUoL__qwen3.5-2b__Qwen-GuidePlay-2B-v1,concrete,instance_00004,Aborted,0
1066,codenames,CityUoL__qwen3.5-2b__Qwen-GuidePlay-2B-v1,concrete,instance_00004,Lose,0
1067,codenames,CityUoL__qwen3.5-2b__Qwen-GuidePlay-2B-v1,concrete,instance_00004,Success,1
1068,codenames,CityUoL__qwen3.5-2b__Qwen-GuidePlay-2B-v1,concrete,instance_00004,Game ended through assassin,0
1069,codenames,CityUoL__qwen3.5-2b__Qwen-GuidePlay-2B-v1,concrete,instance_00004,Episode Recall,1.0
1070,codenames,CityUoL__qwen3.5-2b__Qwen-GuidePlay-2B-v1,concrete,instance_00004,Episode Negative Recall,0.812
1071,codenames,CityUoL__qwen3.5-2b__Qwen-GuidePlay-2B-v1,concrete,instance_00004,Number of turns,8
1072,codenames,CityUoL__qwen3.5-2b__Qwen-GuidePlay-2B-v1,concrete,instance_00004,Efficiency,0.812
1073,codenames,CityUoL__qwen3.5-2b__Qwen-GuidePlay-2B-v1,concrete,instance_00004,Request Count,14
1074,codenames,CityUoL__qwen3.5-2b__Qwen-GuidePlay-2B-v1,concrete,instance_00004,Parsed Request Count,14
1075,codenames,CityUoL__qwen3.5-2b__Qwen-GuidePlay-2B-v1,concrete,instance_00004,Violated Request Count,0
1076,codenames,CityUoL__qwen3.5-2b__Qwen-GuidePlay-2B-v1,concrete,instance_00004,Request Success Ratio,1.0
1077,codenames,CityUoL__qwen3.5-2b__Qwen-GuidePlay-2B-v1,concrete,instance_00004,Main Score,100
1078,codenames,CityUoL__qwen3.5-2b__Qwen-GuidePlay-2B-v1,unambiguous,instance_00002,experiment variable,Word Ambiguity
1079,codenames,CityUoL__qwen3.5-2b__Qwen-GuidePlay-2B-v1,unambiguous,instance_00002,experiment name,unambiguous
1080,codenames,CityUoL__qwen3.5-2b__Qwen-GuidePlay-2B-v1,unambiguous,instance_00002,Cluegiver strip words,0
1081,codenames,CityUoL__qwen3.5-2b__Qwen-GuidePlay-2B-v1,unambiguous,instance_00002,Guesser strip words,0
1082,codenames,CityUoL__qwen3.5-2b__Qwen-GuidePlay-2B-v1,unambiguous,instance_00002,Average Cluegiver Number of Targets,1.667
1083,codenames,CityUoL__qwen3.5-2b__Qwen-GuidePlay-2B-v1,unambiguous,instance_00002,Average Cluegiver Team Precision,1.0
1084,codenames,CityUoL__qwen3.5-2b__Qwen-GuidePlay-2B-v1,unambiguous,instance_00002,Average Cluegiver Team Recall,0.5
1085,codenames,CityUoL__qwen3.5-2b__Qwen-GuidePlay-2B-v1,unambiguous,instance_00002,Average Cluegiver Team F1,0.639
1086,codenames,CityUoL__qwen3.5-2b__Qwen-GuidePlay-2B-v1,unambiguous,instance_00002,Average Guesser Number of Guesses,1.667
1087,codenames,CityUoL__qwen3.5-2b__Qwen-GuidePlay-2B-v1,unambiguous,instance_00002,Average Guesser Number of Revealed Words,1.667
1088,codenames,CityUoL__qwen3.5-2b__Qwen-GuidePlay-2B-v1,unambiguous,instance_00002,Average Guesser Number of Unrevealed Guesses,0
1089,codenames,CityUoL__qwen3.5-2b__Qwen-GuidePlay-2B-v1,unambiguous,instance_00002,Average Guesser Target Precision,0.833
1090,codenames,CityUoL__qwen3.5-2b__Qwen-GuidePlay-2B-v1,unambiguous,instance_00002,Average Guesser Target Recall,0.833
1091,codenames,CityUoL__qwen3.5-2b__Qwen-GuidePlay-2B-v1,unambiguous,instance_00002,Average Guesser Target F1,0.833
1092,codenames,CityUoL__qwen3.5-2b__Qwen-GuidePlay-2B-v1,unambiguous,instance_00002,Average Guesser Team Precision,0.917
1093,codenames,CityUoL__qwen3.5-2b__Qwen-GuidePlay-2B-v1,unambiguous,instance_00002,Average Guesser Team Recall,0.458
1094,codenames,CityUoL__qwen3.5-2b__Qwen-GuidePlay-2B-v1,unambiguous,instance_00002,Average Guesser Team F1,0.583
1095,codenames,CityUoL__qwen3.5-2b__Qwen-GuidePlay-2B-v1,unambiguous,instance_00002,Aborted,0
1096,codenames,CityUoL__qwen3.5-2b__Qwen-GuidePlay-2B-v1,unambiguous,instance_00002,Lose,0
1097,codenames,CityUoL__qwen3.5-2b__Qwen-GuidePlay-2B-v1,unambiguous,instance_00002,Success,1
1098,codenames,CityUoL__qwen3.5-2b__Qwen-GuidePlay-2B-v1,unambiguous,instance_00002,Game ended through assassin,0
1099,codenames,CityUoL__qwen3.5-2b__Qwen-GuidePlay-2B-v1,unambiguous,instance_00002,Episode Recall,1.0
1100,codenames,CityUoL__qwen3.5-2b__Qwen-GuidePlay-2B-v1,unambiguous,instance_00002,Episode Negative Recall,0.938
1101,codenames,CityUoL__qwen3.5-2b__Qwen-GuidePlay-2B-v1,unambiguous,instance_00002,Number of turns,7
1102,codenames,CityUoL__qwen3.5-2b__Qwen-GuidePlay-2B-v1,unambiguous,instance_00002,Efficiency,0.714
1103,codenames,CityUoL__qwen3.5-2b__Qwen-GuidePlay-2B-v1,unambiguous,instance_00002,Request Count,12
1104,codenames,CityUoL__qwen3.5-2b__Qwen-GuidePlay-2B-v1,unambiguous,instance_00002,Parsed Request Count,12
1105,codenames,CityUoL__qwen3.5-2b__Qwen-GuidePlay-2B-v1,unambiguous,instance_00002,Violated Request Count,0
1106,codenames,CityUoL__qwen3.5-2b__Qwen-GuidePlay-2B-v1,unambiguous,instance_00002,Request Success Ratio,1.0
1107,codenames,CityUoL__qwen3.5-2b__Qwen-GuidePlay-2B-v1,unambiguous,instance_00002,Main Score,100
1108,codenames,CityUoL__qwen3.5-2b__Qwen-GuidePlay-2B-v1,opponent_none,instance_00008,experiment variable,Opponent Difficulty
1109,codenames,CityUoL__qwen3.5-2b__Qwen-GuidePlay-2B-v1,opponent_none,instance_00008,experiment name,opponent_none
1110,codenames,CityUoL__qwen3.5-2b__Qwen-GuidePlay-2B-v1,opponent_none,instance_00008,Cluegiver strip words,0
1111,codenames,CityUoL__qwen3.5-2b__Qwen-GuidePlay-2B-v1,opponent_none,instance_00008,Guesser strip words,0
1112,codenames,CityUoL__qwen3.5-2b__Qwen-GuidePlay-2B-v1,opponent_none,instance_00008,Average Cluegiver Number of Targets,1.75
1113,codenames,CityUoL__qwen3.5-2b__Qwen-GuidePlay-2B-v1,opponent_none,instance_00008,Average Cluegiver Team Precision,1.0
1114,codenames,CityUoL__qwen3.5-2b__Qwen-GuidePlay-2B-v1,opponent_none,instance_00008,Average Cluegiver Team Recall,0.405
1115,codenames,CityUoL__qwen3.5-2b__Qwen-GuidePlay-2B-v1,opponent_none,instance_00008,Average Cluegiver Team F1,0.518
1116,codenames,CityUoL__qwen3.5-2b__Qwen-GuidePlay-2B-v1,opponent_none,instance_00008,Average Guesser Number of Guesses,1.75
1117,codenames,CityUoL__qwen3.5-2b__Qwen-GuidePlay-2B-v1,opponent_none,instance_00008,Average Guesser Number of Revealed Words,1.5
1118,codenames,CityUoL__qwen3.5-2b__Qwen-GuidePlay-2B-v1,opponent_none,instance_00008,Average Guesser Number of Unrevealed Guesses,0.25
1119,codenames,CityUoL__qwen3.5-2b__Qwen-GuidePlay-2B-v1,opponent_none,instance_00008,Average Guesser Target Precision,0.667
1120,codenames,CityUoL__qwen3.5-2b__Qwen-GuidePlay-2B-v1,opponent_none,instance_00008,Average Guesser Target Recall,0.667
1121,codenames,CityUoL__qwen3.5-2b__Qwen-GuidePlay-2B-v1,opponent_none,instance_00008,Average Guesser Target F1,0.667
1122,codenames,CityUoL__qwen3.5-2b__Qwen-GuidePlay-2B-v1,opponent_none,instance_00008,Average Guesser Team Precision,0.708
1123,codenames,CityUoL__qwen3.5-2b__Qwen-GuidePlay-2B-v1,opponent_none,instance_00008,Average Guesser Team Recall,0.31
1124,codenames,CityUoL__qwen3.5-2b__Qwen-GuidePlay-2B-v1,opponent_none,instance_00008,Average Guesser Team F1,0.382
1125,codenames,CityUoL__qwen3.5-2b__Qwen-GuidePlay-2B-v1,opponent_none,instance_00008,Aborted,0
1126,codenames,CityUoL__qwen3.5-2b__Qwen-GuidePlay-2B-v1,opponent_none,instance_00008,Lose,0
1127,codenames,CityUoL__qwen3.5-2b__Qwen-GuidePlay-2B-v1,opponent_none,instance_00008,Success,1
1128,codenames,CityUoL__qwen3.5-2b__Qwen-GuidePlay-2B-v1,opponent_none,instance_00008,Game ended through assassin,0
1129,codenames,CityUoL__qwen3.5-2b__Qwen-GuidePlay-2B-v1,opponent_none,instance_00008,Episode Recall,1.0
1130,codenames,CityUoL__qwen3.5-2b__Qwen-GuidePlay-2B-v1,opponent_none,instance_00008,Episode Negative Recall,0.812
1131,codenames,CityUoL__qwen3.5-2b__Qwen-GuidePlay-2B-v1,opponent_none,instance_00008,Number of turns,9
1132,codenames,CityUoL__qwen3.5-2b__Qwen-GuidePlay-2B-v1,opponent_none,instance_00008,Efficiency,0.778
1133,codenames,CityUoL__qwen3.5-2b__Qwen-GuidePlay-2B-v1,opponent_none,instance_00008,Request Count,16
1134,codenames,CityUoL__qwen3.5-2b__Qwen-GuidePlay-2B-v1,opponent_none,instance_00008,Parsed Request Count,16
1135,codenames,CityUoL__qwen3.5-2b__Qwen-GuidePlay-2B-v1,opponent_none,instance_00008,Violated Request Count,0
1136,codenames,CityUoL__qwen3.5-2b__Qwen-GuidePlay-2B-v1,opponent_none,instance_00008,Request Success Ratio,1.0
1137,codenames,CityUoL__qwen3.5-2b__Qwen-GuidePlay-2B-v1,opponent_none,instance_00008,Main Score,100
1138,codenames,CityUoL__qwen3.5-2b__Qwen-GuidePlay-2B-v1,frequency_high,instance_00002,experiment variable,Word Frequency
1139,codenames,CityUoL__qwen3.5-2b__Qwen-GuidePlay-2B-v1,frequency_high,instance_00002,experiment name,frequency_high
1140,codenames,CityUoL__qwen3.5-2b__Qwen-GuidePlay-2B-v1,frequency_high,instance_00002,Cluegiver strip words,0
1141,codenames,CityUoL__qwen3.5-2b__Qwen-GuidePlay-2B-v1,frequency_high,instance_00002,Guesser strip words,0
1142,codenames,CityUoL__qwen3.5-2b__Qwen-GuidePlay-2B-v1,frequency_high,instance_00002,Average Cluegiver Number of Targets,1.857
1143,codenames,CityUoL__qwen3.5-2b__Qwen-GuidePlay-2B-v1,frequency_high,instance_00002,Average Cluegiver Team Precision,0.929
1144,codenames,CityUoL__qwen3.5-2b__Qwen-GuidePlay-2B-v1,frequency_high,instance_00002,Average Cluegiver Team Recall,0.527
1145,codenames,CityUoL__qwen3.5-2b__Qwen-GuidePlay-2B-v1,frequency_high,instance_00002,Average Cluegiver Team F1,0.623
1146,codenames,CityUoL__qwen3.5-2b__Qwen-GuidePlay-2B-v1,frequency_high,instance_00002,Average Guesser Number of Guesses,1.857
1147,codenames,CityUoL__qwen3.5-2b__Qwen-GuidePlay-2B-v1,frequency_high,instance_00002,Average Guesser Number of Revealed Words,1.714
1148,codenames,CityUoL__qwen3.5-2b__Qwen-GuidePlay-2B-v1,frequency_high,instance_00002,Average Guesser Number of Unrevealed Guesses,0.143
1149,codenames,CityUoL__qwen3.5-2b__Qwen-GuidePlay-2B-v1,frequency_high,instance_00002,Average Guesser Target Precision,0.857
1150,codenames,CityUoL__qwen3.5-2b__Qwen-GuidePlay-2B-v1,frequency_high,instance_00002,Average Guesser Target Recall,0.786
1151,codenames,CityUoL__qwen3.5-2b__Qwen-GuidePlay-2B-v1,frequency_high,instance_00002,Average Guesser Target F1,0.81
1152,codenames,CityUoL__qwen3.5-2b__Qwen-GuidePlay-2B-v1,frequency_high,instance_00002,Average Guesser Team Precision,0.714
1153,codenames,CityUoL__qwen3.5-2b__Qwen-GuidePlay-2B-v1,frequency_high,instance_00002,Average Guesser Team Recall,0.392
1154,codenames,CityUoL__qwen3.5-2b__Qwen-GuidePlay-2B-v1,frequency_high,instance_00002,Average Guesser Team F1,0.468
1155,codenames,CityUoL__qwen3.5-2b__Qwen-GuidePlay-2B-v1,frequency_high,instance_00002,Aborted,0
1156,codenames,CityUoL__qwen3.5-2b__Qwen-GuidePlay-2B-v1,frequency_high,instance_00002,Lose,0
1157,codenames,CityUoL__qwen3.5-2b__Qwen-GuidePlay-2B-v1,frequency_high,instance_00002,Success,1
1158,codenames,CityUoL__qwen3.5-2b__Qwen-GuidePlay-2B-v1,frequency_high,instance_00002,Game ended through assassin,0
1159,codenames,CityUoL__qwen3.5-2b__Qwen-GuidePlay-2B-v1,frequency_high,instance_00002,Episode Recall,1.0
1160,codenames,CityUoL__qwen3.5-2b__Qwen-GuidePlay-2B-v1,frequency_high,instance_00002,Episode Negative Recall,0.812
1161,codenames,CityUoL__qwen3.5-2b__Qwen-GuidePlay-2B-v1,frequency_high,instance_00002,Number of turns,8
1162,codenames,CityUoL__qwen3.5-2b__Qwen-GuidePlay-2B-v1,frequency_high,instance_00002,Efficiency,0.812
1163,codenames,CityUoL__qwen3.5-2b__Qwen-GuidePlay-2B-v1,frequency_high,instance_00002,Request Count,14
1164,codenames,CityUoL__qwen3.5-2b__Qwen-GuidePlay-2B-v1,frequency_high,instance_00002,Parsed Request Count,14
1165,codenames,CityUoL__qwen3.5-2b__Qwen-GuidePlay-2B-v1,frequency_high,instance_00002,Violated Request Count,0
1166,codenames,CityUoL__qwen3.5-2b__Qwen-GuidePlay-2B-v1,frequency_high,instance_00002,Request Success Ratio,1.0
1167,codenames,CityUoL__qwen3.5-2b__Qwen-GuidePlay-2B-v1,frequency_high,instance_00002,Main Score,100
1168,codenames,CityUoL__qwen3.5-2b__Qwen-GuidePlay-2B-v1,frequency_low,instance_00004,experiment variable,Word Frequency
1169,codenames,CityUoL__qwen3.5-2b__Qwen-GuidePlay-2B-v1,frequency_low,instance_00004,experiment name,frequency_low
1170,codenames,CityUoL__qwen3.5-2b__Qwen-GuidePlay-2B-v1,frequency_low,instance_00004,Cluegiver strip words,0
1171,codenames,CityUoL__qwen3.5-2b__Qwen-GuidePlay-2B-v1,frequency_low,instance_00004,Guesser strip words,0
1172,codenames,CityUoL__qwen3.5-2b__Qwen-GuidePlay-2B-v1,frequency_low,instance_00004,Average Cluegiver Number of Targets,2
1173,codenames,CityUoL__qwen3.5-2b__Qwen-GuidePlay-2B-v1,frequency_low,instance_00004,Average Cluegiver Team Precision,1.0
1174,codenames,CityUoL__qwen3.5-2b__Qwen-GuidePlay-2B-v1,frequency_low,instance_00004,Average Cluegiver Team Recall,0.482
1175,codenames,CityUoL__qwen3.5-2b__Qwen-GuidePlay-2B-v1,frequency_low,instance_00004,Average Cluegiver Team F1,0.609
1176,codenames,CityUoL__qwen3.5-2b__Qwen-GuidePlay-2B-v1,frequency_low,instance_00004,Average Guesser Number of Guesses,2
1177,codenames,CityUoL__qwen3.5-2b__Qwen-GuidePlay-2B-v1,frequency_low,instance_00004,Average Guesser Number of Revealed Words,2
1178,codenames,CityUoL__qwen3.5-2b__Qwen-GuidePlay-2B-v1,frequency_low,instance_00004,Average Guesser Number of Unrevealed Guesses,0
1179,codenames,CityUoL__qwen3.5-2b__Qwen-GuidePlay-2B-v1,frequency_low,instance_00004,Average Guesser Target Precision,0.8
1180,codenames,CityUoL__qwen3.5-2b__Qwen-GuidePlay-2B-v1,frequency_low,instance_00004,Average Guesser Target Recall,0.8
1181,codenames,CityUoL__qwen3.5-2b__Qwen-GuidePlay-2B-v1,frequency_low,instance_00004,Average Guesser Target F1,0.8
1182,codenames,CityUoL__qwen3.5-2b__Qwen-GuidePlay-2B-v1,frequency_low,instance_00004,Average Guesser Team Precision,0.9
1183,codenames,CityUoL__qwen3.5-2b__Qwen-GuidePlay-2B-v1,frequency_low,instance_00004,Average Guesser Team Recall,0.442
1184,codenames,CityUoL__qwen3.5-2b__Qwen-GuidePlay-2B-v1,frequency_low,instance_00004,Average Guesser Team F1,0.552
1185,codenames,CityUoL__qwen3.5-2b__Qwen-GuidePlay-2B-v1,frequency_low,instance_00004,Aborted,0
1186,codenames,CityUoL__qwen3.5-2b__Qwen-GuidePlay-2B-v1,frequency_low,instance_00004,Lose,0
1187,codenames,CityUoL__qwen3.5-2b__Qwen-GuidePlay-2B-v1,frequency_low,instance_00004,Success,1
1188,codenames,CityUoL__qwen3.5-2b__Qwen-GuidePlay-2B-v1,frequency_low,instance_00004,Game ended through assassin,0
1189,codenames,CityUoL__qwen3.5-2b__Qwen-GuidePlay-2B-v1,frequency_low,instance_00004,Episode Recall,1.0
1190,codenames,CityUoL__qwen3.5-2b__Qwen-GuidePlay-2B-v1,frequency_low,instance_00004,Episode Negative Recall,0.938
1191,codenames,CityUoL__qwen3.5-2b__Qwen-GuidePlay-2B-v1,frequency_low,instance_00004,Number of turns,6
1192,codenames,CityUoL__qwen3.5-2b__Qwen-GuidePlay-2B-v1,frequency_low,instance_00004,Efficiency,0.833
1193,codenames,CityUoL__qwen3.5-2b__Qwen-GuidePlay-2B-v1,frequency_low,instance_00004,Request Count,10
1194,codenames,CityUoL__qwen3.5-2b__Qwen-GuidePlay-2B-v1,frequency_low,instance_00004,Parsed Request Count,10
1195,codenames,CityUoL__qwen3.5-2b__Qwen-GuidePlay-2B-v1,frequency_low,instance_00004,Violated Request Count,0
1196,codenames,CityUoL__qwen3.5-2b__Qwen-GuidePlay-2B-v1,frequency_low,instance_00004,Request Success Ratio,1.0
1197,codenames,CityUoL__qwen3.5-2b__Qwen-GuidePlay-2B-v1,frequency_low,instance_00004,Main Score,100
1198,matchit_ascii,CityUoL__qwen3.5-2b__Qwen-GuidePlay-2B-v1,similar_grid_2,instance_00007,Violated Request Count,0
1199,matchit_ascii,CityUoL__qwen3.5-2b__Qwen-GuidePlay-2B-v1,similar_grid_2,instance_00007,Parsed Request Count,16
1200,matchit_ascii,CityUoL__qwen3.5-2b__Qwen-GuidePlay-2B-v1,similar_grid_2,instance_00007,Request Count,16
1201,matchit_ascii,CityUoL__qwen3.5-2b__Qwen-GuidePlay-2B-v1,similar_grid_2,instance_00007,Aborted,0
1202,matchit_ascii,CityUoL__qwen3.5-2b__Qwen-GuidePlay-2B-v1,similar_grid_2,instance_00007,Success,1
1203,matchit_ascii,CityUoL__qwen3.5-2b__Qwen-GuidePlay-2B-v1,similar_grid_2,instance_00007,Lose,0
1204,matchit_ascii,CityUoL__qwen3.5-2b__Qwen-GuidePlay-2B-v1,similar_grid_2,instance_00007,Main Score,100
1205,matchit_ascii,CityUoL__qwen3.5-2b__Qwen-GuidePlay-2B-v1,similar_grid_2,instance_00007,Player Score,100
1206,matchit_ascii,CityUoL__qwen3.5-2b__Qwen-GuidePlay-2B-v1,same_grid,instance_00002,Violated Request Count,0
1207,matchit_ascii,CityUoL__qwen3.5-2b__Qwen-GuidePlay-2B-v1,same_grid,instance_00002,Parsed Request Count,16
1208,matchit_ascii,CityUoL__qwen3.5-2b__Qwen-GuidePlay-2B-v1,same_grid,instance_00002,Request Count,16
1209,matchit_ascii,CityUoL__qwen3.5-2b__Qwen-GuidePlay-2B-v1,same_grid,instance_00002,Aborted,0
1210,matchit_ascii,CityUoL__qwen3.5-2b__Qwen-GuidePlay-2B-v1,same_grid,instance_00002,Success,1
1211,matchit_ascii,CityUoL__qwen3.5-2b__Qwen-GuidePlay-2B-v1,same_grid,instance_00002,Lose,0
1212,matchit_ascii,CityUoL__qwen3.5-2b__Qwen-GuidePlay-2B-v1,same_grid,instance_00002,Main Score,100
1213,matchit_ascii,CityUoL__qwen3.5-2b__Qwen-GuidePlay-2B-v1,same_grid,instance_00002,Player Score,100
1214,matchit_ascii,CityUoL__qwen3.5-2b__Qwen-GuidePlay-2B-v1,similar_grid_1,instance_00002,Violated Request Count,0
1215,matchit_ascii,CityUoL__qwen3.5-2b__Qwen-GuidePlay-2B-v1,similar_grid_1,instance_00002,Parsed Request Count,16
1216,matchit_ascii,CityUoL__qwen3.5-2b__Qwen-GuidePlay-2B-v1,similar_grid_1,instance_00002,Request Count,16
1217,matchit_ascii,CityUoL__qwen3.5-2b__Qwen-GuidePlay-2B-v1,similar_grid_1,instance_00002,Aborted,0
1218,matchit_ascii,CityUoL__qwen3.5-2b__Qwen-GuidePlay-2B-v1,similar_grid_1,instance_00002,Success,1
1219,matchit_ascii,CityUoL__qwen3.5-2b__Qwen-GuidePlay-2B-v1,similar_grid_1,instance_00002,Lose,0
1220,matchit_ascii,CityUoL__qwen3.5-2b__Qwen-GuidePlay-2B-v1,similar_grid_1,instance_00002,Main Score,100
1221,matchit_ascii,CityUoL__qwen3.5-2b__Qwen-GuidePlay-2B-v1,similar_grid_1,instance_00002,Player Score,100
1222,matchit_ascii,CityUoL__qwen3.5-2b__Qwen-GuidePlay-2B-v1,different_grid,instance_00002,Violated Request Count,0
1223,matchit_ascii,CityUoL__qwen3.5-2b__Qwen-GuidePlay-2B-v1,different_grid,instance_00002,Parsed Request Count,16
1224,matchit_ascii,CityUoL__qwen3.5-2b__Qwen-GuidePlay-2B-v1,different_grid,instance_00002,Request Count,16
1225,matchit_ascii,CityUoL__qwen3.5-2b__Qwen-GuidePlay-2B-v1,different_grid,instance_00002,Aborted,0
1226,matchit_ascii,CityUoL__qwen3.5-2b__Qwen-GuidePlay-2B-v1,different_grid,instance_00002,Success,1
1227,matchit_ascii,CityUoL__qwen3.5-2b__Qwen-GuidePlay-2B-v1,different_grid,instance_00002,Lose,0
1228,matchit_ascii,CityUoL__qwen3.5-2b__Qwen-GuidePlay-2B-v1,different_grid,instance_00002,Main Score,100
1229,matchit_ascii,CityUoL__qwen3.5-2b__Qwen-GuidePlay-2B-v1,different_grid,instance_00002,Player Score,100
1230,dond,CityUoL__qwen3.5-2b__Qwen-GuidePlay-2B-v1,coop_en,instance_00019,Played,1.0
1231,dond,CityUoL__qwen3.5-2b__Qwen-GuidePlay-2B-v1,coop_en,instance_00006,Played,1.0
1232,dond,CityUoL__qwen3.5-2b__Qwen-GuidePlay-2B-v1,semi_en,instance_00015,Played,1.0
1233,dond,CityUoL__qwen3.5-2b__Qwen-GuidePlay-2B-v1,semi_en,instance_00001,Played,1.0
1234,wordle,CityUoL__qwen3.5-2b__Qwen-GuidePlay-2B-v1,medium_frequency_words_no_clue_no_critic,instance_00014,Played,1.0
1235,wordle,CityUoL__qwen3.5-2b__Qwen-GuidePlay-2B-v1,medium_frequency_words_no_clue_no_critic,instance_00007,Played,0.0
1236,wordle,CityUoL__qwen3.5-2b__Qwen-GuidePlay-2B-v1,high_frequency_words_no_clue_no_critic,instance_00007,Played,1.0
1237,guesswhat,CityUoL__qwen3.5-2b__Qwen-GuidePlay-2B-v1,Abs_Level_3,instance_00008,Played,1.0
1238,guesswhat,CityUoL__qwen3.5-2b__Qwen-GuidePlay-2B-v1,Abs_Level_2,instance_00007,Played,1.0
1239,guesswhat,CityUoL__qwen3.5-2b__Qwen-GuidePlay-2B-v1,Abs_Level_1,instance_00002,Played,1.0
1240,guesswhat,CityUoL__qwen3.5-2b__Qwen-GuidePlay-2B-v1,Level_1,instance_00002,Played,1.0
1241,guesswhat,CityUoL__qwen3.5-2b__Qwen-GuidePlay-2B-v1,Level_2,instance_00009,Played,1.0
1242,guesswhat,CityUoL__qwen3.5-2b__Qwen-GuidePlay-2B-v1,Level_3,instance_00008,Played,1.0
1243,privateshared,CityUoL__qwen3.5-2b__Qwen-GuidePlay-2B-v1,things-places,instance_00003,Played,1.0
1244,privateshared,CityUoL__qwen3.5-2b__Qwen-GuidePlay-2B-v1,restaurant,instance_00007,Played,1.0
1245,privateshared,CityUoL__qwen3.5-2b__Qwen-GuidePlay-2B-v1,travel-booking,instance_00009,Played,1.0
1246,privateshared,CityUoL__qwen3.5-2b__Qwen-GuidePlay-2B-v1,job-interview,instance_00008,Played,1.0
1247,privateshared,CityUoL__qwen3.5-2b__Qwen-GuidePlay-2B-v1,letter-number,instance_00009,Played,1.0
1248,wordle_withcritic,CityUoL__qwen3.5-2b__Qwen-GuidePlay-2B-v1,medium_frequency_words_clue_with_critic,instance_00004,Played,0.0
1249,wordle_withcritic,CityUoL__qwen3.5-2b__Qwen-GuidePlay-2B-v1,medium_frequency_words_clue_with_critic,instance_00019,Played,0.0
1250,wordle_withcritic,CityUoL__qwen3.5-2b__Qwen-GuidePlay-2B-v1,high_frequency_words_clue_with_critic,instance_00002,Played,1.0
1251,taboo,CityUoL__qwen3.5-2b__Qwen-GuidePlay-2B-v1,high_en,instance_00016,Played,1.0
1252,taboo,CityUoL__qwen3.5-2b__Qwen-GuidePlay-2B-v1,high_en,instance_00010,Played,1.0
1253,taboo,CityUoL__qwen3.5-2b__Qwen-GuidePlay-2B-v1,low_en,instance_00018,Played,1.0
1254,taboo,CityUoL__qwen3.5-2b__Qwen-GuidePlay-2B-v1,low_en,instance_00012,Played,1.0
1255,taboo,CityUoL__qwen3.5-2b__Qwen-GuidePlay-2B-v1,medium_en,instance_00007,Played,1.0
1256,taboo,CityUoL__qwen3.5-2b__Qwen-GuidePlay-2B-v1,medium_en,instance_00010,Played,1.0
1257,wordle_withclue,CityUoL__qwen3.5-2b__Qwen-GuidePlay-2B-v1,high_frequency_words_clue_no_critic,instance_00009,Played,0.0
1258,wordle_withclue,CityUoL__qwen3.5-2b__Qwen-GuidePlay-2B-v1,medium_frequency_words_clue_no_critic,instance_00011,Played,0.0
1259,wordle_withclue,CityUoL__qwen3.5-2b__Qwen-GuidePlay-2B-v1,medium_frequency_words_clue_no_critic,instance_00018,Played,0.0
1260,textmapworld,CityUoL__qwen3.5-2b__Qwen-GuidePlay-2B-v1,large_cycle,instance_00049,Played,1.0
1261,textmapworld,CityUoL__qwen3.5-2b__Qwen-GuidePlay-2B-v1,small,instance_00006,Played,1.0
1262,textmapworld,CityUoL__qwen3.5-2b__Qwen-GuidePlay-2B-v1,large,instance_00028,Played,1.0
1263,textmapworld,CityUoL__qwen3.5-2b__Qwen-GuidePlay-2B-v1,medium_cycle,instance_00034,Played,1.0
1264,textmapworld,CityUoL__qwen3.5-2b__Qwen-GuidePlay-2B-v1,medium,instance_00010,Played,1.0
1265,referencegame,CityUoL__qwen3.5-2b__Qwen-GuidePlay-2B-v1,random_grids,instance_00005,Played,1.0
1266,referencegame,CityUoL__qwen3.5-2b__Qwen-GuidePlay-2B-v1,line_grids_columns,instance_00013,Played,1.0
1267,referencegame,CityUoL__qwen3.5-2b__Qwen-GuidePlay-2B-v1,number_grids,instance_00017,Played,1.0
1268,referencegame,CityUoL__qwen3.5-2b__Qwen-GuidePlay-2B-v1,line_grids_rows,instance_00017,Played,1.0
1269,referencegame,CityUoL__qwen3.5-2b__Qwen-GuidePlay-2B-v1,letter_grids,instance_00012,Played,1.0
1270,adventuregame,CityUoL__qwen3.5-2b__Qwen-GuidePlay-2B-v1,new-words_home-delivery_medium_basic_medium,instance_00002,Played,0.0
1271,adventuregame,CityUoL__qwen3.5-2b__Qwen-GuidePlay-2B-v1,potion_brewing_basic_undefined,instance_00004,Played,0.0
1272,adventuregame,CityUoL__qwen3.5-2b__Qwen-GuidePlay-2B-v1,new-words_home-delivery_easy_basic_easy,instance_00002,Played,0.0
1273,adventuregame,CityUoL__qwen3.5-2b__Qwen-GuidePlay-2B-v1,new-words_created_basic_hard,instance_00000,Played,1.0
1274,adventuregame,CityUoL__qwen3.5-2b__Qwen-GuidePlay-2B-v1,home_deliver_three_basic_hard_invlimittwo,instance_00000,Played,0.0
1275,textmapworld_specificroom,CityUoL__qwen3.5-2b__Qwen-GuidePlay-2B-v1,on,instance_00000,Played,1.0
1276,textmapworld_specificroom,CityUoL__qwen3.5-2b__Qwen-GuidePlay-2B-v1,far,instance_00027,Played,1.0
1277,textmapworld_specificroom,CityUoL__qwen3.5-2b__Qwen-GuidePlay-2B-v1,close,instance_00017,Played,1.0
1278,imagegame,CityUoL__qwen3.5-2b__Qwen-GuidePlay-2B-v1,random_grids,instance_00014,Played,1.0
1279,imagegame,CityUoL__qwen3.5-2b__Qwen-GuidePlay-2B-v1,random_grids,instance_00016,Played,1.0
1280,imagegame,CityUoL__qwen3.5-2b__Qwen-GuidePlay-2B-v1,compact_grids,instance_00019,Played,1.0
1281,imagegame,CityUoL__qwen3.5-2b__Qwen-GuidePlay-2B-v1,compact_grids,instance_00002,Played,1.0
1282,textmapworld_graphreasoning,CityUoL__qwen3.5-2b__Qwen-GuidePlay-2B-v1,small,instance_00009,Played,1.0
1283,textmapworld_graphreasoning,CityUoL__qwen3.5-2b__Qwen-GuidePlay-2B-v1,large,instance_00028,Played,1.0
1284,textmapworld_graphreasoning,CityUoL__qwen3.5-2b__Qwen-GuidePlay-2B-v1,medium,instance_00010,Played,1.0
1285,codenames,CityUoL__qwen3.5-2b__Qwen-GuidePlay-2B-v1,association_difficult,instance_00000,Played,1
1286,codenames,CityUoL__qwen3.5-2b__Qwen-GuidePlay-2B-v1,risk_low,instance_00008,Played,1
1287,codenames,CityUoL__qwen3.5-2b__Qwen-GuidePlay-2B-v1,ambiguous,instance_00001,Played,0
1288,codenames,CityUoL__qwen3.5-2b__Qwen-GuidePlay-2B-v1,opponent_difficult,instance_00007,Played,0
1289,codenames,CityUoL__qwen3.5-2b__Qwen-GuidePlay-2B-v1,risk_high,instance_00009,Played,0
1290,codenames,CityUoL__qwen3.5-2b__Qwen-GuidePlay-2B-v1,abstract,instance_00007,Played,1
1291,codenames,CityUoL__qwen3.5-2b__Qwen-GuidePlay-2B-v1,association_easy,instance_00009,Played,0
1292,codenames,CityUoL__qwen3.5-2b__Qwen-GuidePlay-2B-v1,opponent_easy,instance_00009,Played,0
1293,codenames,CityUoL__qwen3.5-2b__Qwen-GuidePlay-2B-v1,concrete,instance_00004,Played,1
1294,codenames,CityUoL__qwen3.5-2b__Qwen-GuidePlay-2B-v1,unambiguous,instance_00002,Played,1
1295,codenames,CityUoL__qwen3.5-2b__Qwen-GuidePlay-2B-v1,opponent_none,instance_00008,Played,1
1296,codenames,CityUoL__qwen3.5-2b__Qwen-GuidePlay-2B-v1,frequency_high,instance_00002,Played,1
1297,codenames,CityUoL__qwen3.5-2b__Qwen-GuidePlay-2B-v1,frequency_low,instance_00004,Played,1
1298,matchit_ascii,CityUoL__qwen3.5-2b__Qwen-GuidePlay-2B-v1,similar_grid_2,instance_00007,Played,1
1299,matchit_ascii,CityUoL__qwen3.5-2b__Qwen-GuidePlay-2B-v1,same_grid,instance_00002,Played,1
1300,matchit_ascii,CityUoL__qwen3.5-2b__Qwen-GuidePlay-2B-v1,similar_grid_1,instance_00002,Played,1
1301,matchit_ascii,CityUoL__qwen3.5-2b__Qwen-GuidePlay-2B-v1,different_grid,instance_00002,Played,1
