{
  "meta": {},
  "players": {},
  "turn scores": {
    "0": {
      "efficient_move": 1,
      "similarity": 0.18221023888012056
    },
    "1": {
      "efficient_move": 0,
      "similarity": 0.49452463132693136
    },
    "2": {
      "efficient_move": 1,
      "similarity": 0.49452463132693136
    },
    "3": {
      "efficient_move": 1,
      "similarity": 0.49452463132693136
    },
    "4": {
      "efficient_move": 1,
      "similarity": 0.8140275431792077
    },
    "5": {
      "efficient_move": 1,
      "similarity": 1.3385701848569465
    },
    "6": {
      "efficient_move": 1,
      "similarity": 1.3385701848569465
    },
    "7": {
      "efficient_move": 1,
      "similarity": 1.3385701848569465
    },
    "8": {
      "efficient_move": 0,
      "similarity": 1.3385701848569465
    },
    "9": {
      "efficient_move": 0,
      "similarity": 1.3385701848569465
    },
    "10": {
      "efficient_move": 0,
      "similarity": 1.3385701848569465
    }
  },
  "episode scores": {
    "Success": 0,
    "Aborted": 0,
    "Lose": 1,
    "moves": 11,
    "valid_moves": 11,
    "invalid_moves": 0,
    "stopped": 1,
    "turns_limit": 0,
    "loops": 1,
    "number_visited": 4,
    "seen": 5,
    "efficiency": 63.63636363636363,
    "exploration": 50.0,
    "graph_similarity": 1.3385701848569465,
    "Main Score": 56.0
  }
}