{
  "meta": {},
  "players": {},
  "turn scores": {
    "0": {
      "efficient_move": 0,
      "similarity": 0.18221023888012056
    },
    "1": {
      "efficient_move": 1,
      "similarity": 0.30023645134740207
    },
    "2": {
      "efficient_move": 0,
      "similarity": 0.30023645134740207
    }
  },
  "episode scores": {
    "Success": 0,
    "Aborted": 0,
    "Lose": 1,
    "moves": 3,
    "valid_moves": 3,
    "invalid_moves": 0,
    "stopped": 1,
    "turns_limit": 0,
    "loops": 1,
    "number_visited": 2,
    "seen": 4,
    "efficiency": 33.33333333333333,
    "exploration": 25.0,
    "graph_similarity": 0.30023645134740207,
    "Main Score": 28.57142857142857
  }
}