{
  "meta": {},
  "players": {},
  "turn scores": {
    "0": {
      "efficient_move": 1,
      "similarity": 9.485174635513328
    },
    "1": {
      "efficient_move": 1,
      "similarity": 23.840584404423538
    },
    "2": {
      "efficient_move": 0,
      "similarity": 23.840584404423538
    },
    "3": {
      "efficient_move": 1,
      "similarity": 23.840584404423538
    },
    "4": {
      "efficient_move": 1,
      "similarity": 23.840584404423538
    },
    "5": {
      "efficient_move": 0,
      "similarity": 53.78828427399902
    },
    "6": {
      "efficient_move": 0,
      "similarity": 53.78828427399902
    },
    "7": {
      "efficient_move": 1,
      "similarity": 53.78828427399902
    },
    "8": {
      "efficient_move": 0,
      "similarity": 53.78828427399902
    },
    "9": {
      "efficient_move": 1,
      "similarity": 53.78828427399902
    },
    "10": {
      "efficient_move": 0,
      "similarity": 53.78828427399902
    },
    "11": {
      "efficient_move": 1,
      "similarity": 53.78828427399902
    }
  },
  "episode scores": {
    "Success": 0,
    "Aborted": 0,
    "Lose": 1,
    "moves": 12,
    "valid_moves": 12,
    "invalid_moves": 0,
    "stopped": 1,
    "turns_limit": 0,
    "loops": 6,
    "number_visited": 3,
    "seen": 4,
    "efficiency": 58.333333333333336,
    "exploration": 75.0,
    "graph_similarity": 53.78828427399902,
    "Main Score": 65.625
  }
}